:020000041000EA
:1000000000B5324B212058609868022188439860DF
:10001000D860186158612E4B002199600221596106
:100020000121F02299502B49196001219960352056
:1000300000F044F80222904214D00621196600F024
:1000400034F8196E01211966002018661A6600F04E
:100050002CF8196E196E196E052000F02FF8012189
:100060000842F9D1002199601B49196000215960AB
:100070001A491B48016001219960EB211966A021F2
:10008000196600F012F800219960164914480160C1
:100090000121996001BC002800D000471248134993
:1000A000086003C880F30888084703B5996A0420EC
:1000B0000142FBD001200142F8D103BD02B5186610
:1000C0001866FFF7F2FF186E186E02BD00000240BE
:1000D000000000180000070000035F00212200005C
:1000E000F4000018222000A00001001008ED00E03C
:1000F00000000000000000000000000074B24E7A12
:1001000000200420F7010010CB010010CD010010E9
:10011000C9010010C9010010C9010010C901001077
:10012000C9010010C9010010C9010010CF01001061
:10013000C9010010C9010010D1010010D301001045
:10014000C1010010C1010010C1010010C101001067
:10015000C1010010C1010010C1010010C101001057
:10016000C1010010C1010010C1010010C101001047
:10017000C1010010C1010010C1010010C101001037
:10018000C1010010C1010010C1010010C101001027
:10019000C1010010C1010010C1010010C101001017
:1001A000C1010010C1010010C1010010C101001007
:1001B000C1010010C1010010C1010010C1010010F7
:1001C000EFF30580103800BE00BE00BE00BE00BECA
:1001D00000BE00BEF2EB8871E0EA001000EB0010F8
:1001E0003802001090A31AE71E481F49086006C88D
:1001F00081F3088810471D480068002801D019487D
:10020000F3E70DA40ECC002902D000F012F8F9E7B4
:100210001749184A002000E001C19142FCD116495B
:100220008847164988471649884700BEFDE701C937
:1002300001C29A42FBD3704700EB0010C0000020BF
:10024000E01800202003011000000420000004201A
:100250002003011000100420001004200000000002
:10026000704700000000000008ED00E0000000D032
:10027000E018002044360020D9770010D502001085
:1002800099770010F8B5C04606480749091A8B103F
:10029000C90FC91810B5491003D0044B002B00D06A
:1002A000984710BDE0180020E01800200000000072
:1002B000054B10B5002B03D00449054800E000BFF2
:1002C000FFF7E2FF10BDC046000000001034002020
:1002D000DCD80010F0B5DE4657464E464546E0B540
:1002E000CBB007F0A3FBFA20000103F065FCF04857
:1002F00007F036FCEF4C200007F032FC002301220F
:10030000ED490093ED4807F0ADFC200007F028FC14
:10031000102002F04FFED02380221B0652025A62A8
:10032000E7495A61E7480AF089F90321042002F0FD
:1003300017FE0321052002F013FE002201210420F4
:1003400002F026FE00220121052002F021FEDE48F7
:1003500007F088FC00F03CFD002800D199E2DB4862
:1003600007F0FEFBDA4807F07DFC00F0D9FF00281B
:1003700000D18EE2D54807F0F3FBD64807F072FCB7
:1003800001F0FEF9002800D183E2D04807F0E8FB35
:10039000D14807F067FC01F0E5FC002800D178E2C5
:1003A000CA4807F0DDFB02F097F802F02DF9CB48C0
:1003B00007F0D6FBCA4807F055FC642000F052FE57
:1003C000002801D100F0F9FCC04807F0C9FBC54C7A
:1003D000C54807F047FC142001F048F9002801D176
:1003E00000F0E6FC01F03CF905F050FB02000B00C8
:1003F000BE4807F037FCD02380221B0652029A61C8
:10040000BB4807F0ADFBBB4F30220021380005F0A0
:10041000A3FD01F067FE01F071FF02F0D7F902F0D1
:10042000EDFB02F0F9FCB44802F0C0F9B34807F064
:1004300097FBFA20C00003F0BFFB0121962003F0D8
:1004400061FF9621AE4807F00DFC03F0C5FC0029C2
:1004500001D100F0A6FCFA220023920004F0D8F9A2
:1004600005000023A74A07930D92A74AA74B0F92B6
:10047000A74A0C939146A74AA74B0A92A74A0B9307
:100480001A92A74AA74B1D92A74A08932F92A74AF0
:10049000A74B3092A74A3E003192A74A9A46139240
:1004A000A64A1B92A64A1C92A64A9346A64A904682
:1004B000A64A1092A64A3492A64A3592A64A369285
:1004C000A64A3792A64A3292A64A3392A64A389250
:1004D000A64A3992A64A2D92A64A2E92A64A1E9262
:1004E000A64A1F92A64A2092A64A2192A64A229282
:1004F000A64AA74F2392A74A2492A74A2592A74A21
:100500002692A74A2792A74A2892A74A2992A74A41
:100510002A92A74A2B92A74A2C92A74A1292A74A3C
:100520000E92A74A11925A46CB46069203F054FC0B
:10053000002900D1A7E1FA220023920004F068F913
:100540000400601B346005F032FA9E4905F0C5F9DD
:100550009D49051C05F00CFA002800D0B2E2FE21EE
:10056000281C890505F012FA002801D0FE25AD05EA
:100570000C98756000F0C8FC05000B9800F0B4FF03
:100580008146089801F0D2FB2A234A46F5542800F8
:1005900031680133F25402F049FC4846316802F0F8
:1005A0004DFC002D00D08FE253461B680993B360C9
:1005B000FE239B05F3604B46002B00D050E35B46C7
:1005C0001D68242308993561CA5C0433F2540A7DFE
:1005D0000133F25400230D9A138000230F9A1380E5
:1005E0005346099A1A605B461D602D230125F55478
:1005F0000A9B1B78002B00D15CE3300002F006F967
:10060000300002F08DF9300001F0C2FD306801F0D9
:100610006FFE050001F05AFE032800D1D9E204283C
:1006200000D1CBE2022803D1684B9D4200D964E39C
:10063000300001F08BFE01F02FFF002815D001F0F3
:10064000A9FF002800D03BE3139802F0AFF87069CF
:1006500001F06EFF002800D135E301F02BFF0420EC
:1006600001F056FD1B9802F0A1F8079BDB0700D4B0
:10067000A0E20A21079804F08DF8002900D18AE24F
:100680000521079804F086F8002900D17FE2306840
:1006900002F0E4FB02F096F800239946FA2080006D
:1006A00007F0C8F90500831C00D1AFE090E0C04618
:1006B00008D90010E0D800100CD9001020D9001083
:1006C000801A06006810002034D9001088D9001064
:1006D0008CD90010A4D90010BCD90010D4D90010B6
:1006E000ECD9001050D90010F8D9001010DA001021
:1006F0001CDA0010B035002040DA001050DA00108B
:1007000068DA00101A36002016360020BC330020AC
:10071000F03300203F360020682F002090DA0010D0
:10072000A0DA0010802F0020B4DA0010D4DA001014
:10073000980F0020F4DA001018DB00102CDB0010FA
:1007400040DB001054DB001090350020D4E0001096
:1007500064DB001074DB001084DB001098DB0010F9
:10076000ACDB0010BCDB0010D0DB0010D8DB0010CD
:10077000E4DB0010F0DB0010FCDB00100CDC0010F0
:1007800050DC00105CDC001070DC001098DC001005
:100790003E360020A4DC0010B0DC0010C0DC0010ED
:1007A000D4DC0010E4DC0010F4DC001010DD0010DC
:1007B0001CDD00102CDD0010ACE10010F433002033
:1007C0003936002000007A446F12833A60EA000054
:1007D00002000100069807F045FA3B780D2D7BD00A
:1007E0000A2D79D0082D00D15BE17F2D00D158E191
:1007F0001E2B00D952E75A1CFA203A70424680005C
:10080000D55407F017F90500831CE1D103F0E4FA91
:10081000002900D150E1FA220023920003F0F8FFF2
:10082000050001F053FD6422052802D8129B8000C8
:100830001A580E990B68EB1A93420CD301220D60E3
:1008400011990B7853400B7000D103E2D023802222
:100850001B0652025A6103F04BFD079B01330793BD
:1008600003F0BAFA002900D121E1FA220023920014
:1008700003F0CEFF031B132B27D9250003F0ACFA9E
:10088000002900D057E6FA21890003F083FF040015
:1008900057E6D94807F064F98026D84807F060F990
:1008A0007602D02505242D0632206E61013C03F02E
:1008B00083F9E4B23220AE6103F07EF9002CF3D16B
:1008C000FA20400003F078F9EBE723001433181AFC
:1008D00003F072F92500D1E742464946D154137816
:1008E000202B01D0092B01D10132F8E7002B28D0B1
:1008F0003F3BDBB2352B24D8109A9B00D3589F4640
:10090000229807F02DF9239807F02AF9249807F088
:1009100027F9259807F024F9269807F021F9279858
:1009200007F01EF9289807F01BF9299807F018F925
:100930002A9807F015F92B9807F012F92C9807F070
:100940000FF94B463B70A9E601F0C0FC01F0C4FC76
:100950000990706905F09AF814901591F06905F006
:1009600095F816901791B06805F090F818901991C5
:1009700001F0ACFD050001F00DFE189A199B0590E1
:1009800002920393169A179B099900920193149A65
:10099000159B1F98049507F065F94B463B707DE663
:1009A00001F024FE01F09EFB01F0A8FC02F006F924
:1009B00002F000FA30220021300005F0CDFA1E9836
:1009C00001F0F4FE4B463B7068E62E9801F0EEFE17
:1009D00001F0EAFD4B463B7060E602F063FA0378F3
:1009E0000500002B00D194E14378002B00D1B9E140
:1009F00073698349181C099304F0BAFF002800D0DA
:100A0000B9E12D23F35C002B00D0BFE1AB78002BC4
:100A100000D1C2E1329A3AAB23CA23C31278012033
:100A20001A7001F075FB002800D195E101F066FD18
:100A3000D025389801F0BAFE099403242D068023AE
:100A40005B0264206B6103F0B7F88023013C5B021A
:100A50006420AB61E4B203F0AFF8002CEFD1099C45
:100A60004B463B701AE6002001F052FB01F056FDA8
:100A70002D9801F09BFE4B463B700FE6209801F04D
:100A800095FE642000F0EEFA142000F0EFFD01F076
:100A900035FC02F093F8219801F088FE4B463B703C
:100AA000FCE5002B00D1F9E5013B3B70F6E5FA21AE
:100AB000890003F06FFEDDE6FA21890003F06AFE8B
:100AC0000500AEE64F4D53E50C9B0021D86A9B69AB
:100AD0004D4AF360B06002F02FFA4B4AB0604B49C8
:100AE000F06802F029FAB368F06009934B46002BD6
:100AF00000D193E02423089A0998D15C0B9B127DC6
:100B0000DD681B68356173622823F1540133F254A8
:100B10005346196804F0DBFE40003D49400804F0EC
:100B200027FF002800D1E4E00D9B1B8801339BB216
:100B300099460D9A281C13805B46196804F0C7FE7D
:100B400040003349400804F013FF002800D1BEE004
:100B50000F9A0999138801339BB213805246116092
:100B60005A4615604A46FA2A00D93EE5FA2B00D9C2
:100B70003BE52D230025F5540A9B1B78002B00D163
:100B80003BE51D9801F012FE0A9B1D7035E5300013
:100B900002F066F87BE5089D280001F0C7F82423E1
:100BA000E85C0433F0542A7D01333168F25402F0DA
:100BB0004DF965E5300001F035FD5AE5154B9D42D4
:100BC00000D835E5319801F0F1FD052001F0A0FADB
:100BD0002EE5114B9D4200D82AE5309801F0E6FD44
:100BE00001F0D8FC002800D18FE001F063FC042064
:100BF00001F08EFA1CE5C04650D9001058D90010FB
:100C0000000048426F12833A00004040000040C09C
:100C10006F12033AC0D40100881300005B461D68C0
:100C2000242308993561CA5C0433F2540A7D0133E8
:100C3000F25453460998196804F049FE400062498D
:100C4000400804F095FE002800D1C3E40D9B1B88EA
:100C50000133C0E4D02380221B0652029A61FAE5D8
:100C6000242308990A7DC95C0B9BD8681B683061F6
:100C700073622823F1540133F2540D9B81461D8089
:100C80005B46196804F023FE40004F49400804F019
:100C90006FFE002827D00F9A012513880133138097
:100CA0005B464A461A602D23F5540A9B1B78002B9D
:100CB00000D0A2E41A9801F079FD0A9B1D709CE413
:100CC00001F0F8FBD1E41C9801F070FDCDE40F9B1E
:100CD000099A188053461A605B461D604B46FA2BF2
:100CE00000D982E445E70F9B4A4618805B461A60AC
:100CF0007BE40022002391461BE72F9801F056FD6C
:100D000001F048FC002800D06FE7706901F010FC8A
:100D10006BE7349A3AAB23CA23C312881A803AA8E5
:100D200001F044FDD02533983AA906F09BFF0994C1
:100D300005242D0680235B0232206B6102F03CFF0C
:100D40008023013C5B023220AB61E4B202F034FF4D
:100D5000002CEFD1099C83E6399801F027FD4B4622
:100D60003B709BE4359A3AAB23CA23C311881980A0
:100D700092789A70D3E7099804F088FE369A00902A
:100D8000019140213AA806F08FFCC8E71A9A3AABC5
:100D900023CA23C312781A70C1E7379801F006FD01
:100DA00038E6FA21890003F0F5FC0500FFF759FB4E
:100DB000200006F0D5FEFFF71EFB044C200006F0D5
:100DC000CFFEFFF705FBC0466F12033A50D9001063
:100DD00010B584B075236A461373743B6821464886
:100DE000009303AA09F052FC012802D0002004B0AD
:100DF00010BD00230B22009368213F4801336A4451
:100E000009F04EFC0128F1D16B46DB7A682BEDD15D
:100E10006A463A4B6821938100233748009303AA1E
:100E2000023309F033FC0228E0D1623002F0C4FE44
:100E30006C236A46FF3393810023682100932E4878
:100E4000023303AA09F022FC0228CFD1083002F0B5
:100E5000B3FE6A462A4B68219381002326480093FB
:100E600003AA023309F012FC0228BFD16A46254BBF
:100E70006821938100232048009303AA023309F0DC
:100E800005FC0228B2D11B236A4693810023682106
:100E900000931948023303AA09F0F8FB0228A5D1F0
:100EA0001C236A46938100236821009303AA030050
:100EB000114809F0EBFB0300022897D12322694671
:100EC0008A810022682100920B4803AA09F0DEFB08
:100ED000022800D08AE79C236A465B0093810023A6
:100EE0006821009303AA0300034809F0CFFB0238EE
:100EF00043425841C0B27AE7681000206B80FFFF80
:100F0000190900001A030000F0B504008DB0002894
:100F10000ED03B2304AAD3730F2204A94C483A3BBA
:100F2000521800936821060009F0B0FB012802D096
:100F300000200DB0F0BD002308AD00932A00682109
:100F400030000E3309F0ACFB0E28F1D1414A28885D
:100F5000138840BAC01A00B220806B8851885BBAEF
:100F60005B1A1EB26680AB8891885BBA5B1A1FB2AF
:100F7000EB88A78059BADBBA0593A1812B89D18868
:100F80005BBA5B1A1BB20293E3806B8911895BBA6F
:100F90005B1A19B20391AB89218152895BBA9B1A02
:100FA0001AB26281049204F007FDE221890504F07F
:100FB000A8FC051C2061300004F0FEFCE22189053C
:100FC00004F09FFC061C6061380004F0F5FCE2218F
:100FD000890504F096FC071CA061029804F0ECFC63
:100FE0001D4904F07AFCE061039804F0E5FC1A491D
:100FF00004F073FC2062049804F0DEFC164904F04F
:101000006CFC6062059804F0D7FC144904F065FCA0
:10101000134904F05FFC291CA062281C04F071FC39
:10102000311C051C301C04F06CFC011C281C04F055
:1010300051FC391C051C381C04F063FC011C281CE5
:1010400004F048FC04F02CFDE062012071E7C0468A
:1010500068100020A8190020000003430000AA43E4
:10106000B81E1242F0B5DE46454657464E46E0B53C
:10107000444B8DB0049004000C220021180005930D
:10108000002504F069FF002C00D175E00023002644
:101090000027984699469A469B463B4B08AC0393DB
:1010A0003B2204ABDA73012304A92C3A52180398AB
:1010B0006821009309F0EAFA012807D000200DB05A
:1010C000F0BCBB46B246A946A046F0BD00232200B4
:1010D0000093682103980E3309F0E2FA0E28EDD14F
:1010E00023880438DBBA9B4463880135DBBAF618E1
:1010F000A388ADB2DBBAFF182389DBBA98446389B1
:10110000DBBA9944A389DBBA9A4402F055FD049BEB
:10111000AB42C5D11C0052464B4621005846B94649
:10112000B2461F00160003F00DFB210005045046D7
:1011300003F008FB2D0C000421000543484603F092
:1011400001FB124B2100A146C418404603F0FAFAF5
:1011500024040004240C49460443380003F0F2FA46
:1011600049460700300003F0EDFA059B58811D60E9
:1011700001205C601F81A2E7C02400200027240218
:10118000F3E7C046A81900206810002000C0FFFF48
:101190005F4BF0B51B68CE461C00DD1701234746A8
:1011A0005C4A5B42A4185D4180B5220087B02B00E9
:1011B00029008146200004F06DFB26002F00564BCD
:1011C000040098460820185E0D0032003B00C1174D
:1011D0000096019704F05EFB030D0F03DF194346F1
:1011E00006030A20185E22002B00C11704940595FF
:1011F00004F050FB04000806220A82180B1280211A
:1012000092197B4100200902801859414346DA882F
:10121000002304F03FFB4B10CF1703933B4300D157
:1012200074E0049A059B41461024085FC11704F03E
:1012300031FB009A019B0490059141460E25485FC1
:10124000C11704F027FBC40B4B04E3184204049CB1
:10125000059D12196B41802449466403641AE61700
:101260006508E0074446F1070C26A65F00246918CC
:10127000F500A4185D410023001BA941274A04F092
:1012800009FB3B00039A03F0ABFACB04460B9E1913
:10129000434604001620185E4F130D0032003B0039
:1012A000C11704F0F7FA32003B0004F0F3FACE0164
:1012B000420EB2184B1612196B411F004346142000
:1012C000185E16002B002200C11704F0E3FA4C034D
:1012D000C20CA218CB1492197B4119061D12434669
:1012E000140A12229B5E0C19DE171A0F31015118D5
:1012F00018010019694104F0BBFBEE21890504F0D7
:1013000000FB07B0C0BCB946B046F0BD0020F8E70E
:10131000F4350020000CFEFFA82E0020350C000044
:10132000F0B58BB0D0236A466A4C1373CF3B76215D
:101330002000009303AA09F0A9F9012802D0002097
:101340000BB0F0BD092500236D4400932A007621DF
:101350002000013309F0A4F90128F0D12B78602B8B
:10136000EDD16A465C4B76219381002320000093E7
:1013700003AA023309F08AF90228E0D1083002F00A
:101380001BFC012515E000230A2200937621200092
:1013900001336A4409F084F907000128CFD1012004
:1013A00002F00AFC6B462A009B7A1A4016001D4286
:1013B0000CD06B46F32276211A732000012300958E
:1013C00003AA09F063F90128B9D1DCE788236A464A
:1013D000D3720B2200970123762120006A4409F082
:1013E00055F907000128AAD11A237621200000967A
:1013F00003AA09F055F91A28A1D1384D039B069983
:101400002B60049B079A6B60089B05986B616B4689
:10141000A860E9602A6125331B786A462B76E123B0
:10142000D3720B2201237621200000976A4409F031
:101430002DF9012800D082E70723762120000096AD
:1014400003AA09F02DF9072800D078E76B469B899D
:101450006A466B836B469B7B20006B766B46D17B29
:101460000F221B7C09011A400A43AA836A46527C58
:101470001B0912011343EB836B469A7C2023EA5429
:101480006A46D333FF339381F13B76210096FF3BCD
:1014900003AA09F0FBF8022800D050E76A46104B77
:1014A0007621938120000223009603AA09F0EEF82A
:1014B000022800D043E76A460A4B76219381200038
:1014C0000223009603AA09F0E1F80238434258418A
:1014D000C0B235E768100020E0B6FFFFA82E00205C
:1014E000F5100000F4430000F0B5040089B00028B6
:1014F0000ED0F72302AAD3730F2202A95048F63B5D
:10150000521800937621060009F0C0F8012802D095
:10151000002009B0F0BD002306AD00932A0076211B
:101520003000083309F0BCF80828F1D16A782B782C
:1015300012011B031343AA78E988120913431F0001
:101540002A79EB7812011B03134349BA6A793D4D9E
:1015500089B20391120929881A431B095B1A5B435C
:101560004900D210521A0220295E1B135143042055
:101570002A5EC9125A4392138E18334BB000801959
:101580001E60803004F018FA304904F0A6F920609B
:101590003800FFF7FDFD2E4A03996060B318071C61
:1015A0008A031C20295E0905521A1E20295E80200C
:1015B0005943521A8021C9015218697E00025943C9
:1015C000C912091820202856D21343439B124B43BB
:1015D00080219B1289035B181A21685E584380237F
:1015E0009B01C01880135043C3135B432A7EDB1159
:1015F00053431B11C01AC343DB171840C8235B05B4
:1016000098421ADC001304F0D7F9EA21890504F0A6
:1016100078F9104BA0601968381C04F05EF90E4987
:1016200004F06AFB011CFE20800504F050F90B4910
:1016300004F067F9E06001206BE71800E2E7C046BC
:1016400068100020A82E0020F43500200000C846B5
:1016500000D4FEFF9C0F002001DE423E002A2D47F1
:10166000014B18687047C0469C0F0020F0B54546F6
:10167000DE4657464E46E0B5804689B0002800D188
:101680006FE03A4B00240393012300259946384E1E
:10169000F72302AAD3734B460F2202A900935218D4
:1016A00001237621039808F0F1FF012807D00020DC
:1016B00009B0F0BCBB46B246A946A046F0BD002327
:1016C00006AF00933A0076210398083308F0E8FF4C
:1016D0000828ECD17B7838781B0100031843BB78CD
:1016E0003A791B091843FB7812011B0313437A79DB
:1016F000204F3188BC4612091A431B095B1A5B4311
:101700004900D210521A0227F15F1B134A430427E3
:10171000F15FD2124B439B13D21863461A60FFF756
:1017200037FD8246144B013419689B4604F0D5F806
:10173000124904F0E1FA5146281C04F0CBF8A4B297
:10174000051C322002F038FAA045A1D1404604F031
:1017500033F9011C281C04F0C0F85B461860012016
:10176000A6E7054B00259B46F0E7C0466810002021
:10177000A82E0020F43500209C0F002001DE423E00
:10178000962110B5134C8901200002F075FB02214F
:10179000082001F0E5FB0221092001F0E1FBC02255
:1017A000236B120213400C4A20001360082100230F
:1017B000012202F0EFFB2000012102F027FC282289
:1017C0000021064804F0C8FB0022054B01201A80C6
:1017D00010BDC0460080034030900340082F002019
:1017E0001E360020F0B54646D6464F46A84DC0B539
:1017F000A84C2E8800271022A7498B691A421DD1B8
:1018000010008B6918401A42FAD10B68DBB2242B06
:101810000ED0FE2E1AD90A2BEFD1002F00D02E8029
:101820009C4F3B78242B18D0002300262B80E1E727
:1018300023808B69012601271A42E1D0002F00D0B6
:101840002E80E0BCBA46B146A846F0BD771CBFB2B8
:10185000A3553E00E0550127DDE72A2138000AF0B4
:10186000FBFA0028E0D07B1C984200D8F4E15A1C17
:10187000821A092A00D848E2BA787E78C31A5640FC
:10188000FA78033B56409A089846930039009C46E4
:101890000022B146FE184B6804315A40B142FAD1D9
:1018A0004E4611045640090E4E401102090E4E409C
:1018B000120E5640F6B2E04533D0784B63441A78A6
:1018C00056405A1C90422CD95A7856409A1CF6B26F
:1018D000904226D99A785640DA1C904221D9DA787B
:1018E00056401A1D90421CD91A7956405A1D9042F2
:1018F00017D95A7956409A1D904212D99A79564072
:10190000DA1D90420DD9DA7956401A000832904219
:1019100007D91A7A56401A000932904201D95B7AE7
:101920005E401022002101300AF08AFAC0B2B042B3
:1019300000D079E75A4B1A78472A6DD01A78522A84
:1019400000D071E75A784D2A00D06DE79B78432B81
:1019500000D069E700239846524B38001900994699
:101960000AF03AFB061E00D15EE74F4B9A4619E09B
:10197000022B41D0072B0BD1300008F09BFEC02278
:101980004A4B120603F071F903F066FA464FF8600D
:10199000434649460133002098460AF01DFB061EC7
:1019A00000D141E74346082B2ED0E1DD092BEFD1D2
:1019B00030000AF07BFB0528EAD95146F420337841
:1019C000C000303B9A009B1872785B00303A9B183D
:1019D0004B76B378303B9A009B18F2785B00303A34
:1019E0009B188B763379303B9A009B1872795B0099
:1019F00012189B188B83CBE733782B4F413B5A420D
:101A000053412422BB54C3E7300008F053FE03F0D7
:101A100023FA53461861BBE75A78472A8ED19A7841
:101A2000412A8BD1002398461E4B38001900994655
:101A30000AF0D2FA002800D10AE11D4B9A46494625
:101A400000200AF0C9FA061E00D101E1474601371D
:101A5000092F12D85246BB00D3589F46300008F0D9
:101A600029FE03F0F9F9104F4946B86000200AF04A
:101A7000B3FA002800D1EBE00A27494600200AF01B
:101A8000ABFA002800D1E3E07B1C9846D7E7C046BC
:101A90001E360020503400200080034054340020C3
:101AA0005334002070DD0010082F0020CAA1FD3F34
:101AB000C4E1001030000AF0F9FA052800D8DEE091
:101AC0003378964F303B9A009B1872785B00303A1F
:101AD0009B18BB75B3784946303B9A009B18F27847
:101AE0005B00303A9B18FB7533790020303B9A003D
:101AF0009B1872795B00303A9B183B760AF06CFABF
:101B0000061E00D1A4E030000AF0D0FA032800D865
:101B1000B2E0300008F0CEFD03F09EF98049804627
:101B200003F0DBFE03F06AFF06006420704303F05D
:101B300043FF011C404603F0CAFE7A4903F0CDFE84
:101B40008046300003F038FF011C404603F0C2FE1F
:101B50003860494600200AF03FFA061E78D03378F4
:101B6000532B7BD0494600200AF036FA061E6FD070
:101B70006A4F30000AF09AFA032800D8ADE030002E
:101B800008F098FD03F068F96549804603F0A5FE6A
:101B900003F034FF06006420704303F00DFF011CC6
:101BA000404603F094FE5F4903F097FE8046300004
:101BB00003F002FF011C404603F08CFE78604946AA
:101BC00000200AF009FA061E42D03378572B24D0A1
:101BD000494600200AF000FA002839D008F070FDCC
:101BE0004E4FC0B27875431E98412423F8541E3BD3
:101BF000984624E7494F300008F062FD49463875A1
:101C000000200AF0E9F9002822D008F053FD03F083
:101C100023F908233862984611E780223F4F1206C5
:101C20007B6849469B1800207B600AF0D5F9061EA8
:101C30000ED0300008F044FDC0B27875431E9841C4
:101C400024234946F85400200AF0C6F9061ED2D1D2
:101C50000122354B1A70E7E5002662E680222F4FFD
:101C600012063B6849469B1800203B600AF0B4F915
:101C7000061E00D07DE7EBE700233B6069E749469D
:101C800000200AF0A9F9061EE2D00AF00FFA032894
:101C900041D9300008F00EFD03F0DEF82049071CA2
:101CA00003F01BFE03F0AAFE06006420704303F05D
:101CB00083FE011C381C03F00AFE1A4903F00DFED6
:101CC000071C300003F078FE011C381C03F002FEF4
:101CD0000223124F98463860B1E600237B606EE71E
:101CE000300008F0E7FC03F0B7F80C4F49463862C3
:101CF00000200AF071F90028AAD008F0DBFC03F0FC
:101D0000ABF80923B860984699E60026D7E5034F5B
:101D1000F9E6024F8DE70020DAE7C046082F0020E1
:101D20000000C842000070422E36002070B504004A
:101D3000FFF758FD002C0FD0084B1878002800D171
:101D400070BD2200064B32CB32C232CB32C232CB14
:101D500032C21B681360F3E70020F1E72E36002043
:101D6000082F0020F0B5C646042100B50F2001F071
:101D7000F7F801250723274C274E052023603560FF
:101D800002F058FA254902F005FD03F010FE8046E6
:101D900003F066FE2768C4B2200003F00DFE011CAC
:101DA000404603F094FD8321C90503F0AAFD03F02A
:101DB00057FEBB001A4ADB199B0099182401194AE7
:101DC000C0B2204348600A61174832681C18501E90
:101DD0008241164E2068164F52425640DF1930405D
:101DE000386009688D4313495B1800211D60124B50
:101DF0001970124B1B78002B07D0114B1A40F5328B
:101E00002368FF3253401E403E60012080BCB8462C
:101E1000F0BDC046E8350020CC2E002040420F0027
:101E2000000005401F4E00000C000540FFFF0000B1
:101E30000C100540001005402C36002031360020E3
:101E40000CFEF30110B5031CB42800D9B4231449C7
:101E5000DAB20B70134B1B78002B1DD0124B5001C4
:101E60001B68801A9C008000E41880180F4BB42176
:101E7000A4000001E41802F08DFC0D4BF5301B6846
:101E8000FF3080B2002B08D10A4B22684240134039
:101E900080225201A418236010BD074B0004F4E710
:101EA0002C36002031360020E83500200C0005409B
:101EB000CC2E0020FFFF00000000FFFF014B187830
:101EC0007047C0462C3600200122134B10B51A7003
:101ED000124BB4211B689C00E418114BA400E418B9
:101EE000104B1B785801C01A8000C018000102F086
:101EF00051FC0D4BF5301B68FF3080B2002B09D030
:101F00000A4B000422684240134080225201A41868
:101F1000236010BD064BF5E731360020E835002080
:101F20000C0005402C360020CC2E00200000FFFFC6
:101F3000FFFF0000E12110B5124C4902200001F022
:101F40009BFF0221002001F00BF80221012001F08B
:101F500007F8C022236B120213400B4A20001360C3
:101F600008210023012202F015F82000012102F0CF
:101F70004DF80022054B01201A80054B1A80054BB5
:101F80001A7010BD0040034030500340223600203C
:101F9000203600203D36002070B5060088B00028AD
:101FA00041D01B2002220021684403F0D5FF224BC0
:101FB000224A01AC23801388591C1180638001F0F0
:101FC0000BFF002931D0FA220023920002F020FCFE
:101FD00005000F22310003A8656009F0CDFF019BC9
:101FE000039A6B405340049A20005340059A534093
:101FF000069A53401A041902120E5A40090E4A401A
:102000001B0E534023761D2420210D4A6C449369F6
:102010001942FCD1037801301360A042F7D1094A7C
:1020200013880133138008B070BDFA21890002F0D3
:10203000B1FB0500CDE7C046AA0200002236002011
:10204000004003402036002010B500280CD00029A5
:102050000AD044182021054A93691942FCD103781B
:1020600001301360A042F7D110BDC04600400340CC
:10207000194A30B59369DB0618D4184B00259C46E5
:1020800010211878164C93691942FCD11368DBB201
:1020900000280CD1AA2B02D12370013001259369AD
:1020A0001942F0D0002D01D06346187030BD3F2892
:1020B00007D96378042B02D001250020EFE7002028
:1020C000ECE7451C2354E8B20328E7D96378042BD6
:1020D000F5D04028F0D0E1E7004003403D36002035
:1020E000503500200023054A1370054A1370054A35
:1020F0001370054A1360054A136070472D3600209F
:102100003C36002035360020642F0020EC330020C0
:1021100000280ED01B4B1B78002B12D0032B25D090
:1021200016D8012B27D0C31E5A425341DBB2002BD5
:1021300005D00122144B1870144B1A70012318009B
:1021400070470128FBD1104B1870104B1870F5E741
:10215000042B15D1431F5A425341DBB2002BEED062
:102160000122094B1870094B1A70E7E7031F5A4206
:102170005341DBB2F2E7831E5A425341DBB2D6E74A
:102180000023DCE72D3600203C36002035360020C9
:10219000F0B5C646444D040000B52B7800280AD09F
:1021A00002681700002B09D1404E3378042B23D04E
:1021B00080BCB846F0BD002BFAD000273B4E3C4A0D
:1021C000337812789046934207D0002A39D0042BF6
:1021D0000BD8384A9B00D3589F46374A3370176054
:1021E000042B02D00022354B1A6000232B70002CE8
:1021F000DED03378042BDBD13149606903F0B8FBC2
:10220000002817D0FC21E06989054000400803F050
:10221000AFFB00280ED0294A1368002B32D0294981
:10222000FB1A8B42C4D905233370234B1F60002354
:102230001360BDE70022214B1A60B9E74346022B29
:10224000D3D1434633701C4B1F60CBE74346012B71
:10225000CBD1002C18D01C49606903F097FB0028F3
:1022600015D12870A4E74346032BBED1E9E74346C6
:10227000042BBAD13370104B1F60B6E74346052BD1
:10228000B3D1DEE7176093E700232B7090E72D238F
:10229000E35C002BF8D142463270074A2B7017607E
:1022A000064A13603378A5E7353600202D36002026
:1022B0003C360020ECE10010642F0020EC330020BD
:1022C0000000A0418713000000004842014B18782D
:1022D0007047C0462D360020052803D8024B8000E9
:1022E000C05870470148FCE700E2001078DD00109C
:1022F000014B1B68C01A7047642F002000220A4B54
:102300001A600023094A1370094A1370094A1370AE
:10231000094A1370094A1370094A1370094A137065
:10232000094A13607047C04610360020433600202B
:10233000343600202A3600202F3600203036002088
:1023400033360020293600205C2F0020F0B5C64629
:10235000040000B5002819D0FFF7B8FF2022A35EC3
:1023600005001E00414B98461B781F1E11D1012805
:1023700048D03F4B1F001B78002B14D1022839D0C6
:102380003C4B1B78002B01D1032D15D080BCB846E7
:10239000F0BD374B1F001B78002B25D1022829D018
:1023A0000128EDD122E0022DEAD10320FFF7B0FE93
:1023B000304B1B78002BE9D12F4B1B68002B04D02E
:1023C0002268D31A2D4A93420AD82D49606903F036
:1023D000CFFA002801D0002E02DB3B78002BD5D0AD
:1023E0000122284B1A70D1E70128DCD10220FFF727
:1023F0008FFECBE7322E1EDD0121234A1170234AC6
:102400001370D5E72249A06803F0B2FA002802D180
:10241000204B1870BAE73300C8331DDA1D4A137811
:102420000133DBB21370022BB0D9434622681D7012
:10243000114B1A60DAE7144B1B78002B0FD03300D6
:1024400014330FDA114A13780133DBB21370022B05
:10245000AED901233B70A8E70E4B1F7096E73300FF
:102460001433A5DB0022094B1A70A1E73436002093
:102470002A360020303600205C2F00202F75000007
:102480000000F0412F36002043360020293600207E
:102490009A99993E33360020044B1878002803D0CF
:1024A000034B1878012358407047C0462F36002050
:1024B000303600200122034B1A700022024B1A70A2
:1024C0007047C046303600202F360020014B186878
:1024D0007047C0465C2F002010B5FFF743FC00207A
:1024E000FFF7B0FCFFF7F0FC0022024B1A70024B22
:1024F0001A7010BD403600204136002010B5064C41
:102500002378002B00D010BD0020FFF79BFCFFF7C5
:10251000DBFC01232370F6E740360020034B1A78DA
:10252000012A01D100221A707047C04640360020AF
:1025300070B5154C051C2378012B01D0002070BD0F
:10254000FFF7C4FE0028F9D0104B1B78002B05D1F3
:102550000F49281C03F012FA0028EFD10223237040
:1025600001F03AFC5A20FFF76DFCFA20400001F020
:1025700023FBFFF7A3FC5A2802D004232370DDE7D6
:10258000032359382370DAE7403600204136002013
:102590000000F041034B1878033843425841C0B261
:1025A0007047C0464036002070B50E4B00241B78A3
:1025B000012B01D0200070BD0B4A15001370FFF7EE
:1025C00083FC5A20FFF73EFCFA20800001F0F4FA69
:1025D0000020FFF737FCFA20400001F0EDFA2C70E4
:1025E0000134E7E7403600204136002010B50020D6
:1025F000FFF728FC0022024B1A70024B1A7010BD24
:10260000403600204136002010B5FFF793FC002231
:10261000024B1A80024B1A6010BDC0461C360020C7
:1026200000340020F0B5C64600B505008EB0002885
:1026300005D0584A06681368F31A312B03D80EB038
:1026400080BCB846F0BD002116600BA80C2203F038
:1026500083FCD523504A09AC5B0023801388666055
:10266000591C11806380FFF731FE4C492072686964
:1026700003F047F903F0C2F92D236B441870000AE8
:1026800058704749E86903F03CF903F0B7F92F2384
:102690006B441870000A58704249A86803F031F979
:1026A00003F0ACF931236B441870000A58703B49B1
:1026B000686A03F026F903F0A1F933236B4418701C
:1026C000000A58702923EB5C63740023A374FFF79E
:1026D000FDFD002854D1FFF7F9FD04284BD102225B
:1026E000A37C1343A3742823EB5C002B03D00422A8
:1026F000A37C1343A3742D23EB5C002B04D0802315
:10270000A27C5B421343A374099B0A9A617C5A40E2
:102710000B9B20005A400C9B5A40237C4B40A17CD1
:102720004B4011045340090E4B401102090E120E8A
:102730004B4053401421E374FFF786FC6768FFF7B2
:10274000C5FDFFF7C9FD638880460693A86803F0BE
:102750009DF904900591E86903F098F902900391BE
:10276000686903F093F942460090019139000E48E0
:1027700005F078FA63E7FFF7A9FD0528B3D1AEE7C6
:10278000FFF7A4FD0528A6D00122A37C1343A37460
:10279000A1E7C046003400201C3600200000204184
:1027A0000000C84200007A44B0DD001010B5041EDD
:1027B00005D0FFF7F1FB2100014805F053FA10BDE9
:1027C000D0DD001010B5FFF753FC10BD0022094BFF
:1027D00010B51A60084B00211A600023074A084808
:1027E0001370084A1370084A1370282203F0B4FBD0
:1027F00010BDC0464034002044340020363600204E
:10280000802300202836002027360020F0B5C64659
:1028100000B5040082B000280DD0354B00691A784D
:10282000002A0CD13349606108600021A1612C218C
:10283000625401321A7002B080BCB846F0BD2D4E11
:102840002D4A316801AB019100F058FB012358403B
:102850002C233168E054294A019800F027FB00211D
:10286000274A606100F068FB264D011C60618046CC
:102870002878254B8200D15001300A2101F062FFF7
:102880002970002902D10122204B1A7065680021AD
:10289000281C03F07BF8002800D11D4D316840460C
:1028A00003F015F8291C03F018F81A49051C03F069
:1028B0006DF800281AD11849281C03F059F800288F
:1028C00001D0154D0EE06B005F081449381C03F071
:1028D00062F8002805D11149381C03F057F8002888
:1028E00000D000254346A5613360A4E7094DF9E710
:1028F00036360020403400200000A0419A99193E4D
:1029000000409C45283600208023002027360020E8
:102910000AD7A33C0000C8420000C8C2FFFF7F7F67
:10292000F0B5DE4657464E464546E0B5040087B052
:10293000002800D1EBE046680021301C03F026F8A7
:10294000002800D1EAE08F4B1F78002F00D1EBE088
:102950008D4D00212B68181C009302F0BBFF6A68A4
:10296000111C019202F0B6FFAA68111C029202F03B
:10297000B1FFEA68111C039202F0ACFF2A69111C36
:10298000049202F0A7FF6A69111C059202F0A2FFEF
:10299000AA69111C934602F09DFFEA69111C924638
:1029A00002F098FF2A6A111C914602F093FF6A6AAE
:1029B000011C101C904602F08DFF744902F08DFF3F
:1029C000051C011C009802F082FF011C02F099FF17
:1029D000002102F07FFF291C0090019802F077FF90
:1029E000011C02F08EFF009902F074FF291C009078
:1029F000029802F06CFF011C02F083FF009902F0C4
:102A000069FF291C0090039802F061FF011C02F08D
:102A100078FF009902F05EFF291C0090049802F0F4
:102A200056FF011C02F06DFF009902F053FF291CB4
:102A30000090059802F04BFF011C02F062FF009924
:102A400002F048FF291C0090584602F040FF011C8C
:102A500002F057FF009902F03DFF291C83465046C3
:102A600002F035FF011C02F04CFF594602F032FF24
:102A7000291C8246484602F02AFF011C02F041FF51
:102A8000514602F027FF291C8146404602F01FFFF5
:102A9000011C02F036FF494602F01CFF3B4902F0E0
:102AA0001CFF3B4902F072FF002855D0FC25AD0504
:102AB000A8462E23FE21E7548905E06802F007FFAF
:102AC000344902F01EFF311C02F01BFF324E316808
:102AD00002F000FF414602F014FFA169071C281C08
:102AE00002F00FFF011C381C02F0F4FE2B49051CFC
:102AF00002F04CFF00282CD12949281C02F038FF95
:102B0000002815D0274B264DE5613560238407B09A
:102B1000F0BCBB46B246A946A046F0BD194B224EBA
:102B20001F78002F00D013E7204B214D9846C0E7B7
:102B30006F007F081F49381C02F02DFF002805D1C7
:102B40001C49381C02F022FF00280AD0002300256F
:102B5000DAE7194B114DD7E7144B00279846144D6F
:102B6000A7E70E49281C02F0CCFE02F047FF0D4AF1
:102B70000300904200DA13000F4A9342C4DD1300B1
:102B8000C2E7C046273600208023002000002041F5
:102B90000000A0400AE81C41443400200000C84264
:102BA0000000C8C278ECFFFF0AD7A33C3333333FA1
:102BB0009A99993EFFFF7F7F881300000022094BFE
:102BC00010B51A60084B00211A600023074A084814
:102BD0001370084A1370084A1370282203F0BCF9D6
:102BE00010BDC0464034002044340020363600205A
:102BF0008023002028360020273600200F4B104865
:102C000010B5104C1860104B00211C6000230F4AB7
:102C100013800F4A13800F4A11700F4A002113606E
:102C20000E4A1360A022D20003F096F9A0220021E0
:102C30002000D20003F090F910BDC046A40F002080
:102C4000A8240020A8290020A00F0020143600206E
:102C50001836002032360020FC330020F8330020E4
:102C6000F0B5DE4657464E464546E0B504008FB007
:102C7000002805D0474A05681368EB1A632B06D86D
:102C80000FB0F0BCBB46B246A946A046F0BDC36932
:102C900081680A93476915600691FFF717FB3E4B61
:102CA0001E889C463F2E0FD83C4BB2001B689219E1
:102CB00092009B1806990A9A1D605F609A60D9601D
:102CC0001874634601361E80FA21354A206813685D
:102CD0004900C31A8B42D3D3324B0B931B78002B82
:102CE00050D1314B9946314B2C4D196828682960D9
:102CF000494600250E80614600260D800B9901355E
:102D00000D702B490D948A460027B0469B4604005F
:102D100018600C9204E04346143398465B461C68E6
:102D20004444236860680A9302F0B0FE069007915D
:102D3000A06802F0ABFE08900991E06802F0A6FEE0
:102D40000500207C0E00FFF7C7FA089B099C049041
:102D500000930194069A079B5046029503960A99A0
:102D600004F080FF4B4601371B88BFB2BB42D2D86C
:102D7000002349460D9C0B800C9A20680B9910602B
:102D80000B707DE7084B99461B88002BABD0106079
:102D900076E7C046FC33002014360020A40F002044
:102DA000F83300203236002018360020A00F002013
:102DB000D8DD00100F4B104810B5104C1860104BA8
:102DC00000211C6000230F4A13800F4A13800F4A12
:102DD00011700F4A002113600E4A1360A022D20026
:102DE00003F0BAF8A02200212000D20003F0B4F8CA
:102DF00010BDC046A40F0020A8240020A829002050
:102E0000A00F002014360020183600203236002093
:102E1000FC330020F833002010B5102200210248B6
:102E200003F09AF810BDC046A82F0020024B0028DE
:102E300000D0596018707047A82F0020024B00285E
:102E400000D0996058707047A82F0020024B0028CE
:102E500000D0D96098707047A82F0020104B1A78C6
:102E6000002A03D05A68821A642A15D85A78002A90
:102E700003D09A68821A642A0BD89A78002A07D05D
:102E8000DA68801AFA22D200904201D900229A70A0
:102E9000704700225A70F0E700221A70E6E7C04639
:102EA000A82F002000487047A82F002070B5061CEE
:102EB0000D1C101C0021141C02F05AFD00281BD10F
:102EC000FE21201C890502F061FD002811D1FE20A1
:102ED000211C800502F0FBFC011C281C02F011FDE6
:102EE000051C311C201C02F00CFD291C02F0F2FC18
:102EF00070BDFE24A405EAE70024F2E7F8B51C0043
:102F0000061C0D1C171C002B14D00021101C02F0F5
:102F10002FFD00280ED1291C301C02F0D8FC4000E7
:102F20004008391C02F032FD002802D10120266041
:102F3000F8BD25600020FBE770B5051C0C1C161CB5
:102F400002F016FD002806D1311C281C02F01EFDDF
:102F5000341C002801D0201C70BD2C1CFBE7C0468F
:102F600010B54024074A83009A181268C0005440E4
:102F7000C0222240044C1B191A60044BC018416047
:102F800010BDC04604C0014004D0014000400140D3
:102F9000064B8000C3181B68C90092000A435A40C0
:102FA0000C231340024A80180360704704C001409C
:102FB00004D001400123D022834012069362936122
:102FC000084A83009A1811684022514080320A4012
:102FD0000549C0005B181A60044BC0180523436004
:102FE0007047C04604C0014004D001400040014089
:102FF0008023DB051868000F7047C0460FB400B58A
:10300000084883B004F0ACFD049B002B07D005A951
:103010001800019104F08CFB034804F0A1FD01208D
:1030200004F09EFBF4DD001018DA001070B58C4639
:103030001600EFF3108472B60F490B68002BFCD01A
:10304000BFF35F8F6346DB08C5180722C05C634689
:103050001A40012393401A000240034207D118434B
:103060002870BFF35F8F0A6084F3108870BD6146DB
:103070003000FFF7C3FFC0462C0100D0F8B5CE46A4
:1030800047468C4680B51C00EFF3108872B61C4989
:103090000B68002BFCD0BFF35F8FA24221D807231F
:1030A000994602E00132944218D349460126114064
:1030B0008E40D308C718C35C1E42F3D110003343BF
:1030C0003B70BFF35F8F00220D4B1A6088F31088AE
:1030D00000280EDBC0BCB946B046F8BD0120404216
:1030E000EFE7BFF35F8F00230B6088F310880120A8
:1030F00040426346002BEDD00898FFF77FFFC046A3
:103100002C0100D0044A1078431CDBB2172B00D9E5
:10311000102313707047C046A80F002000B5054B60
:1031200083B00100009318221F230348FFF7A6FF76
:1031300003B000BD04DE0010D82E00200021044B97
:10314000044ABFF35F8F02C39342FAD17047C0466F
:10315000000100D0800100D0084B094A1360094AE1
:103160001360094A1360094A1360094A1360094A47
:103170001360094A1360094A136070478080808099
:1031800000E400E004E400E008E400E00CE400E017
:1031900010E400E014E400E018E400E01CE400E0C7
:1031A0001F2318401E3B8340002905D0C021044A3C
:1031B0004900535013607047802201498B50FAE751
:1031C00000E100E001228240034B1B6813405A1EBD
:1031D0009341D8B27047C04600E100E0012383402C
:1031E000014A13607047C04600E200E0054B103012
:1031F0009B688000C358044A00209B1A2F229A42E1
:103200004041704700ED00E0AC0F002070B50D00AC
:10321000EFF3108672B60F4A1368002BFCD0BFF391
:103220005F8F0D4B10309B6884001B590B4A9342F3
:1032300003D09D4201D001F059F9074B9B681D5105
:10324000BFF35F8FBFF35F8F0022024B1A6086F3DC
:10325000108870BD240100D000ED00E0C101001015
:10326000F0B5DE4657464E464546E0B5824683B049
:103270008B461700EFF3108872B6604A1368002B74
:10328000FCD0BFF35F8F00255D4B5D579946002D45
:1032900000DA9AE04A466B005A4C5E19B600019378
:1032A000A31900939B791370574B9A6853461033B8
:1032B0009B00D15899460B1B2F2B32D9534B994267
:1032C00000D098E0019B0236ED18514BAD006353DE
:1032D000504BA619043B9B1B4F4A1B055B0D651900
:1032E00013436B804D4B0121AB80FF23AB715B46D9
:1032F000AB60009BEF710B4319004A46424B9B6841
:103300009950BFF35F8FBFF35F8F00223B4B1A6072
:1033100088F3108803B0F0BCBB46B246A946A0466D
:10332000F0BD01200A008243D379B446BB422DD8B8
:103330003B4BB51C190013001B1B5B415943090D86
:103340008C46334B6519A353324B0099043B5B1BEE
:103350001B05314D5B0D2B4304364B80A619131F03
:103360009B1B1B055B0D1D4363468B715B468B608E
:103370002C4B8D80CF7113600143BEE75800C018FD
:1033800080002018C679BE4225D902000623D356F4
:10339000002BF3DA9A46131D9C4623486346009E91
:1033A0009571043EF61A36051B4B760D1E43019BA4
:1033B00096805A1953469200A418A3715B46194A85
:1033C000A0802260E771A36097E701F08FF80025E5
:1033D0004B465D575EE766469A46131D9C469088AD
:1033E000043640050015A6196044801B00050A4EEE
:1033F000400D3043D2E701F079F863E7240100D0B3
:1034000037360020AC0F002000ED00E0C1010010B5
:1034100000A1FFFFDC0F002000E0FFFF01BDFFFF68
:10342000AAAA00000148804701BD00000123034310
:1034300070B59C46EFF30581EFF3108572B6214A13
:103440001368002BFCD0BFF35F8F1F4B04001F4A93
:10345000E41A64416243120D1D4C8900A66852B201
:10346000765866451CD00621595691421CD012212F
:103470005956914222D01E215956914220D02A21DC
:1034800059560324914210D0124B19781A70817149
:10349000BFF35F8F00220B4B1A6085F3108870BD5D
:1034A000A3680D4C5C50EFE7002461000919890006
:1034B0005B18FF21997109499980E5E70124F4E738
:1034C0000224F2E7240100D0AC0F0020AAAA0000D9
:1034D00000ED00E037360020C101001001BDFFFF04
:1034E00000B5074B83B00100009300220523054877
:1034F000FFF7C4FD002801DB1F23181A03B000BD2D
:1035000020DE001042360020024BC91889000160FD
:103510007047C0464000003470B5114C114DAC42AC
:103520000FD2FF262368002B0CD0FFF7EBFD010024
:103530002000FFF7E9FFA680BFF35F8F0834AC429D
:10354000F0D370BDFFF7DEFD01002000FFF7DCFFC8
:103550002671BFF35F8F0834AC42E3D3F1E7C04676
:10356000D8180020E018002010B50400FFF7CAFDAD
:1035700001002000FFF7C8FFFF232371BFF35F8F17
:1035800010BDC04610B504000120FFF7C7FD034B76
:10359000C01880002060BFF35F8F10BD4000003472
:1035A000034BC91889000160BFF35F8F7047C046A5
:1035B000400000340A4B1968EFF3108072B60A68B5
:1035C000002AFCD0BFF35F8F1B68BFF35F8F002220
:1035D0001A6080F3108840BF002000217047C04669
:1035E000E4350020F0B5DE4657464E464546E0B588
:1035F00085B0EFF3058303221A40B34B91005F5867
:10360000012393409B4602925A468846AF4B1A606C
:10361000AF4B03935B46AF4843630823FE5E002E27
:1036200037DABB881BB2002B00DBA4E0BB79002B90
:1036300000D0E5E00823F95E002920DB4B007A6921
:103640005B18DB00D3189D68DC686B1C00D104E1BB
:10365000A04801004144826A0B69AE1A9B1A9E423F
:1036600015D30123026A029883401A420FD0994869
:1036700000F0AAFB8C4202DCCCD18542CAD940BF03
:1036800005B0F0BCBB46B246A946A046F0BD0D61F0
:10369000EDE77A69730091469B19DB0099444B462C
:1036A0009C68DD6800F090FB8D42BADC00D1F6E04A
:1036B000002D00DADBE04A464B4652691B69924610
:1036C000039A934200D1CCE04A460821785E5288A2
:1036D0000004514610439847009001910099019AC7
:1036E0000B00134300D1C2E013000A00002B00DBE3
:1036F000D9E020002900801A99414B469860D96092
:1037000000229B5E002B00DA8BE75D007C69EA18E3
:10371000D200A21800949468D268A2468A4200DDC2
:103720007FE702D1844200D97BE70824A4463B818D
:10373000BC44009C00972F006546B4463E0006E05E
:103740005E00F218D200A2189768D268BA468A4280
:1037500007DC00D1B4E0F318DB00E518E35E002BD2
:10376000EEDA66464A46009F13802E80BB881BB265
:10377000002B00DA5AE73A69EFF3108172B613684A
:10378000002BFCD0BFF35F8F0123BE885B42BB8060
:1037900036B23B69BFF35F8F00221A6081F3108855
:1037A000002E00DA42E73B0008333A0099467D6973
:1037B00073009B190824115FDB004846EB180029B1
:1037C00013DB9C680093A446DC6806E0A34240D06B
:1037D0000023F95E3800002906DB4F007F18FF0048
:1037E000EF19FB68A342F1DD009B068000201E5EFE
:1037F0001980002EDCDA1700BB79002B00D119E705
:103800000023BB710823F95E4B1C00D137E73D0054
:103810000835AC467C6903E084464B1C00D109E7BF
:103820004B005B18DB00E0180A00E15E43881BB226
:10383000002BF1DA01256D42EE178560C660082580
:103840007B5F9342E9D0634619803B8903803A81CC
:10385000E3E7BB686345BBD9C6E7631C00D0F7E666
:1038600005E7534650461B699847002823D14B462D
:103870001B883A693B81EFF3108372B61168002907
:10388000FCD0BFF35F8F49467A880A803A697E8010
:10389000BFF35F8F0021116083F31088C1E684427B
:1038A00000D805E7BDE60B4800F08EFA009B019CAE
:1038B000C018614121E753460CCB009201930DE7FC
:1038C000824500D847E74CE7303400203C70054083
:1038D000E53500100040054070B52D4C2569002DE0
:1038E00004D00A212B48FFF70FFE70BD2A4E03219A
:1038F000294800F05FFAE660FFF704FC274B03223B
:10390000C018D02322701B061B6801216370244B52
:103910008000A3600F232061022063806369494215
:10392000A18019800231198647311D835852183100
:103930005A5275325C399952183201319952183203
:1039400001319952183201319952083518329D527D
:10395000023118329952183201319952183201311C
:103960009952183201319952183201319952183254
:10397000013199520B4B0C49DC6001303562FFF785
:1039800045FC01210320FFF70BFC084B1D60A8E755
:10399000F40F0020E43500200040054040000034D2
:1039A000FFFF100030340020E5350010386005407E
:1039B00000487047F40F0020F8B51F0008AB1B78D3
:1039C00004001600002B07D100F006FA32003B007D
:1039D000121A8B41002B51DB2269EFF3108C72B667
:1039E0001368002BFCD0BFF35F8F0223E15E2569D3
:1039F00000293ADB4B0060695B18DB00C218C35A30
:103A00006380BFF35F8F00232B608CF31088069BCD
:103A10009660D7601361079B5361538801335B0441
:103A20005B0C181C002B1ED083B250800804184376
:103A30002569EFF3108672B62B68002BFCD0BFF31C
:103A40005F8FA3881380A1802369BFF35F8F00225B
:103A50001A6086F31088237801329A400849E36897
:103A60005B181A60F8BD0120DEE7BFF35F8F00230B
:103A70002B608CF3108801204042F3E70020F1E72F
:103A80003C20000070B582B00092019301000269F1
:103A9000EFF3108472B61368002BFCD0BFF35F8F76
:103AA0000223C85E0D6900283FDB4A694300160007
:103AB0001B18DB00D218F35A4B80BFF35F8F002333
:103AC0002B6084F31088069B1361079B5361009B56
:103AD000019C9360D460538801335B045B0C1D1C14
:103AE000002B20D0ACB20304558023430D69EFF3C3
:103AF000108C72B62C68002CFCD0BFF35F8F8C88C2
:103B0000148088800A69BFF35F8F002010608CF3F7
:103B100010880A7801309040CA680849521810602D
:103B2000180002B070BD0125DCE7BFF35F8F0023F2
:103B30002B6084F31088013BF2E7C0463C20000074
:103B400010B543890A1493421ADD53009B18426949
:103B5000DB00D3180469EFF3108C72B62268002AD8
:103B6000FCD0BFF35F8F5A88090494B2090C8A42D3
:103B700008D00369BFF35F8F00221A608CF31088AE
:103B8000002010BD094A22435A8001230269837133
:103B9000BFF35F8F002111608CF310880278044915
:103BA0009340C268012052181360EAE70080FFFFCB
:103BB0003C20000040787047F0B5C64600B582B0A2
:103BC000040000F009F9FA2206000F00200000238B
:103BD0000021920001F05EFE8019794104000D1E63
:103BE00002DA01242E4D644206267642F717361972
:103BF0006F41AF4214D811D000F0EEF832003B0014
:103C0000121A8B41002B15DC002B46D02000290016
:103C100000F022F902B080BCB846F0BDA642EBD954
:103C20000026002700F0D8F832003B00121A8B4122
:103C3000002BE9DD00F0D0F832003B00121A8B4176
:103C4000002B0ADB00230193164B32000093164829
:103C50003B00FFF717FF0130D8D000233900B046F2
:103C60009C46124A1248536A994204D8966A4645BD
:103C7000CCD29942CAD10668EFF3108772B6336886
:103C8000002BFCD0BFF35F8F0368BFF35F8F6646E6
:103C90001E6087F3108820BFE5E7002AB6D0C9E789
:103CA000FFFFFF7FB5350010F40F002000400540F6
:103CB000E4350020F0B5CE46474680B504000D003F
:103CC00085B0EFF305868946002E10D036490020D6
:103CD0004B6AAB4206D38A6A5B1B591E8B41A242D8
:103CE0004041184305B0C0BCB946B046F0BD2F4FA7
:103CF000FB683A7898461800039200F065F8039A3A
:103D0000131D42469B009B5822001B1A9C462B0009
:103D1000121A8B419E4210DC0DD020BF224A002097
:103D2000536A4B45DED3926A5B1B591E8B41A242FC
:103D300040411843D6E79445EFD900F04DF82200F2
:103D40002B00121A8B41002B1BDB00230193184B15
:103D50002200009338002B00FFF794FE002810DDAE
:103D6000114B5A6A4A451CD39B6AA34217D30100E0
:103D70003800FFF7E5FE0C4A0020536A4B45B1D3EB
:103D8000D1E7094A0020536A4B45ABD30020926A21
:103D90005B1BA24240415A1E93411843A2E74A4589
:103DA000E5D120BFE3E7C04600400540F40F002006
:103DB000B535001010B5024A0248FFF737F910BDBB
:103DC0003CDE0010DC2E00200300416A0A00986AE5
:103DD000596A8A42FAD17047034B596A0A00986AB5
:103DE000596A9142FAD170470040054070B505000C
:103DF0000E00184A536A1900946A536A8B42FAD12A
:103E0000200019002C00350024184D41AB4216D873
:103E100013D0104B2A005B6A9D4203D90D494B6AAF
:103E20009342FCD3934207D10A4A02E0516A994275
:103E300002D1916AA142F9D370BDA042E9D9054BE4
:103E40005B6A1C005A1CEFD0012201246442E51772
:103E50005242E3E700400540064A536A9942FCD8C3
:103E600007D1044B02E05A6A914202D19A6A904209
:103E7000F9D8704700400540F8B5040006200D0051
:103E800000F0D8F9002843D0364B3749E3185A1EC2
:103E9000934180225B429B0D12049B059B18334A81
:103EA0001360334A136018000A689043FBD12D4B0E
:103EB000304AE31859424B4180215B0049000620FB
:103EC000995200F0B7F92900C00000F063FC0130FE
:103ED000C3091ED1402701226262A362266BF30749
:103EE00022D4E36A244B0620E51800232B602663C6
:103EF00000F0A0F93900800000F04CFC7023E26A69
:103F00005A400E3313402B601C4B23630323A364DE
:103F1000F8BD1B4A93421DD900231A4A1A4F626208
:103F2000A362266BF307DCD5184B144AE3181A601A
:103F3000656AA36A0620AD01ED1800F07BF914490B
:103F400000F028FC0100A80200F024FC0021FFF78B
:103F50004DFFC6E740069A01800E17181A000300AD
:103F6000BAE7C0460080FCBF08C0004000E0004047
:103F700000F00040F83500202C1000000103000084
:103F8000FEFF0000FFFF0000C0FF3F0030300000D8
:103F90004E0E00000539013AF8B5D2004C0105007B
:103FA0001443002B06D0013B5A4253419B0023434C
:103FB00002241C432E6BF30708D46E23EA6A624086
:103FC00013400E4AAA1813602E63F8BD0C4B0D4A1D
:103FD000EB181A606B6AAA6A9B0106209F1800F012
:103FE00029F9094900F0D6FBBF020100380000F0B2
:103FF000D1FB0021FFF7FAFEDFE7C0462C100000DE
:1040000030300000010300004E0E0000F8B5066BD2
:1040100004000D01F30708D4E36A5D4010231D403E
:104020000D4BE3181D602663F8BD0C4B0C4AC318FA
:104030001A60436A826A9B0106209F1800F0FAF812
:10404000084900F0A7FBBF020100380000F0A2FB06
:104050000021FFF7CBFEDFE72C100000303000001E
:10406000010300004E0E0000F8B5DE464E46454600
:104070005746E0B505008B4618000A99914600F0B6
:1040800089FB0A9B6C001E026419304BA400E418E3
:10409000636880469E4200D966602F1FFBB29A4635
:1040A000012B2FD9C0238022294FAD009B017959C4
:1040B0001201E3181A6000291BD14B4622685B01EC
:1040C0005340E022134080225201A218136053464D
:1040D000012B2FD9802380229B01E31812011A6043
:1040E000434666607B51F0BCBB46B246A946A0463B
:1040F000F8BD786900F04EFB013043001B18033B0C
:10410000FDD2DAE75B46012BCCD1C02303229B0111
:10411000E3181A60023AA3681A42FCD04A462368A0
:1041200052015A40E023134080225201A218084F46
:104130001360AD0058460323216841400B401360D3
:1041400001228240A3681A42FCD0C3E700800040ED
:10415000E02E0020F0B5D6464F464646440098462D
:104160002418324BA400E41863688A469146C0B50F
:10417000FF2B02D880235B006360061FF6B2012E7E
:104180002FD9C02380222A4F85009B017959120123
:10419000E3181A6000291BD14B4622685B0153408B
:1041A000E022134080225201A2181360012E30D960
:1041B000802380229B01E31812011A6080235B0098
:1041C000636043467B51E0BCBA46B146A846F0BDA9
:1041D000786900F0DFFA013043001B18033BFDD281
:1041E000DAE75346012BCCD1C02303229B01E3180D
:1041F0001A60023AA3681A42FCD04A462368520168
:104200005A40E023134080225201A218084F136045
:10421000850050460323216841400B401360012272
:104220008240A3681A42FCD0C2E7C046008000402A
:10423000E02E0020014B8000C0587047E02E002087
:10424000F0B5C646040000B52348160098460D0098
:1042500000F0A0FA0100300000F09CFA4346069AF4
:104260001B04120313439C4623680600002B22DB29
:104270001A4B1B48E218531E9A4180235242120BDC
:104280009B011203D218174B1A60174B1A601300C8
:1042900001688B43FBD12122144B2560E318A660F3
:1042A0001A602268002AFCDA6246E26008221A607C
:1042B00080BCB846F0BD3F2322681340AB42D7D143
:1042C000A3681B051B0D8342D2D1EE22E368D20204
:1042D00013406345CCD1EBE7001BB7000040FDBFA6
:1042E00008C0004000E0004000F000400430000042
:1042F000024B1A68024B5A607047C04608340020CF
:1043000000800540194B1A4A10B5DA618022194B1A
:10431000D2051A60184C194A146000290AD0E0220C
:10432000174BD2041A60002809D18022144B1206C0
:104330001A6010BDE022D2041A600028F5D04301B3
:104340001B1A9B001818802300015B04984209D2B5
:1043500003000C4A13608022044BD2055860084BBE
:104360001A60E6E7084B1800F3E7C04600800540F6
:104370002131B76A00B00540FCFF01000820014070
:1043800000A0054008340020FFFFFF0010B5802486
:104390001C4BE4051C6000281AD001231A4C18435A
:1043A0001A4BDC611A4C44401C62596298628021AD
:1043B000144BC9051960174817490860E021C90462
:1043C0001960002A07D18022144B12061A6010BD12
:1043D0000E4BD861EBE753019B1A9B009A18802380
:1043E00012015B049A4209D213000D490B60074B7E
:1043F0005A608022094BD2051A60E8E7094B1A007F
:10440000F3E7C04600B00540D3C007B000800540C8
:104410002D3FF84FFCFF01000820014000A005409F
:1044200008340020FFFFFF008023024A9B000B435B
:10443000D362704700800540002310B50100988AC0
:104440001B8B984710BDC046162310B50100188875
:104450005B88984710BDC046F8B54746CE4680B544
:104460000F1E18D01423994604330400002501269A
:1044700098464B461888434621681B88984701C4D4
:10448000431E984101350640AF42F2D13000C0BC16
:10449000B946B046F8BD0126F8E7C046002370B51E
:1044A00004000D00988A05491B8B984703000020E3
:1044B000002C01DB0130A040290098475542000044
:1044C000AA23064A1B0113608D235B00D3600449B5
:1044D000044B19605368002BFCDA7047004002401F
:1044E00000B0FA00006002407047C04610B50148B5
:1044F000FEF784FD60DE001070B5074D074EB54233
:1045000009D20024013E761BB608013608CD0134DD
:104510009847B442FAD170BD98D80010D4D8001092
:10452000054B064A06491A60064A074B1A601000F6
:104530000B689843FBD1704700E00040BFCDFBFE05
:1045400008C00040FE7F3C0000F00040044BDB6CE4
:10455000002B03D18022034BD2021A607047C04661
:10456000000011504C201150044A054B1A60054AB6
:104570001368DB018033FBD17047C046FFFFFF01AA
:1045800000F0004008C000404022034B9A675A6781
:104590001A67DA667047C04600F0014010B5FEF7B2
:1045A000CDFD10BD70B52849284D294E6D1AAC10AF
:1045B0002200302C00D930223000920001F0D2FCD1
:1045C000BC2D3DD823002A3B224A052B1DD9302083
:1045D00075196D07A446001BEB0F002D03DA611C53
:1045E0008C46A1007250C01AE3189B004108F318D2
:1045F000C900C9181A605A6008339942FAD10123D8
:1046000003421DD0984360440400A300F250631C91
:104610002F2C15D09B00F250A31C2E2C10D09B00E9
:10462000F250E31C2D2C0BD09B00F250231D2C2CA0
:1046300006D09B00F250631D2B2C01D09B00F25042
:10464000054B9E6070BDC04600010010C001001007
:1046500000000020C101001000ED00E0002310B5B3
:10466000294C82B0A367FFF72BFF0122274B1A606A
:10467000636C012BFCD10322254B1A60224A936BF9
:10468000012BFCD1013300930121224A224804333B
:10469000FFF7D6FD052301210093204A2048FFF7AC
:1046A000CFFD0022022104201E4BFFF753FD002204
:1046B000012105201C4BFFF74DFD002200210720A2
:1046C0001A4BFFF747FD002200210820174BFFF788
:1046D00041FD8023DB000093002200210920134BC1
:1046E000FFF7C2FC0022104B00210620FFF732FD2D
:1046F0000420FFF79FFD0E4900F04CF80100002058
:10470000FFF792FE02B010BD008000403CB00040B8
:1047100030B00040002F685900800240008C86476E
:1047200000C00240001BB70040597307006CDC0258
:1047300040420F0001480421014B1847101000208F
:1047400059440010124A936F9B0815D29066D166A7
:10475000002905D0FFE7FFE7FFE7516F106F7047B3
:1047600004B580210906C2175140002800D0C84373
:1047700009F052F8002104BDF0B5146E556E576F64
:10478000166FFFF7E3FF1466556657671667F0BDAF
:10479000000000D0114A936F9B0813D21066516637
:1047A000002905D0FFE7FFE7FFE7516F106F704763
:1047B00004B5002801D00020C04309F02DF80021E5
:1047C00004BDC046F0B5146E556E576F166FFFF7F7
:1047D000E5FF1466556657671667F0BD000000D008
:1047E00094464A4A926F9208624601D228E0C04637
:1047F000F0B5464E346E756E776F366F00F020F868
:104800009446424A14665566576716676246F0BD7D
:1048100094463E4A926F9208624601D254E0C046E6
:10482000F0B53A4E346E756E776F366F00F04CF817
:104830009446364A14665566576716676246F0BD59
:10484000002B24DB11D000293EDA00B5C9434042D9
:1048500000D1013100F038F8C943404200D10131A4
:10486000DB43524200D1013300BD002AEBD10028C6
:1048700001D1002905D00020C90FC90701D1C043CB
:10488000410800B508F0B8FF0022002300BD00B5C4
:1048900000290ADBDB43524200D1013300F014F857
:1048A000C943404200D1013100BDC943404200D15B
:1048B0000131DB43524200D1013300F005F8DB4304
:1048C000524200D1013300BD002923D1002B18D161
:1048D000002A0CD0BC460D4F38667A6600210023B2
:1048E000FFE7FFE7FFE77A6F386F674670470028FA
:1048F00001D00748010000B508F07EFF0022002328
:1049000000BD02000B00002000217047000000D015
:10491000FFFFFFFF002B00D0BFE0130C28D1002ABF
:10492000E7D080B4114F39667A66FFE7FFE730B40D
:10493000040C7B6F396F1B0423433B667A66FFE7E9
:10494000FFE7FFE7C04684B27B6F3D6F1B04234344
:104950003B667A66FFE7FFE7C04600232C042D0C78
:104960007A6F386F00196941B0BC7047000000D001
:10497000F0B594460025140E01D112020835140F2B
:1049800001D112010435940F01D192000235D40FE8
:1049900001D152000135D40B0134254F7C66254CE2
:1049A0003C660E0C93B2FFE7FFE7FFE73C6F664300
:1049B000360C7703BE467343DF0B5B04C01AB94164
:1049C000130C7343DB18C91ACE086643360CB64481
:1049D00093B273431F0F1B01C01AB941130C7343E9
:1049E0001F0B1B05C01AB941860D8F023E4366435B
:1049F000360C092D24DB520A7243801A7703460ACB
:104A00006643360C16235B1BDE40DF40BF1964464D
:104A10006643821B7046043506330100D940A84026
:104A2000C01900D30131A24206D20023F0BD00001C
:104A3000000000D0FFFFFFFF121B0130F3D3F1E7AE
:104A400009277F1BFE406446A2B27243801A00D23F
:104A50000139220C7243130C1204821A99410B0083
:104A60007046043513370100F940A840801900D37F
:104A70000131002B02D1A2420AD2F0BD013000D395
:104A80000131121BFAD2013BF8D1A24200D2F0BD93
:104A9000013000D30131121BF7E7F0B51C0C00D038
:104AA00080E00CB400251C0A04D11B02160E33430F
:104AB000120208351C0B04D11B01160F33431201DF
:104AC00004359C0B04D19B00960F334392000235B2
:104AD000DC0B02D192185B4101351C009718644130
:104AE0000134464F7C66464C3C660E0CFFE7FFE700
:104AF000FFE7C0463C6F6643360C7703BE4697B26D
:104B00007743C01B00D20139C01B00D201399FB2CC
:104B10007743C91BC91B170C77437E04FF0B801B0F
:104B2000B941CE086643360C0C2D33DBB644120B6C
:104B30001F053A431B0B97B27743C01B00D20139C4
:104B40009FB27743C91B170C77433E043F0C801B71
:104B5000B941860D8F023E43664329277F1BFE40E5
:104B60000C3D7746AF40BF1930BCA2B2ABB2724326
:104B70007343801A9941220C7243130C1204801A59
:104B8000994102000B000137001BA941F9D2781EA0
:104B90000021F0BD0C277F1BFE4077467F0BAF4006
:104BA000FF19E0E700245D1C07D0144F7D663966CD
:104BB000FFE7FFE7FFE7FFE73C6F95B29EB2654373
:104BC0006643401BB141150C1E0C65436643360419
:104BD0002F0C3E432D04401BB141994204D20200E8
:104BE0000B0020000021F0BD01D19042F7D3801AC4
:104BF000994101349942F2D3F6E70000000000D059
:104C0000FFFFFFFF48404140484018B41B4B5B6822
:104C1000FC46019308BD04DF774F001018B4174B12
:104C20001B68FC46019308BD00DF814F00109446CD
:104C3000134A926F920809D2624618B40F4BDB6890
:104C4000FC46019308BD0CDF395200100C4AF0B548
:104C5000146E556E576F166F6246FFF7EEFF084AE7
:104C60001466556657671667F0BD18B4034B9B680A
:104C7000FC46019308BD08DFDD500010401B0020FA
:104C8000000000D0FFB550404240504059404B40DA
:104C9000594000E0FFB5154F4C00640D03D0BC42F5
:104CA00004D10C0314D80020090D09055C00640D23
:104CB00003D0BC4204D11C030AD800221B0D1B05E3
:104CC00001264B4009D44B4003D58B4200D1824290
:104CD000FFBD9942FCD19042FFBD0B43DB1803435B
:104CE0001343F5D0C9434918FFBD0000FF0700007A
:104CF00000B5FFF7CFFF01D0002000BD012000BDAF
:104D000000B5FFF7C7FF804100BDC04600B5FFF703
:104D1000C1FF01D9002000BD012000BD00B5FFF793
:104D2000B1FF01D9002000BD012000BD00B5FFF793
:104D3000A9FF804100BD012040054A00121804D897
:104D40005A00121801D80020704701207047000057
:104D50000021002805D17047C1174840401AFAD0F9
:104D6000C90713B5064B1B6898470CBC441CA240EE
:104D70001005120B0349091B09051943114310BD06
:104D8000E03500201F04000010B54C00620D8023A8
:104D9000D218DB00D21A5B057E2A10DD9E3A13DAA8
:104DA000CC170903490819435242D1406400013429
:104DB0001532202A05DAD0400843604310BD002098
:104DC00010BD0846604310BDC80FC018013810BDA3
:104DD00018B4044B5B6AFC46019308BD24DFE95319
:104DE00000100000401B002018B4044BDB6DFC4693
:104DF000019308BD5CDFF55400100000401B00204B
:104E0000C94211D300B549004908002200F018F842
:104E1000002904D4002240428A41114600BD80216D
:104E20000906002000BD000018B4044BDB6EFC46F0
:104E3000019308BD6CDFF75300100000401B0020F9
:104E400018B4044B9B6FFC46019308BD78DF1354E4
:104E500000100000401B002018B4044BDB6FFC4620
:104E6000019308BD7CDF815400100000401B00202E
:104E700018B4044BDB6CFC46019308BD4CDF2D5687
:104E800000100000401B002018B4044B1B6DFC46B2
:104E9000019308BD50DFC95600100000401B0020E0
:104EA000132370B51D78012D19D014DD1F48FFF7AD
:104EB000CBFA06001E48FFF7C7FA1E4C80223100CD
:104EC000200001F04FF8022D2DD01B48FFF7B4FA57
:104ED0001A4B186070BD1A4B164CA364F5E7184BBB
:104EE000144C23606360A360E36023616361A3618A
:104EF000E36123626362A362E36223636363A36388
:104F0000E36323646364A364E36423656365A36567
:104F1000E36523666366A366E36623676367A36747
:104F2000E367A364D1E7064BA364CEE753440000D4
:104F300053460000401B00204C330000E0350020A9
:104F4000454F001007B5604601880A0A0230DF2A83
:104F5000FAD1C9B2820804D3028840880004104301
:104F600000E00068014A5050039007BD401B00203C
:104F70000FB403BC0CBCF0B50124E407634000E0AF
:104F8000F0B50C0DCF0F661E3605891B640503D3E3
:104F9000C943404200D30131640D03D0661CF60AB8
:104FA00007D0E41B00207F00791C89078912803C10
:104FB00024031D0DDF0F6E1E36059B1B6D0503D3ED
:104FC000DB43524200D301336D0D03D06E1CF60A51
:104FD00007D0ED1B00227F007B1C9B079B12803DAE
:104FE0002D032F1B661B58D4A446202E46DA2037EB
:104FF0001400BC401D00BD40F24033412A438018DC
:105000005941CB0F05D0C943C043002264425041EF
:10501000514162464D0D28D10D0D07D100281FD0FA
:10502000241940414941013A0D0DF9D0640006D3DD
:10503000013000D30131002C01D140084000013A79
:105040000BD4941CE40A04D112051144DB07194463
:10505000F0BDD907204B194300E0D9070020F0BD6F
:105060000029DDD1002CDBD1F0BD0132C60740089C
:10507000CD0728434908002EE1D0D9E73C2E29DA94
:10508000203E40371400BC4000D00124F2401443BD
:105090001A00BB401C43D317ACE7AC46202F08DAFC
:1050A00020360400B4400D00B540F8403941284393
:1050B000A5E73C2F0CDA203F40360400B44000D076
:1050C0000124F84004430800B1400C43C117EAE74B
:1050D00010001900002494E70000F07FF0B50C0DDB
:1050E000661E3605891BE60A6405640D02D0651C40
:1050F000ED0A04D0002001210905803C2403A446C8
:105100001C0D671E3F05DB1BE70A6405640D02D01A
:10511000651CED0A04D0002201231B05803C2403FA
:105120007740644497B484B296B27443070C7E43CC
:10513000150C6F4380B26843361802D30120000477
:105140003F183004350C00197D41844688B29AB26C
:1051500050430C0C62431F0C7C438EB27E43921969
:1051600002D301263604A4191604170C3618674119
:1051700001BC81B29AB25143040C62431B0C5C43E4
:1051800080B25843121802D30120000424181004DE
:10519000130C401863412D185E410020474106BCA6
:1051A00088B293B258430C0C6343120C544389B237
:1051B00051435B1802D301210904641819041A0C25
:1051C000091862416D1856410020474118BCF90288
:1051D000720D1143F0026A0D1043ED020A0D03D166
:1051E0006D1940414941013B124E9B1B7600B34271
:1051F0000ED26D0007D3013000267141664635435B
:1052000001D1400840001B05C918E4072144F0BD46
:105210000BDA013306D1013004D101314F0D01D039
:105220004908F2E7E1070020F0BD01363105002012
:10523000EBE70000FF030000F0B51C0D671E3F0503
:10524000DB1BE70A6405640D02D0661CF60A04D075
:10525000002201231B05803C2403D0252D060026B7
:10526000F6432E661E096E66CE0FF619B446490047
:105270004F0D02D07E1CF60A03D000200021403FD3
:105280003F033E1BB600B444013F7F05C91B4908DC
:105290002E6F013676089C02950D25437543ED135C
:1052A0007543AD1301356D10F603761B0CB4CC02BB
:1052B000450D2C43A2B2B3B25A43270C7B43350CA5
:1052C0006F43A4B26C431B1902D3012424043F1979
:1052D0001C041D0CA4187D4124196D41009A91B243
:1052E000ACB26143170C7C432B0C5F4392B25A4320
:1052F000A41802D301221204BF182204230C52184E
:105300007B41019C6C431B19520ED9010A43440195
:10531000A01A81B2B2B2514303145A43360C7343FC
:1053200087B27743D617D21900277E4136049B19DE
:105330001704160C7F185E417316ED18F301002652
:1053400080337541A90F06D16400690AE8055B0A3C
:10535000184309D22FE00422944480337541A90AEE
:10536000A8059B0A184326D3404149412404009ACA
:10537000019B0D005543641B4343E41A95B286B26A
:105380007543170C7E43030C5F4392B25A43B61821
:1053900002D301221204BF183204330C52197B418C
:1053A00052429C41002C02D400220130514140085D
:1053B000CA071043490802B06246D7079210084B4B
:1053C000D218084B9A4203D212058918C919F0BDA8
:1053D0000020002A01DC3900F0BD01331905F5E792
:1053E000FD030000FE070000002200B5203200F09F
:1053F00010F8080000BD002200B500F00CF8CA1734
:105400009A4200D100BDD8430121C907414000BDE7
:1054100000220B150AD410B5944600F0A7F8141416
:10542000013400DA0021CB17144C20470020002162
:1054300070476244343A0CD40C2A07DA04009140D5
:10544000904052422032D440214310BDD843D9432A
:1054500010BD203207D40C469440524220321141F4
:10546000D040204310BD0800C917203203D4524257
:105470002032104110BD1800190010BD3354001027
:105480004A00520D144BD21A13DDFF2A1EDAD20540
:10549000CB0FDB071A43C300400F0903490A084337
:1054A00010435B0001D301D0013070474308FBD2A9
:1054B000704702D0C80FC00770470A0312130132A9
:1054C000F8D1420F072AF5D1012200E0FF22C80FD0
:1054D00000028018C00570478003000000210A0008
:1054E000002104E000210A00C11704E0002200238B
:1054F00006E0C0460022CB1758405940C01A9941D7
:1055000030B5184CA21A002903D1010010D0002098
:10551000203A4C1512D104D2013A001849414C0DE1
:10552000FAD3114CA24204D212058918DB07C9181C
:1055300030BDD243520D00200021F5E703D4013ADB
:1055400000184941FBD50B324405C00A4D052843DC
:10555000C90A640003D0002460416141E1E7E0D35F
:105560004408F8E732040000FE0700000A0DCC0FE3
:10557000531E1B05C91A520503D3C943404200D329
:105580000131520D03D0531CDB0A07D0121B00203F
:105590006400611C89078912803A1203014BD21AF8
:1055A00070470000FF030000023225D40C2A1CDAE9
:1055B0001125AD1A0B002B41083207350600EE40CD
:1055C000904091403143F0CC63431A1500235A4177
:1055D000554356435743BF02F41276057619674187
:1055E000ED177F19801BB94170470C220020C917A5
:1055F000490001310905DBE70902030E19430002E6
:105600005342203208D40C0019419440D840204322
:1056100000225041514170470800C917203B2032F9
:10562000F1D500200021002270470000F0B5FFF7FF
:105630009DFF54A4FFF7B8FF002904DA204C214D48
:1056400000196941013A04B4012752A6002201233E
:105650009B0730CEB446001BA9410BD47E422036B6
:105660001D003D411C00B4401600FE403443624121
:105670006B4101E00019694166460137212FE8D1ED
:1056800085B29EB2754307147E43190C4F4384B212
:105690004C43F11736190024614109047F18340482
:1056A000310C64197941A40F8800204389178018B0
:1056B000594104BC52423E32FFF71DFFF0BD0000CD
:1056C0006BDE73F4FD855C2CF0B54F0050D27F1576
:1056D0004ED001374FD0FFF749FF04B44902C20D45
:1056E0001143400201272BA6B446002200237E422C
:1056F00020360D003D410C00B4400600FE4034430E
:1057000044414D41AE0F05D120002900664630CE00
:10571000121BAB410824A4440137212FE7D1890093
:10572000891012184B4180BC17A413CC0137784361
:1057300079437C434F05C912CD17C0196941A702AF
:10574000A415CD17C9196C41DD17801859416C415A
:105750003E22CD17AC4208D000090E07304309099C
:10576000260731432411043AF3E7FFF7C4FEF0BDE6
:1057700002490020F0BD02490020F0BD0000F0FF0A
:105780000000F07FAAB800006BDE1300A3EF0F004B
:1057900021170B00F34B98BFEC23F319D6104DCD16
:1057A000E3FB470E7AB9BC8ADBC18907CC542C02D3
:1057B0001846E103053083E7B029F8011E1FE08792
:1057C0004505FE00249E41ACA9807F0081176245FB
:1057D00015E03F00E610ABA902F81F0088584555B8
:1057E00000FE0F00C4AAA90A80FF07005645550114
:1057F000E0FF0300ABA92A00F8FF010045550500B2
:10580000FEFF0000AAAA0080FF7F0000551500E0FF
:10581000FF3F0000AB0200F8FF1F0000550000FE34
:10582000FF0F00000B0080FFFF0700000100E0FFFA
:10583000FF0300000000F8FFFF0100000000FEFF72
:10584000FF0000000080FFFF7F00000000E0FFFF7E
:105850003F00000000F8FFFF1F00000000FEFFFFF8
:105860000F00000080FFFFFF07000000E0FFFFFFC8
:1058700003000000F8FFFFFF01000000FEFFFFFF34
:105880000000000000000080000000000000004058
:105890000000000051434343C9188C46110C83B2E9
:1058A0004B4310B4040C614392B280B25043624344
:1058B0001C041B0C001910BC59411304120CC01815
:1058C00051416144704700004840414048400E4B00
:1058D0005B6818470C4B1B6818470C4A936F9B0872
:1058E00002D2094BDB681847F0B5146E556E576F3E
:1058F000166FFFF7F6FF054A146655665767166779
:10590000F0BD014B9B681847401C0020000000D0F0
:1059100007B548404140484001E0C04607B5420055
:10592000120E03D0FF2A03D1420218D8C00DC005C1
:105930004A00120E03D0FF2A03D14A020FD8C90D24
:10594000C9050122414005D4414001D5814207BD2E
:10595000884207BD0143491801D0C043001807BD64
:1059600000B5FFF7DBFF01D0002000BD012000BD26
:1059700000B5FFF7D3FF804100BDC04600B5FFF77B
:10598000CDFF01D9002000BD012000BD00B5FFF70B
:10599000BFFF804100BD01231B064200D21804D87E
:1059A0004A00D21801D80020704701207047491AD8
:1059B000002807D108467047C10FC90700D54042EB
:1059C000002817D0F44603B40B4B1B68984706BC5D
:1059D00081409E384042803107D20B0607D04900F3
:1059E000490AC0051043084360470130F8E7490AF7
:1059F0008902F5E770470000E035002041000A0EFB
:105A000080231B067E2A0BDD9E3A0BDAC11740026B
:105A1000400818435242D040490001314843704782
:105A200000207047C00FC01801387047C0420DD326
:105A300000B540004008002100F012F8002801D411
:105A4000404200BD8020000600BD0000034BDB6922
:105A5000FC4618471CDF015F00100000401C0020BE
:105A6000014B5B6A18470000401C0020054A1047A4
:105A7000C2179142FAD0044BDB6DFC4618475CDF3D
:105A8000CF5E0010B9590010401C0020034BDB6FA3
:105A9000FC4618477CDF195F00100000401C002006
:105AA000C11502D4054B9B691847C843FF2801D193
:105AB000C0077047C817C00570470000401C002091
:105AC000132310B51C781348FEF7BEFC012C0BD035
:105AD00004DD01008022104800F044FA0F48FEF770
:105AE000ABFC0F4B186010BD0B4C01005422200082
:105AF00000F038FA0B4B6365A365E36523666366C4
:105B0000A366E36623676367A367E3672362E361D2
:105B1000E4E7C04653460000401C00204C33000020
:105B2000E0350020915E0010F0B5D6464F4646465F
:105B30000C00C0B5051C012954D0CB0F5B185B10BD
:105B40001F00012B46D00323CA1713405B189B107C
:105B50009846012B36D0072313405B18DB1099467B
:105B6000012B29D00F2313405B181B119A46012BE0
:105B700019D01F2313405B185E11012E0AD03F215C
:105B8000114009198911FFF7CFFF011CFFF7B9FE7A
:105B9000F30730D4011CFFF7B4FE5346DB0702D5F0
:105BA000291CFFF7AEFE011CFFF7ABFE4B46DB07DF
:105BB00002D5291CFFF7A5FE011CFFF7A2FE4346F4
:105BC000DB0714D4011CFFF79CFEFB0702D5291C40
:105BD000FFF797FE011CFFF794FEE40702D5291C8E
:105BE000FFF78FFEE0BCBA46B146A846F0BD291CBF
:105BF000FFF787FEE6E7291CFFF783FECAE7C046EA
:105C0000F8B50400061C0D1C002816DA4B001B0E0C
:105C10007F3B172B0DD8012017220100D21A91408B
:105C20000139294205D1002B21D02B00D340184245
:105C30001DD180231B06E418261C281CFFF7DEFE5E
:105C4000FF232200DB0501001A401C4203D09A42C8
:105C500001D063022BD0041E13D003002033402B4D
:105C600012D8002835DB301CFFF75EFF08E08023E8
:105C70001B06E018291CFFF7C3FF80231B06C01872
:105C8000F8BDFE208005FBE7301CFFF7FFFEFFF7A5
:105C9000FBF806000F00281CFFF7F8FE32003B005F
:105CA000FEF7E3FFFFF7E4F8FFF7D6F8E8E7114B5C
:105CB000984216DA1800E40D7F3C604303007F33FE
:105CC000002B12DDFE2B12DCFE23C0059B05C01845
:105CD000D6E7FE20311C8005FFF7FFFD6142061C60
:105CE000C1E7FF28E7DDFF20E5E70020C8E7FF2048
:105CF000C005C5E700FFFFFFF0B50D1CFE2183B016
:105D00008905061CFFF72CFE341C002828D1FF272C
:105D1000FF053B002B4001932F4224D05949301CF2
:105D2000FFF71EFE002821D0019BBB421BD0EB0DCC
:105D3000FF2B52D0534CFF210A001A4019420AD0BF
:105D40007F3A52D4162A06DC17239A1A163B934040
:105D5000013B2B4249D1291C301CFFF751FF041C89
:105D6000201C03B0F0BDFE24A405F9E7374214D18E
:105D7000EB0D002D19DB7F3B172B0CD801201722D0
:105D80000100D21A91400139294204D1002BE7D0F9
:105D9000D5402842E4D10024E2E7F20DFF2A3AD1AF
:105DA000002DF8DBFF24E405DAE7FF2213407F3BF8
:105DB000172BF7D801200100E83AD21A9140013997
:105DC0002942EFD1002B02D0D5402842EAD0FF244F
:105DD000F60FF607E4053443C2E78022FF32FF23C3
:105DE00013407E2BDED80024BAE7002CDADB301C0F
:105DF000FFF74CFEFFF748F806000F00281CFFF7DE
:105E000045FE32003B00FEF730FFFFF731F8FFF7A9
:105E100023F8041CA4E71C49EB0D8A4209D0FF2B90
:105E2000DDD08B4200D086E7FF2313407E2BB9D90B
:105E3000B1E7002D11DB7F3B172BB3D80122E939E5
:105E4000FF39C91A8A40013A2A42ABD1002B02D04D
:105E5000CD40ED07A6D50D4C82E7FF2213407F3BD6
:105E6000172B98D81721FE3AC91A8A40013A2A42BC
:105E700091D1002B02D0CD40ED078CD58024240693
:105E80006EE7C046000080BFFF010000000080FFF9
:105E900007B5604601880A0A0230DF2AFAD1C9B282
:105EA000820804D3028840880004104300E00068A0
:105EB000014A5050039007BD401C0020002230B51D
:105EC000002906D5CD0705434808013A10E0002215
:105ED00030B505000D430FD0CD170C16AC4205D1DF
:105EE000C901440E2143C0010732F6E7050008004E
:105EF00052423D320149884730BD0000EF29000081
:105F00000021C2158032803201D0024A10470020A1
:105F100070470000CD2A0000C30FDB0741000A0EC6
:105F200007D0FF2A08D00909054A891819434007F4
:105F300070471900002070470249C918FAE70000AD
:105F4000000000380000F07F01480421014B184791
:105F50002010002059440010014B1B681847000016
:105F600020100020014B5B68184700002010002023
:105F70009A4200D2885470477047C046F8B5DE4652
:105F800057464E464546E0B599460D9B0700884664
:105F900093469B0728D00B9B002B3CD016000B9CF4
:105FA0000A9D3619321B013C4B464146285DB847D5
:105FB000002CF7D135000D9B9B070ED55B46EC1AE4
:105FC0000C9BA34209D91E002A004B4641462020C3
:105FD0000134B8470135B442F6D32800F0BCBB46C3
:105FE000B246A946A046F8BD0B9B0C9A934214D228
:105FF00013005D460C000B9A9E1A76192A004B4638
:10600000013521002020B847B542F7D10B9BA046AF
:10601000002BC4D1E1E71500CDE75E46002BBED1D1
:106020005D46DAE7F0B54F46D6464646C0B584B081
:106030009C460EAB1F78129B9146BA460D9C109E53
:10604000119D9B074CD4002D41D1B44248D201236D
:10605000129F1F40B8460C9B5F1E302303E00134A3
:106060003B55A64201D9202CF9D14346002B00D143
:1060700087E00C9B5F1E3023A54204D830E001343A
:106080003B55AC422CD0202CF9D1129BDB060DD510
:10609000129B5B0557D4A64267D0A54265D00F9BE3
:1060A000102B53D0022B5BD0202C36D12023129CF6
:1060B00001930C9B4A460093039463460295FFF7B5
:1060C0005DFF04B0E0BCBA46B146A846F0BD01236E
:1060D000129A13409846012313422DD1B442BAD3E9
:1060E000129BDB061ED5129B5B05D8D4002CD2D1A7
:1060F0000F9B102B60D00F9B022B71D030230124FB
:106100000C9A13705346002B11D1129B5B0740D59C
:106110002B260C9A631C1655C9E723000134302640
:106120000C9AD654202CC1D05346002BEDD02D26EE
:106130000C9A631C1655BAE7002F34D0013DB442C7
:1061400000D288E795E70F9B102BAFD1129B9B06DF
:106150003CD5202CAAD058230C9A13550134A3E720
:10616000202CA3D02300013407E0631E012CBFD0F4
:106170000F9A102A36D0022AD1D162260C9AD65410
:1061800092E7129BDB06CDD5129B5B0500D482E71C
:1061900085E7129A2300160700D488E720260C9A78
:1061A0000133165583E70C2313405F1EBB41ED1AE4
:1061B000B44200D24FE75CE7129B9B060ED47823D3
:1061C0000C9A02241370302353709BE7202C00D1CB
:1061D0006CE778230C9A1355013465E75823EFE7F1
:1061E0006033EDE70C9AA61EB618129A920602D5F5
:1061F0005822327093E77822327090E710B5002869
:1062000000D110BD01F062FCFBE7C04610B50028CC
:1062100003D04A680B681100984710BDF0B54E4690
:10622000DE4657464546E0B595B0834689469246D8
:1062300098461E9A1F9B10001900209EFEF77BFDBA
:10624000002800D0D2E11E981F990122C44B52426F
:10625000FEF756FD002800D001E11E981F9901228B
:10626000C04B5242FEF762FD002800D0D6E01E98D7
:106270001F990022BC4BFEF759FD002800D0B5E065
:106280001E981F990022B94BFEF73AFD002800D056
:10629000ACE01E981F9900220023FEF731FD002874
:1062A00000D0D1E000230B93229B5B0500D406268F
:1062B0000024302306E006AA013417321355013EAC
:1062C000202C01D0092EF6D81E981F99FEF75CFDF0
:1062D000A74BF2009B180CCB050008920993FEF720
:1062E0003BFD02000B001E981F99FEF78EFC089ADA
:1062F000099BFEF7BAFC06900791FEF769FD0700BF
:10630000FEF726FD02000B0006980799FEF77DFCBC
:106310000022984B06900791FEF708FD002800D157
:10632000E9E001373800FEF713FD02000B00089882
:106330000999FEF7EBFC002801D000270135002E5B
:1063400000D1B7E0069513E0172306AA9B180A218F
:10635000380001341D19FEF71DFA3031297038005C
:106360000A21013EFEF716FA092F00D8E1E00700E6
:10637000202CE9D1069D20240CAB0693172706ABF1
:10638000FF180DE028000A21FEF7DCF90134303156
:10639000280039550A21FEF7D5F9051E00D1B7E0CE
:1063A000202CEFD10323229A1340012B17D1219BDC
:1063B000002B14D00B9B002B00D1E3E0219B013B71
:1063C0002193202B0BD93023219A06E006A9013412
:1063D00017310B55944200D3A0E0202CF6D1229B1C
:1063E00001940393219B0293069B21E0229B52463A
:1063F0000493219B4946039358461E9B1F9C02967B
:1064000000930194434600F043F90400200015B0C6
:10641000F0BCBB46B246A946A046F0BD229B5B0736
:106420000FD40322544B2299019203912199029196
:1064300000935246434649465846FFF79FFD0400E5
:10644000E4E704224D4BEEE71E9A1F9B002000213B
:10645000FEF7DBFB01231E901F910B9324E7022321
:10646000229A54461A40229B06929B0700D1ACE028
:106470002600434D08942F1F3200E87843464946D2
:10648000013DD8470136BD42F6D1089C069B043435
:10649000002BBBD05746219AE31B9A42B6D9150070
:1064A00022004346494620200134D847E31BAB4233
:1064B000F6D3ABE72800FEF74FFC02000B001E9856
:1064C0001F99FEF7A2FB2B4B002206000F00FEF7E0
:1064D00017FC0CAB0693002800D04FE700223000D9
:1064E0003900244BFEF722FC002800D046E70123A8
:1064F00001359D4342E70022069807991D4BFEF7A0
:10650000FFFB002800D01AE7002F59D1013716E70A
:106510000323229A1340012B00D1A6E0202C00D1A6
:106520005DE70B9B002B3AD02D23069A13550134BF
:1065300055E7069D202C00D11DE73023361906E0D3
:1065400006AA013417321355202C00D113E7A642B6
:10655000F6D12E230CAA0134069293550EE7C046BD
:10656000FFFFEFFFFFFFEF7F65CDCD4165CDCDC1D3
:1065700008E400100000E03FBCDE0010B4DE0010B4
:10658000C4DE00100C23229A134257D0219B013BFA
:106590002193A34200D916E7202C00D11FE7229BAC
:1065A0005B0704D52B23069A1355013417E7229B6A
:1065B0001B0700D413E72023069A135501340EE776
:1065C000FB0700D4BBE60137B9E6219B042B00D8BA
:1065D0004EE755464F46043CE4182A004346013531
:1065E00039002020D847AC42F7D141E70227229B4F
:1065F00055461F409B0726D006975F46234EEC1C4E
:106600002A00B078434649460135B847013EAC42BE
:10661000F6D1069F002F00D1F8E65746219AE31BDA
:106620009A4200D8F2E6150022004346494620204F
:106630000134D847E31BAB42F6D3E7E6219BA342E4
:1066400000D9C0E6CBE6219B032BD5D9069754464B
:106650004F46033DED182200434601343900202007
:10666000D847A542F7D1069FC6E7219B002B00D152
:1066700054E70B9B002B85D0219B013B21939C422F
:1066800000D2A0E6202C00D04EE7A8E6C0DE001025
:10669000F0B54546DE4657464E46E0B59BB0249CD5
:1066A000259D824688469346994622002B0020006D
:1066B0002900FEF740FB002800D0C1E001222000A5
:1066C00029007C4B5242FEF731FB002800D0B7E096
:1066D000012220002900784B5242FEF711FB0028CE
:1066E00000D0ADE00022002320002900FEF708FBC7
:1066F000002800D0BBE108940995089809998023E7
:10670000289ADB001A400F928022289E1201164020
:1067100032000E96289E0F000A901E4200D0A4E080
:106720000B00034300D0CBE0002A00D012E232007D
:1067300006332693022313400C930223134200D006
:106740000AE2279B042B00D215E200270426043B13
:106750000E930022002320002900FEF7D1FA002822
:1067600000D0C8E1554B289A134004930E9B039325
:10677000269B0293089B099C0093019441464B463B
:106780005A465046FFF74AFD02002020289B00256C
:10679000034059424B415B421840531C0893414609
:1067A0004B464530D047FB17FC185C40FB0F1F27BA
:1067B0000A93731E0E930AABFF1806E020000A210D
:1067C000FDF7E8FF0400202D08D00A212000FDF786
:1067D000E1FF013530317955092CEFD805230693B7
:1067E0000E9B56460593002304930A3303930A9B9A
:1067F0004146029312AB009330004B46089A019534
:10680000FFF710FC0C9B002B28D05F46279BC41B76
:10681000A34223D982461D003A194B464146202007
:106820000134B047A542F7D850465946279C421A32
:1068300001320023944200D395E1013018180DE095
:10684000289B009401950493279B0393269B029316
:106850004B465A4641465046FFF7E0FC1BB0F0BCA1
:10686000BB46B246A946A046F0BD01432AD10E9BC5
:106870003200002B00D15DE70027269B0026BB429B
:1068800000DD82E10022002320002900FEF738FA13
:10689000002800D04BE1289B084A02961A4080232A
:1068A000DB0013430493279B0393089B099C0093ED
:1068B0000194CDE7FFFFEF7FFFFFEFFFFFF7FFFF43
:1068C00006232693B24B7800400DC018FEF744FA19
:1068D000B04AB14BFEF7C9F9B04AB14BFEF79EF989
:1068E0003F03B04B3F0B3B430C900D9100220A98A5
:1068F0001900AD4BFEF789F9AC4AAD4BFEF7B5F97F
:1069000002000B000C980D99FEF788F9FEF73CFA8F
:106910000700FEF721FAA74AA74B0A900B91FEF752
:10692000A4F90022A54BFEF779F9FEF72DFAA44A47
:1069300006000A980B99A34BFEF797F90A900B9162
:106940003000FEF709FAA04AA04BFEF78EF90200CC
:106950000B000A980B99FEF758F902000B000A90F9
:106960000B91FEF782F90C900D910A980B99020099
:106970000B00FEF753F90022109011910C980D991D
:10698000934BFEF754F90022924BFEF747F90200B1
:106990000B000C980D99FEF74AF900228E4BFEF77A
:1069A0003DF902000B000C980D99FEF740F90A9A88
:1069B0000B9B0C900D9180210020C905FEF725F955
:1069C00002000B000C980D99FEF728F902000B004D
:1069D00010981199FEF72BF90022724BFEF71EF961
:1069E0007E4B0022F6183305FEF73FF902000B003C
:1069F0000A900B9108980999FEF782F9002808D0AF
:106A00000A980B990022734BFEF711F90A900B912B
:106A1000013F0A990B9A0B0011003A006332C62A13
:106A200012D802222898042610400E9A0C90002AB0
:106A300026D1279B042B05D9002800D0A1E0279B55
:106A4000043B0E93042642E00222289810400E9A3E
:106A50000C90002A13D1279B052B00D889E0002831
:106A600000D084E0279B0526053B0E9332E080236F
:106A70001B069C46AC446346089409933DE60526F4
:106A80000B4300D1F9E608980999554A554BFEF792
:106A900045F9002808D0089809990022524BFEF7C2
:106AA0002FF9002800D0E8E6269B002B34D00F9B5E
:106AB000002B31D0269B013B2693279BB34204D960
:106AC0000C9B002B59D002230C9300230E93002F14
:106AD00000D13EE60A9A0B9B08980999FEF7A7F8A1
:106AE000002208900991002320002900FEF708F9F0
:106AF000002800D136E6089C099D289A80203B4B4F
:106B000000061340220004930E9B0393269B0293DE
:106B10002B180092019331E6279BB342D5D90C9BE9
:106B2000002B2AD000230E9302330C93CFE7289B2F
:106B30002E4A8020089C099D1A408023DB001343C5
:106B400022000493279B000603932B1800920193C5
:106B500002967DE6052695E600230E930233002774
:106B600004260C93F5E54B1E1B191B1A65E6022340
:106B70000C930526AEE70423E7E5279B9B1B0E93AA
:106B8000A5E7022304260C93A1E7DB1B5E1E79E632
:106B900001FCFFFFFB799F501344D33FB3C8608BC8
:106BA000288AC63F0000F03F0000F83F61436F6352
:106BB000A787D23F71A379094F930A400000E03FB5
:106BC0001655B5BBB16B0240EF39FAFE422EE63FD7
:106BD00000002C400000244000001840FF0300008B
:106BE0002D431CEBE2361A3F80842E41FFF7FFFF56
:106BF000F0B55746DE464E464546E0B5A3B01F0009
:106C00002C9B92460C93C94AC94B8B460B901A6039
:106C1000002900D1BFE1002338789946002800D12F
:106C2000C1E1C44B4C460993C34B0E935B460A9398
:106C300008E0220053460A990B9DA8470134387892
:106C4000002876D001372528F3D110239B46083B36
:106C50009946043B9846033B002602259C4638781B
:106C6000791C0300203BDBB2102B03D8099A9B0050
:106C7000D3589F460300303B092B36D900252A28DC
:106C800000D1A7E000230D932E283FD00300683BDE
:106C9000DBB2122B1BD80E9A9B00D3589F4663463B
:106CA0000F001E43DBE70F002E43D8E743460F00DB
:106CB0001E43D4E75B460F001E43D0E74B460F0050
:106CC0001E43CCE7802378785B001E4301310F0020
:106CD000672845D82428ACD90300253BDBB2422BDA
:106CE000A7D896499B00CB589F460025AB005D195D
:106CF0006D002D1808780F000300303B303D013146
:106D0000092BF3D900230D932E28BFD130228020E8
:106D100052429046C000064378780B0080444246B9
:106D2000092A00D851E12A2800D15EE10F00013183
:106D3000ACE70A9BA1469B46CA4503D801235B42A8
:106D40005344994653464A46594600200B9DA8474E
:106D5000200023B0F0BCBB46B246A946A046F0BD19
:106D60000300693BDBB20F2B00D962E70121994098
:106D70008846734A11408B46110042460A4200D0B1
:106D800013E10A2B2FD0072B00D052E70C9D01CD29
:106D9000002800D134E121231E43B0461F260D9A5E
:106DA00012ABF618A14694465946340002E0000999
:106DB00020290AD00F26064032003732092E00D88B
:106DC000073A013162540F28F1D863464C468B468E
:106DD0000D9322E10C9B20CB002D52DB78780C9395
:106DE0000F0001314EE70C9B0D9904CB90469B465A
:106DF000002900D128E1434618784144002801D1F8
:106E000000F029FC0D9A94460A0004E059780133F9
:106E1000002900D195E19A42F8D163460D9343468B
:106E2000D31A0F93730500D46CE10F9B0D9A934214
:106E300000D90F9202231A0032400C92334200D143
:106E400091E20C930D9BB9461E1943461B1BA846A5
:106E500022001F000B9D08E0541C53460A99A847C6
:106E6000385D002800D163E122009642F4D1454606
:106E70004F4634000C9B002B00D097E15B460C93EF
:106E8000DDE60222787816430F006D420C93013143
:106E9000F8E678786C2800D159E180235B001E4326
:106EA000013114E780239B0078781E4301310EE7FF
:106EB0007878682800D150E1802301311E4306E72D
:106EC000672800D1C2E0472800D134E1452800D12D
:106ED00034E107210C9B0D9A07338B43190004966C
:106EE000039502920CC90B98009201930C91220019
:106EF00053460A99FFF7CCFB0400A0E6462800D1D0
:106F0000A8E007210C9B0D9A07338B4319000496C8
:106F1000039502920CC90B98009201930C912200E8
:106F200053460A99FFF77AF9040088E6F16B0010DE
:106F3000043400206CE20010B0E20010FCE200100B
:106F4000419000002200534625200A990B9DA84736
:106F5000013474E60C9B04339B46631C9846B607C9
:106F600000D4FFE00C9B220018780A9953460B9E30
:106F7000B0476419012D00D849E245460B9EB8463A
:106F80000A9F2A005346013539002020B047A54208
:106F9000F7D1474672E7DB4B38780B9300239946CD
:106FA000002800D03DE60024C6E66F2855D000D862
:106FB000BCE21023782800D19EE09E430A239C4621
:106FC00000230F930A339B464DE000218A0052189C
:106FD000520001331118187830390200303A092A6A
:106FE000F4D90D911F00591C50E60C9BB87804CBC6
:106FF0000237D143C9170A400D920C93791C45E61C
:10700000102330009843113318438023804630000A
:10701000DB0018401E4200D1C0E643460693082319
:1070200005930D9B220004931023039300230293E6
:107030005B4601931AAB00930A9953460B98FEF7EF
:10704000F1FF0C950400FAE50139D4E680231B0119
:107050001E433EE720231E4353E708239C4600239C
:107060000F9308339B4680233000DB0018401E42FC
:1070700000D11AE10D233100994380230A009B00BF
:107080001A409146194200D0C3E180230A005B00F8
:107090001A4090460C9A04320F92194200D08FE2A7
:1070A0004B0600D597E10B0600D4E5E20C9B1B884C
:1070B00099464B46002B00D005E210339943002837
:1070C00000D100E2002398460D9B069104935B4695
:1070D00003930023059502934346D9E0582808D02E
:1070E000622878D102239C4600230F9302339B46EB
:1070F000B9E720231E43103B9C4600230F93103317
:107100009B46B0E702231A0032400C92334200D172
:1071100005E20C934346B9460B9E0A9FA8461D1BE9
:107120002200534639000134B047285D0028F7D1CA
:1071300045464F469EE680231B011E4320231E43E7
:10714000C7E662460D9242469B1A0F936AE6C02339
:107150009B00B8781E43F91CB9E5C023B8781E43DC
:10716000F91CB4E5012D00D84AE1631E9946A944F3
:107170004B4652462600A146BA461C001700A846B8
:107180000B9D32003B00013620200A99A847A642F9
:10719000F7D13B0057469A464C460C9B3200187874
:1071A0000A9953460B9D4444A84767E6A0460F9BA7
:1071B0009D4200D862E62C190B9E4546B8460A9FB0
:1071C000E41A2A005346013539002020B047A54271
:1071D000F7D1474652E680233200DB001A40904642
:1071E0001E4200D1F3E011218E43B446984680231D
:1071F00062469B001A40934662461A4259D1802348
:107200005B001A4091460C9A04320F9262461A4271
:1072100000D0A0E163465B0600D5D4E063461B06C0
:1072200000D412E20C9B00229B5ED8171918414033
:1072300089B2DA0F0C92002B00D187E188461F2615
:1072400012ABBB461495F71845464E46E046A1469C
:1072500006E028000A21FDF79DFA0500202E08D03F
:107260000A212800FDF796FA01363031B955092D6B
:10727000EFD84C46C446B1465F46149D634606931C
:107280000D9B059504930A2303930C9B02934B4695
:1072900001931AAB220000930A9953460B98FEF70C
:1072A000C1FE0F9B04000C93C9E40C2331009943E9
:1072B000E3E60822072191460C9B07338B43994450
:1072C0004A460ACB08000C92DA0F9346184300D0C6
:1072D00085E0002399464346002B2FD1002200234E
:1072E0001092119300231F26994612ABF6185B46A5
:1072F0001495BB46E04637000F934E46A146109CBE
:10730000119D05E0795F001004000D00202E0CD0C7
:107310000A22002320002900FDF77AFA01363032D4
:10732000BA55002DF0D1092CEED80F9B1094119571
:107330005F464C46C446B1469B46149D6346069341
:107340000D9B059504930A2303935B4602934B46DA
:1073500001931AAB220000930A9953460B98FEF74B
:1073600061FE04006BE40F9B9D4200D896E18023F0
:10737000DB000C930F9B2E19F61A43460F930D9BBF
:10738000A84699465346BA461F000B9D22003B0073
:10739000013420200A99A847B442F7D10F9B4546F3
:1073A00098464B460D933B0057469A4643461878FD
:1073B000002800D162E56B1C0F930C9B002B00D1C1
:1073C000A8E600233DE50C9B1B78190031E710234C
:1073D0009E43B4460BE70C9B1B78994669E6DA1787
:1073E000129213924A401092129813990A005A402E
:1073F0001192109A119B121A8B411092119371E7FE
:107400000C9B220018780A9953460B9CA0474446CF
:1074100034E50822072690460C9B0733B343984473
:1074200042460C921A685B68149208931300089AFB
:10743000134305D11033994300239846002838D1CF
:1074400061208B0600D5412000231F2698465A460E
:1074500012ABF618030018920F9A0A3BB146169524
:10746000179419974446664690469B46149F089D7C
:10747000159103E007000D00202C13D032000023EB
:1074800038002900FDF7C4F95B46D2B2D318092AA7
:1074900001D8130030334A4601341355A845E9D1C9
:1074A000BE42E7D9189BA0469B461599169D179C8E
:1074B000199F0D9B069104935B460393002305954A
:1074C0000293434644E761208B0600D541201F26E6
:1074D00012ABF21803000A3B0C934B464646A146FA
:1074E000A8461C005D461491BB46170002E004004C
:1074F000202E0DD029002000FDF74CF90C9BCB1855
:10750000092901D80B0030330136BB55AC42EED20D
:107510005F464C46AB4614994546B046D4E50F9BB2
:107520009D4200D926E701330F93F3E51023320083
:107530009A439446692800D0A2E080233200DB0001
:107540001A4090461E4200D151E64CE64346002BBD
:1075500000D093E673E60C9B1B68DA0F002B70D00B
:10756000D9175B184B4098461F2612ABF618A14658
:1075700014955C464546BB46E04637000C9206E053
:1075800028000A21FDF706F90500202C08D00A2161
:107590002800FDF7FFF8013430313955092DEFD8B7
:1075A0005F46C446A3464C46149D0C9A6346069318
:1075B0000D9B059504930A23029203935B4667E6AD
:1075C0000C9B1B689846002B03D11033994300286D
:1075D0002DD161208B0600D541201F2612ABF61855
:1075E00003000A3B4A460C93149143463100A846D7
:1075F000A1465E461400BB461D000F0002E00500D8
:10760000202C0DD031002800FDF7C4F80C9BCB18BE
:10761000092901D80B00303301343B55B542EED275
:1076200023005F464C464546B346994614990D9B48
:10763000069104935B4603930023059502934B4602
:1076400026E64346002BB1D18EE70C9B1B68D8176A
:1076500019184140EDE580233200DB001A400F92FB
:107660001E420FD00230020032400F92304219D039
:107670000023A0460F939AE50C9B1B68994618E5DA
:1076800016009BE402231A0032400C92334200D0D1
:107690008CE5002D00D06DE6FFF7F0FB01330F9372
:1076A000FFF7D0FB0C93F4E784460CB400B585B02B
:1076B00006AB0A0002CB0548039300930B0061461A
:1076C000FFF796FA05B008BC02B01847715F0010CA
:1076D00000B585B003910121029000930348130087
:1076E0004A4202A9FFF784FA05B000BD0D620010FE
:1076F0000FB410B50C4984B006AA08CA0C680392EE
:10770000002C0BD0009201220848524202A9A04747
:10771000012004B010BC08BC04B01847180000F0E9
:107720001FFA0020F5E7C04604340020FD61001078
:1077300010B5094A0300146884B0002C08D0012257
:1077400000910648524203A9A047012004B010BD91
:1077500000F006FA0020F9E704340020FD61001073
:1077600000BEFDE7094A1368002B06D00849181827
:10777000884208D8106018007047064B0449181852
:1077800013608842F6D901235B42F4E7B82F00204A
:10779000000004204436002010B5FFF7E1FFC0468A
:1077A00010B584460C0082B01900002A0AD0074B9D
:1077B00001920093624623000548FFF799FF0120DC
:1077C000FFF7CEFF034B1A00F2E7C046CCDE0010F5
:1077D000DCDE00108CDA001070B5FCF78DFE074D72
:1077E000074EB54209D20024013E761BB608013689
:1077F00008CD01349847B442FAD170BDD4D80010F6
:10780000DCD80010030010B5080011001B68984771
:1078100010BDC046F8B5437D07000D001600002BD3
:1078200038D0002A1ADD0B780A2B18D00020012E40
:1078300009D0012421006B5C01340A2B1AD0B44218
:10784000F8D1864203DD311A3B6828189847AD19F4
:10785000013D2B780D3B5A4253413B75F8BD037DEA
:10786000002BE3D102210E483B689847012EEED051
:107870000120DEE76B1E5B5C0D2BE0D0884203DA53
:10788000091A3B6828189847054802213B68984721
:107890002000D4E70368110028009847DEE7C046BF
:1078A00058E40010F0B5C6460B6807000D0000B59F
:1078B000802B06D05A1C2A60ED182F7180BCB84668
:1078C000F0BD0F4B1C68002C16D00B1D98460D4EBA
:1078D00002E02469002C0FD02368002BF9D0336814
:1078E000002B01D0A342F4D1200041462A68FFF7C3
:1078F00091FF2469002CEFD101220023DBE7C04671
:10790000582F00207C2F0020F0B54646D6464F4623
:10791000C0B582B090461C0006000D00FCF75CFA72
:1079200000232F4A12184B41002B02DA01222D4B63
:1079300052422D4908008A4605F08EFF81466B1C95
:1079400003D1300004F0B2FB0500002C27D0274FF4
:10795000274B1C68002C18D04346002B21D1254B07
:10796000984602E02469002C0FD02368002BF9D040
:1079700043461B68002B01D09C42F3D120002A0013
:107980003100B8472469002CEFD14B46002B23D19E
:10799000280002B0E0BCBA46B146A846F0BD164F7A
:1079A000D6E7144B984602E02469002CEDD02368FA
:1079B000002BF9D043461B68002B01D0A342F3D122
:1079C0002A0031002000B8476B460A222000DA71F5
:1079D000D91D093AB847E7E7504605F005FFD7E754
:1079E00040420F00FFFFFF7FD818002015780010DD
:1079F000582F00207C2F0020057800100A4A1368B9
:107A0000002B05D10CE01A001B691032002B07D0A7
:107A10008342F8D1002902D11869106019617047BA
:107A20000029FCD01060FAE7582F002010B500F0B4
:107A300037FB10BDF0B5CE464746040080B583B095
:107A4000FCF7CAF92600002736184F41002F02DA4A
:107A500001261A4F76421A4B1A4D994601AB9846A9
:107A60004B461C68002C03D116E02469002C13D06F
:107A70002B68002B01D09C42F7D1A368002BF4D0D7
:107A80000121404698470028EFDD4346187803B0AF
:107A9000C0BCB946B046F0BD0B4B5A6A974207D8F6
:107AA0009B6AB34202D302204042F0E79742FAD1E8
:107AB00001200021FCF79AF9D2E7C046FFFFFF7FC3
:107AC000582F00207C2F002000400540F0B5CE4606
:107AD000474680B583B06B460600DD1D2870FCF775
:107AE0007BF90023194A12184B41002B02DA0122BC
:107AF000174B524217490800894605F0ADFE164B58
:107B000080461C68002C14D0144F02E02469002C1D
:107B10000FD02368002BF9D03B68002B01D09C428A
:107B2000F4D1200001222900FFF774FE2469002C03
:107B3000EFD14346002B05D1300003B0C0BCB9469D
:107B4000B046F0BD484605F04FFEF5E740420F0055
:107B5000FFFFFF7FD8180020582F00207C2F002027
:107B600070B5040004F0A2FA01230100050001220F
:107B70002000FFF7C9FE084B1C68002C06D0636884
:107B8000002B05D098472469002CF8D1280070BD3F
:107B90002469002CF3D1F9E7582F0020F0B5CE4628
:107BA000474680B5A3B004000E00FCF715F900238A
:107BB000264A12184B41002B02DA0122244B524272
:107BC000244805F049FE002322000193804633003B
:107BD000214801A9FFF77CFD204F019B81463C68AD
:107BE000002B19D0002C2FD01D4E02E02469002C50
:107BF0000FD02368002BF9D03368002B01D0A342AB
:107C0000F4D12000019A02A9FFF704FE2469002C98
:107C1000EFD100233C680193002C06D06368002B51
:107C20000CD098472469002CF8D14346002B07D18B
:107C3000484623B0C0BCB946B046F0BD2469EBE766
:107C4000044805F0D1FDF3E70194EEE740420F0050
:107C5000FFFFFF7FD8180020A5780010582F0020C4
:107C60007C2F00200FB400B583B004A901C9019195
:107C7000FFF794FF03B008BC04B018477047C04634
:107C80000022014B1A707047383600204B790020D3
:107C9000FF2B0BD18B79002B08D1CB79012B05D190
:107CA000082A03D9024B8A7809301A707047C046F7
:107CB000383600200120704710B5012913D1124930
:107CC0005379107909781B0203430020994200D0B0
:107CD00010BD5378012B08D0022BF9D1642200216A
:107CE0000020FCF753FB0120F2E7D37891781B02C8
:107CF0001943480ADB0501D4012040427F238A054D
:107D0000D20F1940FCF7CAFB3836002000487047F4
:107D100024E500109446012310B501290AD15278B8
:107D20000023012A06D162461179527912020A43D0
:107D3000072A01D0180010BDA6336146024A01F09F
:107D400063FA0300F6E7C0467CE4001001230370E9
:107D5000004870475CE400104B780A781B0213431C
:107D60008A7810B512041A43CB781B061343962267
:107D7000D200934200D010BD0022012011004042E9
:107D8000FCF78CFB024B1860024B19607047C04631
:107D9000D02E0020D42E002010B5024B1878FBF70F
:107DA0001DFA10BD3A360020154B70B51A68002A2E
:107DB00022D0EFF3108172B610680028FCD0BFF318
:107DC0005F8F00200F4A596010701B68BFF35F8FF0
:107DD000186081F31088002400250B4E3078FBF7E3
:107DE000F1F9002804D1002400252900200070BDED
:107DF0003078FBF7F3F9F8E7FA240025A400ECE764
:107E0000283400203B3600203A36002070B50500AB
:107E100000200E0001F010FB002834D0002001F0FB
:107E200021FB00282FD0FBF7D7FF0023174A121899
:107E30004B41002B16DB164C200005F00DFD0028F1
:107E400021D0002001F0F8FA00280FD101200021F4
:107E5000404200F00FFD03256D42200005F0C4FCF8
:107E6000280070BD01220B4B5242E4E7002001F0D4
:107E7000F9FA0028EAD029003200002001F0FCFACB
:107E8000051EEAD1E7E703256D42E9E740420F000E
:107E9000EC350020FFFFFF7F10B5FBF79DFF0023AF
:107EA0000D4A12184B41002B02DA01220B4B5242B1
:107EB0000B4805F0D1FC00280CD0012000214042E5
:107EC00000F0D8FC002001F01BFB0028F5D104488D
:107ED00005F08AFC10BDC04640420F00FFFFFF7F47
:107EE000EC350020F8B5CE46474680B505000C00BD
:107EF000FBF772FF0023344A12184B41002B02DAC1
:107F00000122324B524232490800884605F0A4FC57
:107F1000002803D1C0BCB946B046F8BD002001F02E
:107F20008BFA002848D00026002C41DD294B9946C9
:107F300013E0A919002001F01FFB07000120002118
:107F4000404200F097FC002001F0DAFAFBF744FF12
:107F5000204BF61903C3B4422ADD002001F02CFBAC
:107F6000A71B0200B84200DD3A00002AE1D101203F
:107F70000021404200F07EFC002001F0C1FA002008
:107F800001F05AFA002813D0002001F015FB002858
:107F9000E1D1FBF721FF4B460F000CCB00218446BB
:107FA0000D4812184B419F4202D8D4D19445D2D9E2
:107FB000404605F019FCADE700200021054B03C346
:107FC000404605F011FCA5E740420F00FFFFFF7F90
:107FD000EC350020381B002020A1070030B500211F
:107FE00085B0284805F020FC00281CD1264B1A68D3
:107FF000002A16D0EFF3108172B610680028FCD06A
:10800000BFF35F8F01242148596002781B68D2B208
:108010000470BFF35F8F0020186081F31088002A7E
:1080200017D005B030BD01200021404200F022FCF5
:10803000002001F017FA0500124805F0D5FB002DCD
:10804000EFD0134B1B68002BEBD0124A10689847F7
:10805000E7E7FBF7ADFC0400FBF7BEFEFA220023C6
:10806000920012184B41002B02DA01220A4B5242B5
:108070000121029100210191084920000091FBF7A4
:108080009BFCCEE7EC350020283400203B36002056
:10809000D02E0020D42E0020FFFFFF7FA97D0010EE
:1080A000D02310B51B0684B01C68FBF781FCFBF7DE
:1080B00081FDA04202D0002004B010BD284B002159
:1080C00000201B7801F060FD26480368002B44D097
:1080D0000120FBF705FAFF23234C244920701840A8
:1080E000FBF794F820780121FBF75AF80520FBF7FD
:1080F0007DF8002824D1082200211D48FDF72CFF1F
:10810000FBF756FC0400FBF767FEFA2200239200FF
:1081100012184B41002B02DA0122164B5242012168
:10812000029100210191144920000091FBF744FCC9
:108130000028C0DB11480121FFF760FC0120BBE7EC
:108140000120FAF7EBFF01000948FBF729FA0022AA
:1081500005200B49FBF784F8ECE7FBF705FAB7E7D6
:10816000FCEA0010EC3500203A360020DD7F0010DC
:1081700028340020FFFFFF7FA97D00103010002071
:10818000997D001000487047C0E500100048704716
:108190006CE5001010B5040016480378002B20D0C1
:1081A000002C06D1144B15484380063BFF3B03804F
:1081B00010BD052C1CD8124BA400E4580F48012315
:1081C000811C013C04E001330A800231142B0CD0E5
:1081D000E25C002AF7D1C022DBB25B0092001343BD
:1081E000E5E7112100F016F8DAE7CA239B00DEE785
:1081F0000020DDE7FC35002009040000302F0020BE
:1082000054E5001010B5024800F0F4F810BDC04667
:108210004834002030B5012900D1BBE0744B01394E
:108220001A78121114003034092A00DDB5E0047008
:10823000012900D1DAE00F221C78224014003034EA
:10824000092A00D9ACE04470022900D1CEE05A7866
:108250009446121114003034092A00DDA3E0847022
:10826000032900D1C2E064460F22224014003034BA
:10827000092A00D99AE0C470042900D1B6E09A789E
:108280009446121114003034092A00DD91E0047183
:10829000052900D1AAE064460F22224014003034A0
:1082A000092A00D988E04471062900D19EE03025D2
:1082B000AC46DC7822119444092A00DD7FE0624656
:1082C0008271072900D191E00F222240140030343E
:1082D000092A00D977E0C471082900D186E0302549
:1082E000AC461C7922119444092A00DD6EE06246F6
:1082F0000272092900D179E00F22224014003034A3
:10830000092A67D844720A2900D16FE03025AC46AB
:108310005C7922119444092A5FDC624682720B293F
:1083200064D00F22224014003034092A59D8C47274
:108330000C295BD03025AC469C7922119444092A43
:1083400002DD0735AC469444624602730D294DD0D8
:108350000F22224014003034092A01D93732140088
:1083600044730E2942D0DA7913111C003034092BE2
:1083700001DD37331C0084730F2937D00F231340DE
:108380001A003732092B01D830331A00C273102972
:108390002CD010300023037030BD3732140046E774
:1083A000373214004FE73732140058E737321400E1
:1083B00061E7373214006AE73732140073E7073594
:1083C000AC4694447BE73732140084E70735AC466B
:1083D00094448CE73732140094E70735AC46944454
:1083E0009BE737321400C4720C29A3D14018D1E79F
:1083F0004834002010B588B004000D2200216846E2
:10840000FDF7AAFD0D22002104A8FDF7A5FD4B23D1
:108410006A466846137004A90D2205F0DDF915219E
:10842000082220006944FDF79DFD08B010BDC0463C
:10843000F8B500F047F90C23194DFF22AB67052072
:108440001849FAF70DFF184C402200212000FDF7D3
:1084500083FD4027002301262121144A66702783CB
:10846000A260136063545F31618445396354104ADC
:1084700010496360E2602787A1620B606362E26279
:1084800005F0C2F980239B052E64EB6490230A4A11
:108490000120EA508022094B5202DA64F8BDC0463E
:1084A0000000115015050020BC2F00208400105042
:1084B000000110508000105010D001000020115019
:1084C00010B501210520FAF76BFE10BD10B5002292
:1084D0000021024800F016F910BDC046DC2F002034
:1084E000044B1970002904D080219023024A89028C
:1084F000D150704725360020002011500B785B06C4
:1085000000D070474B78052BFBD18A78014B1A605D
:10851000F7E7C04600001150F8B5CE464746C87888
:1085200080B58007830F1800012B61D08B780A7902
:108530009C464B797F211B0213435B055E0D63460E
:108540001940DC094B001A191F0063462F4D5201D8
:10855000AA18937001236340537000231683D370CD
:10856000D076B146CA00012C31D0294E92198E0125
:10857000B446AC446646B2601360002931D0254B46
:10858000C900C91871604B463F339B09022836D099
:108590009B01214839190268490169180E00CA6017
:1085A0001E49D31803608B422BD83B195B01ED1891
:1085B000EB7E1B499B064A4013438022120613435D
:1085C0006A6813600120C0BCB946B046F8BD154EBC
:1085D00092198E01B446AC446646B262136000291B
:1085E00008D1002364012C1963600F4BE360E9E7B5
:1085F0000020E8E70A4BC900C9187162C3E7DB0134
:10860000C7E7FBF773FFF268CFE7C046BC2F002037
:1086100084001050040010500C340020FF0F105044
:1086200000001050800010500001105010B505F0EF
:10863000EBF810BD7F2010B508404000C909401874
:108640001100044A400180181A0000F05BF8012074
:1086500010BDC046BC2F00207F23180000B5084085
:1086600083B00B4204D14B424B41084A013393661D
:108670008022C9094000064B401840010021C01863
:10868000120105F0F9F803B000BDC04600201150FA
:10869000BC2F00207F22130010B50B400A4200D1EE
:1086A00010BDC9095B005B1804485B01C0180023BA
:1086B00000220349C37005F0DFF8F1E7BC2F00206A
:1086C000FFF7FFFF80220A4B520410B51A60094BD6
:1086D00009491A6010000B689843FBD180220021E1
:1086E00052010648FDF738FC0922054B5A6710BDB8
:1086F00000E0004000F0004008C0004000001050C2
:1087000000001150002310B5C382013382828376AA
:108710000161040005F098F8002804D0802190231E
:10872000074A8902D150200005F0AEF8002802D097
:108730000123237710BD200005F096F8FAE7C04624
:10874000002011507047C0467047C0460020704757
:10875000002070477047C0467047C0467047C0460B
:108760007047C046024B5878431E9841C0B27047CC
:10877000981F0020024B18784007C00F7047C04672
:10878000981F0020F0B5D6464F464646C0B52E4B42
:10879000814698461B788A46FF2B4ED100293ED051
:1087A000002154222948FDF7D7FB0022284C294BF1
:1087B00020001A70FAF7D8FE274B1C60274C2000C7
:1087C000143CFAF7DFFE200001F0DAFD244B254DC2
:1087D0001C60254B002B04D02800FFF7B7FA234B71
:1087E0001860002400232A78214F204E0FE03368C0
:1087F00062019B18002B12D05B68002B0FD09847AA
:108800002A780134E4B2511C2300A14209DBA242C0
:10881000EDD89B1A5B01DB195B68002BEFD10020C0
:108820000CE042464B46514648461370FFF700FEA7
:108830000028F4D04846FFF743FE0120E0BCBA46CA
:10884000B146A846F0BDC04664100020981F002025
:10885000901F002026360020EC1F00205C10002016
:10886000F01F0020243600204D7D0010B01E002097
:108870007CE60010F0B5DE4657464E464546E0B56C
:10888000C64B91B002931B78FF2B00D13BE1C44B48
:10889000C44E1F00C44B0DAC0193C44B009335680C
:1088A0006A69EFF3108172B61368002BFCD0BFF336
:1088B0005F8FA9612800210001F098FB6A69AB690C
:1088C000BFF35F8F0021116083F31088002800D16F
:1088D00019E16378082BE2D89B00FB589F46636838
:1088E000002BDCD0A0689847D9E77F222179AE4DD4
:1088F0000A405300EB189846C809804440460123BB
:10890000303005799D430571057903339D43057129
:10891000002A00D1FEE04346A54A1B7D127893420F
:1089200000D3EDE0A34A5B011568ED18002D00D1DE
:10893000E9E0A36862792078AD69A847AFE79E4B6C
:108940001A78002A00D1DEE01A78013A1A701B78F2
:10895000002BA4D10122944D01212B780420134334
:108960002B703423EA5C8A43EA54EA5C8243EA547B
:108970000133EA5C8A43EA54EA5C8243EA5423788E
:1089800000209B4600F09AFC602223791A40602A5E
:1089900000D1EEE0402A00D1F4E0DB06DB0E012B33
:1089A00000D111E1022B00D1C6E0002B00D0E0E0A5
:1089B000202A00D11CE2002A00D0DAE06379092BDA
:1089C00000D9D6E07D4A9B00D3589F46764D2B7840
:1089D000DB0700D463E7FFF7C3FE60E7019BDB78AA
:1089E000DB0700D45BE76068FFF7AEFE57E76E4D2C
:1089F0002B78DB0700D452E728780007C00FFFF779
:108A0000ADFE4CE72378694999468B46684B694926
:108A100098468A4639001A7847460023B046002512
:108A20004E46894610E053461B686A019B18002B8E
:108A300000D175E0DB68300098473A780135EDB237
:108A4000511C2B008D4243DC9542ECD39B1A5B01F9
:108A50005B44EFE7237857499946554B8A46984639
:108A60003100BB464E461A7800250023474689460A
:108A70000FE053461B686A019B18002B54D0DB683B
:108A8000300098473A780135EDB2511C2B008D42E9
:108A900006DC9542EDD39B1A009A5B01D318EEE7F2
:108AA000019D542200212800FDF756FA1022FF21D3
:108AB0004348FDF751FA28002022FF2114304E468A
:108AC0005F46FDF749FA00F0EFFBFFF745FEE6E6EB
:108AD000354D542200212800FDF73EFA1022FF21D7
:108AE000281DFDF739FA28002022FF2114304646C0
:108AF0004F46FDF731FA00F0D7FB2379AB70CEE695
:108B0000501C984213DA11B0F0BCBB46B246A946DD
:108B1000A046F0BDA3686279207800F0E3FBBEE6D2
:108B200046464F46204DE6E74E465F46CBE71F4D93
:108B30009B1A5B015D19FCE67023217A0B4218D168
:108B4000C80982460F330B405B0098461848EB1863
:108B500053441B7D00789946834268D215485B01D7
:108B6000006881469944002A00D163E14B46002BFE
:108B70006AD120780021FFF76FFD80212078FFF770
:108B80006BFD8CE60F4800F099FB012158460EAAB8
:108B9000FFF7C0F8002800D081E6EAE76410002063
:108BA000D4E50010F01F0020981F00207CE6001084
:108BB00024360020B01E002026360020F8E50010E4
:108BC0009C1F0020157D0010237A22890F2BD0D8FE
:108BD000FF231340CF4AEB181B791578AB423ED3E5
:108BE000691C9942C5DB5D1BCB4B6D01ED186869B3
:108BF00000F064FB012158466B690EAA98470028D3
:108C000000D04CE66022150023791D401A42B0D1F5
:108C100063790A3B012BACD800F050FB63790A2B37
:108C200000D199E158460EA900F0D8FA37E6431C66
:108C30004B4500DAF9E04B461B1A5B019946B648F2
:108C40008144002A00D1F5E04B46586900F036FB1C
:108C50004B46012158465B690EAA98479AE7AF4AEE
:108C60005B011568ED18002DC1D182E7A379994603
:108C70006B789945D6D06B78002B00D035E14B4608
:108C80006B70002B00D12DE148460138C0B2FFF7D0
:108C90007DFA002800D17EE143780793022B00D0B3
:108CA00079E10122C179B1468B11491113400A4083
:108CB000302112015B0113432A78A8468A431343EB
:108CC0002B7009239A4682445646BA46C378827866
:108CD0001B021343C31805938E4B04938E4B0893CA
:108CE0008E4B09938E4B0A93059BB34200D855E1F6
:108CF000737801220B2B03D13378F278F61873784E
:108D0000042B00D044E1059B00279B1B9BB20693DC
:108D1000049B0B921D78002303931BE0099A7B01AF
:108D20001568ED18002D00D132E1310058462B694D
:108D3000069A98478446082803D9069A824200D3A7
:108D400013E1049B01371D78FFB26B1C03979F4210
:108D500000DD1DE1BD42E1D8039B5D1B089B6D0159
:108D60005D19E2E76B780CAA0232137058460123B2
:108D70000EA900F049FA92E5E088030AC0B20F2B71
:108D800000D9F6E667499A008A5897460EA800F07F
:108D90009BFA5846A179FFF799FB02222B781343DF
:108DA0002B707CE5E388012B00D0E2E608222B78CB
:108DB000584693430EA92B7000F010FA6FE502207D
:108DC00029780CAB9A1C8B068908DB0F01400B43FA
:108DD0001380584602230EA900F016FA5FE5E388D7
:108DE000012B00D0C5E608222B7813432B7019E71E
:108DF000237A22890F2B00D9BBE6FF231340EB18FF
:108E00001D79444B1B789D4228D2444B6D011B6851
:108E10005D19002D00D1ACE6686900F04FFA012120
:108E200058466B690EAA9847B4E6002A00D0A0E61F
:108E30000023994662790220130003928343012B99
:108E400015D0002A00D094E62B004344534430331D
:108E50001B790CAA9B07DB0F0232B9E75A1CAA4206
:108E600000DA86E6ED1A2C4B6D01ED18D4E7E388A5
:108E7000002B12D1029B1878039B012B23D0FFF704
:108E8000EBFB43460221EB18534430331A790A4373
:108E900001211A711A790A431A714B46002B00D12D
:108EA000FDE4586900F00AFA4B4601215B690EAAFD
:108EB00058469847002000F001FA3523EB5CDB07A9
:108EC00000D5ECE4AEE6FFF7E5FB43460221EB18E4
:108ED000534430331A798A431A711A7903998A43B1
:108EE0001A71DAE7FFF738FC9CE600215846FFF7D5
:108EF000F7FA5846FFF79AFBAB7807490393054BFF
:108F0000049198461A7800230449AA4605911D0049
:108F10001BE0C046243600207CE60010B01E002076
:108F2000AC1F002020E60010059B6A011B689B18FF
:108F3000002B4CD0DB685846984743461A780135D9
:108F4000EDB2511C2B008D422DDC9542ECD39B1AC7
:108F5000049A5B01D318EDE70CAB9A1C5846012329
:108F60000EA9157000F050F999E40B9A012A4ED021
:108F7000002A3CD00023B07804E00133DBB20F714B
:108F8000934234D2C118C9B241440D79FF2DF4D0B7
:108F90004E464546574600236B70EAE54E46574617
:108FA000FFF7D8FB3EE65546542200212800FCF787
:108FB000D3FF1022FF21281DFCF7CEFF280020221E
:108FC000FF211430FCF7C8FF039BAB7057E65546F2
:108FD000FAE7FEF79BFE021E00D1CAE5D37891782E
:108FE0001B020B4358460EA900F00EF9D2E5654668
:108FF0003B002A0031000A9800F06AFE049B039AA5
:109000001B7876190133934200DB6DE6C0E7174BFE
:1090100029699942AED1079AACE7FFF797FB021E88
:1090200000D1A6E5584613780EA900F0EDF8B1E599
:109030002189FFF7AFF8021EF4D19AE5022B0FD079
:10904000FFF786FB021EC9D193E5FFF79BF8021ECE
:1090500000D18EE5122358460EA900F0D5F899E507
:10906000FFF794F8021EB9D183E5C046B59600100B
:10907000F0B54F464646D646C0B50C0016001F0058
:1090800082B0002A3AD0702398461D4B002599469D
:109090001C4B9A461AE04B461B782000019353461E
:1090A000997800F0DBFD00281CD021000198FFF723
:1090B00033FA002816D0A378DA09012A19D00A9ABF
:1090C00001351370B54219DA2378E4186378052B5B
:1090D00008D1E3789B079B0FBB4203D14246A3789C
:1090E0001A42D8D0002002B0E0BCBA46B146A84629
:1090F000F0BD0B9A01351370B542E5DB0120F2E7B4
:1091000064100020981F0020702270B58B780C002E
:109110001A4201D0002070BD064B20001D78064B7E
:10912000997800F09BFD0028F4D021002800FFF77B
:10913000F3F9F0E764100020981F00207F20074B10
:1091400010B51A680840CB0934334000C018044BEE
:109150001100C01800F03EFD10BDC046EC1F0020FD
:10916000981F00207F20074B10B51A680840CB09D4
:1091700034334000C018044B1100C01800F052FDF9
:1091800010BDC046EC1F0020981F002070B57F2442
:10919000C80984460C400F48640004196444303404
:1091A0002079C00701D5002070BD0B48012500784B
:1091B00084462079284320716046FFF73BFA002857
:1091C000F2D101222379934323712379033293430C
:1091D0002371E8E7981F00206410002070B5094C47
:1091E0000600082220000D00FCF7BCFE00238021B1
:1091F000E360A3602B783000994300220023FFF73F
:10920000C5FF70BD781F0020F0B5C646244C17007E
:1092100080460822200000B50D001E00FCF7A2FECB
:109220000023A760E381EB79AA791B0213431A1C80
:10923000B34200D9321C96B2A281002B0CD0002E72
:1092400015D0002F2AD0402E1AD8237896B27F2B23
:109250001BD80021134A0EE080212B78002299436D
:1092600040460023FFF792FF80BCB846F0BD7F2345
:1092700000222178994333004046FFF787FFF3E748
:109280004022237896B27F2BE3D9064C3200390076
:109290002000FCF767FE80212200ECE70020E3E7D6
:1092A000781F0020381F002010B51422002102482A
:1092B000FCF752FE10BDC046781F0020014B18611C
:1092C0007047C046781F002010B5054C01000822E9
:1092D0002000FCF747FE0023A360E36010BDC046FA
:1092E000781F002070B5374C1D0023780600DA097E
:1092F000C9098A4210D00020002D00D070BD210085
:109300003000FFF7FBF82369002B03D02200032174
:10931000300098470120F1E77F2B06D8A06800288D
:10932000ECD02A002849FCF71DFEE289A1685219F9
:10933000E38892B24919E281A160934214D03F2D93
:1093400012D9A389981A051C80B2402828D8207801
:10935000ADB27F2826D800219A4230D01A4A2B007D
:109360003000FFF713FFC9E72369002B05D0220067
:10937000022130009847002808D08021237800225D
:10938000994330000023FFF701FFB7E700213000C9
:10939000FFF762F930008021FFF75EF90120ADE7A9
:1093A0004025D4E79A4207D0074C2A002000FCF75A
:1093B000D9FD80212200D2E780210022CFE70022C0
:1093C000CDE7C046781F0020381F002070B504008C
:1093D000FFF7C8F9002800D170BDFFF7CBF90028CE
:1093E000FAD1C8236343124A2500D418E178002932
:1093F000F2D010339E18300000F0E2FD3F28EBD988
:109400000020E178FFF79AFE0028E5D0300000F058
:10941000D7FDE1783F2807D9064BEA01D218002092
:109420004023FFF7B3FED7E70020FFF79BFED3E70B
:10943000E0180020B41E002010B50400FFF792F9D8
:10944000002801D1002010BDFFF794F90028F9D1C0
:10945000C8226243024B01309B181B791840F2E787
:10946000E0180020C82310B543430248181800F044
:1094700089FD10BDF0180020F8B5C82343431D4DE9
:109480001033EE18802304005B029A4200D31A4A7C
:10949000300092B200F0F8FD0700FFF763F90028F2
:1094A00001D13800F8BDFFF765F90028F9D1C823CC
:1094B0006343ED18EB78002BF3D0300000F080FD13
:1094C0003F28EED90020E978FFF738FE0028E8D0E1
:1094D000300000F075FDE9783F2807D9074BE2011D
:1094E000D21800204023FFF751FEDAE70020FFF7F3
:1094F00039FED6E7E0180020FFFF0000B41E002070
:10950000F8B50400FFF72EF9002801D10020F8BDBE
:10951000FFF730F90028F9D1C82325005D432B005F
:10952000134E2433F718380000F02CFD0028EDD03E
:1095300075190020A978FFF701FE0028E6D00D4A32
:10954000E3019C1821004022380000F09DFDA9781D
:109550000300051E07D022000020FFF717FE002899
:10956000D4D02800D3E70020FFF7FCFDCEE7C046AB
:10957000E0180020F41E002070B5C82444430C4BB2
:109580000500E41880235B029A4200D3094A2000B8
:1095900092B200F041FE0600200000F0F3FC3F28EC
:1095A00001D8300070BD2800FFF7AAFFF9E7C046D8
:1095B00004190020FFFF0000C82310B543430248F0
:1095C000181800F0FDFC10BD04190020F0B50025AE
:1095D000184C83B0C82200212000FCF7BDFC164BBC
:1095E00021001D70FF236371E1235B02A360200053
:1095F00008234022A37338310095073B103000F058
:109600008BFC270001232100200026004022783116
:109610000093B837243000F07FFCC0363800F9F7EB
:10962000A3FF3000F9F7A0FFE561276226636563B9
:1096300003B0F0BDE0180020341F00200A4B196B66
:109640001A6A00290CD0002A07D00022DA615A6376
:109650001A6300221A62012070475A631A63FAE7FC
:10966000002AF8D0D961F4E7E018002070B505228F
:1096700000210D48FCF770FC0C4D2B78DA0707D55C
:109680000B4C9B070CD50121200000F099FE70BD0A
:109690000548103000F074FE2B78054C9B07F2D47F
:1096A000200000F06DFEEEE7E0180020341F0020DF
:1096B00004190020F0B54B79070083B0022B02D1CA
:1096C0008B79022B03D00024200003B0F0BD214B86
:1096D0001E009B78002BF6D18B78092433700D780F
:1096E0004D196B78242B07D00CE02B78ED181C1942
:1096F0006B78A4B2242B05D1A242F6D20020FFF74A
:1097000065FEE1E71A00052B15D0042AF6D16B7926
:109710000A2BF3D1104B2E780193013300933800BC
:109720000223A919023AFFF7A3FC0028CBD00E347C
:10973000A419A4B2E2E729003800FFF7E5FC0028ED
:10974000C1D0AB7873702B781C19ED186A78A4B26D
:10975000DBE7C046E0180020E218002060238C46BA
:109760001100127870B513400022202B08D1324C22
:109770004B7926000D7924781B022B439C4201D0A3
:10978000100070BD4B78222B1CD008D8202B39D06C
:10979000212BF5D16346012B43D00122F0E7232B87
:1097A000EED16346012B42D0032BF6D1234B002B85
:1097B000F3D08B78C97800200902194300E000BF7C
:1097C0000122DDE76346012B31D0032BE5D10125D2
:1097D000CB788A781B0213431C001D403300012103
:1097E000243318006940347100F0EAFD144B002B5B
:1097F000D3D0012362081A402900002000E000BFF6
:109800000122BDE76346012B0BD0032BC5D10D4BC5
:10981000002BC2D0310000200831FEF79DFA012252
:10982000AEE7094A0723FFF7EFFC0122A8E7FFF79D
:10983000D5FC0122A4E7C046E0180020000000008B
:1098400000000000597D0010E8180020F8B54746D8
:10985000CE4680B5344C1F00E37880460D008B4225
:109860003BD0A37800208B4211D0C0BCB946B04693
:10987000F8BD2E4B002B04D02D4800F099FB00289A
:109880004FD00020FFF7A2FDA378AB420AD1294BAD
:10989000002B02D0002000E000BF0020FFF730FEC8
:1098A000002801D00120E0E7234C200000F06AFBF3
:1098B0000028F7D1002FF5D0BB06F3D1243C404659
:1098C000A178FFF73BFC0028ECD0002300224046A3
:1098D000A178FFF75BFC0120C7E7184E1448310060
:1098E000BAB200F099FC164B002BC2D06379FF2B63
:1098F000BFD0002FBDD0BC46B444E14603E00136E2
:109900004E45B6D0637932789A42F8D1084800F0D3
:109910004FFB0028F3D1064B103B597900E000BF04
:10992000EDE700E000BFACE7E01800200000000019
:10993000F01800200000000004190020B41E0020D0
:10994000000000009322F0B5134C85B000212000E8
:109950009200FCF701FB23002000802640270F4DDA
:109960004D337600FF332930029500930022002307
:10997000002103970196FF3000F0C4F94035201D07
:1099800028340023012200210397029501960094B8
:1099900000F0B8F905B0F0BD34210020B42000205B
:1099A00010B5054C200000F0E1F920002538FF3803
:1099B00000F0DCF9012010BD5C22002070B5084CDD
:1099C000002520003130FF30257000F0D9FC200048
:1099D0000C3000F0D5FC2A23FF33E554657170BDCF
:1099E00034210020F8B5CE46474680B54B798046F5
:1099F0008946FF2B06D12A23374FFF337E79FB5C44
:109A00001E4304D00020C0BCB946B046F8BD8B78D8
:109A10000C783B700B790C19002B3CD0A51803E097
:109A2000AC4238D22378E4186378052BF8D1AC42E5
:109A300031D221004046FFF767FB0028E2D0A3782F
:109A4000DB09012B2BD0254800F09AFC2A23A278B1
:109A5000FF33FA54637922791B0213439421204A7D
:109A60005B055B0D9B185A425341022049007A5C0A
:109A70005B00824313437B5418494046083900F089
:109A8000DFF90028BED023780136E4184B461B7955
:109A9000F6B2B342C8D84B46E01A80B2B3E71148D9
:109AA00000F06EFC0F4AA3780C3A53716379217968
:109AB0001B020B435B050A495B0D5B1859424B4186
:109AC000022011795B0081430B43064900200839CD
:109AD000137100F07FF9D6E73421002064220020C2
:109AE00000FEFFFF4021002070B51D002A23040066
:109AF0001F48FF33C35C8B4216D04079884201D0A7
:109B0000002070BD1B4B002B04D029040020090C41
:109B100000E000BF184B200019001E0000F05AF9A9
:109B200000281DD00120ECE79A235B00C35A002BCC
:109B30000DD1124B002B04D000201149AAB200E035
:109B400000BF20000F4900F07BF90120D9E79623E0
:109B50005B00C1583130AAB2FF3000F05DFBE8E78E
:109B60002A003100200000F003F90120C9E7C046B7
:109B700034210020000000003821002000000000F7
:109B8000B42000205C22002000B5030083B000292F
:109B900010D00020012B07D80A78002A04D00C48E6
:109BA000C2540120012A01D003B000BD1800FEF705
:109BB000E9FDF9E701236A46002001A99380FEF739
:109BC000E1FD0028F0D00122014B1A70ECE7C046FD
:109BD0008C1F002070B5040023780800DB070E00FE
:109BE000DD0F002B16D123785B0701D5280070BD4F
:109BF0000121494203F020FE2378DB07DD0F002B13
:109C00000AD123785B0708D4042223780125134363
:109C1000237002E00025E9E70025300003F0E4FDB1
:109C2000E4E7C04670B50D00012104004942280058
:109C300003F002FE23785B07DE0F002B04DB280015
:109C400003F0D2FD300070BD2378DB0704D404227A
:109C5000237893432370F2E70026F0E743790279F3
:109C60001B021343C2785B0592075B0D920F022A19
:109C70001AD0032A0BD00020012A07D102394A4208
:109C80005141104A891899424041C0B27047023987
:109C90004A1E91410C4A4942114080220020D200C4
:109CA000891899424041F1E7022904D0002040225E
:109CB0009A424041EAE7054A981843425841C0B2E7
:109CC000E4E7C046FF03000040FCFFFF00FEFFFF8B
:109CD0008446881830B51C00814206D24A78052A8D
:109CE00004D00A7889188842F8D830BD7F228B7852
:109CF0001A4052006244DB09D4540A788918884219
:109D0000ECD8F2E7F0B5C64600B582B0904608AA96
:109D100020CA040016886A460120978D0A0021781F
:109D2000024081432000114321703200009329003A
:109D30000123083000F0F0F8002D01D0002E07D1EB
:109D400001200A9B6780636002B080BCB846F0BD0A
:109D500025001C352800F9F707FC42460023002A9D
:109D600001D02B0000256361A561E9E70120704760
:109D7000F8B502240B7807001C4063425C410800E0
:109D8000124B64421C40124B08300D001600E418C0
:109D900000F0F8F8002807D1002E05D0344203D196
:109DA00001242B781C4201D00020F8BD38006978CE
:109DB000FFF7C4F90028F7D02B781C42F4D1002318
:109DC000002238006978FFF7E1F9EEE740FEFFFF77
:109DD000FF01000008239C468C4470B505006046D6
:109DE0000C00664600F0CEF8002803D0012223784C
:109DF0001A4201D0002070BD28006178FFF79EF95B
:109E00000028F7D062883000616800F03DF9012237
:109E10002378134000280CD0002BEBD1030062689C
:109E2000617804002800FFF7B1F90028E2D0200093
:109E3000E1E7002BDED128006178FFF793F9D9E73D
:109E4000F0B5C64600B58A8906000C000B78002ADA
:109E500006D101321A4240D0002080BCB846F0BD85
:109E60009B0734D42B4B4025984608239C46A4449A
:109E70006046674600F0A4F88542EDD801222378B9
:109E80001A42E9D130006178FFF758F90028E3D091
:109E9000380000F095F8012223781340854232D82B
:109EA000002BD9D1414662880140131C8A4200D957
:109EB0000B1C9BB200226178002B00D0626830003E
:109EC0001C00FFF763F90028C6D02000C5E7FE2379
:109ED00080251B029846AD00C7E74978FFF72EF9A9
:109EE0000028B9D0012223781A42B5D16388002214
:109EF0006178002B00D062683000FFF747F9002836
:109F0000AAD06088A9E7002BA6D130006178FFF7BE
:109F100029F9A1E7C0FF0000F0B5C64600B5984694
:109F20006B461E7E802304000F0015001B029A4220
:109F300026D8C068002803D00121494203F07CFCE8
:109F40002069002803D00121494203F075FC4246F4
:109F50005204F303520C1343E3800023E06863814F
:109F60002760A5802381002801D003F03DFC2069F3
:109F7000002801D003F038FC012080BCB846F0BDB9
:109F80000020FAE7038941899C4682889BB288B207
:109F90008C4507D31B1A9BB2101C9A4200D9181C7F
:109FA00080B270475100091A5B189BB2F4E7C046B3
:109FB00003894089181A43425841C0B27047C046CD
:109FC000038941899C4682889BB288B28C4507D31D
:109FD0001B1A9BB200209A4201D9D21A90B2704744
:109FE0005100091A5B189BB2F4E7C04670B5040033
:109FF00000690D00002803D00121494203F01CFC38
:10A00000238962899C4698B291B2A388944532D341
:10A01000421A92B2002A27D0934208D298422FD3F4
:10A02000C01A81B261818B4203D8C91A89B28B42AE
:10A03000FBD9E28823685204520C51432800591876
:10A04000FBF790FF618901254A1C92B2A3889142D7
:10A050000DD900225B00D21A20696281002801D04C
:10A0600003F0C2FB280070BD0025628992B25B003C
:10A070009A42F1DBEFE75A00521A821892B2C9E70E
:10A08000C01881B26181CEE7F0B54646D6464F464C
:10A09000C0B5060000698A46904682B0002803D009
:10A0A0000121494203F0C8FB31897289B5888BB21E
:10A0B00094B2914255D31F1BBFB2002F4BD0BD426B
:10A0C00005D2AB4252D25B199CB22F007481434639
:10A0D000B8453ED89FB2A54203D8641BA4B2A5429E
:10A0E000FBD9F28831685204500C020062432B1BEA
:10A0F0009BB28918019002009F4225D943439BB22D
:10A100001A0050469946FBF72DFF5046019A7D1BD9
:10A110006419544331684844A2B2FBF723FF7189A4
:10A12000B588CB199BB26A00994216D99B1A30693F
:10A130007381002801D003F057FB380002B0E0BC67
:10A14000BA46B146A846F0BD50467A43FBF70AFF2F
:10A15000E5E73B1CBEE773899BB26A009342E6DBEE
:10A16000E4E76F003F1BDF19BFB2A6E75B1B9CB2A1
:10A17000ABE7C046F8B50400C0680F00002803D064
:10A180000121494203F058FB258920896189A28871
:10A19000ADB283B28EB2884228D39B1B9BB29A4247
:10A1A00009D8E679F60906D1E068002801D003F065
:10A1B0001BFB3000F8BD2B0095421CD39B1A9BB2B1
:10A1C0009342FBD2E28820685204520C5343390078
:10A1D000C018FBF7C7FE6B1C9BB2A2889D4216D924
:10A1E000002352009B1A01262381DDE75100891BC1
:10A1F0005B189BB2D3E7E28820685204520C5343A9
:10A200003900C018FBF7AEFE0135A288ABB2520090
:10A210009342E8DBE6E7C046F0B54E464546DE46EB
:10A220005746E0B589460500160083B0002A6BD07A
:10A23000C068002803D00121494203F0FDFA2F89AC
:10A24000EA79BBB298466B89AF889BB2D2093DD1FF
:10A25000984562D27A00D31A43449BB2BB4261D282
:10A26000FB1A1A1C9BB2B34200D9321C96B2F31BE4
:10A2700001934346F3189BB29B46EA884446B8458F
:10A2800003D3E41BA4B2BC42FBD252043B1B570CC9
:10A290003A00624328689BB28018B34256D33A0012
:10A2A00049467243FBF75EFEAB885B00D84501D898
:10A2B0009B4502DB5A46D31A9B465B4637002B81EF
:10A2C000E868002821D003F08FFA1EE0BE422BD2AE
:10A2D00098454CD34246D21A92B27900F01B92199B
:10A2E00001908A42C5DBDA1992B29346921B92B270
:10A2F0009046934240D94346591A8BB29846F31878
:10A300009BB29B46EA88B9E70027380003B0F0BC4F
:10A31000BB46B246A946A046F0BD4246D31A9BB200
:10A32000BB429DD30027CBE7002FC9D0CC46EA889B
:10A33000F61B5104490C714398468C44D9190023EB
:10A3400089B2E1468B463E00019397E77B439BB27F
:10A350001A0049469A46FBF705FE4946019B2868C4
:10A36000E2187A43514492B2FBF7FCFD9CE7790076
:10A37000CA1A424492B2B1E79142BCDDC2E7C0467C
:10A3800010B50400C068002803D00121494203F041
:10A3900053FA2069002803D00121494203F04CFA06
:10A3A0000023E06863812381002801D003F01CFAB8
:10A3B0002069002801D003F017FA012010BDC04623
:10A3C00070B50400C0680D00002803D00121494287
:10A3D00003F032FA2069002803D00121494203F03A
:10A3E0002BFA7F21E279EB011140E0681943E1711A
:10A3F000002801D003F0F8F92069002801D003F00B
:10A40000F3F9012070BDC046F0B5DE4657464E4612
:10A410004546E0B5060083B01F000CAB0800197874
:10A42000002393463268D36601335060D366002F11
:10A430003BDD7B1E994601234B409A460020802439
:10A4400040238846556F102DFCD00025AC460028CF
:10A4500002D13579A9028C464D46411B4D424D41F2
:10A4600051460D4061466D020D43802149000D4368
:10A47000414615611559556B2B420AD00120536D89
:10A480004042317103B0F0BCBB46B246A946A0467B
:10A49000F0BD956F002DEDD08846594612690A54DB
:10A4A0000130874203D03268CCE70020E9E741461B
:10A4B000E7E7C046F0B54E464546DE465746844679
:10A4C000E0B585B098460EAB91461A786346080011
:10A4D00019680023CB6601334860CB66434603927C
:10A4E000002B4EDD01275E1E6346802457401A79FB
:10A4F000A24680254C469202002010239146AD00D2
:10A500000194841B62426241019C3A40245C5202E5
:10A5100022434C462243019C0A614A6B1342FCD001
:10A5200052468A5801949146002A10D1B04223D055
:10A530000022013091468045E3D16346039A1A71A7
:10A5400005B0F0BCBB46B246A946A046F0BD4A6D78
:10A55000012293464A6B2A42FCD00A6E5A46019465
:10A56000002AE5D04C46002C03D009232340082BB9
:10A57000E3D001204042E0E7039A002AD8D1934675
:10A58000E8E70020D9E7C046F0B5D6464F46464634
:10A590008246C0B505200C00F9F74CFE05006008A6
:10A5A00021004019FAF7F6F847003F180600052188
:10A5B0003800FAF7EFF8A0461C4B321A0400680086
:10A5C0009146401998452BD81949FAF7E3F801301C
:10A5D000534600221B68DA66196804325140023281
:10A5E0000A408021490159180A604A46DA6101226D
:10A5F0001C624F2F00D92209A0215A50DA6F310076
:10A6000050400C4A00049A18000C106001222800E7
:10A61000DA66FAF7BFF8E0BCBA46B146A846F0BD24
:10A620000549FAF7B7F80130D2E7C0463F420F00BC
:10A63000809698007C10000040787D010F4A70B52C
:10A64000821A531E9A410E4BD20008321A600D4BEB
:10A650000D4C1A60150023689D432B1EFAD1662409
:10A660000268FF340571D5661460633C8833FF3C93
:10A67000D5639563D450FFF787FF70BD6810002045
:10A6800000E0004000F0004008C0004010B582B07B
:10A690006C46247C0094FFF70DFF02B010BDC0464D
:10A6A00010B582B06C46247C0094FFF7ADFE02B07A
:10A6B00010BDC04610B5002101F00AFB10BDC04618
:10A6C00010B50A22002101F0BBFB10BD10B50B0C28
:10A6D000140C002B30D1002C44D18BB291B25943D1
:10A6E00000F050F8041E3BD00300083B5A680323D7
:10A6F0009A43043A242A13D80300132A0BD90023BF
:10A70000036043601B2A10D900238360C360242A9E
:10A7100031D00300103300221A605A609A6002E0C0
:10A720000021FBF719FC200010BD030000220833B4
:10A730001A605A609A60F6E7002C16D1141C89B290
:10A7400092B24A43A4B29BB26343110C5B18190C3A
:10A750000BD1190492B2114300F014F8041EC3D1B6
:10A760000024E0E7231C0C1CE9E701F087FC0C2324
:10A7700000240360D7E7002203000261183342611E
:10A78000C9E7C046F0B54E46DE46574645460C0082
:10A79000E0B50B34814685B0162C21D8102900D99C
:10A7A000D0E000F0A1FA102418230221C94DEB18C3
:10A7B0001A005F68083A974200D172E103227B6871
:10A7C000B9689343FA68CA6091600121FB185A681E
:10A7D00048460A435A6000F08FFA38000830B5E066
:10A7E00007239C4300D5ADE0A14200D9AAE000F0C8
:10A7F0007BFAFC235B009C4200D2B9E1610A00D1E4
:10A80000ABE0042900D980E138239C46A1098C449F
:10A81000E0463931CB00082252429446AD4DEB1848
:10A820009C446346DF68BC4512D00B00032661469A
:10A830009C4607E0F868002A00DB2CE1814200D149
:10A840002DE107007B68B3431A1B0F2AF2DD414656
:10A850002A002F690832974200D10BE103207B6860
:10A860008343181B0F2800DD86E12A616A610028F6
:10A87000ABDA6A68944680229200934200D316E1D4
:10A88000DA08580901238340604618438446D30000
:10A890005B199A686860FB60BA609F60D7600120AE
:10A8A0008B10984060455FD8634603420AD103236A
:10A8B0009943634640000431034203D14000043110
:10A8C0000342FBD00323A8469C4683460D00E800C4
:10A8D00040440600AA46F3680BE061465A688A4382
:10A8E000171B1900DB680F2F00DD1BE1002F00DBB9
:10A8F0002FE19E42F1D1534601339A4608369B0719
:10A90000E9D1032205E003680838013D834200D005
:10A91000E2E12A42F7D14246594653688B435360DD
:10A920005A46520093469A421DD8002A06D11AE090
:10A930005246043292465A46520093461342F7D08A
:10A940005546C4E70C234A461360002005B0F0BC0E
:10A95000BB46B246A946A046F0BD80233F22402117
:10A9600090469B0057E745460322AF687B689343B8
:10A970009A46A34202D31B1B0F2B7EDC564B0820AA
:10A980001B6810331E1901F083FB544B834601935F
:10A990001B68013304D0731E1B18424213401E0073
:10A9A0003100484601F058FB8046431C00D1FDE0D1
:10A9B0005346FB18834200D9F6E0494A11680292D7
:10A9C000891911605A46013A834200D139E1019850
:10A9D0000068013000D13FE14046C31A5B1802997C
:10A9E0000B6041460723080018400190194200D12E
:10A9F000F9E0C446310001331B1A9C4461440391C1
:10AA00005B4411405B1A1A4011004846E0461600AC
:10AA100001F022FB431C00D13AE1029B196889191D
:10AA200019604346C21A012092190243AB605A6072
:10AA3000AF4213D053460F2B00D811E107220C3B35
:10AA400093437A68024005201A437A60FA185060EE
:10AA500090600F2B00D921E143465A68214B1868BA
:10AA6000884200D21960204B1868884200D21960D1
:10AA700047469DE06B689C4611E701222100134385
:10AA800011433C1979604846AC60636000F034F9CA
:10AA9000380008305AE7BA68D060826095E66146AF
:10AAA000D6E6DF680231BB4200D1D1E686E65A0A1B
:10AAB000042A73D9142A00D9A7E010005C325B3055
:10AAC000D200AA18083A160092688846964210D119
:10AAD00081E0C04678100020741D00207010002016
:10AAE000441D00206C1D0020701D002092689642BD
:10AAF00004D00321506888439842F7D84146D6686D
:10AB0000FE60BA60B760D760C9E614295CD95429E1
:10AB100000D982E06E239C46210B8C446F31E046C5
:10AB2000CB0078E601200E00454609190443746005
:10AB3000B4680835E36038439C60A960E960486008
:10AB4000CD6048468D60B75000F0D6F83000083030
:10AB5000FCE601200C008A1851680834014351605A
:10AB600022684846D3609A6000F0C6F82000EDE6FF
:10AB70002300E108083319E60126391934437C60C3
:10AB800029616961CA608A60320002434A60F850F4
:10AB9000484600F0B1F838000830D7E69A091000AE
:10ABA00039323830D2008CE7AF4242D0AF687A6891
:10ABB00003239A43131BA24202D30F2B00DD5CE751
:10ABC000484600F099F8C0E65B239C468C445C3113
:10ABD000E046CB001FE60123801083406046184307
:10ABE000844668608CE73300594643440193134020
:10ABF000CB1A1A4011004846160001F02DFA431CEA
:10AC000000D00AE70026019807E7542A2BD81A0B30
:10AC100010006F326E30D20053E7AA235B009942D6
:10AC20002BD8DD3B9C46E10B8C447831E046CB00D1
:10AC3000F1E52B4A11680292891911605A46013ACE
:10AC4000C5E6104200D0C2E652460123A868921918
:10AC50001A438046426001E74146019B1960C0E605
:10AC600043465860ACE7AA204000824221D8DA0B64
:10AC7000100078327730D20023E71A4B994221D85E
:10AC80007C239C46A10C8C447D31E046CB00C2E580
:10AC90000198039B083800261818BEE6390048467C
:10ACA000083101F091FA029B1968AB6898465A681E
:10ACB000D4E60C4882420BD89A0C10007D327C30CE
:10ACC000D200FEE6FE237E227F2190469B00A2E575
:10ACD000FE227E209200F4E643465B6820E6C046F2
:10ACE000441D00205405000010B5024801F0CCF9C5
:10ACF00010BDC046401D002010B5024801F0C6F945
:10AD000010BDC046401D002070B516000D0002F0B9
:10AD1000EFFB002E0DD06B236A00520D9B1A002B07
:10AD200007DD0024034A1B059D182B002200F9F7BC
:10AD30009CFF70BD0000F03FF0B5DE4657464E4622
:10AD400045460C0081468B4600200021E0B5924626
:10AD50009FB000220490059121001A9219910A785F
:10AD60000D002D2A03D8A64C9000205887460021BC
:10AD7000069100210791302A00D1BDE02F2A00D88A
:10AD800081E2170028000021002600240BE0B30018
:10AD900001309E1976001990B6180278303E1700DF
:10ADA00001342F2A0FDD392A6BDC082CEFDD8B00F4
:10ADB0005B1801305B001990991802783039170040
:10ADC00001342F2AEFDC0A9101228E4901F09EF80E
:10ADD000002800D145E20023A0460C930B93089372
:10ADE00043461F00102B00DD10273000F9F7B0FF9D
:10ADF000434604900591092B18DD3A00824B093A2D
:10AE0000D2009B180CCBF9F730FF049005910A98FB
:10AE1000F9F79EFF0B00020004980599F9F7FEFE72
:10AE20004346049005910F2B00DDACE00B9B002BFB
:10AE300001D100F039FC0B9B002B00DC40E3162B0A
:10AE400001DC00F021FD424625239B1A0B9A934218
:10AE500000DA98E043460F246B4DE41AE1006918CC
:10AE6000049A059B03C9F9F700FF0B9B1C1BE40028
:10AE70002D190CCDF9F7F9FE04000D0011E2013196
:10AE80006CE70A9101225F4901F040F8002846D1A1
:10AE9000199B581C19905B7884461A00002C00D02E
:10AEA000E3E163460021302A08D1190001331993E8
:10AEB0001A78302AF9D06346C91A01311300313BA0
:10AEC000082B00D873E220239A43452A00D11CE3C3
:10AED000079B0B4300D0E2E1534600240025002BE2
:10AEE00001D05A461A60200029001FB0F0BCBB46B2
:10AEF000B246A946A046F0BD6A7820318A436C1C50
:10AF0000582A00D1D3E3250019942A780134302A35
:10AF1000F9D0002A00D1C2E1012307932EE70023D4
:10AF20000021002210940C93202338009843030042
:10AF300000200890452B00D1C1E1002C00D02BE26D
:10AF4000079B0B4300D0AAE1002AC5D1692F00D18D
:10AF5000E2E201DD00F08CFC492F00D1DCE24E2F53
:10AF6000BAD12A4919A801F069FD0028B4D0199B6B
:10AF70001B78282B01D100F06CFD254801F0C6F8A4
:10AF800004000D008DE143460B9ADB1B9B18002B40
:10AF900000DC66E20F221F001100974319401A429D
:10AFA00001D100F005FC184BC900591803C9049AD7
:10AFB000059BF9F75AFE04900591002F01D000F08F
:10AFC000F7FB00230A9343462200290048460096D7
:10AFD00001F0DAFE1490002801D100F061FC0B9919
:10AFE0000027CB4300260C9A0898DB17101ACA17C3
:10AFF00010401940B3463D0010901591EFE0C04657
:10B00000BCE60010A8DF001018EA0010B8DF00103E
:10B010008CDA0010D648C91A521A834200DAFCE2D0
:10B0200001238B401193002312930A9BB918B61881
:10B03000F61808913B008F4200DD0B00B34200DDA3
:10B040003300002B04DD089AF61AD21A0892FF1A70
:10B05000109B002B00DD86E2089B002B00DD9CE2AC
:10B060000B9B002B00DDC9E2002E00DDB9E2002FB2
:10B0700008DD59463A00484602F0CAF883460028DF
:10B0800000D1B7E248461A99079A02F061F9051E05
:10B0900000D1AFE2C368594698460023C36002F06E
:10B0A00031F9002801DA00F0FEFC059B089301D17C
:10B0B00000F082FC5946280002F004FB80230022A5
:10B0C000DB0506000F00F9F721FE002800D139E268
:10B0D0004346002B00D0ADE2049B002B00D034E3AC
:10B0E000089B1B0300D0D6E2002230003900A14BA0
:10B0F000F9F706FE002801D000F038FC00229E4B34
:10B1000030003900F9F7B1FD0A0001001300129177
:10B110001392802212069B180E900F93974A089B59
:10B120000E9E0F9F13401A001193954B9A4200D127
:10B1300087E20A9B002B28D0D423119ADB049A4281
:10B1400023D8129813998F4A8F4BF9F7DFFD002807
:10B1500016D012981399F9F73BFE002800D1013060
:10B16000F9F7F6FD434612901391002B01D000F041
:10B17000E8FB802212068B1816901793169E179FD5
:10B18000D623119ADB04FB189F1A0C980D9902F034
:10B19000AFF902000B0030003900F9F766FD0C9A98
:10B1A0000D9BF9F73BFD0E00049005910A9B002BC7
:10B1B00005D1724B119A33409A4200D192E248462F
:10B1C0001A9901F085FD4846079901F081FD59461D
:10B1D000484601F07DFD2900484601F079FD149CA8
:10B1E0004846616801F048FD031E079000D101E266
:10B1F00022690C3302320C34210018009200FAF755
:10B20000B1FE0499059A1CAB01931BAB0C910D92F6
:10B210000093484613000A0002F0ECF9011E1A9050
:10B2200000D1C3E10121484601F07CFE834600289D
:10B2300000D1DFE11B9B002B00DAAAE1109A159EDA
:10B240009F180A991C9A5B1A36219B188A1A4F4933
:10B25000013B8B4200DADDE60023129301331193A8
:10B26000E3E6199B581C19905B781A00303A092ABA
:10B2700000D9DDE0171E01D100F00FFD01232100F0
:10B2800010940C93E0E201222800414900F03EFEB8
:10B29000002800D149E3079B002B00D11CE60024C5
:10B2A00000255246002A01D0199B1360069B002BF3
:10B2B00000D118E6802109066B181D0013E6230053
:10B2C0000B430798034300D106E6199B9B4658465B
:10B2D000431C199347782B2F00D1D9E12D2F00D093
:10B2E000BCE0012398465846831C199387783B009D
:10B2F000303B092B00D98BE11998302F0ED1431C1C
:10B3000019931F7818000133302FF9D000230893C8
:10B310003B00313B082B00D90FE60133471C19973E
:10B32000BC46477808932F2F00DCA7E20B916146BB
:10B330009446089A09E093009B1801315B0019912B
:10B34000DA190F78303A2F2F01DD392FF3DD08920B
:10B35000081A62460B99082800DC8FE20D4B08930F
:10B360004346002B00D1E8E5089B5B420893E4E5E7
:10B37000E3FBFFFF0000F03F0000E03F0000F07F34
:10B380000000E07F0000C0FFFFFFDF4102FCFFFF85
:10B39000A8DF00101F4E0000089B0C9AA0469B1AC5
:10B3A0000B93109B002B00D11AE51C0018E54B1CD9
:10B3B0001998303A0C9300231700050001241093CC
:10B3C0000021B3009B195B00FE18431C19931F78E2
:10B3D00018003B00303B092B00D9C4E11F004A1C78
:10B3E000431C002F01D100F03FFC0C9B9C46944471
:10B3F00063460C93012A01D100F039FC3200631C32
:10B4000080462E009C4615000A9808E0AA005519AF
:10B410006D0001331A1B013A914200DC0DE25A1E05
:10B42000082AF3DD102BF4DC820010184000F0E74E
:10B4300020229343452B61D03000F9F789FC04901A
:10B440000591092C00DC2FE12700102C00DD1027CE
:10B450000023A0460C9308930B93CEE40023984658
:10B4600045E7002B00D1ACE50F2211005B421940EB
:10B470001F111A4200D06AE21F2F00DDE2E2102302
:10B480001A003A400A923B4201D05A330A93B3461B
:10B49000049805992600B54C01E07F10083401237B
:10B4A0003B4204D17F10083401233B42F5D022688F
:10B4B0006368F9F7DAFB7F1000D161E20834F3E743
:10B4C0000B9B163300DA5EE508990C9AA84B521ACA
:10B4D000D2009B180CCB04980599F9F7A8FB04003F
:10B4E0000D00DEE6002206924D1C19954A78002ACE
:10B4F00000D03EE4F0E401220692F5E70023834603
:10B500000021012210940C93E1E600220B0010921E
:10B510000C9200240132D4E6964919A801F08EFA63
:10B52000002800D1D8E4199B9349013B19A819932D
:10B5300001F084FA002802D1199B013319930024E9
:10B540008E4DAEE68E4B002230003900F9F78DFBB0
:10B55000434612901391002B67D1802212068B185C
:10B560000E900F93DAE559461A00484601F0E6FDC1
:10B570001A998346002819D00A000100484601F0B4
:10B5800001FD1A99041E11D0484601F0A1FB1A943E
:10B5900062E5159A109FD61A53E61A994846089AFA
:10B5A00001F036FE011E1A9000D059E55E462F00CC
:10B5B00022234A460024714D1360484601F088FB5F
:10B5C0004846079901F084FB3100484601F080FBB2
:10B5D0004846149901F07CFB3900484601F078FB9D
:10B5E0005FE632004846079901F012FE07900028F6
:10B5F00000D03CE55E462F001A99D9E74846159AD7
:10B60000079901F09BFD0790002800D02CE5F1E799
:10B610005B461993002308938FE45A49CB1A012102
:10B620009940012312911193FFE4129B139C0E93F6
:10B630000F9473E50023544C0E930F9412931394BC
:10B640006CE5524A089B9B180593049E059F3000A9
:10B65000390001F04DFF0E9A0F9BF9F706FB3200FF
:10B660003B00F9F7DBFA454B494A049005910B4042
:10B67000934200D8F7E00C980D99464A914201D1C7
:10B68000441CB7D00123434C5B420493059496E5D8
:10B690000023984627E600233F4C0E930F94002387
:10B6A000394C1293139439E5049C059DF9E50293F6
:10B6B000069B484601931AAB0093384A1BAB19A965
:10B6C00000F0C0FE0F231E0005000640034200D11B
:10B6D000E5E5062E00D0E7E00023199400250024BC
:10B6E0000693DEE512981399F9F78AFBF9F77CFBCC
:10B6F00002000B0012981399F9F787FA4346049A4F
:10B7000036031343360B08900991254A33430DD174
:10B7100008980999234BF9F7F3FA002800D14EE570
:10B720005E462F00049C059D1A9946E71E4BF9F7CB
:10B73000E7FA0028F4D1089809991C4A104BF9F748
:10B74000F5FA002800D13AE5EAE7012BA3D1089BDE
:10B75000002BA0D15E462F0022234A46002400255C
:10B760001A99136029E70122FFF7DEFBB8E7001002
:10B7700018EA0010ACDF0010B0DF00100000F07F0E
:10B780000000E03FE2FBFFFF0000F03F0000B0FCE4
:10B79000FFFF9F7CFFFFEF7F0000F0BFA0E70010DE
:10B7A0009535A094FFFFCF3FFFFFDF3F35E5AF3575
:10B7B0009A235B009F4273DC3F11012F00D1CBE144
:10B7C00004980599D24B049407969B462E001C00C2
:10B7D000002501233B4203D022686368F9F745FA4C
:10B7E00001357F100834012FF3D1049C049005919A
:10B7F0002F003500079E059BC64AF9009B1805934C
:10B800005944049A059B03C9F9F72FFAC24BC34A5E
:10B81000049005910B40934242D8D420C04A800442
:10B8200009180591934201D8FFF7CBFB0122BD4BCC
:10B83000524204920593FFF7C4FB2B000A90350097
:10B8400040461E00013961444C1C082900DCB7E564
:10B850000021102C00DDB8E50A9A93009B185B00CC
:10B86000FB180A93B1E5D4239B04CE1805969DE4FA
:10B870006E2F01D1FFF775FBFFF72EFB0898AA4B3F
:10B88000984200DC6CE56AE50B9AA84BD100591888
:10B8900003C9049A059BF9F7E8F904000D0000E5D7
:10B8A00022234A4613604AE61A9A002A07D0352115
:10B8B0001CA801F035FF48461A9901F009FA052E37
:10B8C00000D9C3E19A4BB6009B599F461C9B9949EE
:10B8D00004931D9B1B9A0B40974952181205134362
:10B8E0000593ED0503D580221206134305938A4A7A
:10B8F000049C059D134200D0D3E400F0BFFB22233B
:10B900000360CEE401238D4C5B4204930594ED0566
:10B9100000D4C9E6059BE6E77F4B0593F7E71C9942
:10B920001D9A1D9B04910592DBE7199B01229C4601
:10B930009444624619925A78002300260A93FFF72E
:10B94000B0FA129B139C16931794FFF717FC774BD2
:10B95000C9005B180CCB04980599F9F768F90490B5
:10B960000591002F01D1FFF72CFB85E50023744CD6
:10B970000E930F940023734C12931394FFF7CEFB96
:10B980000A9B3400049005915E46002B52D06B2335
:10B990004A00520D0F009B1A002B4BDD1F2B42DD7E
:10B9A00000210491342B00DC47E1DC239B04059348
:10B9B0006A230A93FFF707FB4146059A2F000C9C68
:10B9C0000D9D12035E46129B120B002954D05E4956
:10B9D0008A4200D1E0E0002B00D1EBE0089A1A4245
:10B9E0000CD0049805990A9AFFF78EF902000B0013
:10B9F00020002900F9F712F904000D000A9B002B22
:10BA000000D191E620002900504B0022F9F72DF9D2
:10BA1000414B04000D000B4200D085E622234A462C
:10BA20001A991360C9E5012252429A4002400492D9
:10BA30000498059900220023F9F75AF9002801D14A
:10BA4000FFF7C1FA22234A46002400251360FFF7BE
:10BA500028FC3F491CAA19A801F008F8052801D0C4
:10BA6000FFF78BFA1D9B2C4A1A431C9B05920493EB
:10BA7000049C059DFFF715FC002A71D1049A002A49
:10BA800000D0D3E00A9B434500D1BFE0224B089A87
:10BA90001A40D6239046DB049A422CD8DC239B0420
:10BAA0009A42AFD858E643460499059A2F000C9C59
:10BAB0000D9D5E460B43A1D1089213039ED1164BF8
:10BAC0001A40D6239046DB049A4297D97B69002B13
:10BAD00002D13B69012B91DD39000122484601F07A
:10BAE00097FB3100070001F00DFC002886DD0A9B62
:10BAF000002B00D18AE04346164A9B18124A1A438B
:10BB000001235B4205920493049C059D7AE7C0469D
:10BB1000F0E900100000B0FC0000F07F0000A07C05
:10BB20000000907CFFFFEF7F1F4E000018EA00101E
:10BB300074E70010FFFFEFFF33040000FFFFFF7FFB
:10BB40000000E0BF0000E03FFFFF0F0000005039A1
:10BB50008CE700100000F0FF584B00279B464AE698
:10BB6000002B2DD1119B049A134200D146E7049873
:10BB700005990A9AFFF7C8F802000B002000290077
:10BB8000F9F743F80022002304000D00F9F7B0F89C
:10BB9000002800D132E7DFE50A99049A814225D1D5
:10BBA000511C12D0834259D0089A1A4200D018E78B
:10BBB0001A9902E5119B049A134200D11EE710E77F
:10BBC000089A1A4200D119E7D1E73D4B08999942EA
:10BBD00068D03C4B089A1A401300802252039B18ED
:10BBE000059300230493049C059D07E708983549B5
:10BBF0000140D420C004814240D9511CE5D0002B23
:10BC000037D00898184200D1FCE6EAE62D4B089A96
:10BC10001A991A4013002C4A9B182C4A1A430123E4
:10BC20005B4205920493049C059DC6E4002BC7D19A
:10BC3000119B134200D1E1E699E74B239A1A4C3B42
:10BC400093401F40059704980599F3E6ED0532D51A
:10BC500080231B060593049C059D4EE6119B134211
:10BC600000D0BEE61A99A8E41100FFF7AFFB21004F
:10BC7000EAE5119B134200D1C4E6B2E66B20090D40
:10BC8000401A0121494281408A429ED0002BF0D0C7
:10BC9000089A1A4200D1B5E6A3E6012110940C924D
:10BCA000FFF793FB013294D122234A4600241A99CC
:10BCB000044D136081E4002400251EE6F0E9001025
:10BCC000FFFFEF7F0000F07F0000F0FFFFFF0F009D
:10BCD000844610B50A000349034B08686146FFF724
:10BCE0002BF810BDD416002080140020F0B5574664
:10BCF000DE464E464546E0B58346894692461D00DF
:10BD00001F0083B0242B3DD8012B3BD00B00082013
:10BD1000494E1A0014780133315D0842F9D1984632
:10BD20002D2C00D172E02B2C38D0444B00930023F3
:10BD30000193002D4ED1302C00D170E00A270A2546
:10BD400039000098F8F726FD434606008C4600208F
:10BD500000212200303A092A07D9113A192A03D9B9
:10BD60002200613A192A21D80A3295421EDD4C1C64
:10BD700005D086422BD328D00121784310181C7897
:10BD80000133E6E700F07AF916230360002003B0E0
:10BD9000F0BCBB46B246A946A046F0BD1C78931C39
:10BDA0009846264B009300230193C2E74A1C23D0F8
:10BDB000019A002A00D040425246002AE7D00029CA
:10BDC00036D153464A461A60E1E79445D4DA012158
:10BDD0004942D4E7102DB3D11027302CB0D14346BF
:10BDE00020221B789343582BAAD143465C78022328
:10BDF000102710259844A3E7222259460A6052468C
:10BE0000002A17D0013B99460098DAE71C78931C6A
:10BE1000984680231B0600930123019389E743463C
:10BE200020221B789343582BDFD00827083587E75B
:10BE30000090E7E70098AAE7E1E70010FFFFFF7F27
:10BE4000844610B51300034A10680A006146FFF7E4
:10BE50004DFF10BDD41600200323CAB230B50340F5
:10BE60000C00002A2CD00321002B24D1FF212140DB
:10BE70000B025B189C4619048C4400E004306446B5
:10BE80000168204D4C404B198B436119A1430B4372
:10BE90001D490B42F2D00378002B05D09A4204D002
:10BEA00043780130002BF9D1002030BD9342FCD003
:10BEB00001300842DAD00378002BF7D10020F4E7F4
:10BEC000002B08D0032202E00130104203D0037897
:10BED000002BF9D1E9E702680A4B0B49D3189343C9
:10BEE0000B4206D14268074B0430D31893430B42F0
:10BEF000F8D00378002BD8D043780130002BFBD149
:10BF0000D3E7C046FFFEFEFE8080808010B5002A89
:10BF10002AD003000B439B0715D1032A13D9144BD6
:10BF20009C460CE0043A002A1ED0124C1C199C437B
:10BF300063461C4218D104300431032A03D9036834
:10BF40000C68A342EED003780C78013A8218A34221
:10BF500008D00BE0002B07D043784C78013001313A
:10BF6000A34203D19042F5D1002010BD181BFCE77D
:10BF700080808080FFFEFEFE70B50C000143030050
:10BF8000890718D1032A16D911498C4666462568B7
:10BF900010496918A94331420DD1043A043420C331
:10BFA000032AF3D8002A08D02578013A1D700134FD
:10BFB0000133002D02D0002AF6D170BD0021D41823
:10BFC000002AFAD0197001339C42FBD1F5E7C04634
:10BFD00080808080FFFEFEFE034B10B51A680123AF
:10BFE000503200F003F810BDD416002070B58C4616
:10BFF00016001D00002826D0040063462178013079
:10C0000002E00133914215D01A78002AF9D10029B3
:10C010001ED0050063462978013002E00133002A72
:10C02000F7D01A789142F9D10023002907D1336063
:10C03000200070BD002DDFD130602570F8E70022B0
:10C0400003002A70F3E710680028D5D10024EFE739
:10C0500000243160ECE7C046002370B5064C0500B3
:10C0600008002360FBF77EFB431C00D070BD2368F3
:10C07000002BFBD02B60F9E7782F0020014B1868CC
:10C080007047C046D41600207047C0467047C0466F
:10C09000802310B55B01082801D1180010BDFFF7FF
:10C0A000EDFF16230360173BF7E7C0460300844605
:10C0B0009B070BD00300032102E001330B4206D0A3
:10C0C0001A78002AF9D16246981A70470300196855
:10C0D0000C4A0D488A188A4302420FD15968094A0E
:10C0E00004338A188A43024208D15968054A043346
:10C0F0008A188A430242F1D000E001331A78002AFC
:10C10000FBD1E0E7FFFEFEFE808080800020014939
:10C110007047C0460000F87FF0B5C646050000B580
:10C12000804608200C00FFF7B3FF06002800FEF74A
:10C13000DBFD224F3100BB685D6803239D4328006F
:10C140001138001B8019F8F725FB441E7443A642E2
:10C1500007DC00214046FFF77FFFBB685B19984270
:10C1600006D04046FEF7C8FD002080BCB846F0BDB2
:10C1700040466142FFF770FF01300DD001222D1BB8
:10C18000BB6815430E4A5D60136840461B1B136075
:10C19000FEF7B2FD0120E8E700214046FFF75CFF13
:10C1A000BA68831A0F2BDCDD064C05492468001B96
:10C1B000086001210B435360D3E7C046781000208C
:10C1C000441D002070100020F0B5C6460C008046CB
:10C1D00000B5002940D0FEF787FD210008394E68E0
:10C1E000012533000320AB43CA18944652688243AA
:10C1F00028003040070064488468644500D171E03D
:10C2000064466260A41864682C40002F27D10E6831
:10C210005E4F891B9B198E68BE4256D0CF68F7606F
:10C22000BE60002C1DD062461D434D60136080220D
:10C23000920093422DD2DA085C090123A34044689E
:10C2400023434360D3001B189A68CB608A609960CF
:10C25000D1604046FEF750FD80BCB846F0BD002CD2
:10C260000FD19B18624601249268484D1C43CE189A
:10C27000AA4259D06546ED68D560AA604C6033602B
:10C28000D5E7624635434D601360802292009342A9
:10C29000D1D35A0A042A3DD89A09140039323834C5
:10C2A000D60086193268083E0325964203D14CE039
:10C2B0009268964203D05068A8439842F8D8D6684E
:10C2C000CE608A60B160D160C3E7002C33D1D21850
:10C2D000604663468068DB681543C36098604D60C4
:10C2E0008A50B6E79A18002F06D10B68C91A8C68D5
:10C2F000D218CB68E3609C60012313434B60244B4E
:10C3000081601B689342A4D8224B40461968FFF70E
:10C3100003FF9EE7142A13D9542A1DD81A0B1400C0
:10C320006F326E34D600BCE7D1609160CA608A601B
:10C330004C6033608DE762461D434D60136088E7B3
:10C3400014005C325B34D600ABE70123A410A34099
:10C35000446823434360B3E7AA246400A24205D89B
:10C36000DA0B140078327734D6009AE70A4CA242EE
:10C3700005D89A0C14007D327C34D60091E7FE2655
:10C380007E24B6008DE7C046781000208010002083
:10C3900074100020741D002054050000F0B5CE4636
:10C3A000474603698446994680B54D11AB4209DC86
:10C3B000002362461361002362465361C0BCB94644
:10C3C000B046F0BD1F260400370014349800AB00BF
:10C3D0002018E3180F400E421AD040CBFE4098427E
:10C3E00028D92022A046D11B1A688A4032434646EB
:10C3F00004C6B04640CBFE409842F5D84B46591B88
:10C400008900611804390E60002E0CD004310AE056
:10C4100022009842CCD940CB40C29842FBD84B4630
:10C42000591B8900611862460B1B9B101361A142C6
:10C43000C4D1C0E763465E61002EB9D0210004314B
:10C44000F1E7C046F0B557464E46DE464546E0B5F4
:10C450008946096892468A7887B003900593302A06
:10C4600000D02EE2CB1C1D0001335A1E1278302A58
:10C47000F9D0691A8B1E0193C04FBB5C002B00D111
:10C48000FAE0002200242B789046BD4AFB5C029221
:10C49000002B00D166E12E0073780136FB5C002B87
:10C4A000FAD1012230000299FFF730FD83460028BF
:10C4B00052D0002233789346002C02D0A41BA20055
:10C4C0009346202234009343502B51D04B461E609C
:10C4D0004346002B7BD1631B013B0021072B03DD6F
:10C4E00001315B10072BFBDC039800F0C5FB0190CA
:10C4F000002800D191E2019B14330493A54200D39C
:10C50000F4E19846002399463B0000264746A8469A
:10C510004D4699460CE0202E19D03200043649468B
:10C520002378CB5C0F210B4093401D4344455CD0E6
:10C53000013C23782E2BEED14445ECD30122200080
:10C540000299FFF7E3FC0028F0D0202EE5D120C7A8
:10C55000002204260025E2E7002C00D1A4E12022DD
:10C56000A41BA3009B46337834009343502BADD1DA
:10C5700063782B2B00D17EE12D2B00D0E7E0012248
:10C58000A378A11CFB5C2600581E18289ED84E1CC0
:10C590004978103B795C180000290AD10CE083002F
:10C5A0001B185B000136581833781038F95C0029E5
:10C5B00001D01929F3DD0300002A00D05B42DC46DC
:10C5C0009C444B461E604346E346002B83D0019BB0
:10C5D00006245A4253415B421C40200007B0F0BC85
:10C5E000BB46B246A946A046F0BDB846A946464657
:10C5F0004B4608C6049B019AF61AB31013614846CD
:10C6000000F01AFC53461D68F600301AA84251DCAF
:10C6100000DA32E19B685A465B4500DA22E1534674
:10C620005B689A4200DB95E09C1A671EAC426EDAAA
:10C630000026002F00D074E11F21012339408B40D8
:10C640007A11049992008A58019821002D1B1A42F0
:10C6500000D150E1FFF7A2FE53465B689B4653466C
:10C66000DC68022C00D199E0032C00D16AE1012C96
:10C6700000D197E112246EE0414B012219002800FD
:10C680000293FFF743FC804600286DD16B786C1C49
:10C69000FA5C002A6AD02500302B00D086E16B7846
:10C6A0000135302BFBD0FB5C5A425A4190460122A7
:10C6B0000192EDE6441B2100019801F053F8061E9B
:10C6C0000FD01F210123601E01408B4042110499AD
:10C6D00092008A5801261A4203D0012800DD26E183
:10C6E000022621000198FFF759FE5346DC469B685D
:10C6F000A444E346634500DAB4E053465B6862460F
:10C70000634500DCE1E09C1AA54200DDFAE05246F8
:10C71000D268022A36D0032A00D11AE1012A34D184
:10C72000AC4232D1012C07D00198611E01F01AF8F9
:10C7300000282AD053465B68059A049913600123A8
:10C74000019A622413610B60109B1A6045E7002276
:10C75000611C17E70124109B019A1A605A46059B39
:10C760001A603AE72E009CE62C002B782022934397
:10C77000502B00D1E8E04B461C6028E7E4E80010AD
:10C78000A8DF0010119A002AD6D00199039800F072
:10C790009FFA0023109A502413601EE70123119A78
:10C7A0009B1A1193119B002B00D19CE0019B00214F
:10C7B0001E69049BB200914618009846484403E065
:10C7C00002C3984200D8C9E01A68571CF8D0013259
:10C7D0001A60022C00D1D1E01F231C002C402B42F8
:10C7E00000D1ADE04B464344043B186800F024FB05
:10C7F00020231B1B984200DBA2E0019B1969002942
:10C8000000DCFCE0019A89005369414418321000B1
:10C810005B08914200D8F9E044461A000368DB0740
:10C82000134308C404C852088142F7D81300019A80
:10C830008A1A4146193A920892000431521813603C
:10C84000002B00D0043243460199D31A9B100B6190
:10C85000424500D1D6E053465A469B680132934682
:10C8600093426DDA0199039800F032FA0023109A8E
:10C87000A3241360B1E6002282E62C1A220001995B
:10C88000039800F0C5FC5B461A1B53469B68934611
:10C8900001909A42E6DC53465B689A4200DB59E716
:10C8A000010014310491BFE67378741CFA5C260011
:10C8B000002A00D105E673780136FA5C002AFAD125
:10C8C000FCE500238D1C0193D6E50124002E00D148
:10C8D00041E75346DB68022B00D15FE7032B00D111
:10C8E00060E7012B14D010231C4334E7049B9846C7
:10C8F000002399467BE6FFF751FD53465B6802240F
:10C900009B46E3E7671E002E00D191E6012693E6E1
:10C91000B307E8D5049B1B681E43F60700D545E71F
:10C92000E1E73900019800F01DFF060084E6019858
:10C93000A11E00F017FF002800D1D1E60326D0E6A3
:10C94000212408E702242DE700239B460133984663
:10C950000EE6119A002A00D0EEE616E7019B9B68CE
:10C960009E4226DA019A711CB300D318116101228C
:10C970005A61049B9846022C00D040E753461B683E
:10C980002224013BAB4200D0E5E61F2101232940D0
:10C990008B4041466A11920054581C4063425C41EE
:10C9A0002134D8E6022302241E43B3E70123019376
:10C9B00071E5019B03985968013100F05DF9071E8C
:10C9C00031D0019B0C301A690C33023219009200ED
:10C9D000F9F7C8FA0199039800F07AF901223B6946
:10C9E0000197591C9B00FB1839615A611423984622
:10C9F000B844022CC2D08E4200DBEDE6FFE60023F5
:10CA0000019A13610023019A536124E7424613609F
:10CA1000002BF4D04246043215E70022E421054BF6
:10CA20000548FAF7BDFE3A008421024B0248FAF7A6
:10CA3000B7FEC04600E0001014E00010844610B5B8
:10CA4000026808E0137801311C00413C192C00D821
:10CA50002033834207D1087801320028F2D163469F
:10CA600001301A6010BD0020FCE7C046F0B51F245D
:10CA70005746DE464E46454692460A682100E0B5D6
:10CA80000300501187B080001140504403911442BC
:10CA900000D098E00400021F0020211F08601868E1
:10CAA00002914178002900D1A4E000260190664857
:10CAB000170014000D009146B046020000210198B5
:10CAC000019315E0202D00D98DE046450CDDBC42D8
:10CAD00001D2072956DD0821A24505D2271F0023D0
:10CAE000B0463C0000213B6085780130002D12D01B
:10CAF000535D002BE6D00131013608293ADC256868
:10CB00002D01AC460F252B4065462B4323608578CD
:10CB10000130002DECD10D004A46002E6AD0BC42F7
:10CB200002D2072D00DC74E0A2454FD2504623000C
:10CB300002CB02C09A42FBD2601C551C00238542E6
:10CB400063D251460024081D1B18190004330C60E1
:10CB50009342FAD9029B1B68002B09D1514603E08E
:10CB6000043A1368002B03D19142F9D101230B60E1
:10CB7000052040E0A245B7D20021043C8C4621604C
:10CB80000131BFE708235B1A9B009C4620236146C6
:10CB90005D1A0494210023682C0055468346924672
:10CBA000604605954A681500A5401D431300C34023
:10CBB0000D604B600431B942F4D3059B5246584690
:10CBC0009A46049C87E70200041D65E702990398D2
:10CBD0000B680028C0D02024241A01204042E040E5
:10CBE00003400B60B8E7AC460D0061464A46019B26
:10CBF000292907D0042007B0F0BCBB46B246A9469D
:10CC0000A046F0BD0230186087E7141BA408A300FB
:10CC100097E708235B1B9B0019001E0020235B1A6B
:10CC20009846236894462500190042466868030028
:10CC300093400B430100F1402B6069600435BD4215
:10CC4000F4D3624670E7C046E4E8001082B00029E1
:10CC50000AD0002A0BD0002B0BD013780B60107871
:10CC6000431E984102B0704701A9002AF3D1002069
:10CC7000F8E702204042F5E770B50400406C0D0073
:10CC800000280AD0AB00C3181868002812D0026828
:10CC90001A6000230361C36070BD212204212000BB
:10CCA000FDF714FD60640028F6D0AB00C3181868C7
:10CCB0000028ECD10123AB405A1D01212000920035
:10CCC0001E00FDF703FD0028E6D045608660E0E722
:10CCD000002906D04A68436C92009B181A680A60C3
:10CCE00019607047F0B5C6461E008046002300B5A7
:10CCF0000D000C6914310868013307043F0C5743D9
:10CD0000000C5043BF193E0C80193F04060C3F0C29
:10CD10000004C01901C19C42EDDC002E07D0AB68B5
:10CD2000A34208DDA300EB1801345E612C612800EA
:10CD300080BCB846F0BD696840460131FFF79CFFF2
:10CD4000071E16D029002A690C31023292000C30DD
:10CD5000F9F708F943466A685B6C92009B181A68F9
:10CD60002A601D603D00A300EB1801345E612C6158
:10CD7000DDE73A00BA21024B0248FAF711FDC0463E
:10CD800000E0001078E00010F8B54746CE460600F7
:10CD900080B50C0090461F00092B41DD18000921C9
:10CDA0000830F7F7CFFC012300215B0001319842E6
:10CDB000FBDC3000FFF760FF011E33D0089B4361AE
:10CDC000012303614346092B16DC092398460A34E4
:10CDD000434647450BDDE719FF1A23780A22300046
:10CDE000303BFFF77FFF01340100BC42F5D1080062
:10CDF000C0BCB946B046F8BD09239C46A444E146F0
:10CE0000654644442B780A223000303BFFF76AFF26
:10CE100001350100A542F5D14C464444083CD7E712
:10CE20000021C6E70A00024B0248D331FAF7B8FCEA
:10CE300000E0001078E00010802203005202002081
:10CE4000934201D21B04103080225204934201D23B
:10CE500008301B0280225205934207D38022D2055C
:10CE6000934214D29B0014D4033008E08021043094
:10CE70001A01C9058A4203D3D243D20F80187047E2
:10CE80009A019B0105D40A42EED12020F7E71A004F
:10CE9000F2E70230F3E7C04603685A0708D0DA0722
:10CEA0002BD49A072ED501225B080360100070472F
:10CEB0001A0410D1FF211B0C1022194201D1083293
:10CEC0001B0A190716D099070ED0D90701D40132D1
:10CED0005B080360EAE7FF221A4210D01A0719D153
:10CEE00004221B099907F0D159070FD59B0802327C
:10CEF0000360DBE704321B09F4E70022D6E70822CF
:10CF00001B0ADEE79B0802220360CFE7DB0805D19E
:10CF10002022CBE7DB0803220360C7E7033203606C
:10CF2000C4E7C046436C70B504000D00002B0AD066
:10CF30005868002815D002685A600023C360012396
:10CF40004561036170BD21220421FDF7BFFB031E73
:10CF50006064EDD146210022084B0948FF31FAF701
:10CF60001FFC1C2201212000FDF7B0FB0028F1D09E
:10CF70000123436001338360DFE7C04600E0001017
:10CF800078E00010F0B54E4657464546DE46E0B51F
:10CF90000B69166989461700984687B0B34204DBCF
:10CFA00033000F004646914698464346F518BB6845
:10CFB0007968AB4200DA0131FFF75EFE8446002853
:10CFC00000D1AFE0142363449A46AC0054440022DD
:10CFD000A34202D204C39C42FCD8434649469B006C
:10CFE000984614318844414500D387E0142399467C
:10CFF000B9444B4602933B000022B6004E44F71B57
:10D00000153F1533BF089E425241BB000393434670
:10D01000A34650460C00E246A946B446019304924A
:10D0200006E02D0C37D1019B04340430A34262D9B1
:10D0300025682B04190C002BF3D0029D5B46A046FB
:10D0400000260C0083462F00059308CF01681A04C0
:10D05000120C62431B0C0D0463432D0C52199219E0
:10D06000090C5B18110C5B1812041E0C120C1B042B
:10D07000134308C0BC45E8D8059B58469B46049B13
:10D0800044465A1E9341039A5B421340C3185E60A4
:10D0900025682D0CC7D006000368A046604619001D
:10D0A0000024B446029F3A88090C6A4312195218A8
:10D0B0001B0411041B0C0B43336010CF7168240C4C
:10D0C0006C430B041B0CE318120C9B181C0C04364D
:10D0D000B842E8D8624684461000049A4446511E7D
:10D0E0008A41039952420A4082185360019B0434DA
:10D0F0000430A3429CD85C464D46D446002D03DC48
:10D1000006E0013D002D03D0043C2368002BF8D03D
:10D11000634660461D6107B0F0BCBB46B246A946F7
:10D12000A046F0BDB1210022024B03484900FAF7A6
:10D1300037FBC04600E0001078E000100323F0B594
:10D14000C64614001A0080460E0000B52240234255
:10D1500037D1A41031D043461D6C002D3AD00127A1
:10D160003B0023406410002B08D1286800281AD007
:10D1700005003B0023406410002BF6D02A0031004C
:10D180004046FFF7FFFE002E07D0434672685B6CF7
:10D1900092009B181A6832601E60002C0ED00600A8
:10D1A00028680028E4D12A0029004046FFF7EAFE5B
:10D1B0000023286005000360DBE7300080BCB84630
:10D1C000F0BD0F4B013A9200D2580023FFF78AFDC1
:10D1D0000600BEE701214046FFF74EFD051E08D0C0
:10D1E000084B436101230361434618640023036035
:10D1F000B5E746212A00044B0448FF31FAF7D0FA7C
:10D20000E4E900107102000000E0001078E0001076
:10D21000F0B54E46DE4657464546E0B50D002E6950
:10D2200053119946330083B04B4401935C1CAB68A7
:10D230008346170049689C4203DD01315B009C4234
:10D24000FBDC5846FFF718FD804600284FD04B46C0
:10D2500014308246002B0ADD4A4696003200030055
:10D2600000211432424402C39342FCD1B2441F2233
:10D270002B00100029691433890038408146591861
:10D280003A422ED00132121A94465746002648469A
:10D290001A688240324304C7624640CBD640994266
:10D2A000F5D82A0015320023914203D34B1B153BBE
:10D2B0009B089B0053445E60002E00D1019C4346B6
:10D2C0001C615B4640466A685B6C92009B181A685A
:10D2D0002A601D6003B0F0BCBB46B246A946A0461A
:10D2E000F0BD504604CB04C09942FBD8E6E7EF21DD
:10D2F0000022024B02484900FAF752FA00E00010FF
:10D3000078E0001010B5C64602690B6900B5D41A62
:10D31000A4469A4218D114309A001431040083189C
:10D32000891801E09C420FD2043B043918680A684E
:10D330009042F7D0002390425B4102205B421840AC
:10D34000012384465B429C44604610BCA04610BD4D
:10D35000F0B557464E464546DE46E0B515000A692B
:10D360002B6984460E0083B0D71A9A4214D1080064
:10D3700029009A00143014318318891802E0984269
:10D3800000D38FE0043B04391A680C68A242F6D03F
:10D3900000D392E0012705E0002FFBDB2B000027E4
:10D3A0000D001E0060466968FFF766FC002800D18A
:10D3B0008FE01422142191468C46A9442B69350034
:10D3C000C7604F4634698444A4009A004A44A0468A
:10D3D00061461435CB46824601960024664699463E
:10D3E000944638002A00A844009120C880CA290425
:10D3F0003B041B0C090CC91A09192D0C3F0C0B140A
:10D40000ED1BED1809042C14090C2D04294302C648
:10D410009045EAD8019E4B46350015356246D946FF
:10D4200050460027A84504D34546AD1B153DAD0821
:10D43000AF00009DAA46BA444F443E1D57460437EC
:10D44000BC462F004D46B0467F1BB24239D99946A3
:10D4500082463B002000F71802CE0D042D0C2D193A
:10D460002D140C0C09182D1909042C14090C2D0469
:10D4700029433960B242EDD84446013A121B920862
:10D4800092004B465046624402E0043A1168013B68
:10D490000029FAD0036103B0F0BCBB46B246A946EE
:10D4A000A046F0BD00216046FFF7E6FB00280AD049
:10D4B0000123036100234361EDE72B0035001E00CB
:10D4C00070E75246E4E70022054B06480649FAF7A2
:10D4D00067F90022024B03480449FAF761F9C04694
:10D4E00000E0001078E00010370200004502000064
:10D4F0000D4B0E4A0B409B180022002B02DD190039
:10D50000100070475B421915132903DC80231B03AD
:10D510000B41F4E7143901221E2902DC8022120695
:10D52000CA400023EBE7C0460000F07F0000C0FCCB
:10D53000F8B504690600A400CE46A1461436B144ED
:10D5400047464B46884680B51F1F3D682800FFF7B9
:10D5500073FC202341461A1A0A600A2828DD0B2290
:10D56000524294468444BE4216D24F466246083F19
:10D570003968002A13D0981A0B009540C3401C4C00
:10D580001D432C4323009140BE420BD24C460C3C21
:10D590002468C440214305E000210B2821D1144810
:10D5A0002843030008001900C0BCB946B046F8BDC6
:10D5B0000B210B1A98462B004246D34019000C4C05
:10D5C00021430B0000218C46BE4204D24C46083C4D
:10D5D0002468D440A44629001530814060460143A8
:10D5E000E0E763469D40024929430B000021D9E74B
:10D5F0000000F03FF0B5C64600B5012182B016002C
:10D600001F00FFF739FB804600284AD03B037D000E
:10D610001B0B6D0D02D08022520313430193002E89
:10D6200019D101A8FFF738FC4246019B0124536140
:10D63000434620301C61002D25D035241C4BED18AD
:10D64000089B2D181D60201A099B1860404602B0E7
:10D6500080BCB846F0BD68460096FFF71DFC019CF3
:10D66000009B002805D020222100121A9140C440BE
:10D670000B43424653619461631E9C41434601340F
:10D680001C61002DD9D10B4BC018089B18600023DA
:10D69000E3189B0043441869FFF7CEFB6401201A8E
:10D6A000D2E70022044B05480549FAF779F8C0464D
:10D6B000CDFBFFFFCEFBFFFF00E0001078E0001085
:10D6C0000F030000F0B587B00E0004A90700FFF7B4
:10D6D0002FFF04000D00300005A902940395FFF709
:10D6E00027FF3F69366900900191BE1B7301059FBA
:10D6F000049EF61BF618002E0CDD360573190393F5
:10D70000029C039D2000009A019B2900F7F78FFAE5
:10D7100007B0F0BD019B3205991A00900191F1E725
:10D72000944601394B11013361469B00C218634690
:10D73000096914338900591830B58B420BD20400A3
:10D7400020CB20C49942FBD86346CB1A153B9B08DB
:10D750009B0004301818824203D9002308C082427B
:10D76000FCD830BD8C4601006346026910B5143107
:10D77000581182420ADA92008B1803E0043B1A68BF
:10D78000002A15D18B42F9D8002010BD8300CB1898
:10D790008242F7DD1F226046644610402242F1D0EB
:10D7A0001A689446C240824001209445EDD1E9E7D1
:10D7B0000120EAE7002909D0FF2A02D801200A70D7
:10D7C00070478A23036001204042F9E70020F7E711
:10D7D000F8B5C0460000000001B40248844601BC10
:10D7E000604700BF0103002001B40248844601BC29
:10D7F000604700BF2502002001B40248844601BCF6
:10D80000604700BF110F002001B40248844601BCEC
:10D81000604700BF2504002001B40248844601BCD3
:10D82000604700BF110F002001B40248844601BCCC
:10D83000604700BFC100002001B40248844601BC1B
:10D84000604700BF9901002001B40248844601BC32
:10D85000604700BFDD0B002001B40248844601BCD4
:10D86000604700BF0101002001B40248844601BCAA
:10D87000604700BF910C002001B40248844601BCFF
:10D88000604700BF410C002001B40248844601BC3F
:10D89000604700BF050C0020214500104D450010D9
:10D8A00035470010495F0010A14E0010C15A00100A
:10D8B0005D46001069450010894500109D45001027
:10D8C00019350010A5450010D9380010E9440010A2
:0CD8D0005931001005820010B102001058
:10D8E0003D3D3D3D3D3D3D3D3D3D3D3D3D3D3D3D68
:10D8F0003D3D3D3D3D3D3D3D3D3D3D3D3D3D3D3D58
:10D900003D3D3D3D3D3D3D3D0D00000049676E699B
:10D91000746961204176696F6E696373000000006D
:10D9200020202573207625642E25642E25640D0A7B
:10D9300000000000496E697469616C697A696E67FC
:10D94000204D5055363035302E2E2E200000000050
:10D950004641494C45440D004861726477617265E7
:10D9600020696E6974206661696C65642120456E6A
:10D97000746572696E67206572726F72207374616C
:10D9800074652E0D000000004F4B0D00496E697448
:10D9900069616C697A696E6720424D453238302E74
:10D9A0002E2E2000496E697469616C697A696E6710
:10D9B000204750532E2E2E2000000000496E69741F
:10D9C00069616C697A696E6720536572766F2E2E75
:10D9D0002E20000043616C6962726174696E672079
:10D9E00073656E736F72732E2E2E0D0020204D50B6
:10D9F00055363035303A20002020424D45323830FF
:10DA00002067726F756E64206C6576656C3A2000D5
:10DA1000252E30662050610D0A00000048617264B6
:10DA20007761726520696E697469616C697A617485
:10DA3000696F6E20636F6D706C6574650D0A0D0003
:10DA400053595354454D205245414459000000005C
:10DA5000547970652027682720666F722068656C8E
:10DA6000700D0A0D000000005761746368646F67F1
:10DA7000207374617274656420282564206D73209E
:10DA800074696D656F7574290D0A0D0A0000000038
:10DA900053454E534F52204641554C540000000010
:10DAA00053454E534F52205245434F5645524544DD
:10DAB000000000004652454546414C4C2054494D1B
:10DAC000454F5554202D20464F5243452044455044
:10DAD0004C4F590041504F4745452054494D454F03
:10DAE0005554202D20464F524345204445504C4F1D
:10DAF000590000004445504C4F5945442054494D6D
:10DB0000454F5554202D20464F524345204C414E01
:10DB100044494E47000000004445504C4F59494E7F
:10DB20004720504152414348555445004445504CCC
:10DB30004F594D454E5420535543434553530000D0
:10DB40004445504C4F594D454E54204641494C4553
:10DB50004400000052583A20256320282564290AF1
:10DB600000000000494D55204E4F5420524541447D
:10DB7000590000004241524F204E4F54205245411F
:10DB800044590000414C5420544F4F204C4F5720D3
:10DB900028252E31666D29005741524E3A204E4FAE
:10DBA00020475053204C4F434B00000050524546F5
:10DBB0004C49474854204F4B0000000041524D2033
:10DBC00044454E4945443A2025730D0A00000000A3
:10DBD00041524D454400000041524D2044454E49BC
:10DBE0004544000044495341524D45440000000063
:10DBF000534552564F205445535400005245534507
:10DC00005420434F4D504C45544500002453545329
:10DC10002C53746174653D25732C416C743D252E25
:10DC200031662C56656C3D252E32662C416363654A
:10DC30006C3D252E32662C44726F704D533D256C21
:10DC4000752C4465706C6F7965643D25640D0A0020
:10DC500043414C4942524154494E470043414C498B
:10DC600042524154494F4E20444F4E45000000005F
:10DC70000D0A3D3D3D2049676E697469612043612D
:10DC80006E53617420436F6E74726F6C204C6F6FB3
:10DC900070203D3D3D0D0000436F6D6D616E6473FE
:10DCA0003A0D0000202061202D2041726D0D0000F2
:10DCB000202064202D2044697361726D0D000000E6
:10DCC000202074202D205465737420736572766F44
:10DCD0000D000000202072202D2052657365740D08
:10DCE00000000000202073202D2053746174757390
:10DCF0000D000000202063202D2043616C696272BA
:10DD00006174652073656E736F72730D000000009F
:10DD1000202068202D2048656C700D000D0A53747A
:10DD200061746520666C6F773A0D000020204944CD
:10DD30004C45202D3E2041524D4544202D3E20464D
:10DD400052454546414C4C202D3E2041504F4745C1
:10DD500045202D3E204445504C4F594544202D3EF2
:10DD6000204C414E4445440D0A0D000047474100F8
:10DD70002C000000524D4300554E4B4E4F574E0065
:10DD800049444C45000000004652454546414C4C34
:10DD90000000000041504F47454500004445504CAD
:10DDA0004F594544000000004C414E44454400009A
:10DDB00024542C256C752C25732C252E31662C258E
:10DDC0002E32662C252E32662C25750D0A00000099
:10DDD00024532C25730D0A00244C2C256C752C25FE
:10DDE0002E32662C252E32662C252E33662C25737A
:10DDF0000D0A00000A2A2A2A2050414E4943202AAF
:10DE00002A2A0A004E6F207370696E6C6F636B7301
:10DE10002061726520617661696C61626C650000E9
:10DE20004E6F20757365722049525173206172657F
:10DE300020617661696C61626C65000048617264A2
:10DE40007761726520616C61726D20256420616C60
:10DE5000726561647920636C61696D6564000000BE
:10DE600048617264206173736572740052656C65F9
:10DE700061736500626F6F74325F7732357130386D
:10DE800030000000322E322E300000007069636FC7
:10DE90000000000069676E697469615F6176696F8F
:10DEA0006E696373000000004170722020352032DB
:10DEB00030323600666E692B00000000666E690025
:10DEC0006E616E00666E692D000000002C20667584
:10DED0006E6374696F6E3A200000000061737365B1
:10DEE0007274696F6E2022257322206661696C65E9
:10DEF000643A2066696C6520222573222C206C69A7
:10DF00006E65202564257325730A00005553422051
:10DF1000737464696E202F207374646F75740000CD
:10DF2000526173706265727279205069000000005E
:10DF30005069636F00000000426F617264204344C7
:10DF4000430000005265736574000000556E6861FF
:10DF50006E646C65642049525120307825780A003F
:10DF6000657020253032582077617320616C7265AE
:10DF700061647920617661696C61626C65000000A2
:10DF800043616E277420636F6E74696E75652078C7
:10DF9000666572206F6E20696E61637469766520B4
:10DFA00065702025303258002E0000006E6600009B
:10DFB000696E697479000000616E00004C435F4334
:10DFC0004F4C4C41544500004C435F43545950451D
:10DFD000000000004C435F4D4F4E455441525900E4
:10DFE0004C435F4E554D4552494300004C435F54EE
:10DFF000494D45004C435F4D455353414745530000
:10E0000042616C6C6F6320737563636565646564FE
:10E01000000000002F646174612F6A656E6B696E89
:10E02000732F776F726B73706163652F474E552D39
:10E03000746F6F6C636861696E2F61726D2D31351D
:10E040002F7372632F6E65776C69622D63796777C2
:10E05000696E2F6E65776C69622F6C6962632F73CE
:10E0600074646C69622F6764746F612D676574688E
:10E0700065782E63000000002F646174612F6A656B
:10E080006E6B696E732F776F726B73706163652F40
:10E09000474E552D746F6F6C636861696E2F6172A6
:10E0A0006D2D31352F7372632F6E65776C69622D1C
:10E0B00063796777696E2F6E65776C69622F6C691B
:10E0C00062632F7374646C69622F6D707265632E66
:10E0D000630000000009001042090010420900100E
:10E0E00042090010420900104209001042090010C4
:10E0F00042090010420900104209001042090010B4
:10E1000042090010420900104209001042090010A3
:10E110004209001042090010420900104209001093
:10E120004209001042090010420900104209001083
:10E130004209001042090010420900104209001073
:10E140004209001042090010420900104209001063
:10E15000420900104209001042090010DA090010BB
:10E16000420900107C0A0010660A001042090010E3
:10E170004209001042090010000900104209001075
:10E180004209001042090010420900104209001023
:10E190004209001042090010420900104209001013
:10E1A000A009001048090010CA090010E803000087
:10E1B000C80000003200000064000000F40100000C
:10E1C000D00700007A1A0010B41A00100E1D0010BB
:10E1D0005E1B0010701B0010CA1B0010121D0010E7
:10E1E000F41B0010E01C00105C1A00104C22001000
:10E1F0003C220010662200106E2200107C220010CB
:10E2000080DD0010D0DB001088DD001094DD0010F0
:10E210009CDD0010A8DD001006005250D3F07542BE
:10E220006CDE001006005250E182887F74DE001020
:10E2300006005250ABB3605384DE0010060052500B
:10E24000BBFF3CB68CDE001006005250861C030259
:10E2500094DE0010060052505422A29DA8DE001049
:10E2600005005250DE65F46820030110BC6C0010FC
:10E27000746C0010746C0010B46C0010746C00109E
:10E28000746C0010746C0010746C0010746C0010CE
:10E29000746C0010746C0010AC6C0010746C001086
:10E2A000A66C0010746C0010746C00109E6C001052
:10E2B000B06E0010CE6C0010A46E0010CE6C00107A
:10E2C000926E0010CE6C0010CE6C0010CE6C001060
:10E2D000CE6C0010CE6C0010CE6C0010CE6C001016
:10E2E000C46C0010CE6C0010CE6C0010CE6C001010
:10E2F000CE6C0010CE6C0010C46C0010446F001087
:10E30000326C0010326C0010326C0010326C001055
:10E31000326C0010326C0010326C0010326C001045
:10E32000326C0010326C0010326C0010326C001035
:10E33000326C0010326C0010326C0010326C001025
:10E34000326C0010326C0010326C0010326C001015
:10E35000326C0010326C0010326C0010326C001005
:10E36000326C0010326C0010326C0010326C0010F5
:10E37000326C0010326C0010326C0010C06E001055
:10E38000FC6E0010C06E0010326C0010326C001079
:10E39000326C0010326C0010326C0010326C0010C5
:10E3A000326C0010326C0010326C0010326C0010B5
:10E3B000326C0010326C0010326C0010326C0010A5
:10E3C000326C0010326C0010DC700010326C0010E7
:10E3D000326C0010326C0010326C0010326C001085
:10E3E000326C0010326C0010326C0010326C001075
:10E3F000DC700010546F0010DC700010C06E001054
:10E40000FC6E0010C06E0010000000000000F03F25
:10E4100000000000000024400000000000005940FF
:10E420000000000000408F40000000000088C34052
:10E4300000000000006AF8400000000080842E41C7
:10E4400000000000D01263410000000084D7974113
:10E450000000000065CDCD410D0A00000000000065
:10E460007D7C001000000000817C00108D7C00107D
:10E47000B97C0010B57C0010000000000A0000000C
:10E4800000000306A6000800020002009C00140021
:10E49000030057494E5553420000000000000000A1
:10E4A00000008000040001002800440065007600A0
:10E4B00069006300650049006E0074006500720029
:10E4C0006600610063006500470055004900440094
:10E4D00000004E007B00620063003700330039000B
:10E4E0003800630031002D00370033006300640002
:10E4F0002D0034006300620037002D003900380021
:10E50000620038002D00390031003300610038000E
:10E5100066006300610037006200660036007D001F
:10E5200000000000050F2100011C100500DF60DD68
:10E53000D88945C74C9CD2659D9E648A9F00000384
:10E5400006A60001000000000600525053B4F4A1DA
:10E550000CDF00100000000020DF001030DF001092
:10E56000FC35002038DF001044DF001009025400A1
:10E57000030100807D080B00020202000009040074
:10E58000000102020004052400200105240100010D
:10E590000424020605240600010705810308001073
:10E5A00009040100020A0000000705020240000001
:10E5B000070582024000000904020000FF00010577
:10E5C00012011002EF0201408A2E0A00000101022E
:10E5D000030100009E880010048A0010548A001075
:10E5E000DC890010EE890010CC8900103E890010F3
:10E5F000EA880010DE880010BE8D0010A48D001087
:10E60000728B0010DE8D0010728B00108C8D00104C
:10E61000788D0010728B0010648D00106C8C0010CF
:10E62000728B00104A9000103C9000103090001047
:10E63000728B0010728B00101A9000103C9000102A
:10E64000728B0010728B0010728B0010728B001096
:10E65000728B0010728B0010728B0010D28F001022
:10E660005C0D00205C0D0020A60D0020C60D0020D2
:10E670000C0E00201E0E0020540D00200000000093
:10E68000CD9500103D9600106D960010B5960010C7
:10E690005D9700104D980010000000000000000081
:10E6A00045990010A1990010BD990010E59900103E
:10E6B000157D0010E99A001000000000D8AE00108F
:10E6C0006EAD00106EAD00106EAD00106EAD00109E
:10E6D0006EAD00106EAD00106EAD00106EAD00108E
:10E6E0007EAE00107EAE00107EAE00107EAE00103A
:10E6F0007EAE00106EAD00106EAD00106EAD00105D
:10E700006EAD00106EAD00106EAD00106EAD00105D
:10E710006EAD00106EAD00106EAD00106EAD00104D
:10E720006EAD00106EAD00106EAD00106EAD00103D
:10E730006EAD00106EAD00106EAD00107EAE00101C
:10E740006EAD00106EAD00106EAD00106EAD00101D
:10E750006EAD00106EAD00106EAD00106EAD00100D
:10E760006EAD00106EAD0010E4B400106EAD001080
:10E77000F6B400104CBC0010CCB800101EB900104C
:10E7800018B9001004B90010CCB800103400000013
:10E79000CEFBFFFFCB0300000100000000000000E3
:10E7A00035000000CEFBFFFFCB030000010000009E
:10E7B0000000000000000000BC89D897B2D29C3C49
:10E7C00033A7A8D523F649393DA7F444FD0FA53258
:10E7D0009D978CCF08BA5B25436FAC6428066811FF
:10E7E0000020202020202020202028282828282021
:10E7F0002020202020202020202020202020202019
:10E800002088101010101010101010101010101080
:10E810001004040404040404040404101010101070
:10E82000101041414141414101010101010101013A
:10E83000010101010101010101010101101010108C
:10E84000101042424242424202020202020202020C
:10E850000202020202020202020202021010101060
:10E860002000000000000000000000000000000088
:10E870000000000000000000000000000000000098
:10E880000000000000000000000000000000000088
:10E890000000000000000000000000000000000078
:10E8A0000000000000000000000000000000000068
:10E8B0000000000000000000000000000000000058
:10E8C0000000000000000000000000000000000048
:10E8D0000000000000000000000000000000000038
:10E8E0000000000000000000000000000000000028
:10E8F0000000000000000000000000000000000018
:10E900000000000000000000000000000000000007
:10E91000000000001011121314151617181900002A
:10E9200000000000001A1B1C1D1E1F00000000003C
:10E9300000000000000000000000000000000000D7
:10E9400000000000001A1B1C1D1E1F00000000001C
:10E9500000000000000000000000000000000000B7
:10E9600000000000000000000000000000000000A7
:10E970000000000000000000000000000000000097
:10E980000000000000000000000000000000000087
:10E990000000000000000000000000000000000077
:10E9A0000000000000000000000000000000000067
:10E9B0000000000000000000000000000000000057
:10E9C0000000000000000000000000000000000047
:10E9D0000000000000000000000000000000000037
:10E9E0000000000005000000190000007D0000008C
:10E9F0000080E03779C34143176E05B5B5B893463B
:10EA0000F5F93FE9034F384D321D30F94877825A06
:10EA10003CBF737FDD4F1575000000000000F03F24
:10EA200000000000000024400000000000005940E9
:10EA30000000000000408F40000000000088C3403C
:10EA400000000000006AF8400000000080842E41B1
:10EA500000000000D01263410000000084D79741FD
:10EA60000000000065CDCD41000000205FA0024203
:10EA7000000000E876483742000000A2941A6D4278
:10EA8000000040E59C30A2420000901EC4BCD6426B
:10EA900000003426F56B0C430080E03779C3414316
:10EAA00000A0D8855734764300C84E676DC1AB438C
:10EAB000003D9160E458E143408CB5781DAF1544AA
:10EAC00050EFE2D6E41A4B4492D54D06CFF0804485
:10EAD000F64AE1C7022DB544B49DD9794378EA449A
:10EAE00018E2001024E2001030E200103CE20010B6
:10EAF00048E2001054E2001060E2001048E5001007
:10EB000003000068EFF3108C72B60268002AFCD094
:10EB1000BFF35F8F04229A56002A0BDB002900D036
:10EB20000A6000201B68BFF35F8F00221A608CF31D
:10EB300010887047D0221206126801201A71F1E77E
:10EB4000F0B5C646160000B504001F000268EFF3DA
:10EB5000108172B61368002BFCD0BFF35F8F0423C3
:10EB6000E3562268002B2BDBBFF35F8F0020106081
:10EB700081F31088D02212061278002552B29046F6
:10EB80009A420ED1002080BCB846F0BDBFF35F8F23
:10EB9000156081F310883000390000F0DDFE002898
:10EBA000F0D12268EFF3108172B61368002BFCD00D
:10EBB000BFF35F8F237922687F2BE7D9434602E0BA
:10EBC000D0231B061B682371BFF35F8F00231360E4
:10EBD00081F310880120D6E7F0B5C64600B50F00D6
:10EBE000040000F0C9FEFA220E00050000233800E0
:10EBF0000021920000F0D8FE4019714106000F1E5E
:10EC000002DA0126164F7642D0231B061B68002528
:10EC100098460AE0BFF35F8F156081F310883000DB
:10EC2000390000F099FE002818D12268EFF3108116
:10EC300072B61368002BFCD0BFF35F8F2379226874
:10EC40007F2BE7D943462371BFF35F8F0023136007
:10EC500081F31088012080BCB846F0BD0020FAE79F
:10EC6000FFFFFF7F0268EFF3108172B61368002B7D
:10EC7000FCD0BFF35F8FFF2303710368BFF35F8F87
:10EC800000221A6081F3108840BF7047084B9C46F1
:10EC90001B78002B0BD18023064807495B051A68B7
:10ECA000C25004338B42FAD101236246137070477D
:10ECB0002B360020A82300100001001010B5014BD6
:10ECC000984710BDA9230020064B5A6802609A6835
:10ECD0004260DA6882601A69C2605A6902619B699F
:10ECE00043617047000002400268064B5A60426868
:10ECF0009A608268DA60C2681A6102695A61426980
:10ED00009A61704700000240034B1A68C0239B00C1
:10ED10009343024A136070470C8001400C900140FD
:10ED2000054B1A6880239B005340C0229200134079
:10ED3000024A13607047C0460C8001400C900140AD
:10ED4000F0B5D6464F4646460023C0B5182786B0D4
:10ED50001E0081460D00988A3F493B881400984761
:10ED60003B8880463D49B08A984700233C490600CD
:10ED7000988A3B8898478246FFF788FF6846FFF7E6
:10ED8000A3FFC047B047FFF7CBFF211E1CD00823CD
:10ED9000C0209C464005163F6246836A1A401F42C7
:10EDA00034D0631A002926D1002A0BD1002C0BD0B5
:10EDB000C023082202265B059B6A1A401E423DD0F2
:10EDC000002AF5D0002C2BD1FFF79EFFD047FFF78C
:10EDD00075FF6846FFF788FF06B0E0BCBA46B1464B
:10EDE000A846F0BD002C2BD1C0225205966A0822FD
:10EDF0003240B6072BD50D2B19D9002AF2D1C022EB
:10EE00005205966A08223240B607F4D4002A04D18B
:10EE10000B002343002BBFD1D6E70B00002CF9D009
:10EE2000036E013C2B70230001350B43F2E74B4688
:10EE30001B780139036601239944E7E70021E5E7E0
:10EE4000C0235B051B6E013C2B700135A4E70B0052
:10EE5000A242DFD1DCE7C046494600004558000029
:10EE6000464300000022154B10B59A60DA601A6123
:10EE70005A619A61DA611A625A629A62DA621A63B4
:10EE80005A639A63DA631A645A649A64DA641A6594
:10EE90005A659A65DA651A665A669A66DA661A6774
:10EEA0005A679A67DA67F03292000021044800F04E
:10EEB0005BFD044B044A1A6010BDC04600001050B0
:10EEC000FC2F00200C34002080011050F0B5474684
:10EED000CE4680B51C4B00249F6D012685B0002FC7
:10EEE0001BD01A4B98461A4B994604E00134E4B201
:10EEF0007600202C11D03E42F8D043469E65012377
:10EF000065086D00A343ED186D014D44280000F025
:10EF100013FC002806D1B743E8D105B0C0BCB94600
:10EF2000B046F0BDEB8AE0210393002301A8AA7844
:10EF3000C900018001210271437100F01DFC28000D
:10EF400000F098FBE7E7C046000011500030115078
:10EF5000BC2F00209823C64AF0B5D55880232E0038
:10EF60009B02102485B01E401D4274D0C14BC24C80
:10EF70009A6AC24B00261A603B23E35C022B00D145
:10EF80004BE17B23E35C022B00D1EFE0BB23E35C8E
:10EF9000022B00D1F6E0FB23E35C022B00D1FDE065
:10EFA0003C23FF33E35C022B00D129E17C23FF33B8
:10EFB000E35C022B00D10AE1BC23FF33E35C022BAC
:10EFC00000D13BE1FC23FF33E35C022B00D1F1E0F5
:10EFD000AB4BE35C022B00D170E1AA4BE35C022B4C
:10EFE00000D101E1A84BE35C022B00D171E1A74BFA
:10EFF000E35C022B00D12EE1A54BE35C022B00D198
:10F000009CE1A44BE35C022B00D16DE1A24BE35CDD
:10F01000022B00D19DE1A14BE35C022B00D17BE1EF
:10F02000002E08D19E4B1B78002B04D180219D4AD5
:10F0300090338902D150C02269468D4B92009B6C5F
:10F0400080265B058A805B0D012101A8029300F0F8
:10F0500093FB954CB602EB0600D57BE080235B0268
:10F060001D422FD00224844F1E43BB7E002B14D0A0
:10F0700000F092FC012800D970E0C0220021380085
:10F08000920100F0FDFA380000F0F4FA00F084FC80
:10F09000012802D9834B5C661C660123FB70203774
:10F0A000012C20D1C0236A46DB0093807F4A02AB4B
:10F0B00003CA03C3012101A800F05EFB8022794B43
:10F0C00092021A6580235B011D420ED18023DB0171
:10F0D0001D4221D180231B021D422DD1AE4200D002
:10F0E000BEE105B0F0BD0124BFE700241E43604B24
:10F0F0001C60FFF7B7FE80236A465B0093801472A2
:10F10000012101A800F038FB8022664B12031A652A
:10F110008023DB011D42DDD01E4380236A46DB00D5
:10F120009380012101A800F027FB10225D4B1A6596
:10F1300080231B021D42D1D01E43A0236A46DB0060
:10F140009380012101A800F017FB8022554B12018A
:10F150001A65C3E7FFF7BAFE26007FE7544B444A1F
:10F160001C66536E2340A342FBD186E77833E75CED
:10F17000002F00D10AE70233E25C002A00D00DE143
:10F180003E0003E7B833E75C002F00D103E702330A
:10F19000E25C002A00D0F9E03E00FCE6F833E75CD0
:10F1A000002F00D1FCE60233E25C002A00D041E1EE
:10F1B0003E00F5E6F933FF33E75C002F00D107E7A7
:10F1C0000233E25C002A00D02BE13E0000E77933F5
:10F1D000FF33E75C002F00D1EEE60233E25C002A49
:10F1E00000D015E13E00E7E6324BE75C002F00D18E
:10F1F000F8E60233E25C002A00D001E13E00F1E6CD
:10F200003933FF33E75C002F00D1CFE60233E25CF5
:10F21000002A00D0EBE03E00C8E63833E65C002E62
:10F2200000D1AEE60233E25C002A00D1A9E620005C
:10F2300000222030E25400F04BFAA2E6B933FF334B
:10F24000E75C002F00D1BDE60233E25C002A00D06B
:10F25000C4E03E00B6E6184BE75C002F00D1CBE6D9
:10F260000233E25C002A00D0B0E03E00C4E6C046B3
:10F270000000115000400540BC2F0020602F0020EE
:10F280003B0200007B020000BB020000FB0200000A
:10F290003B0300007B030000BB030000FB030000F6
:10F2A00025360020003011501000020000001050E0
:10F2B000002011507A020000FA0200006B4BE75C5C
:10F2C000002F00D189E60233E25C002A76D13E00AD
:10F2D00083E6674BE75C002F00D188E60233E25CEF
:10F2E000002A63D13E0082E6624BE75C002F00D12A
:10F2F0008CE60233E25C002A00D0A3E05E4BE35CC4
:10F30000022B30D15D4BE35C002B27D15C4BE35CDF
:10F31000022B00D08FE63E005A4BE35C002B00D15D
:10F320007EE6FF239B00E25C002A00D183E60022F8
:10F33000E2541C3BE01800F0CBF97CE6524BE75C52
:10F34000002F00D15DE60233E25C002A16D13E00B8
:10F3500057E64A4BE35C002B00D15CE6EF239B00B1
:10F36000E25C002A75D1464BE35C022B00D062E6DA
:10F37000444BE35C002B00D15DE6D2E70022E2546F
:10F380001C3BE01800F0A4F93E003AE62000002201
:10F39000A030E2543E0000F09BF9FCE52000002282
:10F3A0006030E2543E0000F093F9EFE50022E254B1
:10F3B0001C3BE01800F08CF93E0018E60022E254F5
:10F3C0001C3BE01800F084F93E0006E60022E254FF
:10F3D0001C3BE01800F07CF93E000DE62000002206
:10F3E000A130FF30E2543E0000F072F9EAE520005F
:10F3F00000222130FF30E2543E0000F069F9D5E5EB
:10F400000022E2541C3BE01800F062F93E00E9E5FE
:10F41000200000226130FF30E2543E0000F058F935
:10F42000CAE520000022E130FF30E2543E0000F047
:10F430004FF9CDE520000022E030E2543E0000F01C
:10F4400047F9ADE50022E2541C3BE01800F040F91A
:10F4500054E70022E2541C3BE01800F039F982E73F
:10F4600031000A48694000F0AFFAC0463A02000095
:10F47000BA0200007A030000BB030000BA030000D8
:10F48000FB030000FA0300003A0300004CDF001009
:10F49000F0B58C46838A018B020083B00E1C994222
:10F4A00000D91E1CB6B29B1B9CB2D37880211800D9
:10F4B000451EA841C90031434003084301214B4088
:10F4C000D37053789482002B32D11169002E2AD048
:10F4D0006346D4689B01E418731E0193062B32D94E
:10F4E00023000B439B072ED1631A013B022B2AD921
:10F4F0000023B708BF00CD58E5500433BB42FAD112
:10F500009E420ED0019DE418EF1ACD18C95C2170FF
:10F510000199994205D06B786370012F01D0AB78C7
:10F52000A3701169948A802389191B021161184301
:10F53000002C02D18023DB0118436346002B00D04E
:10F54000000403B0F0BD0023CD5CE55401339E42BE
:10F55000FAD1E6E78368F0B51A68002900D0120CEA
:10F5600043789205950D002B09D1C38AEB18C3820D
:10F57000038BAB4201D9002383822800F0BD0469CC
:10F58000002D28D0C36889016F1EBC465E18062F67
:10F5900027D901315B18E31A022B22D92300334308
:10F5A0009B071ED10023120E9200F158E150043344
:10F5B0009A42FAD195420DD063469F1AA318B45CC3
:10F5C000B1181C70944505D04A785A70012F01D0AB
:10F5D0008A789A700469C38A6419EB18C38204613B
:10F5E000C6E70022B35CA35401329542FAD1046904
:10F5F000F1E7C04610B50400836800211B68FFF7DF
:10F60000A9FF63681B685B0002D5238B834200D08F
:10F6100010BD01212000FFF79DFFF9E7084B1A6C90
:10F620000023920703D48278D209012A01D018005E
:10F630007047C37E023B5A425341DBB2F7E7C046F4
:10F640000000115010B5FFF7E9FF00280AD0064B63
:10F65000064A9B6A064912685B189B1A0020C6225C
:10F660009A42404110BDC04600400540602F002036
:10F67000E0FCFFFF00238376436103617047C046CF
:10F6800010B58368002901D01C682140002A12D0DF
:10F690008024E400114322420DD01A6822420CD18A
:10F6A000084A0A401A60084A126C920703D40C23D5
:10F6B000033BFDD28368196010BD8178034800F0D8
:10F6C00083F9C046FFFBFFFF0000115060DF001010
:10F6D000436870B50021802504001E68FFF7D8FE3E
:10F6E000124B6D011A6C0543A37892070ED55B0689
:10F6F0000ED00F4B1E4080239B05334362680021D0
:10F70000136020002A00FFF7BBFF70BDDB09F0D0BB
:10F71000A38A002BEDD001212000FFF7B9FEA02322
:10F72000044ADB05324005431343E7E7000011506C
:10F73000FFFFFFAFFFFFFFDF70B5857E0400002DE8
:10F7400014D0FFF757FFA38A002B01D1280070BD0A
:10F750002000FFF777FF002803D00123002523773F
:10F76000F4E72000FFF7B4FF0025EFE781780148B8
:10F7700000F02AF980DF0010F0B54746CE4680B58C
:10F78000437805000F0085B0062B07D8694A9B0017
:10F79000D3589F46684A137801331370674B1C682F
:10F7A0006269EFF3108172B61368002BFCD0BFF3CF
:10F7B0005F8FA1612000290000F0E6F86269A3696B
:10F7C000BFF35F8F0021116083F31088002804D1FC
:10F7D00005B0C0BCB946B046F0BD3A00697828789B
:10F7E00000F0EAF8F4E70121554B1A788A431A70C1
:10F7F0001A7801318A431A7000225A701A7802313D
:10F800008A431A70CAE74F494F4B88464F491E003A
:10F810001A7800240023894612E04B461B686101D8
:10F820005B18002B06D0DB69002B03D069682878B1
:10F83000984732780134E4B2511C2300A14217DB0F
:10F84000A242EAD89B1A5B014344ECE73C4B1A788E
:10F85000D207BDD504211A780A431A709EE7384BA7
:10F860001A78D207B4D504211A788A431A7095E71A
:10F87000334A1378904611005B0728D51378042289
:10F8800001AC93430B7020000021083200F06CF8AB
:10F890002B78237005236370284B1B6818005A6966
:10F8A000EFF3108172B61368002BFCD0BFF35F8FAB
:10F8B00006008161210000F067F87269B369BFF347
:10F8C0005F8F0021116083F3108800282CD14346FC
:10F8D000DB78DB0700D47BE72B7801AC23700323B4
:10F8E00063706B686360154B1D686A69EFF3108184
:10F8F00072B61368002BFCD0BFF35F8FA96128009C
:10F90000210000F041F86A69AB69BFF35F8F002105
:10F91000116083F31088002800D159E73A0061781C
:10F92000207800F049F853E73A006178207800F039
:10F9300043F8CCE760E6001026360020F01F0020D8
:10F94000981F00207CE6001024360020B01E002006
:10F950007047C0460000000001B40248844601BC64
:10F96000604700BFB53C001001B40248844601BCAA
:10F97000604700BF595F001001B40248844601BCD3
:10F98000604700BFD93D001001B40248844601BC65
:10F99000604700BF75A1001001B40248844601BC55
:10F9A000604700BFF12F001001B40248844601BC3B
:10F9B000604700BF9558001001B40248844601BC5E
:10F9C000604700BF4587001001B40248844601BC6F
:10F9D000604700BFFD2F00100000803F80E6C54754
:10F9E000A8290020A824002010000000000000002A
:10F9F0000000010000000000000000000000020004
:10FA000000000000000000000000030000000000F3
:10FA1000000000000000FF000000000001B5486881
:10FA200001318E460047704609380149884701BDBB
:10FA30002D34001000000000000000000000000055
:10FA40000000000000000000B819002000000000C5
:10FA5000503300004C330000543300005233000098
:10FA60004D5300004D430000533400004334000068
:10FA7000E57E0010997E00100D7E0010857D00103F
:10FA80000000000000010000F41F002010000C0026
:10FA90000000000000000000000000000000000066
:10FAA00000000000FF0000000040044000000000D3
:10FAB000FFFFFFFF00000200000000000000000048
:10FAC0007810002078100020801000208010002086
:10FAD0008810002088100020901000209010002036
:10FAE0009810002098100020A0100020A0100020E6
:10FAF000A8100020A8100020B0100020B010002096
:10FB0000B8100020B8100020C0100020C010002045
:10FB1000C8100020C8100020D0100020D0100020F5
:10FB2000D8100020D8100020E0100020E0100020A5
:10FB3000E8100020E8100020F0100020F010002055
:10FB4000F8100020F8100020001100200011002003
:10FB500008110020081100201011002010110020B1
:10FB60001811002018110020201100202011002061
:10FB70002811002028110020301100203011002011
:10FB800038110020381100204011002040110020C1
:10FB90004811002048110020501100205011002071
:10FBA0005811002058110020601100206011002021
:10FBB00068110020681100207011002070110020D1
:10FBC0007811002078110020801100208011002081
:10FBD0008811002088110020901100209011002031
:10FBE0009811002098110020A0110020A0110020E1
:10FBF000A8110020A8110020B0110020B011002091
:10FC0000B8110020B8110020C0110020C011002040
:10FC1000C8110020C8110020D0110020D0110020F0
:10FC2000D8110020D8110020E0110020E0110020A0
:10FC3000E8110020E8110020F0110020F011002050
:10FC4000F8110020F81100200012002000120020FE
:10FC500008120020081200201012002010120020AC
:10FC6000181200201812002020120020201200205C
:10FC7000281200202812002030120020301200200C
:10FC800038120020381200204012002040120020BC
:10FC9000481200204812002050120020501200206C
:10FCA000581200205812002060120020601200201C
:10FCB00068120020681200207012002070120020CC
:10FCC000781200207812002080120020801200207C
:10FCD000881200208812002090120020901200202C
:10FCE0009812002098120020A0120020A0120020DC
:10FCF000A8120020A8120020B0120020B01200208C
:10FD0000B8120020B8120020C0120020C01200203B
:10FD1000C8120020C8120020D0120020D0120020EB
:10FD2000D8120020D8120020E0120020E01200209B
:10FD3000E8120020E8120020F0120020F01200204B
:10FD4000F8120020F81200200013002000130020F9
:10FD500008130020081300201013002010130020A7
:10FD60001813002018130020201300202013002057
:10FD70002813002028130020301300203013002007
:10FD800038130020381300204013002040130020B7
:10FD90004813002048130020501300205013002067
:10FDA0005813002058130020601300206013002017
:10FDB00068130020681300207013002070130020C7
:10FDC0007813002078130020801300208013002077
:10FDD0008813002088130020901300209013002027
:10FDE0009813002098130020A0130020A0130020D7
:10FDF000A8130020A8130020B0130020B013002087
:10FE0000B8130020B8130020C0130020C013002036
:10FE1000C8130020C8130020D0130020D0130020E6
:10FE2000D8130020D8130020E0130020E013002096
:10FE3000E8130020E8130020F0130020F013002046
:10FE4000F8130020F81300200014002000140020F4
:10FE500008140020081400201014002010140020A2
:10FE60001814002018140020201400202014002052
:10FE70002814002028140020301400203014002002
:10FE800038140020381400204014002040140020B2
:10FE90004814002048140020501400205014002062
:10FEA0005814002058140020601400206014002012
:10FEB00068140020681400207014002070140020C2
:10FEC00043000000000000000000000000000000EF
:10FED0000000000000000000000000000000000022
:10FEE00043000000000000000000000000000000CF
:10FEF0000000000000000000000000000000000002
:10FF000043000000000000000000000000000000AE
:10FF100000000000000000000000000000000000E1
:10FF2000430000000000000000000000000000008E
:10FF300000000000000000000000000000000000C1
:10FF4000430000000000000000000000000000006E
:10FF500000000000000000000000000000000000A1
:10FF6000430000000000000000000000000000004E
:10FF70000000000000000000000000000000000081
:10FF8000430000000000000000000000000000002E
:10FF90000000000000000000000000000000000061
:10FFA000430000000000000000000000000000000E
:10FFB0000000000000000000000000000000000041
:10FFC0000000000000000000000000000000000031
:10FFD0000000000000000000000000000000000021
:10FFE0000000000000000000000000000000000011
:10FFF0000000000000000000000000000000000001
:020000041001E9
:1000000000000000000000000000000000000000F0
:1000100000000000000000000000000000000000E0
:1000200000000000000000000000000000000000D0
:1000300000000000000000000000000000000000C0
:1000400000000000000000000000000000000000B0
:1000500000000000000000000000000000000000A0
:100060000000000000000000000000000000000090
:100070000000000000000000000000000000000080
:100080000000000000000000B5D700104DCC0010AB
:1000900000000000E0E70010A8DF00108CDA00107C
:1000A0008CDA00108CDA00108CDA00108CDA001078
:1000B0008CDA00108CDA00108CDA00108CDA001068
:1000C000FFFFFFFFFFFFFFFFFFFFFFFFFFFF00003E
:1000D00001004153434949000000000000000000B6
:1000E0000000000000000000000000000000000010
:1000F0000000415343494900000000000000000097
:1001000000000000000000000000000000000000EF
:1001100000000000D816002000000000781D00201C
:10012000E01D0020481E002000000000000000002C
:1001300000000000000000000000000000000000BF
:1001400000000000000000000000000000000000AF
:10015000000000000000000000000000000000009F
:10016000000000000000000000000000000000008F
:10017000000000000000000000000000000000007F
:10018000000000000000000000000000000000006F
:10019000000000000000000000000000000000005F
:1001A000000000000000000000000000000000004F
:1001B00001000000000000000E33CDAB34126DE6EC
:1001C000ECDE05000B000000000000000000000055
:1001D000000000000000000000000000000000001F
:1001E000000000000000000000000000000000000F
:1001F00000000000000000000000000000000000FF
:1002000000000000000000000000000000000000EE
:1002100000000000000000000000000000000000DE
:1002200000000000000000000000000000000000CE
:1002300000000000000000000000000000000000BE
:1002400000000000000000000000000000000000AE
:10025000000000000000000000000000000000009E
:10026000000000000000000000000000000000008E
:10027000000000000000000000000000000000007E
:10028000000000000000000000000000000000006E
:10029000000000000000000000000000000000005E
:1002A000000000000000000000000000000000004E
:1002B000000000000000000000000000000000003E
:1002C000000000000000000000000000000000002E
:1002D000000000000000000000000000000000001E
:1002E000000000000000000000000000000000000E
:1002F00000000000000000000000000000000000FE
:1003000000000000000000000000000000000000ED
:1003100000000000000000000000000000000000DD
:04000005100001E9FD
:00000001FF
