
E:/IGNITION/Ignitia_Avionics/build/ignitia_avionics.elf:     file format elf32-littlearm

Sections:
Idx Name          Size      VMA       LMA       File off  Algn
  0 .boot2        00000100  10000000  10000000  00001000  2**0
                  CONTENTS, ALLOC, LOAD, READONLY, CODE
  1 .text         0000a850  10000100  10000100  00001100  2**3
                  CONTENTS, ALLOC, LOAD, READONLY, CODE
  2 .rodata       00000d78  1000a950  1000a950  0000b950  2**3
                  CONTENTS, ALLOC, LOAD, READONLY, DATA
  3 .binary_info  0000001c  1000b6c8  1000b6c8  0000c6c8  2**2
                  CONTENTS, ALLOC, LOAD, READONLY, DATA
  4 .ram_vector_table 000000c0  20000000  20000000  0000e000  2**2
                  ALLOC
  5 .data         00000854  200000c0  1000b6e4  0000d0c0  2**4
                  CONTENTS, ALLOC, LOAD, READONLY, CODE
  6 .uninitialized_data 00000000  20000914  20000914  0000d914  2**0
                  CONTENTS
  7 .scratch_x    00000000  20040000  20040000  0000d914  2**0
                  CONTENTS
  8 .scratch_y    00000000  20041000  20041000  0000d914  2**0
                  CONTENTS
  9 .bss          000007bc  20000918  20000918  0000e000  2**3
                  ALLOC
 10 .heap         00000800  200010d4  200010d4  0000d914  2**2
                  CONTENTS, READONLY
 11 .stack_dummy  00000800  20041000  20041000  0000e120  2**5
                  CONTENTS, READONLY
 12 .ARM.attributes 00000028  00000000  00000000  0000e920  2**0
                  CONTENTS, READONLY
 13 .comment      00000045  00000000  00000000  0000e948  2**0
                  CONTENTS, READONLY
 14 .debug_line_str 000000c9  00000000  00000000  0000e98d  2**0
                  CONTENTS, READONLY, DEBUGGING, OCTETS
 15 .debug_frame  00000c2c  00000000  00000000  0000ea58  2**2
                  CONTENTS, READONLY, DEBUGGING, OCTETS

E:/IGNITION/Ignitia_Avionics/build/ignitia_avionics.elf:     file format elf32-littlearm


Disassembly of section .boot2:

10000000 <__boot2_start__>:
10000000:	4b32b500 	.word	0x4b32b500
10000004:	60582021 	.word	0x60582021
10000008:	21026898 	.word	0x21026898
1000000c:	60984388 	.word	0x60984388
10000010:	611860d8 	.word	0x611860d8
10000014:	4b2e6158 	.word	0x4b2e6158
10000018:	60992100 	.word	0x60992100
1000001c:	61592102 	.word	0x61592102
10000020:	22f02101 	.word	0x22f02101
10000024:	492b5099 	.word	0x492b5099
10000028:	21016019 	.word	0x21016019
1000002c:	20356099 	.word	0x20356099
10000030:	f844f000 	.word	0xf844f000
10000034:	42902202 	.word	0x42902202
10000038:	2106d014 	.word	0x2106d014
1000003c:	f0006619 	.word	0xf0006619
10000040:	6e19f834 	.word	0x6e19f834
10000044:	66192101 	.word	0x66192101
10000048:	66182000 	.word	0x66182000
1000004c:	f000661a 	.word	0xf000661a
10000050:	6e19f82c 	.word	0x6e19f82c
10000054:	6e196e19 	.word	0x6e196e19
10000058:	f0002005 	.word	0xf0002005
1000005c:	2101f82f 	.word	0x2101f82f
10000060:	d1f94208 	.word	0xd1f94208
10000064:	60992100 	.word	0x60992100
10000068:	6019491b 	.word	0x6019491b
1000006c:	60592100 	.word	0x60592100
10000070:	481b491a 	.word	0x481b491a
10000074:	21016001 	.word	0x21016001
10000078:	21eb6099 	.word	0x21eb6099
1000007c:	21a06619 	.word	0x21a06619
10000080:	f0006619 	.word	0xf0006619
10000084:	2100f812 	.word	0x2100f812
10000088:	49166099 	.word	0x49166099
1000008c:	60014814 	.word	0x60014814
10000090:	60992101 	.word	0x60992101
10000094:	2800bc01 	.word	0x2800bc01
10000098:	4700d000 	.word	0x4700d000
1000009c:	49134812 	.word	0x49134812
100000a0:	c8036008 	.word	0xc8036008
100000a4:	8808f380 	.word	0x8808f380
100000a8:	b5034708 	.word	0xb5034708
100000ac:	20046a99 	.word	0x20046a99
100000b0:	d0fb4201 	.word	0xd0fb4201
100000b4:	42012001 	.word	0x42012001
100000b8:	bd03d1f8 	.word	0xbd03d1f8
100000bc:	6618b502 	.word	0x6618b502
100000c0:	f7ff6618 	.word	0xf7ff6618
100000c4:	6e18fff2 	.word	0x6e18fff2
100000c8:	bd026e18 	.word	0xbd026e18
100000cc:	40020000 	.word	0x40020000
100000d0:	18000000 	.word	0x18000000
100000d4:	00070000 	.word	0x00070000
100000d8:	005f0300 	.word	0x005f0300
100000dc:	00002221 	.word	0x00002221
100000e0:	180000f4 	.word	0x180000f4
100000e4:	a0002022 	.word	0xa0002022
100000e8:	10000100 	.word	0x10000100
100000ec:	e000ed08 	.word	0xe000ed08
	...
100000fc:	7a4eb274 	.word	0x7a4eb274

Disassembly of section .text:

10000100 <__VECTOR_TABLE>:
10000100:	20042000 	.word	0x20042000
10000104:	100001f7 	.word	0x100001f7
10000108:	100001c3 	.word	0x100001c3
1000010c:	100001c5 	.word	0x100001c5
10000110:	100001c1 	.word	0x100001c1
10000114:	100001c1 	.word	0x100001c1
10000118:	100001c1 	.word	0x100001c1
1000011c:	100001c1 	.word	0x100001c1
10000120:	100001c1 	.word	0x100001c1
10000124:	100001c1 	.word	0x100001c1
10000128:	100001c1 	.word	0x100001c1
1000012c:	100001c7 	.word	0x100001c7
10000130:	100001c1 	.word	0x100001c1
10000134:	100001c1 	.word	0x100001c1
10000138:	100001c9 	.word	0x100001c9
1000013c:	100001cb 	.word	0x100001cb
10000140:	100001cd 	.word	0x100001cd
10000144:	100001cd 	.word	0x100001cd
10000148:	100001cd 	.word	0x100001cd
1000014c:	100001cd 	.word	0x100001cd
10000150:	100001cd 	.word	0x100001cd
10000154:	100001cd 	.word	0x100001cd
10000158:	100001cd 	.word	0x100001cd
1000015c:	100001cd 	.word	0x100001cd
10000160:	100001cd 	.word	0x100001cd
10000164:	100001cd 	.word	0x100001cd
10000168:	100001cd 	.word	0x100001cd
1000016c:	100001cd 	.word	0x100001cd
10000170:	100001cd 	.word	0x100001cd
10000174:	100001cd 	.word	0x100001cd
10000178:	100001cd 	.word	0x100001cd
1000017c:	100001cd 	.word	0x100001cd
10000180:	100001cd 	.word	0x100001cd
10000184:	100001cd 	.word	0x100001cd
10000188:	100001cd 	.word	0x100001cd
1000018c:	100001cd 	.word	0x100001cd
10000190:	100001cd 	.word	0x100001cd
10000194:	100001cd 	.word	0x100001cd
10000198:	100001cd 	.word	0x100001cd
1000019c:	100001cd 	.word	0x100001cd
100001a0:	100001cd 	.word	0x100001cd
100001a4:	100001cd 	.word	0x100001cd
100001a8:	100001cd 	.word	0x100001cd
100001ac:	100001cd 	.word	0x100001cd
100001b0:	100001cd 	.word	0x100001cd
100001b4:	100001cd 	.word	0x100001cd
100001b8:	100001cd 	.word	0x100001cd
100001bc:	100001cd 	.word	0x100001cd

100001c0 <isr_invalid>:
100001c0:	be00      	bkpt	0x0000

100001c2 <isr_nmi>:
100001c2:	be00      	bkpt	0x0000

100001c4 <isr_hardfault>:
100001c4:	be00      	bkpt	0x0000

100001c6 <isr_svcall>:
100001c6:	be00      	bkpt	0x0000

100001c8 <isr_pendsv>:
100001c8:	be00      	bkpt	0x0000

100001ca <isr_systick>:
100001ca:	be00      	bkpt	0x0000

100001cc <__unhandled_user_irq>:
100001cc:	f3ef 8005 	mrs	r0, IPSR
100001d0:	3810      	subs	r0, #16

100001d2 <unhandled_user_irq_num_in_r0>:
100001d2:	be00      	bkpt	0x0000

100001d4 <binary_info_header>:
100001d4:	7188ebf2 	.word	0x7188ebf2
100001d8:	1000b6c8 	.word	0x1000b6c8
100001dc:	1000b6e4 	.word	0x1000b6e4
100001e0:	10000234 	.word	0x10000234
100001e4:	e71aa390 	.word	0xe71aa390

100001e8 <_entry_point>:
100001e8:	2000      	movs	r0, #0
100001ea:	491f      	ldr	r1, [pc, #124]	@ (10000268 <hold_non_core0_in_bootrom+0xa>)
100001ec:	6008      	str	r0, [r1, #0]
100001ee:	c806      	ldmia	r0!, {r1, r2}
100001f0:	f381 8808 	msr	MSP, r1
100001f4:	4710      	bx	r2

100001f6 <_reset_handler>:
100001f6:	481d      	ldr	r0, [pc, #116]	@ (1000026c <hold_non_core0_in_bootrom+0xe>)
100001f8:	6800      	ldr	r0, [r0, #0]
100001fa:	2800      	cmp	r0, #0
100001fc:	d12f      	bne.n	1000025e <hold_non_core0_in_bootrom>
100001fe:	a40d      	add	r4, pc, #52	@ (adr r4, 10000234 <data_cpy_table>)
10000200:	cc0e      	ldmia	r4!, {r1, r2, r3}
10000202:	2900      	cmp	r1, #0
10000204:	d002      	beq.n	1000020c <_reset_handler+0x16>
10000206:	f000 f812 	bl	1000022e <data_cpy>
1000020a:	e7f9      	b.n	10000200 <_reset_handler+0xa>
1000020c:	4918      	ldr	r1, [pc, #96]	@ (10000270 <hold_non_core0_in_bootrom+0x12>)
1000020e:	4a19      	ldr	r2, [pc, #100]	@ (10000274 <hold_non_core0_in_bootrom+0x16>)
10000210:	2000      	movs	r0, #0
10000212:	e000      	b.n	10000216 <bss_fill_test>

10000214 <bss_fill_loop>:
10000214:	c101      	stmia	r1!, {r0}

10000216 <bss_fill_test>:
10000216:	4291      	cmp	r1, r2
10000218:	d1fc      	bne.n	10000214 <bss_fill_loop>

1000021a <platform_entry>:
1000021a:	4917      	ldr	r1, [pc, #92]	@ (10000278 <hold_non_core0_in_bootrom+0x1a>)
1000021c:	4788      	blx	r1
1000021e:	4917      	ldr	r1, [pc, #92]	@ (1000027c <hold_non_core0_in_bootrom+0x1e>)
10000220:	4788      	blx	r1
10000222:	4917      	ldr	r1, [pc, #92]	@ (10000280 <hold_non_core0_in_bootrom+0x22>)
10000224:	4788      	blx	r1
10000226:	be00      	bkpt	0x0000
10000228:	e7fd      	b.n	10000226 <platform_entry+0xc>

1000022a <data_cpy_loop>:
1000022a:	c901      	ldmia	r1!, {r0}
1000022c:	c201      	stmia	r2!, {r0}

1000022e <data_cpy>:
1000022e:	429a      	cmp	r2, r3
10000230:	d3fb      	bcc.n	1000022a <data_cpy_loop>
10000232:	4770      	bx	lr

10000234 <data_cpy_table>:
10000234:	1000b6e4 	.word	0x1000b6e4
10000238:	200000c0 	.word	0x200000c0
1000023c:	20000914 	.word	0x20000914
10000240:	1000bf38 	.word	0x1000bf38
10000244:	20040000 	.word	0x20040000
10000248:	20040000 	.word	0x20040000
1000024c:	1000bf38 	.word	0x1000bf38
10000250:	20041000 	.word	0x20041000
10000254:	20041000 	.word	0x20041000
10000258:	00000000 	.word	0x00000000
1000025c:	4770      	bx	lr

1000025e <hold_non_core0_in_bootrom>:
1000025e:	4809      	ldr	r0, [pc, #36]	@ (10000284 <hold_non_core0_in_bootrom+0x26>)
10000260:	f005 faa6 	bl	100057b0 <rom_func_lookup>
10000264:	4700      	bx	r0
10000266:	0000      	.short	0x0000
10000268:	e000ed08 	.word	0xe000ed08
1000026c:	d0000000 	.word	0xd0000000
10000270:	20000918 	.word	0x20000918
10000274:	200010d4 	.word	0x200010d4
10000278:	10003cc9 	.word	0x10003cc9
1000027c:	10000309 	.word	0x10000309
10000280:	10003df1 	.word	0x10003df1
10000284:	00005657 	.word	0x00005657

10000288 <__bi_50>:
10000288:	50520006 5360b3ab 1000ae08              ..RP..`S....

10000294 <__bi_38>:
10000294:	50520006 02031c86 1000ae18              ..RP........

100002a0 <__bi_30>:
100002a0:	50520006 9da22254 1000ae2c              ..RPT"..,...

100002ac <__bi_22>:
100002ac:	50520005 68f465de 1000bf38              ..RP.e.h8...

100002b8 <_init>:
100002b8:	b5f8      	push	{r3, r4, r5, r6, r7, lr}
100002ba:	46c0      	nop			@ (mov r8, r8)

100002bc <register_tm_clones>:
100002bc:	4806      	ldr	r0, [pc, #24]	@ (100002d8 <register_tm_clones+0x1c>)
100002be:	4907      	ldr	r1, [pc, #28]	@ (100002dc <register_tm_clones+0x20>)
100002c0:	1a09      	subs	r1, r1, r0
100002c2:	108b      	asrs	r3, r1, #2
100002c4:	0fc9      	lsrs	r1, r1, #31
100002c6:	18c9      	adds	r1, r1, r3
100002c8:	b510      	push	{r4, lr}
100002ca:	1049      	asrs	r1, r1, #1
100002cc:	d003      	beq.n	100002d6 <register_tm_clones+0x1a>
100002ce:	4b04      	ldr	r3, [pc, #16]	@ (100002e0 <register_tm_clones+0x24>)
100002d0:	2b00      	cmp	r3, #0
100002d2:	d000      	beq.n	100002d6 <register_tm_clones+0x1a>
100002d4:	4798      	blx	r3
100002d6:	bd10      	pop	{r4, pc}
100002d8:	20000914 	.word	0x20000914
100002dc:	20000914 	.word	0x20000914
100002e0:	00000000 	.word	0x00000000

100002e4 <frame_dummy>:
100002e4:	4b05      	ldr	r3, [pc, #20]	@ (100002fc <frame_dummy+0x18>)
100002e6:	b510      	push	{r4, lr}
100002e8:	2b00      	cmp	r3, #0
100002ea:	d003      	beq.n	100002f4 <frame_dummy+0x10>
100002ec:	4904      	ldr	r1, [pc, #16]	@ (10000300 <frame_dummy+0x1c>)
100002ee:	4805      	ldr	r0, [pc, #20]	@ (10000304 <frame_dummy+0x20>)
100002f0:	e000      	b.n	100002f4 <frame_dummy+0x10>
100002f2:	bf00      	nop
100002f4:	f7ff ffe2 	bl	100002bc <register_tm_clones>
100002f8:	bd10      	pop	{r4, pc}
100002fa:	46c0      	nop			@ (mov r8, r8)
100002fc:	00000000 	.word	0x00000000
10000300:	20000f38 	.word	0x20000f38
10000304:	1000a950 	.word	0x1000a950

10000308 <main>:
10000308:	b5f0      	push	{r4, r5, r6, r7, lr}
1000030a:	46de      	mov	lr, fp
1000030c:	4657      	mov	r7, sl
1000030e:	464e      	mov	r6, r9
10000310:	4645      	mov	r5, r8
10000312:	b5e0      	push	{r5, r6, r7, lr}
10000314:	b0a7      	sub	sp, #156	@ 0x9c
10000316:	f007 f871 	bl	100073fc <stdio_init_all>
1000031a:	20fa      	movs	r0, #250	@ 0xfa
1000031c:	0080      	lsls	r0, r0, #2
1000031e:	f002 fd6f 	bl	10002e00 <sleep_ms>
10000322:	4899      	ldr	r0, [pc, #612]	@ (10000588 <main+0x280>)
10000324:	f006 ff8e 	bl	10007244 <__wrap_puts>
10000328:	4c98      	ldr	r4, [pc, #608]	@ (1000058c <main+0x284>)
1000032a:	0020      	movs	r0, r4
1000032c:	f006 ff8a 	bl	10007244 <__wrap_puts>
10000330:	2300      	movs	r3, #0
10000332:	2201      	movs	r2, #1
10000334:	4996      	ldr	r1, [pc, #600]	@ (10000590 <main+0x288>)
10000336:	9300      	str	r3, [sp, #0]
10000338:	4896      	ldr	r0, [pc, #600]	@ (10000594 <main+0x28c>)
1000033a:	f007 f853 	bl	100073e4 <__wrap_printf>
1000033e:	0020      	movs	r0, r4
10000340:	f006 ff80 	bl	10007244 <__wrap_puts>
10000344:	2010      	movs	r0, #16
10000346:	f002 f863 	bl	10002410 <gpio_init>
1000034a:	23d0      	movs	r3, #208	@ 0xd0
1000034c:	2280      	movs	r2, #128	@ 0x80
1000034e:	061b      	lsls	r3, r3, #24
10000350:	0252      	lsls	r2, r2, #9
10000352:	625a      	str	r2, [r3, #36]	@ 0x24
10000354:	4990      	ldr	r1, [pc, #576]	@ (10000598 <main+0x290>)
10000356:	615a      	str	r2, [r3, #20]
10000358:	4890      	ldr	r0, [pc, #576]	@ (1000059c <main+0x294>)
1000035a:	f007 f8ff 	bl	1000755c <i2c_init>
1000035e:	2103      	movs	r1, #3
10000360:	2004      	movs	r0, #4
10000362:	f002 f82b 	bl	100023bc <gpio_set_function>
10000366:	2103      	movs	r1, #3
10000368:	2005      	movs	r0, #5
1000036a:	f002 f827 	bl	100023bc <gpio_set_function>
1000036e:	2200      	movs	r2, #0
10000370:	2101      	movs	r1, #1
10000372:	2004      	movs	r0, #4
10000374:	f002 f83a 	bl	100023ec <gpio_set_pulls>
10000378:	2200      	movs	r2, #0
1000037a:	2101      	movs	r1, #1
1000037c:	2005      	movs	r0, #5
1000037e:	f002 f835 	bl	100023ec <gpio_set_pulls>
10000382:	4887      	ldr	r0, [pc, #540]	@ (100005a0 <main+0x298>)
10000384:	f007 f82e 	bl	100073e4 <__wrap_printf>
10000388:	f000 fab8 	bl	100008fc <mpu6050_init>
1000038c:	2800      	cmp	r0, #0
1000038e:	d100      	bne.n	10000392 <main+0x8a>
10000390:	e0dd      	b.n	1000054e <main+0x246>
10000392:	4c84      	ldr	r4, [pc, #528]	@ (100005a4 <main+0x29c>)
10000394:	0020      	movs	r0, r4
10000396:	f006 ff55 	bl	10007244 <__wrap_puts>
1000039a:	4883      	ldr	r0, [pc, #524]	@ (100005a8 <main+0x2a0>)
1000039c:	f007 f822 	bl	100073e4 <__wrap_printf>
100003a0:	f000 fd58 	bl	10000e54 <bme280_init>
100003a4:	2800      	cmp	r0, #0
100003a6:	d100      	bne.n	100003aa <main+0xa2>
100003a8:	e0d1      	b.n	1000054e <main+0x246>
100003aa:	0020      	movs	r0, r4
100003ac:	f006 ff4a 	bl	10007244 <__wrap_puts>
100003b0:	487e      	ldr	r0, [pc, #504]	@ (100005ac <main+0x2a4>)
100003b2:	f007 f817 	bl	100073e4 <__wrap_printf>
100003b6:	f000 ff91 	bl	100012dc <gps_init>
100003ba:	2800      	cmp	r0, #0
100003bc:	d100      	bne.n	100003c0 <main+0xb8>
100003be:	e0c6      	b.n	1000054e <main+0x246>
100003c0:	0020      	movs	r0, r4
100003c2:	f006 ff3f 	bl	10007244 <__wrap_puts>
100003c6:	487a      	ldr	r0, [pc, #488]	@ (100005b0 <main+0x2a8>)
100003c8:	f007 f80c 	bl	100073e4 <__wrap_printf>
100003cc:	f001 f9e6 	bl	1000179c <servo_init>
100003d0:	2800      	cmp	r0, #0
100003d2:	d100      	bne.n	100003d6 <main+0xce>
100003d4:	e0bb      	b.n	1000054e <main+0x246>
100003d6:	0020      	movs	r0, r4
100003d8:	f006 ff34 	bl	10007244 <__wrap_puts>
100003dc:	f001 fd4a 	bl	10001e74 <deployment_init>
100003e0:	4874      	ldr	r0, [pc, #464]	@ (100005b4 <main+0x2ac>)
100003e2:	f006 ff2f 	bl	10007244 <__wrap_puts>
100003e6:	4874      	ldr	r0, [pc, #464]	@ (100005b8 <main+0x2b0>)
100003e8:	f006 fffc 	bl	100073e4 <__wrap_printf>
100003ec:	2064      	movs	r0, #100	@ 0x64
100003ee:	f000 fbd3 	bl	10000b98 <mpu6050_calibrate>
100003f2:	2800      	cmp	r0, #0
100003f4:	d100      	bne.n	100003f8 <main+0xf0>
100003f6:	e279      	b.n	100008ec <main+0x5e4>
100003f8:	0020      	movs	r0, r4
100003fa:	f006 ff23 	bl	10007244 <__wrap_puts>
100003fe:	4c6f      	ldr	r4, [pc, #444]	@ (100005bc <main+0x2b4>)
10000400:	486f      	ldr	r0, [pc, #444]	@ (100005c0 <main+0x2b8>)
10000402:	f006 ffef 	bl	100073e4 <__wrap_printf>
10000406:	2014      	movs	r0, #20
10000408:	f000 fedc 	bl	100011c4 <bme280_calibrate_ground>
1000040c:	2800      	cmp	r0, #0
1000040e:	d100      	bne.n	10000412 <main+0x10a>
10000410:	e268      	b.n	100008e4 <main+0x5dc>
10000412:	f000 fed1 	bl	100011b8 <bme280_get_ground_pressure>
10000416:	f006 fb91 	bl	10006b3c <__wrap___aeabi_f2d>
1000041a:	0002      	movs	r2, r0
1000041c:	000b      	movs	r3, r1
1000041e:	4869      	ldr	r0, [pc, #420]	@ (100005c4 <main+0x2bc>)
10000420:	f006 ffe0 	bl	100073e4 <__wrap_printf>
10000424:	23d0      	movs	r3, #208	@ 0xd0
10000426:	2280      	movs	r2, #128	@ 0x80
10000428:	061b      	lsls	r3, r3, #24
1000042a:	0252      	lsls	r2, r2, #9
1000042c:	619a      	str	r2, [r3, #24]
1000042e:	4866      	ldr	r0, [pc, #408]	@ (100005c8 <main+0x2c0>)
10000430:	f006 ff08 	bl	10007244 <__wrap_puts>
10000434:	4c65      	ldr	r4, [pc, #404]	@ (100005cc <main+0x2c4>)
10000436:	0020      	movs	r0, r4
10000438:	f001 fbaa 	bl	10001b90 <flight_state_init>
1000043c:	4b64      	ldr	r3, [pc, #400]	@ (100005d0 <main+0x2c8>)
1000043e:	0018      	movs	r0, r3
10000440:	930f      	str	r3, [sp, #60]	@ 0x3c
10000442:	f001 fe9f 	bl	10002184 <fusion_init>
10000446:	4863      	ldr	r0, [pc, #396]	@ (100005d4 <main+0x2cc>)
10000448:	f001 fe7a 	bl	10002140 <telemetry_send_status>
1000044c:	4862      	ldr	r0, [pc, #392]	@ (100005d8 <main+0x2d0>)
1000044e:	f006 fef9 	bl	10007244 <__wrap_puts>
10000452:	4b62      	ldr	r3, [pc, #392]	@ (100005dc <main+0x2d4>)
10000454:	469b      	mov	fp, r3
10000456:	4b62      	ldr	r3, [pc, #392]	@ (100005e0 <main+0x2d8>)
10000458:	9309      	str	r3, [sp, #36]	@ 0x24
1000045a:	4b62      	ldr	r3, [pc, #392]	@ (100005e4 <main+0x2dc>)
1000045c:	930b      	str	r3, [sp, #44]	@ 0x2c
1000045e:	4b62      	ldr	r3, [pc, #392]	@ (100005e8 <main+0x2e0>)
10000460:	469a      	mov	sl, r3
10000462:	4b62      	ldr	r3, [pc, #392]	@ (100005ec <main+0x2e4>)
10000464:	930a      	str	r3, [sp, #40]	@ 0x28
10000466:	4b62      	ldr	r3, [pc, #392]	@ (100005f0 <main+0x2e8>)
10000468:	9311      	str	r3, [sp, #68]	@ 0x44
1000046a:	4b62      	ldr	r3, [pc, #392]	@ (100005f4 <main+0x2ec>)
1000046c:	9312      	str	r3, [sp, #72]	@ 0x48
1000046e:	4b62      	ldr	r3, [pc, #392]	@ (100005f8 <main+0x2f0>)
10000470:	9313      	str	r3, [sp, #76]	@ 0x4c
10000472:	4b62      	ldr	r3, [pc, #392]	@ (100005fc <main+0x2f4>)
10000474:	4699      	mov	r9, r3
10000476:	4b62      	ldr	r3, [pc, #392]	@ (10000600 <main+0x2f8>)
10000478:	9310      	str	r3, [sp, #64]	@ 0x40
1000047a:	4b62      	ldr	r3, [pc, #392]	@ (10000604 <main+0x2fc>)
1000047c:	930e      	str	r3, [sp, #56]	@ 0x38
1000047e:	4b62      	ldr	r3, [pc, #392]	@ (10000608 <main+0x300>)
10000480:	931e      	str	r3, [sp, #120]	@ 0x78
10000482:	4b62      	ldr	r3, [pc, #392]	@ (1000060c <main+0x304>)
10000484:	931f      	str	r3, [sp, #124]	@ 0x7c
10000486:	4b62      	ldr	r3, [pc, #392]	@ (10000610 <main+0x308>)
10000488:	9320      	str	r3, [sp, #128]	@ 0x80
1000048a:	4b62      	ldr	r3, [pc, #392]	@ (10000614 <main+0x30c>)
1000048c:	9319      	str	r3, [sp, #100]	@ 0x64
1000048e:	4b62      	ldr	r3, [pc, #392]	@ (10000618 <main+0x310>)
10000490:	931a      	str	r3, [sp, #104]	@ 0x68
10000492:	4b62      	ldr	r3, [pc, #392]	@ (1000061c <main+0x314>)
10000494:	931b      	str	r3, [sp, #108]	@ 0x6c
10000496:	4b62      	ldr	r3, [pc, #392]	@ (10000620 <main+0x318>)
10000498:	931c      	str	r3, [sp, #112]	@ 0x70
1000049a:	4b62      	ldr	r3, [pc, #392]	@ (10000624 <main+0x31c>)
1000049c:	931d      	str	r3, [sp, #116]	@ 0x74
1000049e:	4b62      	ldr	r3, [pc, #392]	@ (10000628 <main+0x320>)
100004a0:	9314      	str	r3, [sp, #80]	@ 0x50
100004a2:	4b62      	ldr	r3, [pc, #392]	@ (1000062c <main+0x324>)
100004a4:	9315      	str	r3, [sp, #84]	@ 0x54
100004a6:	4b62      	ldr	r3, [pc, #392]	@ (10000630 <main+0x328>)
100004a8:	9316      	str	r3, [sp, #88]	@ 0x58
100004aa:	4b62      	ldr	r3, [pc, #392]	@ (10000634 <main+0x32c>)
100004ac:	9317      	str	r3, [sp, #92]	@ 0x5c
100004ae:	4b62      	ldr	r3, [pc, #392]	@ (10000638 <main+0x330>)
100004b0:	9318      	str	r3, [sp, #96]	@ 0x60
100004b2:	4b62      	ldr	r3, [pc, #392]	@ (1000063c <main+0x334>)
100004b4:	9321      	str	r3, [sp, #132]	@ 0x84
100004b6:	4b62      	ldr	r3, [pc, #392]	@ (10000640 <main+0x338>)
100004b8:	9322      	str	r3, [sp, #136]	@ 0x88
100004ba:	4b62      	ldr	r3, [pc, #392]	@ (10000644 <main+0x33c>)
100004bc:	9323      	str	r3, [sp, #140]	@ 0x8c
100004be:	4b62      	ldr	r3, [pc, #392]	@ (10000648 <main+0x340>)
100004c0:	9324      	str	r3, [sp, #144]	@ 0x90
100004c2:	4b62      	ldr	r3, [pc, #392]	@ (1000064c <main+0x344>)
100004c4:	9325      	str	r3, [sp, #148]	@ 0x94
100004c6:	4b62      	ldr	r3, [pc, #392]	@ (10000650 <main+0x348>)
100004c8:	930d      	str	r3, [sp, #52]	@ 0x34
100004ca:	4b62      	ldr	r3, [pc, #392]	@ (10000654 <main+0x34c>)
100004cc:	4698      	mov	r8, r3
100004ce:	4b62      	ldr	r3, [pc, #392]	@ (10000658 <main+0x350>)
100004d0:	930c      	str	r3, [sp, #48]	@ 0x30
100004d2:	f002 fde5 	bl	100030a0 <time_us_64>
100004d6:	2900      	cmp	r1, #0
100004d8:	d100      	bne.n	100004dc <main+0x1d4>
100004da:	e10c      	b.n	100006f6 <main+0x3ee>
100004dc:	22fa      	movs	r2, #250	@ 0xfa
100004de:	2300      	movs	r3, #0
100004e0:	0092      	lsls	r2, r2, #2
100004e2:	f005 f9fd 	bl	100058e0 <__wrap___aeabi_uldivmod>
100004e6:	465b      	mov	r3, fp
100004e8:	0005      	movs	r5, r0
100004ea:	681b      	ldr	r3, [r3, #0]
100004ec:	1aeb      	subs	r3, r5, r3
100004ee:	2b09      	cmp	r3, #9
100004f0:	d900      	bls.n	100004f4 <main+0x1ec>
100004f2:	e10b      	b.n	1000070c <main+0x404>
100004f4:	4653      	mov	r3, sl
100004f6:	681b      	ldr	r3, [r3, #0]
100004f8:	1aeb      	subs	r3, r5, r3
100004fa:	2bc7      	cmp	r3, #199	@ 0xc7
100004fc:	d900      	bls.n	10000500 <main+0x1f8>
100004fe:	e12a      	b.n	10000756 <main+0x44e>
10000500:	0020      	movs	r0, r4
10000502:	f001 fc33 	bl	10001d6c <flight_state_should_deploy>
10000506:	2800      	cmp	r0, #0
10000508:	d000      	beq.n	1000050c <main+0x204>
1000050a:	e12f      	b.n	1000076c <main+0x464>
1000050c:	f002 fdc8 	bl	100030a0 <time_us_64>
10000510:	2900      	cmp	r1, #0
10000512:	d100      	bne.n	10000516 <main+0x20e>
10000514:	e13d      	b.n	10000792 <main+0x48a>
10000516:	22fa      	movs	r2, #250	@ 0xfa
10000518:	2300      	movs	r3, #0
1000051a:	0092      	lsls	r2, r2, #2
1000051c:	f005 f9e0 	bl	100058e0 <__wrap___aeabi_uldivmod>
10000520:	464b      	mov	r3, r9
10000522:	0005      	movs	r5, r0
10000524:	681b      	ldr	r3, [r3, #0]
10000526:	1aeb      	subs	r3, r5, r3
10000528:	2b63      	cmp	r3, #99	@ 0x63
1000052a:	d900      	bls.n	1000052e <main+0x226>
1000052c:	e13c      	b.n	100007a8 <main+0x4a0>
1000052e:	f001 fe25 	bl	1000217c <telemetry_process>
10000532:	2000      	movs	r0, #0
10000534:	f006 ff64 	bl	10007400 <getchar_timeout_us>
10000538:	1c43      	adds	r3, r0, #1
1000053a:	d100      	bne.n	1000053e <main+0x236>
1000053c:	e0a9      	b.n	10000692 <main+0x38a>
1000053e:	383f      	subs	r0, #63	@ 0x3f
10000540:	2835      	cmp	r0, #53	@ 0x35
10000542:	d900      	bls.n	10000546 <main+0x23e>
10000544:	e0a5      	b.n	10000692 <main+0x38a>
10000546:	9b0e      	ldr	r3, [sp, #56]	@ 0x38
10000548:	0080      	lsls	r0, r0, #2
1000054a:	581b      	ldr	r3, [r3, r0]
1000054c:	469f      	mov	pc, r3
1000054e:	481b      	ldr	r0, [pc, #108]	@ (100005bc <main+0x2b4>)
10000550:	f006 fe78 	bl	10007244 <__wrap_puts>
10000554:	2680      	movs	r6, #128	@ 0x80
10000556:	4841      	ldr	r0, [pc, #260]	@ (1000065c <main+0x354>)
10000558:	f006 fe74 	bl	10007244 <__wrap_puts>
1000055c:	0276      	lsls	r6, r6, #9
1000055e:	25d0      	movs	r5, #208	@ 0xd0
10000560:	2405      	movs	r4, #5
10000562:	062d      	lsls	r5, r5, #24
10000564:	2032      	movs	r0, #50	@ 0x32
10000566:	616e      	str	r6, [r5, #20]
10000568:	3c01      	subs	r4, #1
1000056a:	f002 fc49 	bl	10002e00 <sleep_ms>
1000056e:	b2e4      	uxtb	r4, r4
10000570:	2032      	movs	r0, #50	@ 0x32
10000572:	61ae      	str	r6, [r5, #24]
10000574:	f002 fc44 	bl	10002e00 <sleep_ms>
10000578:	2c00      	cmp	r4, #0
1000057a:	d1f3      	bne.n	10000564 <main+0x25c>
1000057c:	20fa      	movs	r0, #250	@ 0xfa
1000057e:	0040      	lsls	r0, r0, #1
10000580:	f002 fc3e 	bl	10002e00 <sleep_ms>
10000584:	e7eb      	b.n	1000055e <main+0x256>
10000586:	46c0      	nop			@ (mov r8, r8)
10000588:	1000a978 	.word	0x1000a978
1000058c:	1000a950 	.word	0x1000a950
10000590:	1000a97c 	.word	0x1000a97c
10000594:	1000a990 	.word	0x1000a990
10000598:	00061a80 	.word	0x00061a80
1000059c:	20000230 	.word	0x20000230
100005a0:	1000a9a4 	.word	0x1000a9a4
100005a4:	1000a9f8 	.word	0x1000a9f8
100005a8:	1000a9fc 	.word	0x1000a9fc
100005ac:	1000aa14 	.word	0x1000aa14
100005b0:	1000aa2c 	.word	0x1000aa2c
100005b4:	1000aa44 	.word	0x1000aa44
100005b8:	1000aa5c 	.word	0x1000aa5c
100005bc:	1000a9c0 	.word	0x1000a9c0
100005c0:	1000aa68 	.word	0x1000aa68
100005c4:	1000aa80 	.word	0x1000aa80
100005c8:	1000aa8c 	.word	0x1000aa8c
100005cc:	20000e7c 	.word	0x20000e7c
100005d0:	20000ea4 	.word	0x20000ea4
100005d4:	1000aab0 	.word	0x1000aab0
100005d8:	1000aac0 	.word	0x1000aac0
100005dc:	20000f2c 	.word	0x20000f2c
100005e0:	20000ef0 	.word	0x20000ef0
100005e4:	20000e64 	.word	0x20000e64
100005e8:	20000f24 	.word	0x20000f24
100005ec:	20000ec4 	.word	0x20000ec4
100005f0:	1000aad8 	.word	0x1000aad8
100005f4:	1000aaec 	.word	0x1000aaec
100005f8:	1000ab00 	.word	0x1000ab00
100005fc:	20000f30 	.word	0x20000f30
10000600:	20000f28 	.word	0x20000f28
10000604:	1000af64 	.word	0x1000af64
10000608:	1000ab14 	.word	0x1000ab14
1000060c:	1000ab1c 	.word	0x1000ab1c
10000610:	1000ab28 	.word	0x1000ab28
10000614:	1000ab34 	.word	0x1000ab34
10000618:	1000ab40 	.word	0x1000ab40
1000061c:	1000ab88 	.word	0x1000ab88
10000620:	1000ab94 	.word	0x1000ab94
10000624:	1000aba8 	.word	0x1000aba8
10000628:	1000abd4 	.word	0x1000abd4
1000062c:	1000abe0 	.word	0x1000abe0
10000630:	1000ac04 	.word	0x1000ac04
10000634:	1000ac14 	.word	0x1000ac14
10000638:	1000ac28 	.word	0x1000ac28
1000063c:	1000ac38 	.word	0x1000ac38
10000640:	1000ac48 	.word	0x1000ac48
10000644:	1000ac64 	.word	0x1000ac64
10000648:	1000ac70 	.word	0x1000ac70
1000064c:	1000ac84 	.word	0x1000ac84
10000650:	1000b03c 	.word	0x1000b03c
10000654:	20000f20 	.word	0x20000f20
10000658:	200010cf 	.word	0x200010cf
1000065c:	1000a9c8 	.word	0x1000a9c8
10000660:	0020      	movs	r0, r4
10000662:	f001 fbc7 	bl	10001df4 <flight_state_arm>
10000666:	27d0      	movs	r7, #208	@ 0xd0
10000668:	f001 fc12 	bl	10001e90 <deployment_arm>
1000066c:	2680      	movs	r6, #128	@ 0x80
1000066e:	981e      	ldr	r0, [sp, #120]	@ 0x78
10000670:	f001 fd66 	bl	10002140 <telemetry_send_status>
10000674:	2503      	movs	r5, #3
10000676:	063f      	lsls	r7, r7, #24
10000678:	0276      	lsls	r6, r6, #9
1000067a:	2064      	movs	r0, #100	@ 0x64
1000067c:	617e      	str	r6, [r7, #20]
1000067e:	3d01      	subs	r5, #1
10000680:	f002 fbbe 	bl	10002e00 <sleep_ms>
10000684:	b2ed      	uxtb	r5, r5
10000686:	2064      	movs	r0, #100	@ 0x64
10000688:	61be      	str	r6, [r7, #24]
1000068a:	f002 fbb9 	bl	10002e00 <sleep_ms>
1000068e:	2d00      	cmp	r5, #0
10000690:	d1f3      	bne.n	1000067a <main+0x372>
10000692:	f002 fd05 	bl	100030a0 <time_us_64>
10000696:	2900      	cmp	r1, #0
10000698:	d100      	bne.n	1000069c <main+0x394>
1000069a:	e0c7      	b.n	1000082c <main+0x524>
1000069c:	22fa      	movs	r2, #250	@ 0xfa
1000069e:	2300      	movs	r3, #0
100006a0:	0092      	lsls	r2, r2, #2
100006a2:	f005 f91d 	bl	100058e0 <__wrap___aeabi_uldivmod>
100006a6:	0005      	movs	r5, r0
100006a8:	0020      	movs	r0, r4
100006aa:	f001 fb47 	bl	10001d3c <flight_state_get>
100006ae:	3801      	subs	r0, #1
100006b0:	b2c0      	uxtb	r0, r0
100006b2:	2264      	movs	r2, #100	@ 0x64
100006b4:	2804      	cmp	r0, #4
100006b6:	d802      	bhi.n	100006be <main+0x3b6>
100006b8:	9b0d      	ldr	r3, [sp, #52]	@ 0x34
100006ba:	0080      	lsls	r0, r0, #2
100006bc:	581a      	ldr	r2, [r3, r0]
100006be:	4643      	mov	r3, r8
100006c0:	681b      	ldr	r3, [r3, #0]
100006c2:	1aeb      	subs	r3, r5, r3
100006c4:	4293      	cmp	r3, r2
100006c6:	d30d      	bcc.n	100006e4 <main+0x3dc>
100006c8:	4643      	mov	r3, r8
100006ca:	2201      	movs	r2, #1
100006cc:	990c      	ldr	r1, [sp, #48]	@ 0x30
100006ce:	601d      	str	r5, [r3, #0]
100006d0:	780b      	ldrb	r3, [r1, #0]
100006d2:	4053      	eors	r3, r2
100006d4:	700b      	strb	r3, [r1, #0]
100006d6:	d100      	bne.n	100006da <main+0x3d2>
100006d8:	e0fa      	b.n	100008d0 <main+0x5c8>
100006da:	23d0      	movs	r3, #208	@ 0xd0
100006dc:	2280      	movs	r2, #128	@ 0x80
100006de:	061b      	lsls	r3, r3, #24
100006e0:	0252      	lsls	r2, r2, #9
100006e2:	615a      	str	r2, [r3, #20]
100006e4:	2064      	movs	r0, #100	@ 0x64
100006e6:	2100      	movs	r1, #0
100006e8:	f002 fb1c 	bl	10002d24 <sleep_us>
100006ec:	f002 fcd8 	bl	100030a0 <time_us_64>
100006f0:	2900      	cmp	r1, #0
100006f2:	d000      	beq.n	100006f6 <main+0x3ee>
100006f4:	e6f2      	b.n	100004dc <main+0x1d4>
100006f6:	21fa      	movs	r1, #250	@ 0xfa
100006f8:	0089      	lsls	r1, r1, #2
100006fa:	f005 f8b3 	bl	10005864 <__wrap___aeabi_uidiv>
100006fe:	465b      	mov	r3, fp
10000700:	0005      	movs	r5, r0
10000702:	681b      	ldr	r3, [r3, #0]
10000704:	1aeb      	subs	r3, r5, r3
10000706:	2b09      	cmp	r3, #9
10000708:	d800      	bhi.n	1000070c <main+0x404>
1000070a:	e6f3      	b.n	100004f4 <main+0x1ec>
1000070c:	465b      	mov	r3, fp
1000070e:	9e09      	ldr	r6, [sp, #36]	@ 0x24
10000710:	601d      	str	r5, [r3, #0]
10000712:	0030      	movs	r0, r6
10000714:	f000 f98a 	bl	10000a2c <mpu6050_read>
10000718:	9f0b      	ldr	r7, [sp, #44]	@ 0x2c
1000071a:	0038      	movs	r0, r7
1000071c:	f000 fc8a 	bl	10001034 <bme280_read>
10000720:	0039      	movs	r1, r7
10000722:	9f0f      	ldr	r7, [sp, #60]	@ 0x3c
10000724:	0032      	movs	r2, r6
10000726:	0038      	movs	r0, r7
10000728:	9609      	str	r6, [sp, #36]	@ 0x24
1000072a:	f001 fd41 	bl	100021b0 <fusion_update>
1000072e:	0038      	movs	r0, r7
10000730:	f001 fe2a 	bl	10002388 <fusion_get_altitude>
10000734:	1c06      	adds	r6, r0, #0
10000736:	0038      	movs	r0, r7
10000738:	f001 fe28 	bl	1000238c <fusion_get_velocity>
1000073c:	9b09      	ldr	r3, [sp, #36]	@ 0x24
1000073e:	1c02      	adds	r2, r0, #0
10000740:	6adb      	ldr	r3, [r3, #44]	@ 0x2c
10000742:	0020      	movs	r0, r4
10000744:	1c31      	adds	r1, r6, #0
10000746:	f001 fa39 	bl	10001bbc <flight_state_update>
1000074a:	4653      	mov	r3, sl
1000074c:	681b      	ldr	r3, [r3, #0]
1000074e:	1aeb      	subs	r3, r5, r3
10000750:	2bc7      	cmp	r3, #199	@ 0xc7
10000752:	d800      	bhi.n	10000756 <main+0x44e>
10000754:	e6d4      	b.n	10000500 <main+0x1f8>
10000756:	4653      	mov	r3, sl
10000758:	980a      	ldr	r0, [sp, #40]	@ 0x28
1000075a:	601d      	str	r5, [r3, #0]
1000075c:	f001 f802 	bl	10001764 <gps_read>
10000760:	0020      	movs	r0, r4
10000762:	f001 fb03 	bl	10001d6c <flight_state_should_deploy>
10000766:	2800      	cmp	r0, #0
10000768:	d100      	bne.n	1000076c <main+0x464>
1000076a:	e6cf      	b.n	1000050c <main+0x204>
1000076c:	9811      	ldr	r0, [sp, #68]	@ 0x44
1000076e:	f001 fce7 	bl	10002140 <telemetry_send_status>
10000772:	f001 fba7 	bl	10001ec4 <deployment_trigger>
10000776:	2800      	cmp	r0, #0
10000778:	d100      	bne.n	1000077c <main+0x474>
1000077a:	e0af      	b.n	100008dc <main+0x5d4>
1000077c:	0020      	movs	r0, r4
1000077e:	f001 fb75 	bl	10001e6c <flight_state_mark_deployed>
10000782:	9812      	ldr	r0, [sp, #72]	@ 0x48
10000784:	f001 fcdc 	bl	10002140 <telemetry_send_status>
10000788:	f002 fc8a 	bl	100030a0 <time_us_64>
1000078c:	2900      	cmp	r1, #0
1000078e:	d000      	beq.n	10000792 <main+0x48a>
10000790:	e6c1      	b.n	10000516 <main+0x20e>
10000792:	21fa      	movs	r1, #250	@ 0xfa
10000794:	0089      	lsls	r1, r1, #2
10000796:	f005 f865 	bl	10005864 <__wrap___aeabi_uidiv>
1000079a:	464b      	mov	r3, r9
1000079c:	0005      	movs	r5, r0
1000079e:	681b      	ldr	r3, [r3, #0]
100007a0:	1aeb      	subs	r3, r5, r3
100007a2:	2b63      	cmp	r3, #99	@ 0x63
100007a4:	d800      	bhi.n	100007a8 <main+0x4a0>
100007a6:	e6c2      	b.n	1000052e <main+0x226>
100007a8:	464b      	mov	r3, r9
100007aa:	9e0a      	ldr	r6, [sp, #40]	@ 0x28
100007ac:	9a09      	ldr	r2, [sp, #36]	@ 0x24
100007ae:	601d      	str	r5, [r3, #0]
100007b0:	0020      	movs	r0, r4
100007b2:	0033      	movs	r3, r6
100007b4:	990b      	ldr	r1, [sp, #44]	@ 0x2c
100007b6:	f001 fbc1 	bl	10001f3c <telemetry_send_packet>
100007ba:	9a10      	ldr	r2, [sp, #64]	@ 0x40
100007bc:	6813      	ldr	r3, [r2, #0]
100007be:	22fa      	movs	r2, #250	@ 0xfa
100007c0:	1aeb      	subs	r3, r5, r3
100007c2:	0092      	lsls	r2, r2, #2
100007c4:	4293      	cmp	r3, r2
100007c6:	d200      	bcs.n	100007ca <main+0x4c2>
100007c8:	e6b1      	b.n	1000052e <main+0x226>
100007ca:	2224      	movs	r2, #36	@ 0x24
100007cc:	5cb3      	ldrb	r3, [r6, r2]
100007ce:	2b00      	cmp	r3, #0
100007d0:	d100      	bne.n	100007d4 <main+0x4cc>
100007d2:	e6ac      	b.n	1000052e <main+0x226>
100007d4:	980a      	ldr	r0, [sp, #40]	@ 0x28
100007d6:	f001 fc51 	bl	1000207c <telemetry_send_gps>
100007da:	9b10      	ldr	r3, [sp, #64]	@ 0x40
100007dc:	601d      	str	r5, [r3, #0]
100007de:	e6a6      	b.n	1000052e <main+0x226>
100007e0:	981d      	ldr	r0, [sp, #116]	@ 0x74
100007e2:	f006 fd2f 	bl	10007244 <__wrap_puts>
100007e6:	9814      	ldr	r0, [sp, #80]	@ 0x50
100007e8:	f006 fd2c 	bl	10007244 <__wrap_puts>
100007ec:	9815      	ldr	r0, [sp, #84]	@ 0x54
100007ee:	f006 fd29 	bl	10007244 <__wrap_puts>
100007f2:	9816      	ldr	r0, [sp, #88]	@ 0x58
100007f4:	f006 fd26 	bl	10007244 <__wrap_puts>
100007f8:	9817      	ldr	r0, [sp, #92]	@ 0x5c
100007fa:	f006 fd23 	bl	10007244 <__wrap_puts>
100007fe:	9818      	ldr	r0, [sp, #96]	@ 0x60
10000800:	f006 fd20 	bl	10007244 <__wrap_puts>
10000804:	9821      	ldr	r0, [sp, #132]	@ 0x84
10000806:	f006 fd1d 	bl	10007244 <__wrap_puts>
1000080a:	9822      	ldr	r0, [sp, #136]	@ 0x88
1000080c:	f006 fd1a 	bl	10007244 <__wrap_puts>
10000810:	9823      	ldr	r0, [sp, #140]	@ 0x8c
10000812:	f006 fd17 	bl	10007244 <__wrap_puts>
10000816:	9824      	ldr	r0, [sp, #144]	@ 0x90
10000818:	f006 fd14 	bl	10007244 <__wrap_puts>
1000081c:	9825      	ldr	r0, [sp, #148]	@ 0x94
1000081e:	f006 fd11 	bl	10007244 <__wrap_puts>
10000822:	f002 fc3d 	bl	100030a0 <time_us_64>
10000826:	2900      	cmp	r1, #0
10000828:	d000      	beq.n	1000082c <main+0x524>
1000082a:	e737      	b.n	1000069c <main+0x394>
1000082c:	21fa      	movs	r1, #250	@ 0xfa
1000082e:	0089      	lsls	r1, r1, #2
10000830:	f005 f818 	bl	10005864 <__wrap___aeabi_uidiv>
10000834:	0005      	movs	r5, r0
10000836:	e737      	b.n	100006a8 <main+0x3a0>
10000838:	0020      	movs	r0, r4
1000083a:	f001 fafb 	bl	10001e34 <flight_state_disarm>
1000083e:	f001 fb37 	bl	10001eb0 <deployment_disarm>
10000842:	981f      	ldr	r0, [sp, #124]	@ 0x7c
10000844:	f001 fc7c 	bl	10002140 <telemetry_send_status>
10000848:	e723      	b.n	10000692 <main+0x38a>
1000084a:	981b      	ldr	r0, [sp, #108]	@ 0x6c
1000084c:	f001 fc78 	bl	10002140 <telemetry_send_status>
10000850:	2064      	movs	r0, #100	@ 0x64
10000852:	f000 f9a1 	bl	10000b98 <mpu6050_calibrate>
10000856:	2014      	movs	r0, #20
10000858:	f000 fcb4 	bl	100011c4 <bme280_calibrate_ground>
1000085c:	981c      	ldr	r0, [sp, #112]	@ 0x70
1000085e:	f001 fc6f 	bl	10002140 <telemetry_send_status>
10000862:	e716      	b.n	10000692 <main+0x38a>
10000864:	9820      	ldr	r0, [sp, #128]	@ 0x80
10000866:	f001 fc6b 	bl	10002140 <telemetry_send_status>
1000086a:	f001 fb4b 	bl	10001f04 <deployment_test>
1000086e:	e710      	b.n	10000692 <main+0x38a>
10000870:	0020      	movs	r0, r4
10000872:	f001 fa63 	bl	10001d3c <flight_state_get>
10000876:	f001 fa63 	bl	10001d40 <flight_state_name>
1000087a:	0005      	movs	r5, r0
1000087c:	69a0      	ldr	r0, [r4, #24]
1000087e:	f006 f95d 	bl	10006b3c <__wrap___aeabi_f2d>
10000882:	0006      	movs	r6, r0
10000884:	6920      	ldr	r0, [r4, #16]
10000886:	000f      	movs	r7, r1
10000888:	f006 f958 	bl	10006b3c <__wrap___aeabi_f2d>
1000088c:	2324      	movs	r3, #36	@ 0x24
1000088e:	9006      	str	r0, [sp, #24]
10000890:	9107      	str	r1, [sp, #28]
10000892:	5ce3      	ldrb	r3, [r4, r3]
10000894:	9304      	str	r3, [sp, #16]
10000896:	6a20      	ldr	r0, [r4, #32]
10000898:	f006 f950 	bl	10006b3c <__wrap___aeabi_f2d>
1000089c:	9002      	str	r0, [sp, #8]
1000089e:	9103      	str	r1, [sp, #12]
100008a0:	69e0      	ldr	r0, [r4, #28]
100008a2:	f006 f94b 	bl	10006b3c <__wrap___aeabi_f2d>
100008a6:	0032      	movs	r2, r6
100008a8:	9000      	str	r0, [sp, #0]
100008aa:	9101      	str	r1, [sp, #4]
100008ac:	003b      	movs	r3, r7
100008ae:	0029      	movs	r1, r5
100008b0:	981a      	ldr	r0, [sp, #104]	@ 0x68
100008b2:	f006 fd97 	bl	100073e4 <__wrap_printf>
100008b6:	e6ec      	b.n	10000692 <main+0x38a>
100008b8:	9819      	ldr	r0, [sp, #100]	@ 0x64
100008ba:	f001 fc41 	bl	10002140 <telemetry_send_status>
100008be:	f001 fb33 	bl	10001f28 <deployment_reset>
100008c2:	0020      	movs	r0, r4
100008c4:	f001 f964 	bl	10001b90 <flight_state_init>
100008c8:	980f      	ldr	r0, [sp, #60]	@ 0x3c
100008ca:	f001 fd61 	bl	10002390 <fusion_reset>
100008ce:	e6e0      	b.n	10000692 <main+0x38a>
100008d0:	23d0      	movs	r3, #208	@ 0xd0
100008d2:	2280      	movs	r2, #128	@ 0x80
100008d4:	061b      	lsls	r3, r3, #24
100008d6:	0252      	lsls	r2, r2, #9
100008d8:	619a      	str	r2, [r3, #24]
100008da:	e703      	b.n	100006e4 <main+0x3dc>
100008dc:	9813      	ldr	r0, [sp, #76]	@ 0x4c
100008de:	f001 fc2f 	bl	10002140 <telemetry_send_status>
100008e2:	e613      	b.n	1000050c <main+0x204>
100008e4:	0020      	movs	r0, r4
100008e6:	f006 fcad 	bl	10007244 <__wrap_puts>
100008ea:	e59b      	b.n	10000424 <main+0x11c>
100008ec:	4c02      	ldr	r4, [pc, #8]	@ (100008f8 <main+0x5f0>)
100008ee:	0020      	movs	r0, r4
100008f0:	f006 fca8 	bl	10007244 <__wrap_puts>
100008f4:	e584      	b.n	10000400 <main+0xf8>
100008f6:	46c0      	nop			@ (mov r8, r8)
100008f8:	1000a9c0 	.word	0x1000a9c0

100008fc <mpu6050_init>:
100008fc:	b570      	push	{r4, r5, r6, lr}
100008fe:	b084      	sub	sp, #16
10000900:	2375      	movs	r3, #117	@ 0x75
10000902:	466a      	mov	r2, sp
10000904:	4c45      	ldr	r4, [pc, #276]	@ (10000a1c <mpu6050_init+0x120>)
10000906:	7313      	strb	r3, [r2, #12]
10000908:	3b74      	subs	r3, #116	@ 0x74
1000090a:	2168      	movs	r1, #104	@ 0x68
1000090c:	0020      	movs	r0, r4
1000090e:	9300      	str	r3, [sp, #0]
10000910:	aa03      	add	r2, sp, #12
10000912:	f006 fe4b 	bl	100075ac <i2c_write_blocking>
10000916:	2801      	cmp	r0, #1
10000918:	d002      	beq.n	10000920 <mpu6050_init+0x24>
1000091a:	2000      	movs	r0, #0
1000091c:	b004      	add	sp, #16
1000091e:	bd70      	pop	{r4, r5, r6, pc}
10000920:	250b      	movs	r5, #11
10000922:	2600      	movs	r6, #0
10000924:	446d      	add	r5, sp
10000926:	2301      	movs	r3, #1
10000928:	002a      	movs	r2, r5
1000092a:	2168      	movs	r1, #104	@ 0x68
1000092c:	0020      	movs	r0, r4
1000092e:	9600      	str	r6, [sp, #0]
10000930:	f006 feb2 	bl	10007698 <i2c_read_blocking>
10000934:	2801      	cmp	r0, #1
10000936:	d1f0      	bne.n	1000091a <mpu6050_init+0x1e>
10000938:	782b      	ldrb	r3, [r5, #0]
1000093a:	2b68      	cmp	r3, #104	@ 0x68
1000093c:	d1ed      	bne.n	1000091a <mpu6050_init+0x1e>
1000093e:	466a      	mov	r2, sp
10000940:	4b37      	ldr	r3, [pc, #220]	@ (10000a20 <mpu6050_init+0x124>)
10000942:	2168      	movs	r1, #104	@ 0x68
10000944:	8193      	strh	r3, [r2, #12]
10000946:	0020      	movs	r0, r4
10000948:	2302      	movs	r3, #2
1000094a:	9600      	str	r6, [sp, #0]
1000094c:	aa03      	add	r2, sp, #12
1000094e:	f006 fe2d 	bl	100075ac <i2c_write_blocking>
10000952:	2802      	cmp	r0, #2
10000954:	d1e1      	bne.n	1000091a <mpu6050_init+0x1e>
10000956:	3062      	adds	r0, #98	@ 0x62
10000958:	f002 fa52 	bl	10002e00 <sleep_ms>
1000095c:	236c      	movs	r3, #108	@ 0x6c
1000095e:	466a      	mov	r2, sp
10000960:	33ff      	adds	r3, #255	@ 0xff
10000962:	8193      	strh	r3, [r2, #12]
10000964:	3b6a      	subs	r3, #106	@ 0x6a
10000966:	2168      	movs	r1, #104	@ 0x68
10000968:	0020      	movs	r0, r4
1000096a:	9600      	str	r6, [sp, #0]
1000096c:	3bff      	subs	r3, #255	@ 0xff
1000096e:	aa03      	add	r2, sp, #12
10000970:	f006 fe1c 	bl	100075ac <i2c_write_blocking>
10000974:	2802      	cmp	r0, #2
10000976:	d1d0      	bne.n	1000091a <mpu6050_init+0x1e>
10000978:	3008      	adds	r0, #8
1000097a:	f002 fa41 	bl	10002e00 <sleep_ms>
1000097e:	466a      	mov	r2, sp
10000980:	4b28      	ldr	r3, [pc, #160]	@ (10000a24 <mpu6050_init+0x128>)
10000982:	2168      	movs	r1, #104	@ 0x68
10000984:	8193      	strh	r3, [r2, #12]
10000986:	0020      	movs	r0, r4
10000988:	2302      	movs	r3, #2
1000098a:	9600      	str	r6, [sp, #0]
1000098c:	aa03      	add	r2, sp, #12
1000098e:	f006 fe0d 	bl	100075ac <i2c_write_blocking>
10000992:	2802      	cmp	r0, #2
10000994:	d1c1      	bne.n	1000091a <mpu6050_init+0x1e>
10000996:	466a      	mov	r2, sp
10000998:	4b23      	ldr	r3, [pc, #140]	@ (10000a28 <mpu6050_init+0x12c>)
1000099a:	2168      	movs	r1, #104	@ 0x68
1000099c:	8193      	strh	r3, [r2, #12]
1000099e:	0020      	movs	r0, r4
100009a0:	2302      	movs	r3, #2
100009a2:	9600      	str	r6, [sp, #0]
100009a4:	aa03      	add	r2, sp, #12
100009a6:	f006 fe01 	bl	100075ac <i2c_write_blocking>
100009aa:	2802      	cmp	r0, #2
100009ac:	d1b5      	bne.n	1000091a <mpu6050_init+0x1e>
100009ae:	231b      	movs	r3, #27
100009b0:	466a      	mov	r2, sp
100009b2:	2168      	movs	r1, #104	@ 0x68
100009b4:	8193      	strh	r3, [r2, #12]
100009b6:	0020      	movs	r0, r4
100009b8:	9600      	str	r6, [sp, #0]
100009ba:	3b19      	subs	r3, #25
100009bc:	aa03      	add	r2, sp, #12
100009be:	f006 fdf5 	bl	100075ac <i2c_write_blocking>
100009c2:	2802      	cmp	r0, #2
100009c4:	d1a9      	bne.n	1000091a <mpu6050_init+0x1e>
100009c6:	231c      	movs	r3, #28
100009c8:	466a      	mov	r2, sp
100009ca:	2168      	movs	r1, #104	@ 0x68
100009cc:	8193      	strh	r3, [r2, #12]
100009ce:	0020      	movs	r0, r4
100009d0:	3b1a      	subs	r3, #26
100009d2:	9600      	str	r6, [sp, #0]
100009d4:	aa03      	add	r2, sp, #12
100009d6:	f006 fde9 	bl	100075ac <i2c_write_blocking>
100009da:	0003      	movs	r3, r0
100009dc:	2802      	cmp	r0, #2
100009de:	d19c      	bne.n	1000091a <mpu6050_init+0x1e>
100009e0:	2223      	movs	r2, #35	@ 0x23
100009e2:	4669      	mov	r1, sp
100009e4:	0020      	movs	r0, r4
100009e6:	818a      	strh	r2, [r1, #12]
100009e8:	2168      	movs	r1, #104	@ 0x68
100009ea:	9600      	str	r6, [sp, #0]
100009ec:	aa03      	add	r2, sp, #12
100009ee:	f006 fddd 	bl	100075ac <i2c_write_blocking>
100009f2:	2802      	cmp	r0, #2
100009f4:	d000      	beq.n	100009f8 <mpu6050_init+0xfc>
100009f6:	e790      	b.n	1000091a <mpu6050_init+0x1e>
100009f8:	239c      	movs	r3, #156	@ 0x9c
100009fa:	466a      	mov	r2, sp
100009fc:	005b      	lsls	r3, r3, #1
100009fe:	8193      	strh	r3, [r2, #12]
10000a00:	2300      	movs	r3, #0
10000a02:	2168      	movs	r1, #104	@ 0x68
10000a04:	9300      	str	r3, [sp, #0]
10000a06:	0020      	movs	r0, r4
10000a08:	3302      	adds	r3, #2
10000a0a:	aa03      	add	r2, sp, #12
10000a0c:	f006 fdce 	bl	100075ac <i2c_write_blocking>
10000a10:	3802      	subs	r0, #2
10000a12:	4243      	negs	r3, r0
10000a14:	4158      	adcs	r0, r3
10000a16:	b2c0      	uxtb	r0, r0
10000a18:	e780      	b.n	1000091c <mpu6050_init+0x20>
10000a1a:	46c0      	nop			@ (mov r8, r8)
10000a1c:	20000230 	.word	0x20000230
10000a20:	ffff806b 	.word	0xffff806b
10000a24:	00000919 	.word	0x00000919
10000a28:	0000031a 	.word	0x0000031a

10000a2c <mpu6050_read>:
10000a2c:	b5f0      	push	{r4, r5, r6, r7, lr}
10000a2e:	46de      	mov	lr, fp
10000a30:	4657      	mov	r7, sl
10000a32:	464e      	mov	r6, r9
10000a34:	4645      	mov	r5, r8
10000a36:	b5e0      	push	{r5, r6, r7, lr}
10000a38:	0004      	movs	r4, r0
10000a3a:	b089      	sub	sp, #36	@ 0x24
10000a3c:	2800      	cmp	r0, #0
10000a3e:	d00d      	beq.n	10000a5c <mpu6050_read+0x30>
10000a40:	233b      	movs	r3, #59	@ 0x3b
10000a42:	466a      	mov	r2, sp
10000a44:	73d3      	strb	r3, [r2, #15]
10000a46:	220f      	movs	r2, #15
10000a48:	4e4e      	ldr	r6, [pc, #312]	@ (10000b84 <mpu6050_read+0x158>)
10000a4a:	3b3a      	subs	r3, #58	@ 0x3a
10000a4c:	2168      	movs	r1, #104	@ 0x68
10000a4e:	0030      	movs	r0, r6
10000a50:	9300      	str	r3, [sp, #0]
10000a52:	446a      	add	r2, sp
10000a54:	f006 fdaa 	bl	100075ac <i2c_write_blocking>
10000a58:	2801      	cmp	r0, #1
10000a5a:	d007      	beq.n	10000a6c <mpu6050_read+0x40>
10000a5c:	2000      	movs	r0, #0
10000a5e:	b009      	add	sp, #36	@ 0x24
10000a60:	bcf0      	pop	{r4, r5, r6, r7}
10000a62:	46bb      	mov	fp, r7
10000a64:	46b2      	mov	sl, r6
10000a66:	46a9      	mov	r9, r5
10000a68:	46a0      	mov	r8, r4
10000a6a:	bdf0      	pop	{r4, r5, r6, r7, pc}
10000a6c:	2300      	movs	r3, #0
10000a6e:	ad04      	add	r5, sp, #16
10000a70:	9300      	str	r3, [sp, #0]
10000a72:	002a      	movs	r2, r5
10000a74:	2168      	movs	r1, #104	@ 0x68
10000a76:	0030      	movs	r0, r6
10000a78:	330e      	adds	r3, #14
10000a7a:	f006 fe0d 	bl	10007698 <i2c_read_blocking>
10000a7e:	280e      	cmp	r0, #14
10000a80:	d1ec      	bne.n	10000a5c <mpu6050_read+0x30>
10000a82:	4b41      	ldr	r3, [pc, #260]	@ (10000b88 <mpu6050_read+0x15c>)
10000a84:	8828      	ldrh	r0, [r5, #0]
10000a86:	881a      	ldrh	r2, [r3, #0]
10000a88:	ba40      	rev16	r0, r0
10000a8a:	1a80      	subs	r0, r0, r2
10000a8c:	b200      	sxth	r0, r0
10000a8e:	8020      	strh	r0, [r4, #0]
10000a90:	886a      	ldrh	r2, [r5, #2]
10000a92:	8859      	ldrh	r1, [r3, #2]
10000a94:	ba52      	rev16	r2, r2
10000a96:	1a52      	subs	r2, r2, r1
10000a98:	b212      	sxth	r2, r2
10000a9a:	8062      	strh	r2, [r4, #2]
10000a9c:	4691      	mov	r9, r2
10000a9e:	88aa      	ldrh	r2, [r5, #4]
10000aa0:	8899      	ldrh	r1, [r3, #4]
10000aa2:	ba52      	rev16	r2, r2
10000aa4:	1a52      	subs	r2, r2, r1
10000aa6:	b212      	sxth	r2, r2
10000aa8:	80a2      	strh	r2, [r4, #4]
10000aaa:	4690      	mov	r8, r2
10000aac:	88ea      	ldrh	r2, [r5, #6]
10000aae:	892f      	ldrh	r7, [r5, #8]
10000ab0:	ba51      	rev16	r1, r2
10000ab2:	81a1      	strh	r1, [r4, #12]
10000ab4:	bad2      	revsh	r2, r2
10000ab6:	4692      	mov	sl, r2
10000ab8:	88da      	ldrh	r2, [r3, #6]
10000aba:	ba7f      	rev16	r7, r7
10000abc:	1abf      	subs	r7, r7, r2
10000abe:	b23f      	sxth	r7, r7
10000ac0:	896e      	ldrh	r6, [r5, #10]
10000ac2:	80e7      	strh	r7, [r4, #6]
10000ac4:	891a      	ldrh	r2, [r3, #8]
10000ac6:	ba76      	rev16	r6, r6
10000ac8:	1ab6      	subs	r6, r6, r2
10000aca:	b236      	sxth	r6, r6
10000acc:	89ad      	ldrh	r5, [r5, #12]
10000ace:	8126      	strh	r6, [r4, #8]
10000ad0:	895b      	ldrh	r3, [r3, #10]
10000ad2:	ba6d      	rev16	r5, r5
10000ad4:	1aed      	subs	r5, r5, r3
10000ad6:	b22d      	sxth	r5, r5
10000ad8:	8165      	strh	r5, [r4, #10]
10000ada:	f005 ffc5 	bl	10006a68 <__wrap___aeabi_i2f>
10000ade:	21e2      	movs	r1, #226	@ 0xe2
10000ae0:	0589      	lsls	r1, r1, #22
10000ae2:	f005 ff72 	bl	100069ca <__wrap___aeabi_fmul>
10000ae6:	4683      	mov	fp, r0
10000ae8:	6120      	str	r0, [r4, #16]
10000aea:	4648      	mov	r0, r9
10000aec:	f005 ffbc 	bl	10006a68 <__wrap___aeabi_i2f>
10000af0:	21e2      	movs	r1, #226	@ 0xe2
10000af2:	0589      	lsls	r1, r1, #22
10000af4:	f005 ff69 	bl	100069ca <__wrap___aeabi_fmul>
10000af8:	4681      	mov	r9, r0
10000afa:	6160      	str	r0, [r4, #20]
10000afc:	4640      	mov	r0, r8
10000afe:	f005 ffb3 	bl	10006a68 <__wrap___aeabi_i2f>
10000b02:	21e2      	movs	r1, #226	@ 0xe2
10000b04:	0589      	lsls	r1, r1, #22
10000b06:	f005 ff60 	bl	100069ca <__wrap___aeabi_fmul>
10000b0a:	4680      	mov	r8, r0
10000b0c:	61a0      	str	r0, [r4, #24]
10000b0e:	0038      	movs	r0, r7
10000b10:	f005 ffaa 	bl	10006a68 <__wrap___aeabi_i2f>
10000b14:	491d      	ldr	r1, [pc, #116]	@ (10000b8c <mpu6050_read+0x160>)
10000b16:	f005 ff44 	bl	100069a2 <__wrap___aeabi_fdiv>
10000b1a:	61e0      	str	r0, [r4, #28]
10000b1c:	0030      	movs	r0, r6
10000b1e:	f005 ffa3 	bl	10006a68 <__wrap___aeabi_i2f>
10000b22:	491a      	ldr	r1, [pc, #104]	@ (10000b8c <mpu6050_read+0x160>)
10000b24:	f005 ff3d 	bl	100069a2 <__wrap___aeabi_fdiv>
10000b28:	6220      	str	r0, [r4, #32]
10000b2a:	0028      	movs	r0, r5
10000b2c:	f005 ff9c 	bl	10006a68 <__wrap___aeabi_i2f>
10000b30:	4916      	ldr	r1, [pc, #88]	@ (10000b8c <mpu6050_read+0x160>)
10000b32:	f005 ff36 	bl	100069a2 <__wrap___aeabi_fdiv>
10000b36:	6260      	str	r0, [r4, #36]	@ 0x24
10000b38:	4650      	mov	r0, sl
10000b3a:	f005 ff95 	bl	10006a68 <__wrap___aeabi_i2f>
10000b3e:	4914      	ldr	r1, [pc, #80]	@ (10000b90 <mpu6050_read+0x164>)
10000b40:	f005 ff2f 	bl	100069a2 <__wrap___aeabi_fdiv>
10000b44:	4913      	ldr	r1, [pc, #76]	@ (10000b94 <mpu6050_read+0x168>)
10000b46:	f005 ff29 	bl	1000699c <__wrap___aeabi_fadd>
10000b4a:	4659      	mov	r1, fp
10000b4c:	62a0      	str	r0, [r4, #40]	@ 0x28
10000b4e:	4658      	mov	r0, fp
10000b50:	f005 ff3b 	bl	100069ca <__wrap___aeabi_fmul>
10000b54:	4649      	mov	r1, r9
10000b56:	1c05      	adds	r5, r0, #0
10000b58:	4648      	mov	r0, r9
10000b5a:	f005 ff36 	bl	100069ca <__wrap___aeabi_fmul>
10000b5e:	1c01      	adds	r1, r0, #0
10000b60:	1c28      	adds	r0, r5, #0
10000b62:	f005 ff1b 	bl	1000699c <__wrap___aeabi_fadd>
10000b66:	4641      	mov	r1, r8
10000b68:	1c05      	adds	r5, r0, #0
10000b6a:	4640      	mov	r0, r8
10000b6c:	f005 ff2d 	bl	100069ca <__wrap___aeabi_fmul>
10000b70:	1c01      	adds	r1, r0, #0
10000b72:	1c28      	adds	r0, r5, #0
10000b74:	f005 ff12 	bl	1000699c <__wrap___aeabi_fadd>
10000b78:	f005 ffea 	bl	10006b50 <__wrap_sqrtf>
10000b7c:	62e0      	str	r0, [r4, #44]	@ 0x2c
10000b7e:	2001      	movs	r0, #1
10000b80:	e76d      	b.n	10000a5e <mpu6050_read+0x32>
10000b82:	46c0      	nop			@ (mov r8, r8)
10000b84:	20000230 	.word	0x20000230
10000b88:	20000918 	.word	0x20000918
10000b8c:	43030000 	.word	0x43030000
10000b90:	43aa0000 	.word	0x43aa0000
10000b94:	42121eb8 	.word	0x42121eb8

10000b98 <mpu6050_calibrate>:
10000b98:	b5f0      	push	{r4, r5, r6, r7, lr}
10000b9a:	46de      	mov	lr, fp
10000b9c:	4645      	mov	r5, r8
10000b9e:	4657      	mov	r7, sl
10000ba0:	464e      	mov	r6, r9
10000ba2:	b5e0      	push	{r5, r6, r7, lr}
10000ba4:	4b44      	ldr	r3, [pc, #272]	@ (10000cb8 <mpu6050_calibrate+0x120>)
10000ba6:	b08d      	sub	sp, #52	@ 0x34
10000ba8:	9004      	str	r0, [sp, #16]
10000baa:	0004      	movs	r4, r0
10000bac:	220c      	movs	r2, #12
10000bae:	2100      	movs	r1, #0
10000bb0:	0018      	movs	r0, r3
10000bb2:	9305      	str	r3, [sp, #20]
10000bb4:	2500      	movs	r5, #0
10000bb6:	f006 fa65 	bl	10007084 <__wrap_memset>
10000bba:	2c00      	cmp	r4, #0
10000bbc:	d100      	bne.n	10000bc0 <mpu6050_calibrate+0x28>
10000bbe:	e075      	b.n	10000cac <mpu6050_calibrate+0x114>
10000bc0:	2300      	movs	r3, #0
10000bc2:	2600      	movs	r6, #0
10000bc4:	2700      	movs	r7, #0
10000bc6:	4698      	mov	r8, r3
10000bc8:	4699      	mov	r9, r3
10000bca:	469a      	mov	sl, r3
10000bcc:	469b      	mov	fp, r3
10000bce:	4b3b      	ldr	r3, [pc, #236]	@ (10000cbc <mpu6050_calibrate+0x124>)
10000bd0:	ac08      	add	r4, sp, #32
10000bd2:	9303      	str	r3, [sp, #12]
10000bd4:	223b      	movs	r2, #59	@ 0x3b
10000bd6:	ab04      	add	r3, sp, #16
10000bd8:	a904      	add	r1, sp, #16
10000bda:	73da      	strb	r2, [r3, #15]
10000bdc:	468c      	mov	ip, r1
10000bde:	2301      	movs	r3, #1
10000be0:	3a2c      	subs	r2, #44	@ 0x2c
10000be2:	2168      	movs	r1, #104	@ 0x68
10000be4:	9803      	ldr	r0, [sp, #12]
10000be6:	9300      	str	r3, [sp, #0]
10000be8:	4462      	add	r2, ip
10000bea:	f006 fcdf 	bl	100075ac <i2c_write_blocking>
10000bee:	2801      	cmp	r0, #1
10000bf0:	d007      	beq.n	10000c02 <mpu6050_calibrate+0x6a>
10000bf2:	2000      	movs	r0, #0
10000bf4:	b00d      	add	sp, #52	@ 0x34
10000bf6:	bcf0      	pop	{r4, r5, r6, r7}
10000bf8:	46bb      	mov	fp, r7
10000bfa:	46b2      	mov	sl, r6
10000bfc:	46a9      	mov	r9, r5
10000bfe:	46a0      	mov	r8, r4
10000c00:	bdf0      	pop	{r4, r5, r6, r7, pc}
10000c02:	2300      	movs	r3, #0
10000c04:	0022      	movs	r2, r4
10000c06:	9300      	str	r3, [sp, #0]
10000c08:	2168      	movs	r1, #104	@ 0x68
10000c0a:	9803      	ldr	r0, [sp, #12]
10000c0c:	330e      	adds	r3, #14
10000c0e:	f006 fd43 	bl	10007698 <i2c_read_blocking>
10000c12:	280e      	cmp	r0, #14
10000c14:	d1ed      	bne.n	10000bf2 <mpu6050_calibrate+0x5a>
10000c16:	8823      	ldrh	r3, [r4, #0]
10000c18:	3804      	subs	r0, #4
10000c1a:	badb      	revsh	r3, r3
10000c1c:	449b      	add	fp, r3
10000c1e:	8863      	ldrh	r3, [r4, #2]
10000c20:	3501      	adds	r5, #1
10000c22:	badb      	revsh	r3, r3
10000c24:	18f6      	adds	r6, r6, r3
10000c26:	88a3      	ldrh	r3, [r4, #4]
10000c28:	b2ad      	uxth	r5, r5
10000c2a:	badb      	revsh	r3, r3
10000c2c:	18ff      	adds	r7, r7, r3
10000c2e:	8923      	ldrh	r3, [r4, #8]
10000c30:	badb      	revsh	r3, r3
10000c32:	4498      	add	r8, r3
10000c34:	8963      	ldrh	r3, [r4, #10]
10000c36:	badb      	revsh	r3, r3
10000c38:	4499      	add	r9, r3
10000c3a:	89a3      	ldrh	r3, [r4, #12]
10000c3c:	badb      	revsh	r3, r3
10000c3e:	449a      	add	sl, r3
10000c40:	f002 f8de 	bl	10002e00 <sleep_ms>
10000c44:	9b04      	ldr	r3, [sp, #16]
10000c46:	42ab      	cmp	r3, r5
10000c48:	d1c4      	bne.n	10000bd4 <mpu6050_calibrate+0x3c>
10000c4a:	001c      	movs	r4, r3
10000c4c:	4652      	mov	r2, sl
10000c4e:	464b      	mov	r3, r9
10000c50:	0021      	movs	r1, r4
10000c52:	4658      	mov	r0, fp
10000c54:	46b2      	mov	sl, r6
10000c56:	46b9      	mov	r9, r7
10000c58:	0016      	movs	r6, r2
10000c5a:	001f      	movs	r7, r3
10000c5c:	f004 fdda 	bl	10005814 <__wrap___aeabi_idiv>
10000c60:	0021      	movs	r1, r4
10000c62:	b285      	uxth	r5, r0
10000c64:	4650      	mov	r0, sl
10000c66:	f004 fdd5 	bl	10005814 <__wrap___aeabi_idiv>
10000c6a:	0400      	lsls	r0, r0, #16
10000c6c:	0021      	movs	r1, r4
10000c6e:	4305      	orrs	r5, r0
10000c70:	4648      	mov	r0, r9
10000c72:	f004 fdcf 	bl	10005814 <__wrap___aeabi_idiv>
10000c76:	46a2      	mov	sl, r4
10000c78:	4b11      	ldr	r3, [pc, #68]	@ (10000cc0 <mpu6050_calibrate+0x128>)
10000c7a:	4651      	mov	r1, sl
10000c7c:	18c4      	adds	r4, r0, r3
10000c7e:	4640      	mov	r0, r8
10000c80:	f004 fdc8 	bl	10005814 <__wrap___aeabi_idiv>
10000c84:	b2a4      	uxth	r4, r4
10000c86:	0400      	lsls	r0, r0, #16
10000c88:	4651      	mov	r1, sl
10000c8a:	4304      	orrs	r4, r0
10000c8c:	0038      	movs	r0, r7
10000c8e:	f004 fdc1 	bl	10005814 <__wrap___aeabi_idiv>
10000c92:	4651      	mov	r1, sl
10000c94:	b207      	sxth	r7, r0
10000c96:	0030      	movs	r0, r6
10000c98:	f004 fdbc 	bl	10005814 <__wrap___aeabi_idiv>
10000c9c:	b200      	sxth	r0, r0
10000c9e:	9b05      	ldr	r3, [sp, #20]
10000ca0:	8158      	strh	r0, [r3, #10]
10000ca2:	601d      	str	r5, [r3, #0]
10000ca4:	2001      	movs	r0, #1
10000ca6:	605c      	str	r4, [r3, #4]
10000ca8:	811f      	strh	r7, [r3, #8]
10000caa:	e7a3      	b.n	10000bf4 <mpu6050_calibrate+0x5c>
10000cac:	24c0      	movs	r4, #192	@ 0xc0
10000cae:	2000      	movs	r0, #0
10000cb0:	2700      	movs	r7, #0
10000cb2:	0224      	lsls	r4, r4, #8
10000cb4:	e7f3      	b.n	10000c9e <mpu6050_calibrate+0x106>
10000cb6:	46c0      	nop			@ (mov r8, r8)
10000cb8:	20000918 	.word	0x20000918
10000cbc:	20000230 	.word	0x20000230
10000cc0:	ffffc000 	.word	0xffffc000

10000cc4 <compensate_pressure>:
10000cc4:	4b5f      	ldr	r3, [pc, #380]	@ (10000e44 <compensate_pressure+0x180>)
10000cc6:	b5f0      	push	{r4, r5, r6, r7, lr}
10000cc8:	6819      	ldr	r1, [r3, #0]
10000cca:	46de      	mov	lr, fp
10000ccc:	000a      	movs	r2, r1
10000cce:	17cb      	asrs	r3, r1, #31
10000cd0:	2101      	movs	r1, #1
10000cd2:	4657      	mov	r7, sl
10000cd4:	464e      	mov	r6, r9
10000cd6:	4645      	mov	r5, r8
10000cd8:	4683      	mov	fp, r0
10000cda:	485b      	ldr	r0, [pc, #364]	@ (10000e48 <compensate_pressure+0x184>)
10000cdc:	4249      	negs	r1, r1
10000cde:	1812      	adds	r2, r2, r0
10000ce0:	414b      	adcs	r3, r1
10000ce2:	b5e0      	push	{r5, r6, r7, lr}
10000ce4:	0010      	movs	r0, r2
10000ce6:	b089      	sub	sp, #36	@ 0x24
10000ce8:	0019      	movs	r1, r3
10000cea:	0014      	movs	r4, r2
10000cec:	001d      	movs	r5, r3
10000cee:	f005 fe35 	bl	1000695c <__wrap___aeabi_lmul>
10000cf2:	4e56      	ldr	r6, [pc, #344]	@ (10000e4c <compensate_pressure+0x188>)
10000cf4:	4680      	mov	r8, r0
10000cf6:	9601      	str	r6, [sp, #4]
10000cf8:	2208      	movs	r2, #8
10000cfa:	5eb0      	ldrsh	r0, [r6, r2]
10000cfc:	002b      	movs	r3, r5
10000cfe:	0022      	movs	r2, r4
10000d00:	468a      	mov	sl, r1
10000d02:	17c1      	asrs	r1, r0, #31
10000d04:	9402      	str	r4, [sp, #8]
10000d06:	9503      	str	r5, [sp, #12]
10000d08:	f005 fe28 	bl	1000695c <__wrap___aeabi_lmul>
10000d0c:	0d03      	lsrs	r3, r0, #20
10000d0e:	030f      	lsls	r7, r1, #12
10000d10:	431f      	orrs	r7, r3
10000d12:	9b01      	ldr	r3, [sp, #4]
10000d14:	0306      	lsls	r6, r0, #12
10000d16:	210a      	movs	r1, #10
10000d18:	5e58      	ldrsh	r0, [r3, r1]
10000d1a:	4642      	mov	r2, r8
10000d1c:	4653      	mov	r3, sl
10000d1e:	17c1      	asrs	r1, r0, #31
10000d20:	f005 fe1c 	bl	1000695c <__wrap___aeabi_lmul>
10000d24:	060b      	lsls	r3, r1, #24
10000d26:	0a04      	lsrs	r4, r0, #8
10000d28:	431c      	orrs	r4, r3
10000d2a:	120d      	asrs	r5, r1, #8
10000d2c:	2180      	movs	r1, #128	@ 0x80
10000d2e:	19a4      	adds	r4, r4, r6
10000d30:	417d      	adcs	r5, r7
10000d32:	2000      	movs	r0, #0
10000d34:	9e01      	ldr	r6, [sp, #4]
10000d36:	0209      	lsls	r1, r1, #8
10000d38:	2300      	movs	r3, #0
10000d3a:	1900      	adds	r0, r0, r4
10000d3c:	4169      	adcs	r1, r5
10000d3e:	88f2      	ldrh	r2, [r6, #6]
10000d40:	f005 fe0c 	bl	1000695c <__wrap___aeabi_lmul>
10000d44:	104b      	asrs	r3, r1, #1
10000d46:	17cf      	asrs	r7, r1, #31
10000d48:	4699      	mov	r9, r3
10000d4a:	433b      	orrs	r3, r7
10000d4c:	d100      	bne.n	10000d50 <compensate_pressure+0x8c>
10000d4e:	e076      	b.n	10000e3e <compensate_pressure+0x17a>
10000d50:	2310      	movs	r3, #16
10000d52:	5ef0      	ldrsh	r0, [r6, r3]
10000d54:	4642      	mov	r2, r8
10000d56:	4653      	mov	r3, sl
10000d58:	17c1      	asrs	r1, r0, #31
10000d5a:	f005 fdff 	bl	1000695c <__wrap___aeabi_lmul>
10000d5e:	9105      	str	r1, [sp, #20]
10000d60:	9004      	str	r0, [sp, #16]
10000d62:	230e      	movs	r3, #14
10000d64:	5ef0      	ldrsh	r0, [r6, r3]
10000d66:	9a02      	ldr	r2, [sp, #8]
10000d68:	9b03      	ldr	r3, [sp, #12]
10000d6a:	17c1      	asrs	r1, r0, #31
10000d6c:	f005 fdf6 	bl	1000695c <__wrap___aeabi_lmul>
10000d70:	0bc4      	lsrs	r4, r0, #15
10000d72:	044b      	lsls	r3, r1, #17
10000d74:	4323      	orrs	r3, r4
10000d76:	0442      	lsls	r2, r0, #17
10000d78:	9804      	ldr	r0, [sp, #16]
10000d7a:	9905      	ldr	r1, [sp, #20]
10000d7c:	1812      	adds	r2, r2, r0
10000d7e:	414b      	adcs	r3, r1
10000d80:	2480      	movs	r4, #128	@ 0x80
10000d82:	4659      	mov	r1, fp
10000d84:	9202      	str	r2, [sp, #8]
10000d86:	9303      	str	r3, [sp, #12]
10000d88:	0364      	lsls	r4, r4, #13
10000d8a:	1a64      	subs	r4, r4, r1
10000d8c:	0865      	lsrs	r5, r4, #1
10000d8e:	17e1      	asrs	r1, r4, #31
10000d90:	07e0      	lsls	r0, r4, #31
10000d92:	240c      	movs	r4, #12
10000d94:	5f32      	ldrsh	r2, [r6, r4]
10000d96:	2400      	movs	r4, #0
10000d98:	07c9      	lsls	r1, r1, #31
10000d9a:	4329      	orrs	r1, r5
10000d9c:	00d5      	lsls	r5, r2, #3
10000d9e:	9a02      	ldr	r2, [sp, #8]
10000da0:	9b03      	ldr	r3, [sp, #12]
10000da2:	18a4      	adds	r4, r4, r2
10000da4:	415d      	adcs	r5, r3
10000da6:	2300      	movs	r3, #0
10000da8:	1b00      	subs	r0, r0, r4
10000daa:	41a9      	sbcs	r1, r5
10000dac:	4a28      	ldr	r2, [pc, #160]	@ (10000e50 <compensate_pressure+0x18c>)
10000dae:	f005 fdd5 	bl	1000695c <__wrap___aeabi_lmul>
10000db2:	464a      	mov	r2, r9
10000db4:	003b      	movs	r3, r7
10000db6:	f004 fd7b 	bl	100058b0 <__wrap___aeabi_ldivmod>
10000dba:	9107      	str	r1, [sp, #28]
10000dbc:	9006      	str	r0, [sp, #24]
10000dbe:	9e06      	ldr	r6, [sp, #24]
10000dc0:	9f07      	ldr	r7, [sp, #28]
10000dc2:	04fb      	lsls	r3, r7, #19
10000dc4:	0b74      	lsrs	r4, r6, #13
10000dc6:	431c      	orrs	r4, r3
10000dc8:	9b01      	ldr	r3, [sp, #4]
10000dca:	137d      	asrs	r5, r7, #13
10000dcc:	2216      	movs	r2, #22
10000dce:	5e98      	ldrsh	r0, [r3, r2]
10000dd0:	0022      	movs	r2, r4
10000dd2:	002b      	movs	r3, r5
10000dd4:	17c1      	asrs	r1, r0, #31
10000dd6:	f005 fdc1 	bl	1000695c <__wrap___aeabi_lmul>
10000dda:	0022      	movs	r2, r4
10000ddc:	002b      	movs	r3, r5
10000dde:	f005 fdbd 	bl	1000695c <__wrap___aeabi_lmul>
10000de2:	01cb      	lsls	r3, r1, #7
10000de4:	0e44      	lsrs	r4, r0, #25
10000de6:	0032      	movs	r2, r6
10000de8:	431c      	orrs	r4, r3
10000dea:	003b      	movs	r3, r7
10000dec:	9e01      	ldr	r6, [sp, #4]
10000dee:	164d      	asrs	r5, r1, #25
10000df0:	2114      	movs	r1, #20
10000df2:	5e70      	ldrsh	r0, [r6, r1]
10000df4:	18a4      	adds	r4, r4, r2
10000df6:	415d      	adcs	r5, r3
10000df8:	17c1      	asrs	r1, r0, #31
10000dfa:	f005 fdaf 	bl	1000695c <__wrap___aeabi_lmul>
10000dfe:	034f      	lsls	r7, r1, #13
10000e00:	0cc2      	lsrs	r2, r0, #19
10000e02:	14cb      	asrs	r3, r1, #19
10000e04:	433a      	orrs	r2, r7
10000e06:	1912      	adds	r2, r2, r4
10000e08:	416b      	adcs	r3, r5
10000e0a:	0619      	lsls	r1, r3, #24
10000e0c:	0a14      	lsrs	r4, r2, #8
10000e0e:	121d      	asrs	r5, r3, #8
10000e10:	2212      	movs	r2, #18
10000e12:	5eb3      	ldrsh	r3, [r6, r2]
10000e14:	430c      	orrs	r4, r1
10000e16:	17de      	asrs	r6, r3, #31
10000e18:	0f1a      	lsrs	r2, r3, #28
10000e1a:	0131      	lsls	r1, r6, #4
10000e1c:	4311      	orrs	r1, r2
10000e1e:	0118      	lsls	r0, r3, #4
10000e20:	1900      	adds	r0, r0, r4
10000e22:	4169      	adcs	r1, r5
10000e24:	f005 fe7c 	bl	10006b20 <__wrap___aeabi_l2f>
10000e28:	21ee      	movs	r1, #238	@ 0xee
10000e2a:	0589      	lsls	r1, r1, #22
10000e2c:	f005 fdcd 	bl	100069ca <__wrap___aeabi_fmul>
10000e30:	b009      	add	sp, #36	@ 0x24
10000e32:	bcf0      	pop	{r4, r5, r6, r7}
10000e34:	46bb      	mov	fp, r7
10000e36:	46b2      	mov	sl, r6
10000e38:	46a9      	mov	r9, r5
10000e3a:	46a0      	mov	r8, r4
10000e3c:	bdf0      	pop	{r4, r5, r6, r7, pc}
10000e3e:	2000      	movs	r0, #0
10000e40:	e7f6      	b.n	10000e30 <compensate_pressure+0x16c>
10000e42:	46c0      	nop			@ (mov r8, r8)
10000e44:	200010ac 	.word	0x200010ac
10000e48:	fffe0c00 	.word	0xfffe0c00
10000e4c:	20000dd0 	.word	0x20000dd0
10000e50:	00000c35 	.word	0x00000c35

10000e54 <bme280_init>:
10000e54:	b5f0      	push	{r4, r5, r6, r7, lr}
10000e56:	46ce      	mov	lr, r9
10000e58:	4647      	mov	r7, r8
10000e5a:	b580      	push	{r7, lr}
10000e5c:	b08b      	sub	sp, #44	@ 0x2c
10000e5e:	23d0      	movs	r3, #208	@ 0xd0
10000e60:	466a      	mov	r2, sp
10000e62:	4c6f      	ldr	r4, [pc, #444]	@ (10001020 <bme280_init+0x1cc>)
10000e64:	7313      	strb	r3, [r2, #12]
10000e66:	3bcf      	subs	r3, #207	@ 0xcf
10000e68:	2176      	movs	r1, #118	@ 0x76
10000e6a:	0020      	movs	r0, r4
10000e6c:	9300      	str	r3, [sp, #0]
10000e6e:	aa03      	add	r2, sp, #12
10000e70:	f006 fb9c 	bl	100075ac <i2c_write_blocking>
10000e74:	2801      	cmp	r0, #1
10000e76:	d005      	beq.n	10000e84 <bme280_init+0x30>
10000e78:	2000      	movs	r0, #0
10000e7a:	b00b      	add	sp, #44	@ 0x2c
10000e7c:	bcc0      	pop	{r6, r7}
10000e7e:	46b9      	mov	r9, r7
10000e80:	46b0      	mov	r8, r6
10000e82:	bdf0      	pop	{r4, r5, r6, r7, pc}
10000e84:	2509      	movs	r5, #9
10000e86:	2600      	movs	r6, #0
10000e88:	446d      	add	r5, sp
10000e8a:	2301      	movs	r3, #1
10000e8c:	002a      	movs	r2, r5
10000e8e:	2176      	movs	r1, #118	@ 0x76
10000e90:	0020      	movs	r0, r4
10000e92:	9600      	str	r6, [sp, #0]
10000e94:	f006 fc00 	bl	10007698 <i2c_read_blocking>
10000e98:	2801      	cmp	r0, #1
10000e9a:	d1ed      	bne.n	10000e78 <bme280_init+0x24>
10000e9c:	782b      	ldrb	r3, [r5, #0]
10000e9e:	2b60      	cmp	r3, #96	@ 0x60
10000ea0:	d1ea      	bne.n	10000e78 <bme280_init+0x24>
10000ea2:	466a      	mov	r2, sp
10000ea4:	4b5f      	ldr	r3, [pc, #380]	@ (10001024 <bme280_init+0x1d0>)
10000ea6:	2176      	movs	r1, #118	@ 0x76
10000ea8:	8193      	strh	r3, [r2, #12]
10000eaa:	0020      	movs	r0, r4
10000eac:	2302      	movs	r3, #2
10000eae:	9600      	str	r6, [sp, #0]
10000eb0:	aa03      	add	r2, sp, #12
10000eb2:	f006 fb7b 	bl	100075ac <i2c_write_blocking>
10000eb6:	2802      	cmp	r0, #2
10000eb8:	d1de      	bne.n	10000e78 <bme280_init+0x24>
10000eba:	3008      	adds	r0, #8
10000ebc:	f001 ffa0 	bl	10002e00 <sleep_ms>
10000ec0:	23f3      	movs	r3, #243	@ 0xf3
10000ec2:	360a      	adds	r6, #10
10000ec4:	4698      	mov	r8, r3
10000ec6:	2501      	movs	r5, #1
10000ec8:	446e      	add	r6, sp
10000eca:	e013      	b.n	10000ef4 <bme280_init+0xa0>
10000ecc:	2300      	movs	r3, #0
10000ece:	0032      	movs	r2, r6
10000ed0:	9300      	str	r3, [sp, #0]
10000ed2:	2176      	movs	r1, #118	@ 0x76
10000ed4:	0020      	movs	r0, r4
10000ed6:	3301      	adds	r3, #1
10000ed8:	f006 fbde 	bl	10007698 <i2c_read_blocking>
10000edc:	0007      	movs	r7, r0
10000ede:	2801      	cmp	r0, #1
10000ee0:	d1ca      	bne.n	10000e78 <bme280_init+0x24>
10000ee2:	2001      	movs	r0, #1
10000ee4:	f001 ff8c 	bl	10002e00 <sleep_ms>
10000ee8:	002a      	movs	r2, r5
10000eea:	7833      	ldrb	r3, [r6, #0]
10000eec:	401a      	ands	r2, r3
10000eee:	4691      	mov	r9, r2
10000ef0:	421d      	tst	r5, r3
10000ef2:	d00c      	beq.n	10000f0e <bme280_init+0xba>
10000ef4:	466b      	mov	r3, sp
10000ef6:	4642      	mov	r2, r8
10000ef8:	2176      	movs	r1, #118	@ 0x76
10000efa:	731a      	strb	r2, [r3, #12]
10000efc:	0020      	movs	r0, r4
10000efe:	2301      	movs	r3, #1
10000f00:	9500      	str	r5, [sp, #0]
10000f02:	aa03      	add	r2, sp, #12
10000f04:	f006 fb52 	bl	100075ac <i2c_write_blocking>
10000f08:	2801      	cmp	r0, #1
10000f0a:	d1b5      	bne.n	10000e78 <bme280_init+0x24>
10000f0c:	e7de      	b.n	10000ecc <bme280_init+0x78>
10000f0e:	2388      	movs	r3, #136	@ 0x88
10000f10:	466a      	mov	r2, sp
10000f12:	72d3      	strb	r3, [r2, #11]
10000f14:	220b      	movs	r2, #11
10000f16:	2176      	movs	r1, #118	@ 0x76
10000f18:	0020      	movs	r0, r4
10000f1a:	9700      	str	r7, [sp, #0]
10000f1c:	3b87      	subs	r3, #135	@ 0x87
10000f1e:	446a      	add	r2, sp
10000f20:	f006 fb44 	bl	100075ac <i2c_write_blocking>
10000f24:	0006      	movs	r6, r0
10000f26:	2801      	cmp	r0, #1
10000f28:	d1a6      	bne.n	10000e78 <bme280_init+0x24>
10000f2a:	464b      	mov	r3, r9
10000f2c:	2176      	movs	r1, #118	@ 0x76
10000f2e:	9300      	str	r3, [sp, #0]
10000f30:	0020      	movs	r0, r4
10000f32:	231a      	movs	r3, #26
10000f34:	aa03      	add	r2, sp, #12
10000f36:	f006 fbaf 	bl	10007698 <i2c_read_blocking>
10000f3a:	281a      	cmp	r0, #26
10000f3c:	d19c      	bne.n	10000e78 <bme280_init+0x24>
10000f3e:	4d3a      	ldr	r5, [pc, #232]	@ (10001028 <bme280_init+0x1d4>)
10000f40:	9b03      	ldr	r3, [sp, #12]
10000f42:	9a07      	ldr	r2, [sp, #28]
10000f44:	602b      	str	r3, [r5, #0]
10000f46:	9b04      	ldr	r3, [sp, #16]
10000f48:	612a      	str	r2, [r5, #16]
10000f4a:	606b      	str	r3, [r5, #4]
10000f4c:	9b08      	ldr	r3, [sp, #32]
10000f4e:	2225      	movs	r2, #37	@ 0x25
10000f50:	616b      	str	r3, [r5, #20]
10000f52:	466b      	mov	r3, sp
10000f54:	9906      	ldr	r1, [sp, #24]
10000f56:	9805      	ldr	r0, [sp, #20]
10000f58:	60e9      	str	r1, [r5, #12]
10000f5a:	60a8      	str	r0, [r5, #8]
10000f5c:	189b      	adds	r3, r3, r2
10000f5e:	781b      	ldrb	r3, [r3, #0]
10000f60:	466a      	mov	r2, sp
10000f62:	762b      	strb	r3, [r5, #24]
10000f64:	23e1      	movs	r3, #225	@ 0xe1
10000f66:	72d3      	strb	r3, [r2, #11]
10000f68:	220b      	movs	r2, #11
10000f6a:	2176      	movs	r1, #118	@ 0x76
10000f6c:	0020      	movs	r0, r4
10000f6e:	9600      	str	r6, [sp, #0]
10000f70:	3be0      	subs	r3, #224	@ 0xe0
10000f72:	446a      	add	r2, sp
10000f74:	f006 fb1a 	bl	100075ac <i2c_write_blocking>
10000f78:	2801      	cmp	r0, #1
10000f7a:	d000      	beq.n	10000f7e <bme280_init+0x12a>
10000f7c:	e77c      	b.n	10000e78 <bme280_init+0x24>
10000f7e:	464b      	mov	r3, r9
10000f80:	2176      	movs	r1, #118	@ 0x76
10000f82:	9300      	str	r3, [sp, #0]
10000f84:	0020      	movs	r0, r4
10000f86:	2307      	movs	r3, #7
10000f88:	aa03      	add	r2, sp, #12
10000f8a:	f006 fb85 	bl	10007698 <i2c_read_blocking>
10000f8e:	2807      	cmp	r0, #7
10000f90:	d000      	beq.n	10000f94 <bme280_init+0x140>
10000f92:	e771      	b.n	10000e78 <bme280_init+0x24>
10000f94:	466b      	mov	r3, sp
10000f96:	899b      	ldrh	r3, [r3, #12]
10000f98:	466a      	mov	r2, sp
10000f9a:	836b      	strh	r3, [r5, #26]
10000f9c:	466b      	mov	r3, sp
10000f9e:	7b9b      	ldrb	r3, [r3, #14]
10000fa0:	0020      	movs	r0, r4
10000fa2:	766b      	strb	r3, [r5, #25]
10000fa4:	466b      	mov	r3, sp
10000fa6:	7bd1      	ldrb	r1, [r2, #15]
10000fa8:	220f      	movs	r2, #15
10000faa:	7c1b      	ldrb	r3, [r3, #16]
10000fac:	0109      	lsls	r1, r1, #4
10000fae:	401a      	ands	r2, r3
10000fb0:	430a      	orrs	r2, r1
10000fb2:	83aa      	strh	r2, [r5, #28]
10000fb4:	466a      	mov	r2, sp
10000fb6:	7c52      	ldrb	r2, [r2, #17]
10000fb8:	091b      	lsrs	r3, r3, #4
10000fba:	0112      	lsls	r2, r2, #4
10000fbc:	4313      	orrs	r3, r2
10000fbe:	83eb      	strh	r3, [r5, #30]
10000fc0:	466b      	mov	r3, sp
10000fc2:	7c9a      	ldrb	r2, [r3, #18]
10000fc4:	2320      	movs	r3, #32
10000fc6:	54ea      	strb	r2, [r5, r3]
10000fc8:	466a      	mov	r2, sp
10000fca:	33d3      	adds	r3, #211	@ 0xd3
10000fcc:	33ff      	adds	r3, #255	@ 0xff
10000fce:	8193      	strh	r3, [r2, #12]
10000fd0:	464b      	mov	r3, r9
10000fd2:	2176      	movs	r1, #118	@ 0x76
10000fd4:	9300      	str	r3, [sp, #0]
10000fd6:	aa03      	add	r2, sp, #12
10000fd8:	2302      	movs	r3, #2
10000fda:	f006 fae7 	bl	100075ac <i2c_write_blocking>
10000fde:	2802      	cmp	r0, #2
10000fe0:	d000      	beq.n	10000fe4 <bme280_init+0x190>
10000fe2:	e749      	b.n	10000e78 <bme280_init+0x24>
10000fe4:	466a      	mov	r2, sp
10000fe6:	4b11      	ldr	r3, [pc, #68]	@ (1000102c <bme280_init+0x1d8>)
10000fe8:	2176      	movs	r1, #118	@ 0x76
10000fea:	8193      	strh	r3, [r2, #12]
10000fec:	464b      	mov	r3, r9
10000fee:	0020      	movs	r0, r4
10000ff0:	9300      	str	r3, [sp, #0]
10000ff2:	aa03      	add	r2, sp, #12
10000ff4:	2302      	movs	r3, #2
10000ff6:	f006 fad9 	bl	100075ac <i2c_write_blocking>
10000ffa:	2802      	cmp	r0, #2
10000ffc:	d000      	beq.n	10001000 <bme280_init+0x1ac>
10000ffe:	e73b      	b.n	10000e78 <bme280_init+0x24>
10001000:	466a      	mov	r2, sp
10001002:	4b0b      	ldr	r3, [pc, #44]	@ (10001030 <bme280_init+0x1dc>)
10001004:	2176      	movs	r1, #118	@ 0x76
10001006:	8193      	strh	r3, [r2, #12]
10001008:	464b      	mov	r3, r9
1000100a:	0020      	movs	r0, r4
1000100c:	9300      	str	r3, [sp, #0]
1000100e:	aa03      	add	r2, sp, #12
10001010:	2302      	movs	r3, #2
10001012:	f006 facb 	bl	100075ac <i2c_write_blocking>
10001016:	3802      	subs	r0, #2
10001018:	4243      	negs	r3, r0
1000101a:	4158      	adcs	r0, r3
1000101c:	b2c0      	uxtb	r0, r0
1000101e:	e72c      	b.n	10000e7a <bme280_init+0x26>
10001020:	20000230 	.word	0x20000230
10001024:	ffffb6e0 	.word	0xffffb6e0
10001028:	20000dd0 	.word	0x20000dd0
1000102c:	000010f5 	.word	0x000010f5
10001030:	000043f4 	.word	0x000043f4

10001034 <bme280_read>:
10001034:	b5f0      	push	{r4, r5, r6, r7, lr}
10001036:	46c6      	mov	lr, r8
10001038:	b500      	push	{lr}
1000103a:	0004      	movs	r4, r0
1000103c:	b086      	sub	sp, #24
1000103e:	2800      	cmp	r0, #0
10001040:	d00d      	beq.n	1000105e <bme280_read+0x2a>
10001042:	23f7      	movs	r3, #247	@ 0xf7
10001044:	466a      	mov	r2, sp
10001046:	73d3      	strb	r3, [r2, #15]
10001048:	220f      	movs	r2, #15
1000104a:	4d53      	ldr	r5, [pc, #332]	@ (10001198 <bme280_read+0x164>)
1000104c:	3bf6      	subs	r3, #246	@ 0xf6
1000104e:	2176      	movs	r1, #118	@ 0x76
10001050:	0028      	movs	r0, r5
10001052:	9300      	str	r3, [sp, #0]
10001054:	446a      	add	r2, sp
10001056:	f006 faa9 	bl	100075ac <i2c_write_blocking>
1000105a:	2801      	cmp	r0, #1
1000105c:	d004      	beq.n	10001068 <bme280_read+0x34>
1000105e:	2000      	movs	r0, #0
10001060:	b006      	add	sp, #24
10001062:	bc80      	pop	{r7}
10001064:	46b8      	mov	r8, r7
10001066:	bdf0      	pop	{r4, r5, r6, r7, pc}
10001068:	2300      	movs	r3, #0
1000106a:	ae04      	add	r6, sp, #16
1000106c:	9300      	str	r3, [sp, #0]
1000106e:	0032      	movs	r2, r6
10001070:	2176      	movs	r1, #118	@ 0x76
10001072:	0028      	movs	r0, r5
10001074:	3308      	adds	r3, #8
10001076:	f006 fb0f 	bl	10007698 <i2c_read_blocking>
1000107a:	2808      	cmp	r0, #8
1000107c:	d1ef      	bne.n	1000105e <bme280_read+0x2a>
1000107e:	7873      	ldrb	r3, [r6, #1]
10001080:	7835      	ldrb	r5, [r6, #0]
10001082:	011b      	lsls	r3, r3, #4
10001084:	032d      	lsls	r5, r5, #12
10001086:	431d      	orrs	r5, r3
10001088:	78b3      	ldrb	r3, [r6, #2]
1000108a:	7932      	ldrb	r2, [r6, #4]
1000108c:	091b      	lsrs	r3, r3, #4
1000108e:	431d      	orrs	r5, r3
10001090:	88f7      	ldrh	r7, [r6, #6]
10001092:	78f3      	ldrb	r3, [r6, #3]
10001094:	7971      	ldrb	r1, [r6, #5]
10001096:	0112      	lsls	r2, r2, #4
10001098:	4e40      	ldr	r6, [pc, #256]	@ (1000119c <bme280_read+0x168>)
1000109a:	ba7f      	rev16	r7, r7
1000109c:	031b      	lsls	r3, r3, #12
1000109e:	4313      	orrs	r3, r2
100010a0:	b2ba      	uxth	r2, r7
100010a2:	4690      	mov	r8, r2
100010a4:	0909      	lsrs	r1, r1, #4
100010a6:	8832      	ldrh	r2, [r6, #0]
100010a8:	4319      	orrs	r1, r3
100010aa:	091b      	lsrs	r3, r3, #4
100010ac:	1a9b      	subs	r3, r3, r2
100010ae:	435b      	muls	r3, r3
100010b0:	0052      	lsls	r2, r2, #1
100010b2:	10c9      	asrs	r1, r1, #3
100010b4:	1a89      	subs	r1, r1, r2
100010b6:	2002      	movs	r0, #2
100010b8:	5e32      	ldrsh	r2, [r6, r0]
100010ba:	131b      	asrs	r3, r3, #12
100010bc:	434a      	muls	r2, r1
100010be:	2004      	movs	r0, #4
100010c0:	5e31      	ldrsh	r1, [r6, r0]
100010c2:	12d2      	asrs	r2, r2, #11
100010c4:	434b      	muls	r3, r1
100010c6:	139b      	asrs	r3, r3, #14
100010c8:	18d7      	adds	r7, r2, r3
100010ca:	00b8      	lsls	r0, r7, #2
100010cc:	4b34      	ldr	r3, [pc, #208]	@ (100011a0 <bme280_read+0x16c>)
100010ce:	19c0      	adds	r0, r0, r7
100010d0:	601f      	str	r7, [r3, #0]
100010d2:	3080      	adds	r0, #128	@ 0x80
100010d4:	f005 fcc8 	bl	10006a68 <__wrap___aeabi_i2f>
100010d8:	4932      	ldr	r1, [pc, #200]	@ (100011a4 <bme280_read+0x170>)
100010da:	f005 fc62 	bl	100069a2 <__wrap___aeabi_fdiv>
100010de:	6020      	str	r0, [r4, #0]
100010e0:	0028      	movs	r0, r5
100010e2:	f7ff fdef 	bl	10000cc4 <compensate_pressure>
100010e6:	4b30      	ldr	r3, [pc, #192]	@ (100011a8 <bme280_read+0x174>)
100010e8:	6060      	str	r0, [r4, #4]
100010ea:	18fa      	adds	r2, r7, r3
100010ec:	4643      	mov	r3, r8
100010ee:	1c05      	adds	r5, r0, #0
100010f0:	0399      	lsls	r1, r3, #14
100010f2:	201c      	movs	r0, #28
100010f4:	5e33      	ldrsh	r3, [r6, r0]
100010f6:	051b      	lsls	r3, r3, #20
100010f8:	1ac9      	subs	r1, r1, r3
100010fa:	201e      	movs	r0, #30
100010fc:	5e33      	ldrsh	r3, [r6, r0]
100010fe:	2080      	movs	r0, #128	@ 0x80
10001100:	4353      	muls	r3, r2
10001102:	1ac9      	subs	r1, r1, r3
10001104:	2380      	movs	r3, #128	@ 0x80
10001106:	01db      	lsls	r3, r3, #7
10001108:	469c      	mov	ip, r3
1000110a:	0200      	lsls	r0, r0, #8
1000110c:	4461      	add	r1, ip
1000110e:	4684      	mov	ip, r0
10001110:	2020      	movs	r0, #32
10001112:	7e73      	ldrb	r3, [r6, #25]
10001114:	5630      	ldrsb	r0, [r6, r0]
10001116:	4353      	muls	r3, r2
10001118:	4342      	muls	r2, r0
1000111a:	12db      	asrs	r3, r3, #11
1000111c:	4463      	add	r3, ip
1000111e:	1292      	asrs	r2, r2, #10
10001120:	435a      	muls	r2, r3
10001122:	2380      	movs	r3, #128	@ 0x80
10001124:	039b      	lsls	r3, r3, #14
10001126:	469c      	mov	ip, r3
10001128:	1292      	asrs	r2, r2, #10
1000112a:	201a      	movs	r0, #26
1000112c:	5e33      	ldrsh	r3, [r6, r0]
1000112e:	4462      	add	r2, ip
10001130:	4353      	muls	r3, r2
10001132:	2280      	movs	r2, #128	@ 0x80
10001134:	0192      	lsls	r2, r2, #6
10001136:	4694      	mov	ip, r2
10001138:	4463      	add	r3, ip
1000113a:	13c9      	asrs	r1, r1, #15
1000113c:	139b      	asrs	r3, r3, #14
1000113e:	434b      	muls	r3, r1
10001140:	13da      	asrs	r2, r3, #15
10001142:	4352      	muls	r2, r2
10001144:	7e31      	ldrb	r1, [r6, #24]
10001146:	11d2      	asrs	r2, r2, #7
10001148:	434a      	muls	r2, r1
1000114a:	1112      	asrs	r2, r2, #4
1000114c:	1a9b      	subs	r3, r3, r2
1000114e:	43da      	mvns	r2, r3
10001150:	17d2      	asrs	r2, r2, #31
10001152:	4013      	ands	r3, r2
10001154:	22c8      	movs	r2, #200	@ 0xc8
10001156:	0552      	lsls	r2, r2, #21
10001158:	4293      	cmp	r3, r2
1000115a:	dc1a      	bgt.n	10001192 <bme280_read+0x15e>
1000115c:	1318      	asrs	r0, r3, #12
1000115e:	f005 fc83 	bl	10006a68 <__wrap___aeabi_i2f>
10001162:	21ea      	movs	r1, #234	@ 0xea
10001164:	0589      	lsls	r1, r1, #22
10001166:	f005 fc30 	bl	100069ca <__wrap___aeabi_fmul>
1000116a:	4b10      	ldr	r3, [pc, #64]	@ (100011ac <bme280_read+0x178>)
1000116c:	60a0      	str	r0, [r4, #8]
1000116e:	6819      	ldr	r1, [r3, #0]
10001170:	1c28      	adds	r0, r5, #0
10001172:	f005 fc16 	bl	100069a2 <__wrap___aeabi_fdiv>
10001176:	490e      	ldr	r1, [pc, #56]	@ (100011b0 <bme280_read+0x17c>)
10001178:	f005 fe10 	bl	10006d9c <__wrap_powf>
1000117c:	1c01      	adds	r1, r0, #0
1000117e:	20fe      	movs	r0, #254	@ 0xfe
10001180:	0580      	lsls	r0, r0, #22
10001182:	f005 fc08 	bl	10006996 <__wrap___aeabi_fsub>
10001186:	490b      	ldr	r1, [pc, #44]	@ (100011b4 <bme280_read+0x180>)
10001188:	f005 fc1f 	bl	100069ca <__wrap___aeabi_fmul>
1000118c:	60e0      	str	r0, [r4, #12]
1000118e:	2001      	movs	r0, #1
10001190:	e766      	b.n	10001060 <bme280_read+0x2c>
10001192:	0013      	movs	r3, r2
10001194:	e7e2      	b.n	1000115c <bme280_read+0x128>
10001196:	46c0      	nop			@ (mov r8, r8)
10001198:	20000230 	.word	0x20000230
1000119c:	20000dd0 	.word	0x20000dd0
100011a0:	200010ac 	.word	0x200010ac
100011a4:	46c80000 	.word	0x46c80000
100011a8:	fffed400 	.word	0xfffed400
100011ac:	20000198 	.word	0x20000198
100011b0:	3e42de01 	.word	0x3e42de01
100011b4:	472d2a00 	.word	0x472d2a00

100011b8 <bme280_get_ground_pressure>:
100011b8:	4b01      	ldr	r3, [pc, #4]	@ (100011c0 <bme280_get_ground_pressure+0x8>)
100011ba:	6818      	ldr	r0, [r3, #0]
100011bc:	4770      	bx	lr
100011be:	46c0      	nop			@ (mov r8, r8)
100011c0:	20000198 	.word	0x20000198

100011c4 <bme280_calibrate_ground>:
100011c4:	b5f0      	push	{r4, r5, r6, r7, lr}
100011c6:	46de      	mov	lr, fp
100011c8:	4657      	mov	r7, sl
100011ca:	464e      	mov	r6, r9
100011cc:	4645      	mov	r5, r8
100011ce:	b5e0      	push	{r5, r6, r7, lr}
100011d0:	b089      	sub	sp, #36	@ 0x24
100011d2:	9003      	str	r0, [sp, #12]
100011d4:	2800      	cmp	r0, #0
100011d6:	d100      	bne.n	100011da <bme280_calibrate_ground+0x16>
100011d8:	e071      	b.n	100012be <bme280_calibrate_ground+0xfa>
100011da:	4b3b      	ldr	r3, [pc, #236]	@ (100012c8 <bme280_calibrate_ground+0x104>)
100011dc:	2400      	movs	r4, #0
100011de:	4698      	mov	r8, r3
100011e0:	2301      	movs	r3, #1
100011e2:	2500      	movs	r5, #0
100011e4:	4699      	mov	r9, r3
100011e6:	4e39      	ldr	r6, [pc, #228]	@ (100012cc <bme280_calibrate_ground+0x108>)
100011e8:	23f7      	movs	r3, #247	@ 0xf7
100011ea:	aa02      	add	r2, sp, #8
100011ec:	a902      	add	r1, sp, #8
100011ee:	73d3      	strb	r3, [r2, #15]
100011f0:	468c      	mov	ip, r1
100011f2:	464b      	mov	r3, r9
100011f4:	220f      	movs	r2, #15
100011f6:	9300      	str	r3, [sp, #0]
100011f8:	2176      	movs	r1, #118	@ 0x76
100011fa:	2301      	movs	r3, #1
100011fc:	4640      	mov	r0, r8
100011fe:	4462      	add	r2, ip
10001200:	f006 f9d4 	bl	100075ac <i2c_write_blocking>
10001204:	2801      	cmp	r0, #1
10001206:	d007      	beq.n	10001218 <bme280_calibrate_ground+0x54>
10001208:	2000      	movs	r0, #0
1000120a:	b009      	add	sp, #36	@ 0x24
1000120c:	bcf0      	pop	{r4, r5, r6, r7}
1000120e:	46bb      	mov	fp, r7
10001210:	46b2      	mov	sl, r6
10001212:	46a9      	mov	r9, r5
10001214:	46a0      	mov	r8, r4
10001216:	bdf0      	pop	{r4, r5, r6, r7, pc}
10001218:	2300      	movs	r3, #0
1000121a:	af06      	add	r7, sp, #24
1000121c:	9300      	str	r3, [sp, #0]
1000121e:	003a      	movs	r2, r7
10001220:	2176      	movs	r1, #118	@ 0x76
10001222:	4640      	mov	r0, r8
10001224:	3308      	adds	r3, #8
10001226:	f006 fa37 	bl	10007698 <i2c_read_blocking>
1000122a:	2808      	cmp	r0, #8
1000122c:	d1ec      	bne.n	10001208 <bme280_calibrate_ground+0x44>
1000122e:	787b      	ldrb	r3, [r7, #1]
10001230:	7838      	ldrb	r0, [r7, #0]
10001232:	011b      	lsls	r3, r3, #4
10001234:	0300      	lsls	r0, r0, #12
10001236:	4318      	orrs	r0, r3
10001238:	78bb      	ldrb	r3, [r7, #2]
1000123a:	793a      	ldrb	r2, [r7, #4]
1000123c:	091b      	lsrs	r3, r3, #4
1000123e:	4318      	orrs	r0, r3
10001240:	78fb      	ldrb	r3, [r7, #3]
10001242:	0112      	lsls	r2, r2, #4
10001244:	031b      	lsls	r3, r3, #12
10001246:	4313      	orrs	r3, r2
10001248:	797a      	ldrb	r2, [r7, #5]
1000124a:	4f21      	ldr	r7, [pc, #132]	@ (100012d0 <bme280_calibrate_ground+0x10c>)
1000124c:	8831      	ldrh	r1, [r6, #0]
1000124e:	46bc      	mov	ip, r7
10001250:	0912      	lsrs	r2, r2, #4
10001252:	431a      	orrs	r2, r3
10001254:	091b      	lsrs	r3, r3, #4
10001256:	1a5b      	subs	r3, r3, r1
10001258:	435b      	muls	r3, r3
1000125a:	0049      	lsls	r1, r1, #1
1000125c:	10d2      	asrs	r2, r2, #3
1000125e:	1a52      	subs	r2, r2, r1
10001260:	2702      	movs	r7, #2
10001262:	5ff1      	ldrsh	r1, [r6, r7]
10001264:	131b      	asrs	r3, r3, #12
10001266:	434a      	muls	r2, r1
10001268:	2704      	movs	r7, #4
1000126a:	5ff1      	ldrsh	r1, [r6, r7]
1000126c:	12d2      	asrs	r2, r2, #11
1000126e:	434b      	muls	r3, r1
10001270:	139b      	asrs	r3, r3, #14
10001272:	18d2      	adds	r2, r2, r3
10001274:	4663      	mov	r3, ip
10001276:	601a      	str	r2, [r3, #0]
10001278:	f7ff fd24 	bl	10000cc4 <compensate_pressure>
1000127c:	4682      	mov	sl, r0
1000127e:	4b15      	ldr	r3, [pc, #84]	@ (100012d4 <bme280_calibrate_ground+0x110>)
10001280:	3401      	adds	r4, #1
10001282:	6819      	ldr	r1, [r3, #0]
10001284:	469b      	mov	fp, r3
10001286:	f005 fb8c 	bl	100069a2 <__wrap___aeabi_fdiv>
1000128a:	4913      	ldr	r1, [pc, #76]	@ (100012d8 <bme280_calibrate_ground+0x114>)
1000128c:	f005 fd86 	bl	10006d9c <__wrap_powf>
10001290:	4651      	mov	r1, sl
10001292:	1c28      	adds	r0, r5, #0
10001294:	f005 fb82 	bl	1000699c <__wrap___aeabi_fadd>
10001298:	1c05      	adds	r5, r0, #0
1000129a:	2032      	movs	r0, #50	@ 0x32
1000129c:	f001 fdb0 	bl	10002e00 <sleep_ms>
100012a0:	9b03      	ldr	r3, [sp, #12]
100012a2:	b2a4      	uxth	r4, r4
100012a4:	42a3      	cmp	r3, r4
100012a6:	d19f      	bne.n	100011e8 <bme280_calibrate_ground+0x24>
100012a8:	0018      	movs	r0, r3
100012aa:	f005 fbdd 	bl	10006a68 <__wrap___aeabi_i2f>
100012ae:	1c01      	adds	r1, r0, #0
100012b0:	1c28      	adds	r0, r5, #0
100012b2:	f005 fb76 	bl	100069a2 <__wrap___aeabi_fdiv>
100012b6:	465b      	mov	r3, fp
100012b8:	6018      	str	r0, [r3, #0]
100012ba:	2001      	movs	r0, #1
100012bc:	e7a5      	b.n	1000120a <bme280_calibrate_ground+0x46>
100012be:	4b05      	ldr	r3, [pc, #20]	@ (100012d4 <bme280_calibrate_ground+0x110>)
100012c0:	2500      	movs	r5, #0
100012c2:	469b      	mov	fp, r3
100012c4:	9803      	ldr	r0, [sp, #12]
100012c6:	e7f0      	b.n	100012aa <bme280_calibrate_ground+0xe6>
100012c8:	20000230 	.word	0x20000230
100012cc:	20000dd0 	.word	0x20000dd0
100012d0:	200010ac 	.word	0x200010ac
100012d4:	20000198 	.word	0x20000198
100012d8:	3e42de01 	.word	0x3e42de01

100012dc <gps_init>:
100012dc:	2196      	movs	r1, #150	@ 0x96
100012de:	b510      	push	{r4, lr}
100012e0:	4c13      	ldr	r4, [pc, #76]	@ (10001330 <gps_init+0x54>)
100012e2:	0189      	lsls	r1, r1, #6
100012e4:	0020      	movs	r0, r4
100012e6:	f002 f9e1 	bl	100036ac <uart_init>
100012ea:	2102      	movs	r1, #2
100012ec:	2008      	movs	r0, #8
100012ee:	f001 f865 	bl	100023bc <gpio_set_function>
100012f2:	2102      	movs	r1, #2
100012f4:	2009      	movs	r0, #9
100012f6:	f001 f861 	bl	100023bc <gpio_set_function>
100012fa:	22c0      	movs	r2, #192	@ 0xc0
100012fc:	6b23      	ldr	r3, [r4, #48]	@ 0x30
100012fe:	0212      	lsls	r2, r2, #8
10001300:	4013      	ands	r3, r2
10001302:	4a0c      	ldr	r2, [pc, #48]	@ (10001334 <gps_init+0x58>)
10001304:	0020      	movs	r0, r4
10001306:	6013      	str	r3, [r2, #0]
10001308:	2108      	movs	r1, #8
1000130a:	2300      	movs	r3, #0
1000130c:	2201      	movs	r2, #1
1000130e:	f002 fa95 	bl	1000383c <uart_set_format>
10001312:	0020      	movs	r0, r4
10001314:	2101      	movs	r1, #1
10001316:	f002 facf 	bl	100038b8 <uart_set_fifo_enabled>
1000131a:	2228      	movs	r2, #40	@ 0x28
1000131c:	2100      	movs	r1, #0
1000131e:	4806      	ldr	r0, [pc, #24]	@ (10001338 <gps_init+0x5c>)
10001320:	f005 feb0 	bl	10007084 <__wrap_memset>
10001324:	2200      	movs	r2, #0
10001326:	4b05      	ldr	r3, [pc, #20]	@ (1000133c <gps_init+0x60>)
10001328:	2001      	movs	r0, #1
1000132a:	801a      	strh	r2, [r3, #0]
1000132c:	bd10      	pop	{r4, pc}
1000132e:	46c0      	nop			@ (mov r8, r8)
10001330:	40038000 	.word	0x40038000
10001334:	40039030 	.word	0x40039030
10001338:	20000df8 	.word	0x20000df8
1000133c:	200010c4 	.word	0x200010c4

10001340 <gps_process>:
10001340:	b5f0      	push	{r4, r5, r6, r7, lr}
10001342:	4646      	mov	r6, r8
10001344:	46d6      	mov	lr, sl
10001346:	464f      	mov	r7, r9
10001348:	4dc6      	ldr	r5, [pc, #792]	@ (10001664 <gps_process+0x324>)
1000134a:	b5c0      	push	{r6, r7, lr}
1000134c:	4cc6      	ldr	r4, [pc, #792]	@ (10001668 <gps_process+0x328>)
1000134e:	882e      	ldrh	r6, [r5, #0]
10001350:	2700      	movs	r7, #0
10001352:	2210      	movs	r2, #16
10001354:	49c5      	ldr	r1, [pc, #788]	@ (1000166c <gps_process+0x32c>)
10001356:	698b      	ldr	r3, [r1, #24]
10001358:	421a      	tst	r2, r3
1000135a:	d11d      	bne.n	10001398 <gps_process+0x58>
1000135c:	0010      	movs	r0, r2
1000135e:	698b      	ldr	r3, [r1, #24]
10001360:	4018      	ands	r0, r3
10001362:	421a      	tst	r2, r3
10001364:	d1fa      	bne.n	1000135c <gps_process+0x1c>
10001366:	680b      	ldr	r3, [r1, #0]
10001368:	b2db      	uxtb	r3, r3
1000136a:	2b24      	cmp	r3, #36	@ 0x24
1000136c:	d00e      	beq.n	1000138c <gps_process+0x4c>
1000136e:	2efe      	cmp	r6, #254	@ 0xfe
10001370:	d91a      	bls.n	100013a8 <gps_process+0x68>
10001372:	2b0a      	cmp	r3, #10
10001374:	d1ef      	bne.n	10001356 <gps_process+0x16>
10001376:	2f00      	cmp	r7, #0
10001378:	d000      	beq.n	1000137c <gps_process+0x3c>
1000137a:	802e      	strh	r6, [r5, #0]
1000137c:	4fba      	ldr	r7, [pc, #744]	@ (10001668 <gps_process+0x328>)
1000137e:	783b      	ldrb	r3, [r7, #0]
10001380:	2b24      	cmp	r3, #36	@ 0x24
10001382:	d018      	beq.n	100013b6 <gps_process+0x76>
10001384:	2300      	movs	r3, #0
10001386:	2600      	movs	r6, #0
10001388:	802b      	strh	r3, [r5, #0]
1000138a:	e7e1      	b.n	10001350 <gps_process+0x10>
1000138c:	8023      	strh	r3, [r4, #0]
1000138e:	698b      	ldr	r3, [r1, #24]
10001390:	2701      	movs	r7, #1
10001392:	2601      	movs	r6, #1
10001394:	421a      	tst	r2, r3
10001396:	d0e1      	beq.n	1000135c <gps_process+0x1c>
10001398:	2f00      	cmp	r7, #0
1000139a:	d000      	beq.n	1000139e <gps_process+0x5e>
1000139c:	802e      	strh	r6, [r5, #0]
1000139e:	bce0      	pop	{r5, r6, r7}
100013a0:	46ba      	mov	sl, r7
100013a2:	46b1      	mov	r9, r6
100013a4:	46a8      	mov	r8, r5
100013a6:	bdf0      	pop	{r4, r5, r6, r7, pc}
100013a8:	1c77      	adds	r7, r6, #1
100013aa:	b2bf      	uxth	r7, r7
100013ac:	55a3      	strb	r3, [r4, r6]
100013ae:	003e      	movs	r6, r7
100013b0:	55e0      	strb	r0, [r4, r7]
100013b2:	2701      	movs	r7, #1
100013b4:	e7dd      	b.n	10001372 <gps_process+0x32>
100013b6:	212a      	movs	r1, #42	@ 0x2a
100013b8:	0038      	movs	r0, r7
100013ba:	f007 fdd7 	bl	10008f6c <strchr>
100013be:	2800      	cmp	r0, #0
100013c0:	d0e0      	beq.n	10001384 <gps_process+0x44>
100013c2:	1c7b      	adds	r3, r7, #1
100013c4:	4298      	cmp	r0, r3
100013c6:	d800      	bhi.n	100013ca <gps_process+0x8a>
100013c8:	e1c0      	b.n	1000174c <gps_process+0x40c>
100013ca:	2202      	movs	r2, #2
100013cc:	1c59      	adds	r1, r3, #1
100013ce:	4252      	negs	r2, r2
100013d0:	1a52      	subs	r2, r2, r1
100013d2:	1a41      	subs	r1, r0, r1
100013d4:	2909      	cmp	r1, #9
100013d6:	d800      	bhi.n	100013da <gps_process+0x9a>
100013d8:	e1ba      	b.n	10001750 <gps_process+0x410>
100013da:	78bb      	ldrb	r3, [r7, #2]
100013dc:	787e      	ldrb	r6, [r7, #1]
100013de:	405e      	eors	r6, r3
100013e0:	78fb      	ldrb	r3, [r7, #3]
100013e2:	405e      	eors	r6, r3
100013e4:	1813      	adds	r3, r2, r0
100013e6:	001a      	movs	r2, r3
100013e8:	0891      	lsrs	r1, r2, #2
100013ea:	0089      	lsls	r1, r1, #2
100013ec:	187a      	adds	r2, r7, r1
100013ee:	4699      	mov	r9, r3
100013f0:	4690      	mov	r8, r2
100013f2:	46b4      	mov	ip, r6
100013f4:	003b      	movs	r3, r7
100013f6:	2200      	movs	r2, #0
100013f8:	685e      	ldr	r6, [r3, #4]
100013fa:	3304      	adds	r3, #4
100013fc:	4072      	eors	r2, r6
100013fe:	4598      	cmp	r8, r3
10001400:	d1fa      	bne.n	100013f8 <gps_process+0xb8>
10001402:	4666      	mov	r6, ip
10001404:	0413      	lsls	r3, r2, #16
10001406:	4056      	eors	r6, r2
10001408:	0e1b      	lsrs	r3, r3, #24
1000140a:	405e      	eors	r6, r3
1000140c:	0213      	lsls	r3, r2, #8
1000140e:	0e1b      	lsrs	r3, r3, #24
10001410:	405e      	eors	r6, r3
10001412:	0e13      	lsrs	r3, r2, #24
10001414:	464a      	mov	r2, r9
10001416:	405e      	eors	r6, r3
10001418:	4b95      	ldr	r3, [pc, #596]	@ (10001670 <gps_process+0x330>)
1000141a:	b2f6      	uxtb	r6, r6
1000141c:	18cb      	adds	r3, r1, r3
1000141e:	428a      	cmp	r2, r1
10001420:	d031      	beq.n	10001486 <gps_process+0x146>
10001422:	781a      	ldrb	r2, [r3, #0]
10001424:	4056      	eors	r6, r2
10001426:	1c5a      	adds	r2, r3, #1
10001428:	4290      	cmp	r0, r2
1000142a:	d92c      	bls.n	10001486 <gps_process+0x146>
1000142c:	785a      	ldrb	r2, [r3, #1]
1000142e:	4056      	eors	r6, r2
10001430:	1c9a      	adds	r2, r3, #2
10001432:	b2f6      	uxtb	r6, r6
10001434:	4290      	cmp	r0, r2
10001436:	d926      	bls.n	10001486 <gps_process+0x146>
10001438:	789a      	ldrb	r2, [r3, #2]
1000143a:	4056      	eors	r6, r2
1000143c:	1cda      	adds	r2, r3, #3
1000143e:	4290      	cmp	r0, r2
10001440:	d921      	bls.n	10001486 <gps_process+0x146>
10001442:	78da      	ldrb	r2, [r3, #3]
10001444:	4056      	eors	r6, r2
10001446:	1d1a      	adds	r2, r3, #4
10001448:	4290      	cmp	r0, r2
1000144a:	d91c      	bls.n	10001486 <gps_process+0x146>
1000144c:	791a      	ldrb	r2, [r3, #4]
1000144e:	4056      	eors	r6, r2
10001450:	1d5a      	adds	r2, r3, #5
10001452:	4290      	cmp	r0, r2
10001454:	d917      	bls.n	10001486 <gps_process+0x146>
10001456:	795a      	ldrb	r2, [r3, #5]
10001458:	4056      	eors	r6, r2
1000145a:	1d9a      	adds	r2, r3, #6
1000145c:	4290      	cmp	r0, r2
1000145e:	d912      	bls.n	10001486 <gps_process+0x146>
10001460:	799a      	ldrb	r2, [r3, #6]
10001462:	4056      	eors	r6, r2
10001464:	1dda      	adds	r2, r3, #7
10001466:	4290      	cmp	r0, r2
10001468:	d90d      	bls.n	10001486 <gps_process+0x146>
1000146a:	79da      	ldrb	r2, [r3, #7]
1000146c:	4056      	eors	r6, r2
1000146e:	001a      	movs	r2, r3
10001470:	3208      	adds	r2, #8
10001472:	4290      	cmp	r0, r2
10001474:	d907      	bls.n	10001486 <gps_process+0x146>
10001476:	7a1a      	ldrb	r2, [r3, #8]
10001478:	4056      	eors	r6, r2
1000147a:	001a      	movs	r2, r3
1000147c:	3209      	adds	r2, #9
1000147e:	4290      	cmp	r0, r2
10001480:	d901      	bls.n	10001486 <gps_process+0x146>
10001482:	7a5b      	ldrb	r3, [r3, #9]
10001484:	405e      	eors	r6, r3
10001486:	2210      	movs	r2, #16
10001488:	2100      	movs	r1, #0
1000148a:	3001      	adds	r0, #1
1000148c:	f007 fd62 	bl	10008f54 <strtol>
10001490:	b2c0      	uxtb	r0, r0
10001492:	42b0      	cmp	r0, r6
10001494:	d000      	beq.n	10001498 <gps_process+0x158>
10001496:	e775      	b.n	10001384 <gps_process+0x44>
10001498:	4b76      	ldr	r3, [pc, #472]	@ (10001674 <gps_process+0x334>)
1000149a:	781a      	ldrb	r2, [r3, #0]
1000149c:	2a47      	cmp	r2, #71	@ 0x47
1000149e:	d06b      	beq.n	10001578 <gps_process+0x238>
100014a0:	781a      	ldrb	r2, [r3, #0]
100014a2:	2a52      	cmp	r2, #82	@ 0x52
100014a4:	d000      	beq.n	100014a8 <gps_process+0x168>
100014a6:	e76d      	b.n	10001384 <gps_process+0x44>
100014a8:	785a      	ldrb	r2, [r3, #1]
100014aa:	2a4d      	cmp	r2, #77	@ 0x4d
100014ac:	d000      	beq.n	100014b0 <gps_process+0x170>
100014ae:	e769      	b.n	10001384 <gps_process+0x44>
100014b0:	789b      	ldrb	r3, [r3, #2]
100014b2:	2b43      	cmp	r3, #67	@ 0x43
100014b4:	d000      	beq.n	100014b8 <gps_process+0x178>
100014b6:	e765      	b.n	10001384 <gps_process+0x44>
100014b8:	2300      	movs	r3, #0
100014ba:	4698      	mov	r8, r3
100014bc:	4b6e      	ldr	r3, [pc, #440]	@ (10001678 <gps_process+0x338>)
100014be:	0038      	movs	r0, r7
100014c0:	0019      	movs	r1, r3
100014c2:	469a      	mov	sl, r3
100014c4:	f007 fe16 	bl	100090f4 <strtok>
100014c8:	1e06      	subs	r6, r0, #0
100014ca:	d100      	bne.n	100014ce <gps_process+0x18e>
100014cc:	e75a      	b.n	10001384 <gps_process+0x44>
100014ce:	4f6b      	ldr	r7, [pc, #428]	@ (1000167c <gps_process+0x33c>)
100014d0:	e019      	b.n	10001506 <gps_process+0x1c6>
100014d2:	2b02      	cmp	r3, #2
100014d4:	d041      	beq.n	1000155a <gps_process+0x21a>
100014d6:	2b07      	cmp	r3, #7
100014d8:	d10b      	bne.n	100014f2 <gps_process+0x1b2>
100014da:	0030      	movs	r0, r6
100014dc:	f006 f924 	bl	10007728 <atof>
100014e0:	22c0      	movs	r2, #192	@ 0xc0
100014e2:	4b67      	ldr	r3, [pc, #412]	@ (10001680 <gps_process+0x340>)
100014e4:	0612      	lsls	r2, r2, #24
100014e6:	f004 fc28 	bl	10005d3a <__wrap___aeabi_dmul>
100014ea:	f004 fd1f 	bl	10005f2c <__wrap___aeabi_d2f>
100014ee:	4e63      	ldr	r6, [pc, #396]	@ (1000167c <gps_process+0x33c>)
100014f0:	60f0      	str	r0, [r6, #12]
100014f2:	2301      	movs	r3, #1
100014f4:	469c      	mov	ip, r3
100014f6:	4651      	mov	r1, sl
100014f8:	2000      	movs	r0, #0
100014fa:	44e0      	add	r8, ip
100014fc:	f007 fdfa 	bl	100090f4 <strtok>
10001500:	1e06      	subs	r6, r0, #0
10001502:	d100      	bne.n	10001506 <gps_process+0x1c6>
10001504:	e73e      	b.n	10001384 <gps_process+0x44>
10001506:	4643      	mov	r3, r8
10001508:	2b08      	cmp	r3, #8
1000150a:	d02e      	beq.n	1000156a <gps_process+0x22a>
1000150c:	dde1      	ble.n	100014d2 <gps_process+0x192>
1000150e:	2b09      	cmp	r3, #9
10001510:	d1ef      	bne.n	100014f2 <gps_process+0x1b2>
10001512:	0030      	movs	r0, r6
10001514:	f007 fe54 	bl	100091c0 <strlen>
10001518:	2805      	cmp	r0, #5
1000151a:	d9ea      	bls.n	100014f2 <gps_process+0x1b2>
1000151c:	21f4      	movs	r1, #244	@ 0xf4
1000151e:	00c9      	lsls	r1, r1, #3
10001520:	468c      	mov	ip, r1
10001522:	7833      	ldrb	r3, [r6, #0]
10001524:	3b30      	subs	r3, #48	@ 0x30
10001526:	009a      	lsls	r2, r3, #2
10001528:	189b      	adds	r3, r3, r2
1000152a:	7872      	ldrb	r2, [r6, #1]
1000152c:	005b      	lsls	r3, r3, #1
1000152e:	3a30      	subs	r2, #48	@ 0x30
10001530:	189b      	adds	r3, r3, r2
10001532:	767b      	strb	r3, [r7, #25]
10001534:	78b3      	ldrb	r3, [r6, #2]
10001536:	3b30      	subs	r3, #48	@ 0x30
10001538:	009a      	lsls	r2, r3, #2
1000153a:	189b      	adds	r3, r3, r2
1000153c:	78f2      	ldrb	r2, [r6, #3]
1000153e:	005b      	lsls	r3, r3, #1
10001540:	3a30      	subs	r2, #48	@ 0x30
10001542:	189b      	adds	r3, r3, r2
10001544:	76bb      	strb	r3, [r7, #26]
10001546:	7933      	ldrb	r3, [r6, #4]
10001548:	3b30      	subs	r3, #48	@ 0x30
1000154a:	009a      	lsls	r2, r3, #2
1000154c:	189b      	adds	r3, r3, r2
1000154e:	7972      	ldrb	r2, [r6, #5]
10001550:	005b      	lsls	r3, r3, #1
10001552:	4462      	add	r2, ip
10001554:	189b      	adds	r3, r3, r2
10001556:	83bb      	strh	r3, [r7, #28]
10001558:	e7cb      	b.n	100014f2 <gps_process+0x1b2>
1000155a:	7833      	ldrb	r3, [r6, #0]
1000155c:	4a47      	ldr	r2, [pc, #284]	@ (1000167c <gps_process+0x33c>)
1000155e:	3b41      	subs	r3, #65	@ 0x41
10001560:	4259      	negs	r1, r3
10001562:	414b      	adcs	r3, r1
10001564:	2124      	movs	r1, #36	@ 0x24
10001566:	5453      	strb	r3, [r2, r1]
10001568:	e7c3      	b.n	100014f2 <gps_process+0x1b2>
1000156a:	0030      	movs	r0, r6
1000156c:	f006 f8dc 	bl	10007728 <atof>
10001570:	f004 fcdc 	bl	10005f2c <__wrap___aeabi_d2f>
10001574:	6138      	str	r0, [r7, #16]
10001576:	e7bc      	b.n	100014f2 <gps_process+0x1b2>
10001578:	785a      	ldrb	r2, [r3, #1]
1000157a:	2a47      	cmp	r2, #71	@ 0x47
1000157c:	d190      	bne.n	100014a0 <gps_process+0x160>
1000157e:	789a      	ldrb	r2, [r3, #2]
10001580:	2a41      	cmp	r2, #65	@ 0x41
10001582:	d18d      	bne.n	100014a0 <gps_process+0x160>
10001584:	2300      	movs	r3, #0
10001586:	4698      	mov	r8, r3
10001588:	4b3b      	ldr	r3, [pc, #236]	@ (10001678 <gps_process+0x338>)
1000158a:	0038      	movs	r0, r7
1000158c:	0019      	movs	r1, r3
1000158e:	469a      	mov	sl, r3
10001590:	f007 fdb0 	bl	100090f4 <strtok>
10001594:	2800      	cmp	r0, #0
10001596:	d100      	bne.n	1000159a <gps_process+0x25a>
10001598:	e0d0      	b.n	1000173c <gps_process+0x3fc>
1000159a:	4f3a      	ldr	r7, [pc, #232]	@ (10001684 <gps_process+0x344>)
1000159c:	2301      	movs	r3, #1
1000159e:	469c      	mov	ip, r3
100015a0:	4651      	mov	r1, sl
100015a2:	2000      	movs	r0, #0
100015a4:	44e0      	add	r8, ip
100015a6:	f007 fda5 	bl	100090f4 <strtok>
100015aa:	1e06      	subs	r6, r0, #0
100015ac:	d100      	bne.n	100015b0 <gps_process+0x270>
100015ae:	e0c5      	b.n	1000173c <gps_process+0x3fc>
100015b0:	4643      	mov	r3, r8
100015b2:	2b09      	cmp	r3, #9
100015b4:	d8f2      	bhi.n	1000159c <gps_process+0x25c>
100015b6:	009b      	lsls	r3, r3, #2
100015b8:	58fb      	ldr	r3, [r7, r3]
100015ba:	469f      	mov	pc, r3
100015bc:	0030      	movs	r0, r6
100015be:	f006 f8b3 	bl	10007728 <atof>
100015c2:	f004 fcb3 	bl	10005f2c <__wrap___aeabi_d2f>
100015c6:	4e2d      	ldr	r6, [pc, #180]	@ (1000167c <gps_process+0x33c>)
100015c8:	60b0      	str	r0, [r6, #8]
100015ca:	e7e7      	b.n	1000159c <gps_process+0x25c>
100015cc:	0030      	movs	r0, r6
100015ce:	f006 f8ab 	bl	10007728 <atof>
100015d2:	f004 fcab 	bl	10005f2c <__wrap___aeabi_d2f>
100015d6:	4e29      	ldr	r6, [pc, #164]	@ (1000167c <gps_process+0x33c>)
100015d8:	6230      	str	r0, [r6, #32]
100015da:	e7df      	b.n	1000159c <gps_process+0x25c>
100015dc:	0030      	movs	r0, r6
100015de:	f006 f8a9 	bl	10007734 <atoi>
100015e2:	4b26      	ldr	r3, [pc, #152]	@ (1000167c <gps_process+0x33c>)
100015e4:	7518      	strb	r0, [r3, #20]
100015e6:	e7d9      	b.n	1000159c <gps_process+0x25c>
100015e8:	0030      	movs	r0, r6
100015ea:	f006 f8a3 	bl	10007734 <atoi>
100015ee:	4b23      	ldr	r3, [pc, #140]	@ (1000167c <gps_process+0x33c>)
100015f0:	b2c0      	uxtb	r0, r0
100015f2:	7558      	strb	r0, [r3, #21]
100015f4:	1e42      	subs	r2, r0, #1
100015f6:	4190      	sbcs	r0, r2
100015f8:	2224      	movs	r2, #36	@ 0x24
100015fa:	5498      	strb	r0, [r3, r2]
100015fc:	e7ce      	b.n	1000159c <gps_process+0x25c>
100015fe:	7833      	ldrb	r3, [r6, #0]
10001600:	2b57      	cmp	r3, #87	@ 0x57
10001602:	d1cb      	bne.n	1000159c <gps_process+0x25c>
10001604:	2180      	movs	r1, #128	@ 0x80
10001606:	0609      	lsls	r1, r1, #24
10001608:	468c      	mov	ip, r1
1000160a:	4a1c      	ldr	r2, [pc, #112]	@ (1000167c <gps_process+0x33c>)
1000160c:	6853      	ldr	r3, [r2, #4]
1000160e:	4463      	add	r3, ip
10001610:	6053      	str	r3, [r2, #4]
10001612:	e7c3      	b.n	1000159c <gps_process+0x25c>
10001614:	0030      	movs	r0, r6
10001616:	f007 fdd3 	bl	100091c0 <strlen>
1000161a:	2803      	cmp	r0, #3
1000161c:	d800      	bhi.n	10001620 <gps_process+0x2e0>
1000161e:	e091      	b.n	10001744 <gps_process+0x404>
10001620:	0030      	movs	r0, r6
10001622:	f006 f881 	bl	10007728 <atof>
10001626:	f004 fc81 	bl	10005f2c <__wrap___aeabi_d2f>
1000162a:	4917      	ldr	r1, [pc, #92]	@ (10001688 <gps_process+0x348>)
1000162c:	4681      	mov	r9, r0
1000162e:	f005 f9b8 	bl	100069a2 <__wrap___aeabi_fdiv>
10001632:	f005 fa3b 	bl	10006aac <__wrap___aeabi_f2iz>
10001636:	0006      	movs	r6, r0
10001638:	2064      	movs	r0, #100	@ 0x64
1000163a:	4370      	muls	r0, r6
1000163c:	f005 fa14 	bl	10006a68 <__wrap___aeabi_i2f>
10001640:	1c01      	adds	r1, r0, #0
10001642:	4648      	mov	r0, r9
10001644:	f005 f9a7 	bl	10006996 <__wrap___aeabi_fsub>
10001648:	4910      	ldr	r1, [pc, #64]	@ (1000168c <gps_process+0x34c>)
1000164a:	f005 f9aa 	bl	100069a2 <__wrap___aeabi_fdiv>
1000164e:	4681      	mov	r9, r0
10001650:	0030      	movs	r0, r6
10001652:	f005 fa09 	bl	10006a68 <__wrap___aeabi_i2f>
10001656:	1c01      	adds	r1, r0, #0
10001658:	4648      	mov	r0, r9
1000165a:	f005 f99f 	bl	1000699c <__wrap___aeabi_fadd>
1000165e:	4b07      	ldr	r3, [pc, #28]	@ (1000167c <gps_process+0x33c>)
10001660:	6058      	str	r0, [r3, #4]
10001662:	e79b      	b.n	1000159c <gps_process+0x25c>
10001664:	200010c4 	.word	0x200010c4
10001668:	20000f60 	.word	0x20000f60
1000166c:	40038000 	.word	0x40038000
10001670:	20000f64 	.word	0x20000f64
10001674:	20000f63 	.word	0x20000f63
10001678:	1000accc 	.word	0x1000accc
1000167c:	20000df8 	.word	0x20000df8
10001680:	3ffda1ca 	.word	0x3ffda1ca
10001684:	1000b050 	.word	0x1000b050
10001688:	42c80000 	.word	0x42c80000
1000168c:	42700000 	.word	0x42700000
10001690:	7833      	ldrb	r3, [r6, #0]
10001692:	2b53      	cmp	r3, #83	@ 0x53
10001694:	d000      	beq.n	10001698 <gps_process+0x358>
10001696:	e781      	b.n	1000159c <gps_process+0x25c>
10001698:	2180      	movs	r1, #128	@ 0x80
1000169a:	0609      	lsls	r1, r1, #24
1000169c:	468c      	mov	ip, r1
1000169e:	4a2d      	ldr	r2, [pc, #180]	@ (10001754 <gps_process+0x414>)
100016a0:	6813      	ldr	r3, [r2, #0]
100016a2:	4463      	add	r3, ip
100016a4:	6013      	str	r3, [r2, #0]
100016a6:	e779      	b.n	1000159c <gps_process+0x25c>
100016a8:	0030      	movs	r0, r6
100016aa:	f007 fd89 	bl	100091c0 <strlen>
100016ae:	2803      	cmp	r0, #3
100016b0:	d94a      	bls.n	10001748 <gps_process+0x408>
100016b2:	0030      	movs	r0, r6
100016b4:	f006 f838 	bl	10007728 <atof>
100016b8:	f004 fc38 	bl	10005f2c <__wrap___aeabi_d2f>
100016bc:	4926      	ldr	r1, [pc, #152]	@ (10001758 <gps_process+0x418>)
100016be:	4681      	mov	r9, r0
100016c0:	f005 f96f 	bl	100069a2 <__wrap___aeabi_fdiv>
100016c4:	f005 f9f2 	bl	10006aac <__wrap___aeabi_f2iz>
100016c8:	0006      	movs	r6, r0
100016ca:	2064      	movs	r0, #100	@ 0x64
100016cc:	4370      	muls	r0, r6
100016ce:	f005 f9cb 	bl	10006a68 <__wrap___aeabi_i2f>
100016d2:	1c01      	adds	r1, r0, #0
100016d4:	4648      	mov	r0, r9
100016d6:	f005 f95e 	bl	10006996 <__wrap___aeabi_fsub>
100016da:	4920      	ldr	r1, [pc, #128]	@ (1000175c <gps_process+0x41c>)
100016dc:	f005 f961 	bl	100069a2 <__wrap___aeabi_fdiv>
100016e0:	4681      	mov	r9, r0
100016e2:	0030      	movs	r0, r6
100016e4:	f005 f9c0 	bl	10006a68 <__wrap___aeabi_i2f>
100016e8:	1c01      	adds	r1, r0, #0
100016ea:	4648      	mov	r0, r9
100016ec:	f005 f956 	bl	1000699c <__wrap___aeabi_fadd>
100016f0:	4b18      	ldr	r3, [pc, #96]	@ (10001754 <gps_process+0x414>)
100016f2:	6018      	str	r0, [r3, #0]
100016f4:	e752      	b.n	1000159c <gps_process+0x25c>
100016f6:	0030      	movs	r0, r6
100016f8:	f007 fd62 	bl	100091c0 <strlen>
100016fc:	2805      	cmp	r0, #5
100016fe:	d800      	bhi.n	10001702 <gps_process+0x3c2>
10001700:	e74c      	b.n	1000159c <gps_process+0x25c>
10001702:	7833      	ldrb	r3, [r6, #0]
10001704:	4a13      	ldr	r2, [pc, #76]	@ (10001754 <gps_process+0x414>)
10001706:	3b30      	subs	r3, #48	@ 0x30
10001708:	0099      	lsls	r1, r3, #2
1000170a:	185b      	adds	r3, r3, r1
1000170c:	7871      	ldrb	r1, [r6, #1]
1000170e:	005b      	lsls	r3, r3, #1
10001710:	3930      	subs	r1, #48	@ 0x30
10001712:	185b      	adds	r3, r3, r1
10001714:	7593      	strb	r3, [r2, #22]
10001716:	78b3      	ldrb	r3, [r6, #2]
10001718:	3b30      	subs	r3, #48	@ 0x30
1000171a:	0099      	lsls	r1, r3, #2
1000171c:	185b      	adds	r3, r3, r1
1000171e:	78f1      	ldrb	r1, [r6, #3]
10001720:	005b      	lsls	r3, r3, #1
10001722:	3930      	subs	r1, #48	@ 0x30
10001724:	185b      	adds	r3, r3, r1
10001726:	75d3      	strb	r3, [r2, #23]
10001728:	7933      	ldrb	r3, [r6, #4]
1000172a:	3b30      	subs	r3, #48	@ 0x30
1000172c:	0099      	lsls	r1, r3, #2
1000172e:	185b      	adds	r3, r3, r1
10001730:	7971      	ldrb	r1, [r6, #5]
10001732:	005b      	lsls	r3, r3, #1
10001734:	3930      	subs	r1, #48	@ 0x30
10001736:	185b      	adds	r3, r3, r1
10001738:	7613      	strb	r3, [r2, #24]
1000173a:	e72f      	b.n	1000159c <gps_process+0x25c>
1000173c:	2201      	movs	r2, #1
1000173e:	4b08      	ldr	r3, [pc, #32]	@ (10001760 <gps_process+0x420>)
10001740:	701a      	strb	r2, [r3, #0]
10001742:	e61f      	b.n	10001384 <gps_process+0x44>
10001744:	2000      	movs	r0, #0
10001746:	e78a      	b.n	1000165e <gps_process+0x31e>
10001748:	2000      	movs	r0, #0
1000174a:	e7d1      	b.n	100016f0 <gps_process+0x3b0>
1000174c:	2600      	movs	r6, #0
1000174e:	e69a      	b.n	10001486 <gps_process+0x146>
10001750:	2600      	movs	r6, #0
10001752:	e666      	b.n	10001422 <gps_process+0xe2>
10001754:	20000df8 	.word	0x20000df8
10001758:	42c80000 	.word	0x42c80000
1000175c:	42700000 	.word	0x42700000
10001760:	200010cc 	.word	0x200010cc

10001764 <gps_read>:
10001764:	b570      	push	{r4, r5, r6, lr}
10001766:	0004      	movs	r4, r0
10001768:	f7ff fdea 	bl	10001340 <gps_process>
1000176c:	2c00      	cmp	r4, #0
1000176e:	d00f      	beq.n	10001790 <gps_read+0x2c>
10001770:	4b08      	ldr	r3, [pc, #32]	@ (10001794 <gps_read+0x30>)
10001772:	7818      	ldrb	r0, [r3, #0]
10001774:	2800      	cmp	r0, #0
10001776:	d100      	bne.n	1000177a <gps_read+0x16>
10001778:	bd70      	pop	{r4, r5, r6, pc}
1000177a:	0022      	movs	r2, r4
1000177c:	4b06      	ldr	r3, [pc, #24]	@ (10001798 <gps_read+0x34>)
1000177e:	cb62      	ldmia	r3!, {r1, r5, r6}
10001780:	c262      	stmia	r2!, {r1, r5, r6}
10001782:	cb32      	ldmia	r3!, {r1, r4, r5}
10001784:	c232      	stmia	r2!, {r1, r4, r5}
10001786:	cb32      	ldmia	r3!, {r1, r4, r5}
10001788:	c232      	stmia	r2!, {r1, r4, r5}
1000178a:	681b      	ldr	r3, [r3, #0]
1000178c:	6013      	str	r3, [r2, #0]
1000178e:	e7f3      	b.n	10001778 <gps_read+0x14>
10001790:	2000      	movs	r0, #0
10001792:	e7f1      	b.n	10001778 <gps_read+0x14>
10001794:	200010cc 	.word	0x200010cc
10001798:	20000df8 	.word	0x20000df8

1000179c <servo_init>:
1000179c:	b5f0      	push	{r4, r5, r6, r7, lr}
1000179e:	46c6      	mov	lr, r8
100017a0:	2104      	movs	r1, #4
100017a2:	b500      	push	{lr}
100017a4:	200f      	movs	r0, #15
100017a6:	f000 fe09 	bl	100023bc <gpio_set_function>
100017aa:	2401      	movs	r4, #1
100017ac:	2307      	movs	r3, #7
100017ae:	4d29      	ldr	r5, [pc, #164]	@ (10001854 <servo_init+0xb8>)
100017b0:	4e29      	ldr	r6, [pc, #164]	@ (10001858 <servo_init+0xbc>)
100017b2:	2005      	movs	r0, #5
100017b4:	6033      	str	r3, [r6, #0]
100017b6:	602c      	str	r4, [r5, #0]
100017b8:	f002 fa12 	bl	10003be0 <clock_get_hz>
100017bc:	4927      	ldr	r1, [pc, #156]	@ (1000185c <servo_init+0xc0>)
100017be:	f004 f851 	bl	10005864 <__wrap___aeabi_uidiv>
100017c2:	f005 f94c 	bl	10006a5e <__wrap___aeabi_ui2f>
100017c6:	1c07      	adds	r7, r0, #0
100017c8:	f005 f9a2 	bl	10006b10 <__wrap___aeabi_f2uiz>
100017cc:	b2c3      	uxtb	r3, r0
100017ce:	0018      	movs	r0, r3
100017d0:	4698      	mov	r8, r3
100017d2:	f005 f949 	bl	10006a68 <__wrap___aeabi_i2f>
100017d6:	1c01      	adds	r1, r0, #0
100017d8:	1c38      	adds	r0, r7, #0
100017da:	f005 f8dc 	bl	10006996 <__wrap___aeabi_fsub>
100017de:	2183      	movs	r1, #131	@ 0x83
100017e0:	05c9      	lsls	r1, r1, #23
100017e2:	f005 f8f2 	bl	100069ca <__wrap___aeabi_fmul>
100017e6:	f005 f993 	bl	10006b10 <__wrap___aeabi_f2uiz>
100017ea:	4643      	mov	r3, r8
100017ec:	6836      	ldr	r6, [r6, #0]
100017ee:	011b      	lsls	r3, r3, #4
100017f0:	b2c0      	uxtb	r0, r0
100017f2:	4318      	orrs	r0, r3
100017f4:	00b3      	lsls	r3, r6, #2
100017f6:	4a1a      	ldr	r2, [pc, #104]	@ (10001860 <servo_init+0xc4>)
100017f8:	199b      	adds	r3, r3, r6
100017fa:	009b      	lsls	r3, r3, #2
100017fc:	189e      	adds	r6, r3, r2
100017fe:	4a19      	ldr	r2, [pc, #100]	@ (10001864 <servo_init+0xc8>)
10001800:	6070      	str	r0, [r6, #4]
10001802:	4919      	ldr	r1, [pc, #100]	@ (10001868 <servo_init+0xcc>)
10001804:	6132      	str	r2, [r6, #16]
10001806:	682a      	ldr	r2, [r5, #0]
10001808:	468c      	mov	ip, r1
1000180a:	1e51      	subs	r1, r2, #1
1000180c:	418a      	sbcs	r2, r1
1000180e:	2180      	movs	r1, #128	@ 0x80
10001810:	0149      	lsls	r1, r1, #5
10001812:	000f      	movs	r7, r1
10001814:	4463      	add	r3, ip
10001816:	4d15      	ldr	r5, [pc, #84]	@ (1000186c <servo_init+0xd0>)
10001818:	6818      	ldr	r0, [r3, #0]
1000181a:	4252      	negs	r2, r2
1000181c:	4055      	eors	r5, r2
1000181e:	4028      	ands	r0, r5
10001820:	431f      	orrs	r7, r3
10001822:	6038      	str	r0, [r7, #0]
10001824:	6830      	ldr	r0, [r6, #0]
10001826:	4331      	orrs	r1, r6
10001828:	4384      	bics	r4, r0
1000182a:	2000      	movs	r0, #0
1000182c:	600c      	str	r4, [r1, #0]
1000182e:	4910      	ldr	r1, [pc, #64]	@ (10001870 <servo_init+0xd4>)
10001830:	7008      	strb	r0, [r1, #0]
10001832:	4910      	ldr	r1, [pc, #64]	@ (10001874 <servo_init+0xd8>)
10001834:	7809      	ldrb	r1, [r1, #0]
10001836:	2900      	cmp	r1, #0
10001838:	d007      	beq.n	1000184a <servo_init+0xae>
1000183a:	490f      	ldr	r1, [pc, #60]	@ (10001878 <servo_init+0xdc>)
1000183c:	681b      	ldr	r3, [r3, #0]
1000183e:	400a      	ands	r2, r1
10001840:	32f5      	adds	r2, #245	@ 0xf5
10001842:	32ff      	adds	r2, #255	@ 0xff
10001844:	4053      	eors	r3, r2
10001846:	401d      	ands	r5, r3
10001848:	603d      	str	r5, [r7, #0]
1000184a:	2001      	movs	r0, #1
1000184c:	bc80      	pop	{r7}
1000184e:	46b8      	mov	r8, r7
10001850:	bdf0      	pop	{r4, r5, r6, r7, pc}
10001852:	46c0      	nop			@ (mov r8, r8)
10001854:	20000df4 	.word	0x20000df4
10001858:	200010a8 	.word	0x200010a8
1000185c:	000f4240 	.word	0x000f4240
10001860:	40050000 	.word	0x40050000
10001864:	00004e1f 	.word	0x00004e1f
10001868:	4005000c 	.word	0x4005000c
1000186c:	0000ffff 	.word	0x0000ffff
10001870:	200010cb 	.word	0x200010cb
10001874:	200010cd 	.word	0x200010cd
10001878:	01f3fe0c 	.word	0x01f3fe0c

1000187c <servo_set_angle>:
1000187c:	b510      	push	{r4, lr}
1000187e:	1c03      	adds	r3, r0, #0
10001880:	28b4      	cmp	r0, #180	@ 0xb4
10001882:	d900      	bls.n	10001886 <servo_set_angle+0xa>
10001884:	23b4      	movs	r3, #180	@ 0xb4
10001886:	4915      	ldr	r1, [pc, #84]	@ (100018dc <servo_set_angle+0x60>)
10001888:	b2da      	uxtb	r2, r3
1000188a:	700b      	strb	r3, [r1, #0]
1000188c:	4b14      	ldr	r3, [pc, #80]	@ (100018e0 <servo_set_angle+0x64>)
1000188e:	781b      	ldrb	r3, [r3, #0]
10001890:	2b00      	cmp	r3, #0
10001892:	d01e      	beq.n	100018d2 <servo_set_angle+0x56>
10001894:	4b13      	ldr	r3, [pc, #76]	@ (100018e4 <servo_set_angle+0x68>)
10001896:	0150      	lsls	r0, r2, #5
10001898:	681b      	ldr	r3, [r3, #0]
1000189a:	1a80      	subs	r0, r0, r2
1000189c:	009c      	lsls	r4, r3, #2
1000189e:	18e4      	adds	r4, r4, r3
100018a0:	4b11      	ldr	r3, [pc, #68]	@ (100018e8 <servo_set_angle+0x6c>)
100018a2:	0080      	lsls	r0, r0, #2
100018a4:	469c      	mov	ip, r3
100018a6:	1880      	adds	r0, r0, r2
100018a8:	21b4      	movs	r1, #180	@ 0xb4
100018aa:	00a4      	lsls	r4, r4, #2
100018ac:	0100      	lsls	r0, r0, #4
100018ae:	4464      	add	r4, ip
100018b0:	f003 ffd8 	bl	10005864 <__wrap___aeabi_uidiv>
100018b4:	4b0d      	ldr	r3, [pc, #52]	@ (100018ec <servo_set_angle+0x70>)
100018b6:	30f5      	adds	r0, #245	@ 0xf5
100018b8:	681b      	ldr	r3, [r3, #0]
100018ba:	30ff      	adds	r0, #255	@ 0xff
100018bc:	b280      	uxth	r0, r0
100018be:	2b00      	cmp	r3, #0
100018c0:	d108      	bne.n	100018d4 <servo_set_angle+0x58>
100018c2:	4a0b      	ldr	r2, [pc, #44]	@ (100018f0 <servo_set_angle+0x74>)
100018c4:	6823      	ldr	r3, [r4, #0]
100018c6:	4043      	eors	r3, r0
100018c8:	401a      	ands	r2, r3
100018ca:	2380      	movs	r3, #128	@ 0x80
100018cc:	015b      	lsls	r3, r3, #5
100018ce:	4323      	orrs	r3, r4
100018d0:	601a      	str	r2, [r3, #0]
100018d2:	bd10      	pop	{r4, pc}
100018d4:	4a07      	ldr	r2, [pc, #28]	@ (100018f4 <servo_set_angle+0x78>)
100018d6:	0400      	lsls	r0, r0, #16
100018d8:	e7f4      	b.n	100018c4 <servo_set_angle+0x48>
100018da:	46c0      	nop			@ (mov r8, r8)
100018dc:	200010cb 	.word	0x200010cb
100018e0:	200010cd 	.word	0x200010cd
100018e4:	200010a8 	.word	0x200010a8
100018e8:	4005000c 	.word	0x4005000c
100018ec:	20000df4 	.word	0x20000df4
100018f0:	0000ffff 	.word	0x0000ffff
100018f4:	ffff0000 	.word	0xffff0000

100018f8 <servo_get_angle>:
100018f8:	4b01      	ldr	r3, [pc, #4]	@ (10001900 <servo_get_angle+0x8>)
100018fa:	7818      	ldrb	r0, [r3, #0]
100018fc:	4770      	bx	lr
100018fe:	46c0      	nop			@ (mov r8, r8)
10001900:	200010cb 	.word	0x200010cb

10001904 <servo_enable>:
10001904:	2201      	movs	r2, #1
10001906:	4b14      	ldr	r3, [pc, #80]	@ (10001958 <servo_enable+0x54>)
10001908:	b510      	push	{r4, lr}
1000190a:	701a      	strb	r2, [r3, #0]
1000190c:	4b13      	ldr	r3, [pc, #76]	@ (1000195c <servo_enable+0x58>)
1000190e:	21b4      	movs	r1, #180	@ 0xb4
10001910:	681b      	ldr	r3, [r3, #0]
10001912:	009c      	lsls	r4, r3, #2
10001914:	18e4      	adds	r4, r4, r3
10001916:	4b12      	ldr	r3, [pc, #72]	@ (10001960 <servo_enable+0x5c>)
10001918:	00a4      	lsls	r4, r4, #2
1000191a:	469c      	mov	ip, r3
1000191c:	4b11      	ldr	r3, [pc, #68]	@ (10001964 <servo_enable+0x60>)
1000191e:	4464      	add	r4, ip
10001920:	781b      	ldrb	r3, [r3, #0]
10001922:	0158      	lsls	r0, r3, #5
10001924:	1ac0      	subs	r0, r0, r3
10001926:	0080      	lsls	r0, r0, #2
10001928:	18c0      	adds	r0, r0, r3
1000192a:	0100      	lsls	r0, r0, #4
1000192c:	f003 ff9a 	bl	10005864 <__wrap___aeabi_uidiv>
10001930:	4b0d      	ldr	r3, [pc, #52]	@ (10001968 <servo_enable+0x64>)
10001932:	30f5      	adds	r0, #245	@ 0xf5
10001934:	681b      	ldr	r3, [r3, #0]
10001936:	30ff      	adds	r0, #255	@ 0xff
10001938:	b280      	uxth	r0, r0
1000193a:	2b00      	cmp	r3, #0
1000193c:	d009      	beq.n	10001952 <servo_enable+0x4e>
1000193e:	4a0b      	ldr	r2, [pc, #44]	@ (1000196c <servo_enable+0x68>)
10001940:	0400      	lsls	r0, r0, #16
10001942:	6823      	ldr	r3, [r4, #0]
10001944:	4043      	eors	r3, r0
10001946:	401a      	ands	r2, r3
10001948:	2380      	movs	r3, #128	@ 0x80
1000194a:	015b      	lsls	r3, r3, #5
1000194c:	4323      	orrs	r3, r4
1000194e:	601a      	str	r2, [r3, #0]
10001950:	bd10      	pop	{r4, pc}
10001952:	4a07      	ldr	r2, [pc, #28]	@ (10001970 <servo_enable+0x6c>)
10001954:	e7f5      	b.n	10001942 <servo_enable+0x3e>
10001956:	46c0      	nop			@ (mov r8, r8)
10001958:	200010cd 	.word	0x200010cd
1000195c:	200010a8 	.word	0x200010a8
10001960:	4005000c 	.word	0x4005000c
10001964:	200010cb 	.word	0x200010cb
10001968:	20000df4 	.word	0x20000df4
1000196c:	ffff0000 	.word	0xffff0000
10001970:	0000ffff 	.word	0x0000ffff

10001974 <nrf_send_telemetry>:
10001974:	b510      	push	{r4, lr}
10001976:	0001      	movs	r1, r0
10001978:	b086      	sub	sp, #24
1000197a:	2800      	cmp	r0, #0
1000197c:	d032      	beq.n	100019e4 <nrf_send_telemetry+0x70>
1000197e:	2214      	movs	r2, #20
10001980:	4668      	mov	r0, sp
10001982:	f005 fb85 	bl	10007090 <__wrap___aeabi_memcpy>
10001986:	23d5      	movs	r3, #213	@ 0xd5
10001988:	466c      	mov	r4, sp
1000198a:	4a17      	ldr	r2, [pc, #92]	@ (100019e8 <nrf_send_telemetry+0x74>)
1000198c:	005b      	lsls	r3, r3, #1
1000198e:	8023      	strh	r3, [r4, #0]
10001990:	8813      	ldrh	r3, [r2, #0]
10001992:	4668      	mov	r0, sp
10001994:	1c59      	adds	r1, r3, #1
10001996:	8063      	strh	r3, [r4, #2]
10001998:	8011      	strh	r1, [r2, #0]
1000199a:	9b01      	ldr	r3, [sp, #4]
1000199c:	9a00      	ldr	r2, [sp, #0]
1000199e:	7c21      	ldrb	r1, [r4, #16]
100019a0:	405a      	eors	r2, r3
100019a2:	9b02      	ldr	r3, [sp, #8]
100019a4:	405a      	eors	r2, r3
100019a6:	9b03      	ldr	r3, [sp, #12]
100019a8:	405a      	eors	r2, r3
100019aa:	7c63      	ldrb	r3, [r4, #17]
100019ac:	404b      	eors	r3, r1
100019ae:	7ca1      	ldrb	r1, [r4, #18]
100019b0:	404b      	eors	r3, r1
100019b2:	0411      	lsls	r1, r2, #16
100019b4:	4053      	eors	r3, r2
100019b6:	0e09      	lsrs	r1, r1, #24
100019b8:	404b      	eors	r3, r1
100019ba:	0211      	lsls	r1, r2, #8
100019bc:	0e09      	lsrs	r1, r1, #24
100019be:	404b      	eors	r3, r1
100019c0:	2120      	movs	r1, #32
100019c2:	0e12      	lsrs	r2, r2, #24
100019c4:	4053      	eors	r3, r2
100019c6:	4a09      	ldr	r2, [pc, #36]	@ (100019ec <nrf_send_telemetry+0x78>)
100019c8:	74e3      	strb	r3, [r4, #19]
100019ca:	ac05      	add	r4, sp, #20
100019cc:	6993      	ldr	r3, [r2, #24]
100019ce:	4219      	tst	r1, r3
100019d0:	d1fc      	bne.n	100019cc <nrf_send_telemetry+0x58>
100019d2:	7803      	ldrb	r3, [r0, #0]
100019d4:	3001      	adds	r0, #1
100019d6:	6013      	str	r3, [r2, #0]
100019d8:	42a0      	cmp	r0, r4
100019da:	d1f7      	bne.n	100019cc <nrf_send_telemetry+0x58>
100019dc:	4a04      	ldr	r2, [pc, #16]	@ (100019f0 <nrf_send_telemetry+0x7c>)
100019de:	8813      	ldrh	r3, [r2, #0]
100019e0:	3301      	adds	r3, #1
100019e2:	8013      	strh	r3, [r2, #0]
100019e4:	b006      	add	sp, #24
100019e6:	bd10      	pop	{r4, pc}
100019e8:	200010c8 	.word	0x200010c8
100019ec:	40034000 	.word	0x40034000
100019f0:	200010c6 	.word	0x200010c6

100019f4 <nrf_send_gps>:
100019f4:	b510      	push	{r4, lr}
100019f6:	0001      	movs	r1, r0
100019f8:	b086      	sub	sp, #24
100019fa:	2800      	cmp	r0, #0
100019fc:	d02e      	beq.n	10001a5c <nrf_send_gps+0x68>
100019fe:	466c      	mov	r4, sp
10001a00:	2215      	movs	r2, #21
10001a02:	4668      	mov	r0, sp
10001a04:	f005 fb44 	bl	10007090 <__wrap___aeabi_memcpy>
10001a08:	4a15      	ldr	r2, [pc, #84]	@ (10001a60 <nrf_send_gps+0x6c>)
10001a0a:	4b16      	ldr	r3, [pc, #88]	@ (10001a64 <nrf_send_gps+0x70>)
10001a0c:	4668      	mov	r0, sp
10001a0e:	8023      	strh	r3, [r4, #0]
10001a10:	8813      	ldrh	r3, [r2, #0]
10001a12:	1c59      	adds	r1, r3, #1
10001a14:	8063      	strh	r3, [r4, #2]
10001a16:	8011      	strh	r1, [r2, #0]
10001a18:	9b01      	ldr	r3, [sp, #4]
10001a1a:	9a00      	ldr	r2, [sp, #0]
10001a1c:	4053      	eors	r3, r2
10001a1e:	9a02      	ldr	r2, [sp, #8]
10001a20:	4053      	eors	r3, r2
10001a22:	9a03      	ldr	r2, [sp, #12]
10001a24:	4053      	eors	r3, r2
10001a26:	9a04      	ldr	r2, [sp, #16]
10001a28:	4053      	eors	r3, r2
10001a2a:	041a      	lsls	r2, r3, #16
10001a2c:	0219      	lsls	r1, r3, #8
10001a2e:	0e12      	lsrs	r2, r2, #24
10001a30:	405a      	eors	r2, r3
10001a32:	0e09      	lsrs	r1, r1, #24
10001a34:	404a      	eors	r2, r1
10001a36:	0e1b      	lsrs	r3, r3, #24
10001a38:	4053      	eors	r3, r2
10001a3a:	7523      	strb	r3, [r4, #20]
10001a3c:	2415      	movs	r4, #21
10001a3e:	2120      	movs	r1, #32
10001a40:	4a09      	ldr	r2, [pc, #36]	@ (10001a68 <nrf_send_gps+0x74>)
10001a42:	446c      	add	r4, sp
10001a44:	6993      	ldr	r3, [r2, #24]
10001a46:	4219      	tst	r1, r3
10001a48:	d1fc      	bne.n	10001a44 <nrf_send_gps+0x50>
10001a4a:	7803      	ldrb	r3, [r0, #0]
10001a4c:	3001      	adds	r0, #1
10001a4e:	6013      	str	r3, [r2, #0]
10001a50:	42a0      	cmp	r0, r4
10001a52:	d1f7      	bne.n	10001a44 <nrf_send_gps+0x50>
10001a54:	4a05      	ldr	r2, [pc, #20]	@ (10001a6c <nrf_send_gps+0x78>)
10001a56:	8813      	ldrh	r3, [r2, #0]
10001a58:	3301      	adds	r3, #1
10001a5a:	8013      	strh	r3, [r2, #0]
10001a5c:	b006      	add	sp, #24
10001a5e:	bd10      	pop	{r4, pc}
10001a60:	200010c8 	.word	0x200010c8
10001a64:	000003aa 	.word	0x000003aa
10001a68:	40034000 	.word	0x40034000
10001a6c:	200010c6 	.word	0x200010c6

10001a70 <nrf_send_status>:
10001a70:	b570      	push	{r4, r5, r6, lr}
10001a72:	0006      	movs	r6, r0
10001a74:	b088      	sub	sp, #32
10001a76:	2800      	cmp	r0, #0
10001a78:	d041      	beq.n	10001afe <nrf_send_status+0x8e>
10001a7a:	201b      	movs	r0, #27
10001a7c:	2202      	movs	r2, #2
10001a7e:	2100      	movs	r1, #0
10001a80:	4468      	add	r0, sp
10001a82:	f005 faff 	bl	10007084 <__wrap_memset>
10001a86:	4b22      	ldr	r3, [pc, #136]	@ (10001b10 <nrf_send_status+0xa0>)
10001a88:	4a22      	ldr	r2, [pc, #136]	@ (10001b14 <nrf_send_status+0xa4>)
10001a8a:	ac01      	add	r4, sp, #4
10001a8c:	8023      	strh	r3, [r4, #0]
10001a8e:	8813      	ldrh	r3, [r2, #0]
10001a90:	1c59      	adds	r1, r3, #1
10001a92:	8011      	strh	r1, [r2, #0]
10001a94:	8063      	strh	r3, [r4, #2]
10001a96:	f001 fb03 	bl	100030a0 <time_us_64>
10001a9a:	2900      	cmp	r1, #0
10001a9c:	d031      	beq.n	10001b02 <nrf_send_status+0x92>
10001a9e:	22fa      	movs	r2, #250	@ 0xfa
10001aa0:	2300      	movs	r3, #0
10001aa2:	0092      	lsls	r2, r2, #2
10001aa4:	f003 ff1c 	bl	100058e0 <__wrap___aeabi_uldivmod>
10001aa8:	0005      	movs	r5, r0
10001aaa:	220f      	movs	r2, #15
10001aac:	0031      	movs	r1, r6
10001aae:	a803      	add	r0, sp, #12
10001ab0:	6065      	str	r5, [r4, #4]
10001ab2:	f007 faf1 	bl	10009098 <strncpy>
10001ab6:	9b01      	ldr	r3, [sp, #4]
10001ab8:	9a03      	ldr	r2, [sp, #12]
10001aba:	406b      	eors	r3, r5
10001abc:	4053      	eors	r3, r2
10001abe:	9a04      	ldr	r2, [sp, #16]
10001ac0:	0020      	movs	r0, r4
10001ac2:	4053      	eors	r3, r2
10001ac4:	9a05      	ldr	r2, [sp, #20]
10001ac6:	4053      	eors	r3, r2
10001ac8:	9a06      	ldr	r2, [sp, #24]
10001aca:	4053      	eors	r3, r2
10001acc:	041a      	lsls	r2, r3, #16
10001ace:	0219      	lsls	r1, r3, #8
10001ad0:	0e12      	lsrs	r2, r2, #24
10001ad2:	405a      	eors	r2, r3
10001ad4:	0e09      	lsrs	r1, r1, #24
10001ad6:	404a      	eors	r2, r1
10001ad8:	0e1b      	lsrs	r3, r3, #24
10001ada:	4053      	eors	r3, r2
10001adc:	7623      	strb	r3, [r4, #24]
10001ade:	241d      	movs	r4, #29
10001ae0:	2120      	movs	r1, #32
10001ae2:	4a0d      	ldr	r2, [pc, #52]	@ (10001b18 <nrf_send_status+0xa8>)
10001ae4:	446c      	add	r4, sp
10001ae6:	6993      	ldr	r3, [r2, #24]
10001ae8:	4219      	tst	r1, r3
10001aea:	d1fc      	bne.n	10001ae6 <nrf_send_status+0x76>
10001aec:	7803      	ldrb	r3, [r0, #0]
10001aee:	3001      	adds	r0, #1
10001af0:	6013      	str	r3, [r2, #0]
10001af2:	42a0      	cmp	r0, r4
10001af4:	d1f7      	bne.n	10001ae6 <nrf_send_status+0x76>
10001af6:	4a09      	ldr	r2, [pc, #36]	@ (10001b1c <nrf_send_status+0xac>)
10001af8:	8813      	ldrh	r3, [r2, #0]
10001afa:	3301      	adds	r3, #1
10001afc:	8013      	strh	r3, [r2, #0]
10001afe:	b008      	add	sp, #32
10001b00:	bd70      	pop	{r4, r5, r6, pc}
10001b02:	21fa      	movs	r1, #250	@ 0xfa
10001b04:	0089      	lsls	r1, r1, #2
10001b06:	f003 fead 	bl	10005864 <__wrap___aeabi_uidiv>
10001b0a:	0005      	movs	r5, r0
10001b0c:	e7cd      	b.n	10001aaa <nrf_send_status+0x3a>
10001b0e:	46c0      	nop			@ (mov r8, r8)
10001b10:	000002aa 	.word	0x000002aa
10001b14:	200010c8 	.word	0x200010c8
10001b18:	40034000 	.word	0x40034000
10001b1c:	200010c6 	.word	0x200010c6

10001b20 <nrf_process>:
10001b20:	4a18      	ldr	r2, [pc, #96]	@ (10001b84 <nrf_process+0x64>)
10001b22:	b570      	push	{r4, r5, r6, lr}
10001b24:	6993      	ldr	r3, [r2, #24]
10001b26:	06db      	lsls	r3, r3, #27
10001b28:	d416      	bmi.n	10001b58 <nrf_process+0x38>
10001b2a:	2500      	movs	r5, #0
10001b2c:	2110      	movs	r1, #16
10001b2e:	4e16      	ldr	r6, [pc, #88]	@ (10001b88 <nrf_process+0x68>)
10001b30:	4c16      	ldr	r4, [pc, #88]	@ (10001b8c <nrf_process+0x6c>)
10001b32:	7830      	ldrb	r0, [r6, #0]
10001b34:	6993      	ldr	r3, [r2, #24]
10001b36:	4219      	tst	r1, r3
10001b38:	d1fc      	bne.n	10001b34 <nrf_process+0x14>
10001b3a:	6813      	ldr	r3, [r2, #0]
10001b3c:	b2db      	uxtb	r3, r3
10001b3e:	2800      	cmp	r0, #0
10001b40:	d10b      	bne.n	10001b5a <nrf_process+0x3a>
10001b42:	2baa      	cmp	r3, #170	@ 0xaa
10001b44:	d102      	bne.n	10001b4c <nrf_process+0x2c>
10001b46:	7023      	strb	r3, [r4, #0]
10001b48:	3001      	adds	r0, #1
10001b4a:	2501      	movs	r5, #1
10001b4c:	6993      	ldr	r3, [r2, #24]
10001b4e:	4219      	tst	r1, r3
10001b50:	d0f0      	beq.n	10001b34 <nrf_process+0x14>
10001b52:	2d00      	cmp	r5, #0
10001b54:	d000      	beq.n	10001b58 <nrf_process+0x38>
10001b56:	7030      	strb	r0, [r6, #0]
10001b58:	bd70      	pop	{r4, r5, r6, pc}
10001b5a:	283f      	cmp	r0, #63	@ 0x3f
10001b5c:	d907      	bls.n	10001b6e <nrf_process+0x4e>
10001b5e:	7863      	ldrb	r3, [r4, #1]
10001b60:	2b04      	cmp	r3, #4
10001b62:	d002      	beq.n	10001b6a <nrf_process+0x4a>
10001b64:	2501      	movs	r5, #1
10001b66:	2000      	movs	r0, #0
10001b68:	e7f0      	b.n	10001b4c <nrf_process+0x2c>
10001b6a:	2000      	movs	r0, #0
10001b6c:	e7ed      	b.n	10001b4a <nrf_process+0x2a>
10001b6e:	1c45      	adds	r5, r0, #1
10001b70:	5423      	strb	r3, [r4, r0]
10001b72:	b2e8      	uxtb	r0, r5
10001b74:	2803      	cmp	r0, #3
10001b76:	d9e8      	bls.n	10001b4a <nrf_process+0x2a>
10001b78:	7863      	ldrb	r3, [r4, #1]
10001b7a:	2b04      	cmp	r3, #4
10001b7c:	d0f5      	beq.n	10001b6a <nrf_process+0x4a>
10001b7e:	2840      	cmp	r0, #64	@ 0x40
10001b80:	d0f0      	beq.n	10001b64 <nrf_process+0x44>
10001b82:	e7e2      	b.n	10001b4a <nrf_process+0x2a>
10001b84:	40034000 	.word	0x40034000
10001b88:	200010d0 	.word	0x200010d0
10001b8c:	20001060 	.word	0x20001060

10001b90 <flight_state_init>:
10001b90:	b510      	push	{r4, lr}
10001b92:	2228      	movs	r2, #40	@ 0x28
10001b94:	2100      	movs	r1, #0
10001b96:	0004      	movs	r4, r0
10001b98:	f005 fa74 	bl	10007084 <__wrap_memset>
10001b9c:	f001 fa80 	bl	100030a0 <time_us_64>
10001ba0:	2900      	cmp	r1, #0
10001ba2:	d006      	beq.n	10001bb2 <flight_state_init+0x22>
10001ba4:	22fa      	movs	r2, #250	@ 0xfa
10001ba6:	2300      	movs	r3, #0
10001ba8:	0092      	lsls	r2, r2, #2
10001baa:	f003 fe99 	bl	100058e0 <__wrap___aeabi_uldivmod>
10001bae:	6060      	str	r0, [r4, #4]
10001bb0:	bd10      	pop	{r4, pc}
10001bb2:	21fa      	movs	r1, #250	@ 0xfa
10001bb4:	0089      	lsls	r1, r1, #2
10001bb6:	f003 fe55 	bl	10005864 <__wrap___aeabi_uidiv>
10001bba:	e7f8      	b.n	10001bae <flight_state_init+0x1e>

10001bbc <flight_state_update>:
10001bbc:	b5f0      	push	{r4, r5, r6, r7, lr}
10001bbe:	4657      	mov	r7, sl
10001bc0:	464e      	mov	r6, r9
10001bc2:	4645      	mov	r5, r8
10001bc4:	46de      	mov	lr, fp
10001bc6:	b5e0      	push	{r5, r6, r7, lr}
10001bc8:	b083      	sub	sp, #12
10001bca:	0004      	movs	r4, r0
10001bcc:	1c0d      	adds	r5, r1, #0
10001bce:	1c16      	adds	r6, r2, #0
10001bd0:	1c1f      	adds	r7, r3, #0
10001bd2:	f001 fa65 	bl	100030a0 <time_us_64>
10001bd6:	2900      	cmp	r1, #0
10001bd8:	d04b      	beq.n	10001c72 <flight_state_update+0xb6>
10001bda:	22fa      	movs	r2, #250	@ 0xfa
10001bdc:	2300      	movs	r3, #0
10001bde:	0092      	lsls	r2, r2, #2
10001be0:	f003 fe7e 	bl	100058e0 <__wrap___aeabi_uldivmod>
10001be4:	4681      	mov	r9, r0
10001be6:	6960      	ldr	r0, [r4, #20]
10001be8:	61a5      	str	r5, [r4, #24]
10001bea:	61e6      	str	r6, [r4, #28]
10001bec:	6227      	str	r7, [r4, #32]
10001bee:	1c29      	adds	r1, r5, #0
10001bf0:	f004 ff22 	bl	10006a38 <__wrap___aeabi_fcmplt>
10001bf4:	2800      	cmp	r0, #0
10001bf6:	d000      	beq.n	10001bfa <flight_state_update+0x3e>
10001bf8:	6165      	str	r5, [r4, #20]
10001bfa:	7823      	ldrb	r3, [r4, #0]
10001bfc:	4698      	mov	r8, r3
10001bfe:	2b03      	cmp	r3, #3
10001c00:	d060      	beq.n	10001cc4 <flight_state_update+0x108>
10001c02:	d83c      	bhi.n	10001c7e <flight_state_update+0xc2>
10001c04:	2b00      	cmp	r3, #0
10001c06:	d069      	beq.n	10001cdc <flight_state_update+0x120>
10001c08:	2b02      	cmp	r3, #2
10001c0a:	d12b      	bne.n	10001c64 <flight_state_update+0xa8>
10001c0c:	2325      	movs	r3, #37	@ 0x25
10001c0e:	469b      	mov	fp, r3
10001c10:	5ce3      	ldrb	r3, [r4, r3]
10001c12:	1c29      	adds	r1, r5, #0
10001c14:	68e0      	ldr	r0, [r4, #12]
10001c16:	469a      	mov	sl, r3
10001c18:	f004 febd 	bl	10006996 <__wrap___aeabi_fsub>
10001c1c:	4941      	ldr	r1, [pc, #260]	@ (10001d24 <flight_state_update+0x168>)
10001c1e:	9001      	str	r0, [sp, #4]
10001c20:	1c38      	adds	r0, r7, #0
10001c22:	f004 ff09 	bl	10006a38 <__wrap___aeabi_fcmplt>
10001c26:	2800      	cmp	r0, #0
10001c28:	d063      	beq.n	10001cf2 <flight_state_update+0x136>
10001c2a:	4656      	mov	r6, sl
10001c2c:	3601      	adds	r6, #1
10001c2e:	b2f6      	uxtb	r6, r6
10001c30:	493d      	ldr	r1, [pc, #244]	@ (10001d28 <flight_state_update+0x16c>)
10001c32:	9801      	ldr	r0, [sp, #4]
10001c34:	f004 ff0e 	bl	10006a54 <__wrap___aeabi_fcmpgt>
10001c38:	2800      	cmp	r0, #0
10001c3a:	d001      	beq.n	10001c40 <flight_state_update+0x84>
10001c3c:	3602      	adds	r6, #2
10001c3e:	b2f6      	uxtb	r6, r6
10001c40:	2325      	movs	r3, #37	@ 0x25
10001c42:	54e6      	strb	r6, [r4, r3]
10001c44:	2e02      	cmp	r6, #2
10001c46:	d90d      	bls.n	10001c64 <flight_state_update+0xa8>
10001c48:	464b      	mov	r3, r9
10001c4a:	60a3      	str	r3, [r4, #8]
10001c4c:	4b37      	ldr	r3, [pc, #220]	@ (10001d2c <flight_state_update+0x170>)
10001c4e:	6125      	str	r5, [r4, #16]
10001c50:	8023      	strh	r3, [r4, #0]
10001c52:	f001 fa25 	bl	100030a0 <time_us_64>
10001c56:	2900      	cmp	r1, #0
10001c58:	d12d      	bne.n	10001cb6 <flight_state_update+0xfa>
10001c5a:	21fa      	movs	r1, #250	@ 0xfa
10001c5c:	0089      	lsls	r1, r1, #2
10001c5e:	f003 fe01 	bl	10005864 <__wrap___aeabi_uidiv>
10001c62:	6060      	str	r0, [r4, #4]
10001c64:	b003      	add	sp, #12
10001c66:	bcf0      	pop	{r4, r5, r6, r7}
10001c68:	46bb      	mov	fp, r7
10001c6a:	46b2      	mov	sl, r6
10001c6c:	46a9      	mov	r9, r5
10001c6e:	46a0      	mov	r8, r4
10001c70:	bdf0      	pop	{r4, r5, r6, r7, pc}
10001c72:	21fa      	movs	r1, #250	@ 0xfa
10001c74:	0089      	lsls	r1, r1, #2
10001c76:	f003 fdf5 	bl	10005864 <__wrap___aeabi_uidiv>
10001c7a:	4681      	mov	r9, r0
10001c7c:	e7b3      	b.n	10001be6 <flight_state_update+0x2a>
10001c7e:	2b04      	cmp	r3, #4
10001c80:	d1f0      	bne.n	10001c64 <flight_state_update+0xa8>
10001c82:	492b      	ldr	r1, [pc, #172]	@ (10001d30 <flight_state_update+0x174>)
10001c84:	1c28      	adds	r0, r5, #0
10001c86:	f004 fed7 	bl	10006a38 <__wrap___aeabi_fcmplt>
10001c8a:	2800      	cmp	r0, #0
10001c8c:	d0ea      	beq.n	10001c64 <flight_state_update+0xa8>
10001c8e:	21fc      	movs	r1, #252	@ 0xfc
10001c90:	0070      	lsls	r0, r6, #1
10001c92:	0840      	lsrs	r0, r0, #1
10001c94:	0589      	lsls	r1, r1, #22
10001c96:	f004 fecf 	bl	10006a38 <__wrap___aeabi_fcmplt>
10001c9a:	2800      	cmp	r0, #0
10001c9c:	d0e2      	beq.n	10001c64 <flight_state_update+0xa8>
10001c9e:	464a      	mov	r2, r9
10001ca0:	6863      	ldr	r3, [r4, #4]
10001ca2:	1ad3      	subs	r3, r2, r3
10001ca4:	4a23      	ldr	r2, [pc, #140]	@ (10001d34 <flight_state_update+0x178>)
10001ca6:	4293      	cmp	r3, r2
10001ca8:	d9dc      	bls.n	10001c64 <flight_state_update+0xa8>
10001caa:	4b23      	ldr	r3, [pc, #140]	@ (10001d38 <flight_state_update+0x17c>)
10001cac:	8023      	strh	r3, [r4, #0]
10001cae:	f001 f9f7 	bl	100030a0 <time_us_64>
10001cb2:	2900      	cmp	r1, #0
10001cb4:	d0d1      	beq.n	10001c5a <flight_state_update+0x9e>
10001cb6:	22fa      	movs	r2, #250	@ 0xfa
10001cb8:	2300      	movs	r3, #0
10001cba:	0092      	lsls	r2, r2, #2
10001cbc:	f003 fe10 	bl	100058e0 <__wrap___aeabi_uldivmod>
10001cc0:	6060      	str	r0, [r4, #4]
10001cc2:	e7cf      	b.n	10001c64 <flight_state_update+0xa8>
10001cc4:	2324      	movs	r3, #36	@ 0x24
10001cc6:	5ce3      	ldrb	r3, [r4, r3]
10001cc8:	2b00      	cmp	r3, #0
10001cca:	d0cb      	beq.n	10001c64 <flight_state_update+0xa8>
10001ccc:	23c1      	movs	r3, #193	@ 0xc1
10001cce:	009b      	lsls	r3, r3, #2
10001cd0:	8023      	strh	r3, [r4, #0]
10001cd2:	f001 f9e5 	bl	100030a0 <time_us_64>
10001cd6:	2900      	cmp	r1, #0
10001cd8:	d0bf      	beq.n	10001c5a <flight_state_update+0x9e>
10001cda:	e7ec      	b.n	10001cb6 <flight_state_update+0xfa>
10001cdc:	2301      	movs	r3, #1
10001cde:	8023      	strh	r3, [r4, #0]
10001ce0:	f001 f9de 	bl	100030a0 <time_us_64>
10001ce4:	2900      	cmp	r1, #0
10001ce6:	d1e6      	bne.n	10001cb6 <flight_state_update+0xfa>
10001ce8:	21fa      	movs	r1, #250	@ 0xfa
10001cea:	0089      	lsls	r1, r1, #2
10001cec:	f003 fdba 	bl	10005864 <__wrap___aeabi_uidiv>
10001cf0:	e7b7      	b.n	10001c62 <flight_state_update+0xa6>
10001cf2:	21c0      	movs	r1, #192	@ 0xc0
10001cf4:	1c30      	adds	r0, r6, #0
10001cf6:	0609      	lsls	r1, r1, #24
10001cf8:	f004 fe9e 	bl	10006a38 <__wrap___aeabi_fcmplt>
10001cfc:	2800      	cmp	r0, #0
10001cfe:	d194      	bne.n	10001c2a <flight_state_update+0x6e>
10001d00:	4653      	mov	r3, sl
10001d02:	2b00      	cmp	r3, #0
10001d04:	d109      	bne.n	10001d1a <flight_state_update+0x15e>
10001d06:	4908      	ldr	r1, [pc, #32]	@ (10001d28 <flight_state_update+0x16c>)
10001d08:	9801      	ldr	r0, [sp, #4]
10001d0a:	f004 fea3 	bl	10006a54 <__wrap___aeabi_fcmpgt>
10001d0e:	2800      	cmp	r0, #0
10001d10:	d0a8      	beq.n	10001c64 <flight_state_update+0xa8>
10001d12:	465b      	mov	r3, fp
10001d14:	4642      	mov	r2, r8
10001d16:	54e2      	strb	r2, [r4, r3]
10001d18:	e7a4      	b.n	10001c64 <flight_state_update+0xa8>
10001d1a:	4656      	mov	r6, sl
10001d1c:	3e01      	subs	r6, #1
10001d1e:	b2f6      	uxtb	r6, r6
10001d20:	e786      	b.n	10001c30 <flight_state_update+0x74>
10001d22:	46c0      	nop			@ (mov r8, r8)
10001d24:	3e99999a 	.word	0x3e99999a
10001d28:	40a00000 	.word	0x40a00000
10001d2c:	00000203 	.word	0x00000203
10001d30:	41a00000 	.word	0x41a00000
10001d34:	00001388 	.word	0x00001388
10001d38:	00000405 	.word	0x00000405

10001d3c <flight_state_get>:
10001d3c:	7800      	ldrb	r0, [r0, #0]
10001d3e:	4770      	bx	lr

10001d40 <flight_state_name>:
10001d40:	2806      	cmp	r0, #6
10001d42:	d901      	bls.n	10001d48 <flight_state_name+0x8>
10001d44:	4802      	ldr	r0, [pc, #8]	@ (10001d50 <flight_state_name+0x10>)
10001d46:	4770      	bx	lr
10001d48:	4b02      	ldr	r3, [pc, #8]	@ (10001d54 <flight_state_name+0x14>)
10001d4a:	0080      	lsls	r0, r0, #2
10001d4c:	58c0      	ldr	r0, [r0, r3]
10001d4e:	e7fa      	b.n	10001d46 <flight_state_name+0x6>
10001d50:	1000acd4 	.word	0x1000acd4
10001d54:	1000b078 	.word	0x1000b078

10001d58 <flight_state_is_armed>:
10001d58:	7803      	ldrb	r3, [r0, #0]
10001d5a:	2202      	movs	r2, #2
10001d5c:	2000      	movs	r0, #0
10001d5e:	3b02      	subs	r3, #2
10001d60:	b2db      	uxtb	r3, r3
10001d62:	429a      	cmp	r2, r3
10001d64:	4140      	adcs	r0, r0
10001d66:	b2c0      	uxtb	r0, r0
10001d68:	4770      	bx	lr
10001d6a:	46c0      	nop			@ (mov r8, r8)

10001d6c <flight_state_should_deploy>:
10001d6c:	2324      	movs	r3, #36	@ 0x24
10001d6e:	b570      	push	{r4, r5, r6, lr}
10001d70:	5cc3      	ldrb	r3, [r0, r3]
10001d72:	0004      	movs	r4, r0
10001d74:	2b00      	cmp	r3, #0
10001d76:	d001      	beq.n	10001d7c <flight_state_should_deploy+0x10>
10001d78:	2000      	movs	r0, #0
10001d7a:	bd70      	pop	{r4, r5, r6, pc}
10001d7c:	f001 f990 	bl	100030a0 <time_us_64>
10001d80:	2900      	cmp	r1, #0
10001d82:	d016      	beq.n	10001db2 <flight_state_should_deploy+0x46>
10001d84:	22fa      	movs	r2, #250	@ 0xfa
10001d86:	2300      	movs	r3, #0
10001d88:	0092      	lsls	r2, r2, #2
10001d8a:	f003 fda9 	bl	100058e0 <__wrap___aeabi_uldivmod>
10001d8e:	7823      	ldrb	r3, [r4, #0]
10001d90:	2b03      	cmp	r3, #3
10001d92:	d015      	beq.n	10001dc0 <flight_state_should_deploy+0x54>
10001d94:	2b02      	cmp	r3, #2
10001d96:	d1ef      	bne.n	10001d78 <flight_state_should_deploy+0xc>
10001d98:	4913      	ldr	r1, [pc, #76]	@ (10001de8 <flight_state_should_deploy+0x7c>)
10001d9a:	69a0      	ldr	r0, [r4, #24]
10001d9c:	f004 fe4c 	bl	10006a38 <__wrap___aeabi_fcmplt>
10001da0:	2800      	cmp	r0, #0
10001da2:	d0e9      	beq.n	10001d78 <flight_state_should_deploy+0xc>
10001da4:	4911      	ldr	r1, [pc, #68]	@ (10001dec <flight_state_should_deploy+0x80>)
10001da6:	69e0      	ldr	r0, [r4, #28]
10001da8:	f004 fe46 	bl	10006a38 <__wrap___aeabi_fcmplt>
10001dac:	1e43      	subs	r3, r0, #1
10001dae:	4198      	sbcs	r0, r3
10001db0:	e7e3      	b.n	10001d7a <flight_state_should_deploy+0xe>
10001db2:	21fa      	movs	r1, #250	@ 0xfa
10001db4:	0089      	lsls	r1, r1, #2
10001db6:	f003 fd55 	bl	10005864 <__wrap___aeabi_uidiv>
10001dba:	7823      	ldrb	r3, [r4, #0]
10001dbc:	2b03      	cmp	r3, #3
10001dbe:	d1e9      	bne.n	10001d94 <flight_state_should_deploy+0x28>
10001dc0:	68a5      	ldr	r5, [r4, #8]
10001dc2:	33f2      	adds	r3, #242	@ 0xf2
10001dc4:	33ff      	adds	r3, #255	@ 0xff
10001dc6:	1b45      	subs	r5, r0, r5
10001dc8:	429d      	cmp	r5, r3
10001dca:	d3d5      	bcc.n	10001d78 <flight_state_should_deploy+0xc>
10001dcc:	4907      	ldr	r1, [pc, #28]	@ (10001dec <flight_state_should_deploy+0x80>)
10001dce:	69e0      	ldr	r0, [r4, #28]
10001dd0:	f004 fe32 	bl	10006a38 <__wrap___aeabi_fcmplt>
10001dd4:	0002      	movs	r2, r0
10001dd6:	1e53      	subs	r3, r2, #1
10001dd8:	419a      	sbcs	r2, r3
10001dda:	4b05      	ldr	r3, [pc, #20]	@ (10001df0 <flight_state_should_deploy+0x84>)
10001ddc:	42ab      	cmp	r3, r5
10001dde:	419b      	sbcs	r3, r3
10001de0:	4258      	negs	r0, r3
10001de2:	4310      	orrs	r0, r2
10001de4:	e7c9      	b.n	10001d7a <flight_state_should_deploy+0xe>
10001de6:	46c0      	nop			@ (mov r8, r8)
10001de8:	43fa0000 	.word	0x43fa0000
10001dec:	bf800000 	.word	0xbf800000
10001df0:	0000752f 	.word	0x0000752f

10001df4 <flight_state_arm>:
10001df4:	7803      	ldrb	r3, [r0, #0]
10001df6:	b510      	push	{r4, lr}
10001df8:	0004      	movs	r4, r0
10001dfa:	2b01      	cmp	r3, #1
10001dfc:	d000      	beq.n	10001e00 <flight_state_arm+0xc>
10001dfe:	bd10      	pop	{r4, pc}
10001e00:	6983      	ldr	r3, [r0, #24]
10001e02:	60c3      	str	r3, [r0, #12]
10001e04:	6143      	str	r3, [r0, #20]
10001e06:	2300      	movs	r3, #0
10001e08:	8483      	strh	r3, [r0, #36]	@ 0x24
10001e0a:	3303      	adds	r3, #3
10001e0c:	33ff      	adds	r3, #255	@ 0xff
10001e0e:	8003      	strh	r3, [r0, #0]
10001e10:	f001 f946 	bl	100030a0 <time_us_64>
10001e14:	2900      	cmp	r1, #0
10001e16:	d105      	bne.n	10001e24 <flight_state_arm+0x30>
10001e18:	21fa      	movs	r1, #250	@ 0xfa
10001e1a:	0089      	lsls	r1, r1, #2
10001e1c:	f003 fd22 	bl	10005864 <__wrap___aeabi_uidiv>
10001e20:	6060      	str	r0, [r4, #4]
10001e22:	e7ec      	b.n	10001dfe <flight_state_arm+0xa>
10001e24:	22fa      	movs	r2, #250	@ 0xfa
10001e26:	2300      	movs	r3, #0
10001e28:	0092      	lsls	r2, r2, #2
10001e2a:	f003 fd59 	bl	100058e0 <__wrap___aeabi_uldivmod>
10001e2e:	6060      	str	r0, [r4, #4]
10001e30:	e7e5      	b.n	10001dfe <flight_state_arm+0xa>
10001e32:	46c0      	nop			@ (mov r8, r8)

10001e34 <flight_state_disarm>:
10001e34:	7803      	ldrb	r3, [r0, #0]
10001e36:	b510      	push	{r4, lr}
10001e38:	0004      	movs	r4, r0
10001e3a:	2b02      	cmp	r3, #2
10001e3c:	d000      	beq.n	10001e40 <flight_state_disarm+0xc>
10001e3e:	bd10      	pop	{r4, pc}
10001e40:	4b09      	ldr	r3, [pc, #36]	@ (10001e68 <flight_state_disarm+0x34>)
10001e42:	8003      	strh	r3, [r0, #0]
10001e44:	f001 f92c 	bl	100030a0 <time_us_64>
10001e48:	2900      	cmp	r1, #0
10001e4a:	d105      	bne.n	10001e58 <flight_state_disarm+0x24>
10001e4c:	21fa      	movs	r1, #250	@ 0xfa
10001e4e:	0089      	lsls	r1, r1, #2
10001e50:	f003 fd08 	bl	10005864 <__wrap___aeabi_uidiv>
10001e54:	6060      	str	r0, [r4, #4]
10001e56:	e7f2      	b.n	10001e3e <flight_state_disarm+0xa>
10001e58:	22fa      	movs	r2, #250	@ 0xfa
10001e5a:	2300      	movs	r3, #0
10001e5c:	0092      	lsls	r2, r2, #2
10001e5e:	f003 fd3f 	bl	100058e0 <__wrap___aeabi_uldivmod>
10001e62:	6060      	str	r0, [r4, #4]
10001e64:	e7eb      	b.n	10001e3e <flight_state_disarm+0xa>
10001e66:	46c0      	nop			@ (mov r8, r8)
10001e68:	00000201 	.word	0x00000201

10001e6c <flight_state_mark_deployed>:
10001e6c:	2324      	movs	r3, #36	@ 0x24
10001e6e:	2201      	movs	r2, #1
10001e70:	54c2      	strb	r2, [r0, r3]
10001e72:	4770      	bx	lr

10001e74 <deployment_init>:
10001e74:	b510      	push	{r4, lr}
10001e76:	f7ff fc91 	bl	1000179c <servo_init>
10001e7a:	2000      	movs	r0, #0
10001e7c:	f7ff fcfe 	bl	1000187c <servo_set_angle>
10001e80:	f7ff fd40 	bl	10001904 <servo_enable>
10001e84:	2200      	movs	r2, #0
10001e86:	4b01      	ldr	r3, [pc, #4]	@ (10001e8c <deployment_init+0x18>)
10001e88:	701a      	strb	r2, [r3, #0]
10001e8a:	bd10      	pop	{r4, pc}
10001e8c:	200010d1 	.word	0x200010d1

10001e90 <deployment_arm>:
10001e90:	b510      	push	{r4, lr}
10001e92:	4c06      	ldr	r4, [pc, #24]	@ (10001eac <deployment_arm+0x1c>)
10001e94:	7823      	ldrb	r3, [r4, #0]
10001e96:	2b00      	cmp	r3, #0
10001e98:	d000      	beq.n	10001e9c <deployment_arm+0xc>
10001e9a:	bd10      	pop	{r4, pc}
10001e9c:	2000      	movs	r0, #0
10001e9e:	f7ff fced 	bl	1000187c <servo_set_angle>
10001ea2:	f7ff fd2f 	bl	10001904 <servo_enable>
10001ea6:	2301      	movs	r3, #1
10001ea8:	7023      	strb	r3, [r4, #0]
10001eaa:	e7f6      	b.n	10001e9a <deployment_arm+0xa>
10001eac:	200010d1 	.word	0x200010d1

10001eb0 <deployment_disarm>:
10001eb0:	4b03      	ldr	r3, [pc, #12]	@ (10001ec0 <deployment_disarm+0x10>)
10001eb2:	781a      	ldrb	r2, [r3, #0]
10001eb4:	2a01      	cmp	r2, #1
10001eb6:	d101      	bne.n	10001ebc <deployment_disarm+0xc>
10001eb8:	2200      	movs	r2, #0
10001eba:	701a      	strb	r2, [r3, #0]
10001ebc:	4770      	bx	lr
10001ebe:	46c0      	nop			@ (mov r8, r8)
10001ec0:	200010d1 	.word	0x200010d1

10001ec4 <deployment_trigger>:
10001ec4:	b510      	push	{r4, lr}
10001ec6:	4c0e      	ldr	r4, [pc, #56]	@ (10001f00 <deployment_trigger+0x3c>)
10001ec8:	7823      	ldrb	r3, [r4, #0]
10001eca:	2b01      	cmp	r3, #1
10001ecc:	d001      	beq.n	10001ed2 <deployment_trigger+0xe>
10001ece:	2000      	movs	r0, #0
10001ed0:	bd10      	pop	{r4, pc}
10001ed2:	3301      	adds	r3, #1
10001ed4:	7023      	strb	r3, [r4, #0]
10001ed6:	f001 f8e3 	bl	100030a0 <time_us_64>
10001eda:	205a      	movs	r0, #90	@ 0x5a
10001edc:	f7ff fcce 	bl	1000187c <servo_set_angle>
10001ee0:	20fa      	movs	r0, #250	@ 0xfa
10001ee2:	0040      	lsls	r0, r0, #1
10001ee4:	f000 ff8c 	bl	10002e00 <sleep_ms>
10001ee8:	f7ff fd06 	bl	100018f8 <servo_get_angle>
10001eec:	285a      	cmp	r0, #90	@ 0x5a
10001eee:	d002      	beq.n	10001ef6 <deployment_trigger+0x32>
10001ef0:	2304      	movs	r3, #4
10001ef2:	7023      	strb	r3, [r4, #0]
10001ef4:	e7eb      	b.n	10001ece <deployment_trigger+0xa>
10001ef6:	2303      	movs	r3, #3
10001ef8:	3859      	subs	r0, #89	@ 0x59
10001efa:	7023      	strb	r3, [r4, #0]
10001efc:	e7e8      	b.n	10001ed0 <deployment_trigger+0xc>
10001efe:	46c0      	nop			@ (mov r8, r8)
10001f00:	200010d1 	.word	0x200010d1

10001f04 <deployment_test>:
10001f04:	b510      	push	{r4, lr}
10001f06:	f7ff fcfd 	bl	10001904 <servo_enable>
10001f0a:	205a      	movs	r0, #90	@ 0x5a
10001f0c:	f7ff fcb6 	bl	1000187c <servo_set_angle>
10001f10:	20fa      	movs	r0, #250	@ 0xfa
10001f12:	0080      	lsls	r0, r0, #2
10001f14:	f000 ff74 	bl	10002e00 <sleep_ms>
10001f18:	2000      	movs	r0, #0
10001f1a:	f7ff fcaf 	bl	1000187c <servo_set_angle>
10001f1e:	20fa      	movs	r0, #250	@ 0xfa
10001f20:	0040      	lsls	r0, r0, #1
10001f22:	f000 ff6d 	bl	10002e00 <sleep_ms>
10001f26:	bd10      	pop	{r4, pc}

10001f28 <deployment_reset>:
10001f28:	b510      	push	{r4, lr}
10001f2a:	2000      	movs	r0, #0
10001f2c:	f7ff fca6 	bl	1000187c <servo_set_angle>
10001f30:	2200      	movs	r2, #0
10001f32:	4b01      	ldr	r3, [pc, #4]	@ (10001f38 <deployment_reset+0x10>)
10001f34:	701a      	strb	r2, [r3, #0]
10001f36:	bd10      	pop	{r4, pc}
10001f38:	200010d1 	.word	0x200010d1

10001f3c <telemetry_send_packet>:
10001f3c:	b5f0      	push	{r4, r5, r6, r7, lr}
10001f3e:	b08f      	sub	sp, #60	@ 0x3c
10001f40:	ad09      	add	r5, sp, #36	@ 0x24
10001f42:	0004      	movs	r4, r0
10001f44:	000f      	movs	r7, r1
10001f46:	2214      	movs	r2, #20
10001f48:	2100      	movs	r1, #0
10001f4a:	0028      	movs	r0, r5
10001f4c:	001e      	movs	r6, r3
10001f4e:	f005 f899 	bl	10007084 <__wrap_memset>
10001f52:	f001 f8a5 	bl	100030a0 <time_us_64>
10001f56:	2900      	cmp	r1, #0
10001f58:	d100      	bne.n	10001f5c <telemetry_send_packet+0x20>
10001f5a:	e082      	b.n	10002062 <telemetry_send_packet+0x126>
10001f5c:	22fa      	movs	r2, #250	@ 0xfa
10001f5e:	2300      	movs	r3, #0
10001f60:	0092      	lsls	r2, r2, #2
10001f62:	f003 fcbd 	bl	100058e0 <__wrap___aeabi_uldivmod>
10001f66:	6068      	str	r0, [r5, #4]
10001f68:	0020      	movs	r0, r4
10001f6a:	f7ff fee7 	bl	10001d3c <flight_state_get>
10001f6e:	493f      	ldr	r1, [pc, #252]	@ (1000206c <telemetry_send_packet+0x130>)
10001f70:	7228      	strb	r0, [r5, #8]
10001f72:	69a0      	ldr	r0, [r4, #24]
10001f74:	f004 fd29 	bl	100069ca <__wrap___aeabi_fmul>
10001f78:	f004 fd98 	bl	10006aac <__wrap___aeabi_f2iz>
10001f7c:	222d      	movs	r2, #45	@ 0x2d
10001f7e:	b283      	uxth	r3, r0
10001f80:	446a      	add	r2, sp
10001f82:	0a1b      	lsrs	r3, r3, #8
10001f84:	7010      	strb	r0, [r2, #0]
10001f86:	7053      	strb	r3, [r2, #1]
10001f88:	4939      	ldr	r1, [pc, #228]	@ (10002070 <telemetry_send_packet+0x134>)
10001f8a:	69e0      	ldr	r0, [r4, #28]
10001f8c:	f004 fd1d 	bl	100069ca <__wrap___aeabi_fmul>
10001f90:	f004 fd8c 	bl	10006aac <__wrap___aeabi_f2iz>
10001f94:	222f      	movs	r2, #47	@ 0x2f
10001f96:	b283      	uxth	r3, r0
10001f98:	446a      	add	r2, sp
10001f9a:	0a1b      	lsrs	r3, r3, #8
10001f9c:	7010      	strb	r0, [r2, #0]
10001f9e:	7053      	strb	r3, [r2, #1]
10001fa0:	4934      	ldr	r1, [pc, #208]	@ (10002074 <telemetry_send_packet+0x138>)
10001fa2:	6a20      	ldr	r0, [r4, #32]
10001fa4:	f004 fd11 	bl	100069ca <__wrap___aeabi_fmul>
10001fa8:	f004 fd80 	bl	10006aac <__wrap___aeabi_f2iz>
10001fac:	2231      	movs	r2, #49	@ 0x31
10001fae:	b283      	uxth	r3, r0
10001fb0:	446a      	add	r2, sp
10001fb2:	0a1b      	lsrs	r3, r3, #8
10001fb4:	7010      	strb	r0, [r2, #0]
10001fb6:	7053      	strb	r3, [r2, #1]
10001fb8:	2f00      	cmp	r7, #0
10001fba:	d00d      	beq.n	10001fd8 <telemetry_send_packet+0x9c>
10001fbc:	492b      	ldr	r1, [pc, #172]	@ (1000206c <telemetry_send_packet+0x130>)
10001fbe:	6838      	ldr	r0, [r7, #0]
10001fc0:	f004 fd03 	bl	100069ca <__wrap___aeabi_fmul>
10001fc4:	f004 fd72 	bl	10006aac <__wrap___aeabi_f2iz>
10001fc8:	2233      	movs	r2, #51	@ 0x33
10001fca:	21ff      	movs	r1, #255	@ 0xff
10001fcc:	b283      	uxth	r3, r0
10001fce:	446a      	add	r2, sp
10001fd0:	4008      	ands	r0, r1
10001fd2:	0a1b      	lsrs	r3, r3, #8
10001fd4:	7010      	strb	r0, [r2, #0]
10001fd6:	7053      	strb	r3, [r2, #1]
10001fd8:	2e00      	cmp	r6, #0
10001fda:	d001      	beq.n	10001fe0 <telemetry_send_packet+0xa4>
10001fdc:	7d33      	ldrb	r3, [r6, #20]
10001fde:	746b      	strb	r3, [r5, #17]
10001fe0:	2300      	movs	r3, #0
10001fe2:	0020      	movs	r0, r4
10001fe4:	74ab      	strb	r3, [r5, #18]
10001fe6:	f7ff feb7 	bl	10001d58 <flight_state_is_armed>
10001fea:	2800      	cmp	r0, #0
10001fec:	d003      	beq.n	10001ff6 <telemetry_send_packet+0xba>
10001fee:	2201      	movs	r2, #1
10001ff0:	7cab      	ldrb	r3, [r5, #18]
10001ff2:	4313      	orrs	r3, r2
10001ff4:	74ab      	strb	r3, [r5, #18]
10001ff6:	2324      	movs	r3, #36	@ 0x24
10001ff8:	5ce3      	ldrb	r3, [r4, r3]
10001ffa:	2b00      	cmp	r3, #0
10001ffc:	d003      	beq.n	10002006 <telemetry_send_packet+0xca>
10001ffe:	2202      	movs	r2, #2
10002000:	7cab      	ldrb	r3, [r5, #18]
10002002:	4313      	orrs	r3, r2
10002004:	74ab      	strb	r3, [r5, #18]
10002006:	2e00      	cmp	r6, #0
10002008:	d007      	beq.n	1000201a <telemetry_send_packet+0xde>
1000200a:	2324      	movs	r3, #36	@ 0x24
1000200c:	5cf3      	ldrb	r3, [r6, r3]
1000200e:	2b00      	cmp	r3, #0
10002010:	d003      	beq.n	1000201a <telemetry_send_packet+0xde>
10002012:	2204      	movs	r2, #4
10002014:	7cab      	ldrb	r3, [r5, #18]
10002016:	4313      	orrs	r3, r2
10002018:	74ab      	strb	r3, [r5, #18]
1000201a:	0028      	movs	r0, r5
1000201c:	f7ff fcaa 	bl	10001974 <nrf_send_telemetry>
10002020:	0020      	movs	r0, r4
10002022:	686f      	ldr	r7, [r5, #4]
10002024:	f7ff fe8a 	bl	10001d3c <flight_state_get>
10002028:	f7ff fe8a 	bl	10001d40 <flight_state_name>
1000202c:	2324      	movs	r3, #36	@ 0x24
1000202e:	5ce3      	ldrb	r3, [r4, r3]
10002030:	0006      	movs	r6, r0
10002032:	9306      	str	r3, [sp, #24]
10002034:	6a20      	ldr	r0, [r4, #32]
10002036:	f004 fd81 	bl	10006b3c <__wrap___aeabi_f2d>
1000203a:	9004      	str	r0, [sp, #16]
1000203c:	9105      	str	r1, [sp, #20]
1000203e:	69e0      	ldr	r0, [r4, #28]
10002040:	f004 fd7c 	bl	10006b3c <__wrap___aeabi_f2d>
10002044:	9002      	str	r0, [sp, #8]
10002046:	9103      	str	r1, [sp, #12]
10002048:	69a0      	ldr	r0, [r4, #24]
1000204a:	f004 fd77 	bl	10006b3c <__wrap___aeabi_f2d>
1000204e:	4d0a      	ldr	r5, [pc, #40]	@ (10002078 <telemetry_send_packet+0x13c>)
10002050:	9000      	str	r0, [sp, #0]
10002052:	9101      	str	r1, [sp, #4]
10002054:	0032      	movs	r2, r6
10002056:	0039      	movs	r1, r7
10002058:	0028      	movs	r0, r5
1000205a:	f005 f9c3 	bl	100073e4 <__wrap_printf>
1000205e:	b00f      	add	sp, #60	@ 0x3c
10002060:	bdf0      	pop	{r4, r5, r6, r7, pc}
10002062:	21fa      	movs	r1, #250	@ 0xfa
10002064:	0089      	lsls	r1, r1, #2
10002066:	f003 fbfd 	bl	10005864 <__wrap___aeabi_uidiv>
1000206a:	e77c      	b.n	10001f66 <telemetry_send_packet+0x2a>
1000206c:	41200000 	.word	0x41200000
10002070:	42c80000 	.word	0x42c80000
10002074:	447a0000 	.word	0x447a0000
10002078:	1000ad14 	.word	0x1000ad14

1000207c <telemetry_send_gps>:
1000207c:	b5f0      	push	{r4, r5, r6, r7, lr}
1000207e:	0004      	movs	r4, r0
10002080:	b08d      	sub	sp, #52	@ 0x34
10002082:	2800      	cmp	r0, #0
10002084:	d003      	beq.n	1000208e <telemetry_send_gps+0x12>
10002086:	2324      	movs	r3, #36	@ 0x24
10002088:	5cc3      	ldrb	r3, [r0, r3]
1000208a:	2b00      	cmp	r3, #0
1000208c:	d101      	bne.n	10002092 <telemetry_send_gps+0x16>
1000208e:	b00d      	add	sp, #52	@ 0x34
10002090:	bdf0      	pop	{r4, r5, r6, r7, pc}
10002092:	ad06      	add	r5, sp, #24
10002094:	2215      	movs	r2, #21
10002096:	2100      	movs	r1, #0
10002098:	0028      	movs	r0, r5
1000209a:	f004 fff3 	bl	10007084 <__wrap_memset>
1000209e:	f000 ffff 	bl	100030a0 <time_us_64>
100020a2:	2900      	cmp	r1, #0
100020a4:	d041      	beq.n	1000212a <telemetry_send_gps+0xae>
100020a6:	22fa      	movs	r2, #250	@ 0xfa
100020a8:	2300      	movs	r3, #0
100020aa:	0092      	lsls	r2, r2, #2
100020ac:	f003 fc18 	bl	100058e0 <__wrap___aeabi_uldivmod>
100020b0:	6068      	str	r0, [r5, #4]
100020b2:	6820      	ldr	r0, [r4, #0]
100020b4:	f004 fd42 	bl	10006b3c <__wrap___aeabi_f2d>
100020b8:	2200      	movs	r2, #0
100020ba:	4b1e      	ldr	r3, [pc, #120]	@ (10002134 <telemetry_send_gps+0xb8>)
100020bc:	f003 fe3d 	bl	10005d3a <__wrap___aeabi_dmul>
100020c0:	f003 fecc 	bl	10005e5c <__wrap___aeabi_d2iz>
100020c4:	60a8      	str	r0, [r5, #8]
100020c6:	6860      	ldr	r0, [r4, #4]
100020c8:	f004 fd38 	bl	10006b3c <__wrap___aeabi_f2d>
100020cc:	2200      	movs	r2, #0
100020ce:	4b19      	ldr	r3, [pc, #100]	@ (10002134 <telemetry_send_gps+0xb8>)
100020d0:	f003 fe33 	bl	10005d3a <__wrap___aeabi_dmul>
100020d4:	f003 fec2 	bl	10005e5c <__wrap___aeabi_d2iz>
100020d8:	60e8      	str	r0, [r5, #12]
100020da:	68a0      	ldr	r0, [r4, #8]
100020dc:	f004 fce6 	bl	10006aac <__wrap___aeabi_f2iz>
100020e0:	8228      	strh	r0, [r5, #16]
100020e2:	7d23      	ldrb	r3, [r4, #20]
100020e4:	4914      	ldr	r1, [pc, #80]	@ (10002138 <telemetry_send_gps+0xbc>)
100020e6:	74ab      	strb	r3, [r5, #18]
100020e8:	6a20      	ldr	r0, [r4, #32]
100020ea:	f004 fc6e 	bl	100069ca <__wrap___aeabi_fmul>
100020ee:	f004 fd0f 	bl	10006b10 <__wrap___aeabi_f2uiz>
100020f2:	74e8      	strb	r0, [r5, #19]
100020f4:	0028      	movs	r0, r5
100020f6:	f7ff fc7d 	bl	100019f4 <nrf_send_gps>
100020fa:	6820      	ldr	r0, [r4, #0]
100020fc:	f004 fd1e 	bl	10006b3c <__wrap___aeabi_f2d>
10002100:	7d23      	ldrb	r3, [r4, #20]
10002102:	0006      	movs	r6, r0
10002104:	9304      	str	r3, [sp, #16]
10002106:	68a0      	ldr	r0, [r4, #8]
10002108:	000f      	movs	r7, r1
1000210a:	f004 fd17 	bl	10006b3c <__wrap___aeabi_f2d>
1000210e:	9002      	str	r0, [sp, #8]
10002110:	9103      	str	r1, [sp, #12]
10002112:	6860      	ldr	r0, [r4, #4]
10002114:	f004 fd12 	bl	10006b3c <__wrap___aeabi_f2d>
10002118:	4d08      	ldr	r5, [pc, #32]	@ (1000213c <telemetry_send_gps+0xc0>)
1000211a:	9000      	str	r0, [sp, #0]
1000211c:	9101      	str	r1, [sp, #4]
1000211e:	0032      	movs	r2, r6
10002120:	003b      	movs	r3, r7
10002122:	0028      	movs	r0, r5
10002124:	f005 f95e 	bl	100073e4 <__wrap_printf>
10002128:	e7b1      	b.n	1000208e <telemetry_send_gps+0x12>
1000212a:	21fa      	movs	r1, #250	@ 0xfa
1000212c:	0089      	lsls	r1, r1, #2
1000212e:	f003 fb99 	bl	10005864 <__wrap___aeabi_uidiv>
10002132:	e7bd      	b.n	100020b0 <telemetry_send_gps+0x34>
10002134:	412e8480 	.word	0x412e8480
10002138:	41200000 	.word	0x41200000
1000213c:	1000ad34 	.word	0x1000ad34

10002140 <telemetry_send_status>:
10002140:	b510      	push	{r4, lr}
10002142:	1e04      	subs	r4, r0, #0
10002144:	d010      	beq.n	10002168 <telemetry_send_status+0x28>
10002146:	f7ff fc93 	bl	10001a70 <nrf_send_status>
1000214a:	f000 ffa9 	bl	100030a0 <time_us_64>
1000214e:	2900      	cmp	r1, #0
10002150:	d00b      	beq.n	1000216a <telemetry_send_status+0x2a>
10002152:	22fa      	movs	r2, #250	@ 0xfa
10002154:	2300      	movs	r3, #0
10002156:	0092      	lsls	r2, r2, #2
10002158:	f003 fbc2 	bl	100058e0 <__wrap___aeabi_uldivmod>
1000215c:	0001      	movs	r1, r0
1000215e:	4b06      	ldr	r3, [pc, #24]	@ (10002178 <telemetry_send_status+0x38>)
10002160:	0022      	movs	r2, r4
10002162:	0018      	movs	r0, r3
10002164:	f005 f93e 	bl	100073e4 <__wrap_printf>
10002168:	bd10      	pop	{r4, pc}
1000216a:	21fa      	movs	r1, #250	@ 0xfa
1000216c:	0089      	lsls	r1, r1, #2
1000216e:	f003 fb79 	bl	10005864 <__wrap___aeabi_uidiv>
10002172:	0001      	movs	r1, r0
10002174:	e7f3      	b.n	1000215e <telemetry_send_status+0x1e>
10002176:	46c0      	nop			@ (mov r8, r8)
10002178:	1000ad4c 	.word	0x1000ad4c

1000217c <telemetry_process>:
1000217c:	b510      	push	{r4, lr}
1000217e:	f7ff fccf 	bl	10001b20 <nrf_process>
10002182:	bd10      	pop	{r4, pc}

10002184 <fusion_init>:
10002184:	b510      	push	{r4, lr}
10002186:	2220      	movs	r2, #32
10002188:	2100      	movs	r1, #0
1000218a:	0004      	movs	r4, r0
1000218c:	f004 ff7a 	bl	10007084 <__wrap_memset>
10002190:	f000 ff86 	bl	100030a0 <time_us_64>
10002194:	2900      	cmp	r1, #0
10002196:	d006      	beq.n	100021a6 <fusion_init+0x22>
10002198:	22fa      	movs	r2, #250	@ 0xfa
1000219a:	2300      	movs	r3, #0
1000219c:	0092      	lsls	r2, r2, #2
1000219e:	f003 fb9f 	bl	100058e0 <__wrap___aeabi_uldivmod>
100021a2:	61e0      	str	r0, [r4, #28]
100021a4:	bd10      	pop	{r4, pc}
100021a6:	21fa      	movs	r1, #250	@ 0xfa
100021a8:	0089      	lsls	r1, r1, #2
100021aa:	f003 fb5b 	bl	10005864 <__wrap___aeabi_uidiv>
100021ae:	e7f8      	b.n	100021a2 <fusion_init+0x1e>

100021b0 <fusion_update>:
100021b0:	b5f0      	push	{r4, r5, r6, r7, lr}
100021b2:	464f      	mov	r7, r9
100021b4:	4646      	mov	r6, r8
100021b6:	46d6      	mov	lr, sl
100021b8:	b5c0      	push	{r6, r7, lr}
100021ba:	0005      	movs	r5, r0
100021bc:	4688      	mov	r8, r1
100021be:	0017      	movs	r7, r2
100021c0:	f000 ff6e 	bl	100030a0 <time_us_64>
100021c4:	2900      	cmp	r1, #0
100021c6:	d100      	bne.n	100021ca <fusion_update+0x1a>
100021c8:	e0c4      	b.n	10002354 <fusion_update+0x1a4>
100021ca:	22fa      	movs	r2, #250	@ 0xfa
100021cc:	2300      	movs	r3, #0
100021ce:	0092      	lsls	r2, r2, #2
100021d0:	f003 fb86 	bl	100058e0 <__wrap___aeabi_uldivmod>
100021d4:	0004      	movs	r4, r0
100021d6:	69e8      	ldr	r0, [r5, #28]
100021d8:	1a20      	subs	r0, r4, r0
100021da:	f004 fc40 	bl	10006a5e <__wrap___aeabi_ui2f>
100021de:	4960      	ldr	r1, [pc, #384]	@ (10002360 <fusion_update+0x1b0>)
100021e0:	f004 fbdf 	bl	100069a2 <__wrap___aeabi_fdiv>
100021e4:	2100      	movs	r1, #0
100021e6:	61ec      	str	r4, [r5, #28]
100021e8:	1c06      	adds	r6, r0, #0
100021ea:	f004 fc2b 	bl	10006a44 <__wrap___aeabi_fcmple>
100021ee:	2800      	cmp	r0, #0
100021f0:	d106      	bne.n	10002200 <fusion_update+0x50>
100021f2:	21fe      	movs	r1, #254	@ 0xfe
100021f4:	1c30      	adds	r0, r6, #0
100021f6:	0589      	lsls	r1, r1, #22
100021f8:	f004 fc2c 	bl	10006a54 <__wrap___aeabi_fcmpgt>
100021fc:	2800      	cmp	r0, #0
100021fe:	d000      	beq.n	10002202 <fusion_update+0x52>
10002200:	4e58      	ldr	r6, [pc, #352]	@ (10002364 <fusion_update+0x1b4>)
10002202:	4643      	mov	r3, r8
10002204:	2b00      	cmp	r3, #0
10002206:	d021      	beq.n	1000224c <fusion_update+0x9c>
10002208:	68dc      	ldr	r4, [r3, #12]
1000220a:	682b      	ldr	r3, [r5, #0]
1000220c:	60ac      	str	r4, [r5, #8]
1000220e:	4698      	mov	r8, r3
10002210:	1c19      	adds	r1, r3, #0
10002212:	1c20      	adds	r0, r4, #0
10002214:	f004 fbbf 	bl	10006996 <__wrap___aeabi_fsub>
10002218:	4953      	ldr	r1, [pc, #332]	@ (10002368 <fusion_update+0x1b8>)
1000221a:	f004 fbd6 	bl	100069ca <__wrap___aeabi_fmul>
1000221e:	4641      	mov	r1, r8
10002220:	f004 fbbc 	bl	1000699c <__wrap___aeabi_fadd>
10002224:	1c01      	adds	r1, r0, #0
10002226:	6028      	str	r0, [r5, #0]
10002228:	1c20      	adds	r0, r4, #0
1000222a:	f004 fbb4 	bl	10006996 <__wrap___aeabi_fsub>
1000222e:	1c31      	adds	r1, r6, #0
10002230:	f004 fbb7 	bl	100069a2 <__wrap___aeabi_fdiv>
10002234:	686c      	ldr	r4, [r5, #4]
10002236:	60e8      	str	r0, [r5, #12]
10002238:	1c21      	adds	r1, r4, #0
1000223a:	f004 fbac 	bl	10006996 <__wrap___aeabi_fsub>
1000223e:	494b      	ldr	r1, [pc, #300]	@ (1000236c <fusion_update+0x1bc>)
10002240:	f004 fbc3 	bl	100069ca <__wrap___aeabi_fmul>
10002244:	1c21      	adds	r1, r4, #0
10002246:	f004 fba9 	bl	1000699c <__wrap___aeabi_fadd>
1000224a:	6068      	str	r0, [r5, #4]
1000224c:	2f00      	cmp	r7, #0
1000224e:	d070      	beq.n	10002332 <fusion_update+0x182>
10002250:	697b      	ldr	r3, [r7, #20]
10002252:	4698      	mov	r8, r3
10002254:	69bb      	ldr	r3, [r7, #24]
10002256:	4640      	mov	r0, r8
10002258:	1c19      	adds	r1, r3, #0
1000225a:	4699      	mov	r9, r3
1000225c:	f004 fc88 	bl	10006b70 <__wrap_atan2f>
10002260:	2380      	movs	r3, #128	@ 0x80
10002262:	061b      	lsls	r3, r3, #24
10002264:	469c      	mov	ip, r3
10002266:	693c      	ldr	r4, [r7, #16]
10002268:	4641      	mov	r1, r8
1000226a:	4682      	mov	sl, r0
1000226c:	4640      	mov	r0, r8
1000226e:	4464      	add	r4, ip
10002270:	f004 fbab 	bl	100069ca <__wrap___aeabi_fmul>
10002274:	4649      	mov	r1, r9
10002276:	4680      	mov	r8, r0
10002278:	4648      	mov	r0, r9
1000227a:	f004 fba6 	bl	100069ca <__wrap___aeabi_fmul>
1000227e:	1c01      	adds	r1, r0, #0
10002280:	4640      	mov	r0, r8
10002282:	f004 fb8b 	bl	1000699c <__wrap___aeabi_fadd>
10002286:	f004 fc63 	bl	10006b50 <__wrap_sqrtf>
1000228a:	1c01      	adds	r1, r0, #0
1000228c:	1c20      	adds	r0, r4, #0
1000228e:	f004 fc6f 	bl	10006b70 <__wrap_atan2f>
10002292:	6a39      	ldr	r1, [r7, #32]
10002294:	4681      	mov	r9, r0
10002296:	1c30      	adds	r0, r6, #0
10002298:	f004 fb97 	bl	100069ca <__wrap___aeabi_fmul>
1000229c:	6969      	ldr	r1, [r5, #20]
1000229e:	f004 fb7d 	bl	1000699c <__wrap___aeabi_fadd>
100022a2:	6a79      	ldr	r1, [r7, #36]	@ 0x24
100022a4:	4680      	mov	r8, r0
100022a6:	1c30      	adds	r0, r6, #0
100022a8:	f004 fb8f 	bl	100069ca <__wrap___aeabi_fmul>
100022ac:	69a9      	ldr	r1, [r5, #24]
100022ae:	f004 fb75 	bl	1000699c <__wrap___aeabi_fadd>
100022b2:	69f9      	ldr	r1, [r7, #28]
100022b4:	1c04      	adds	r4, r0, #0
100022b6:	1c30      	adds	r0, r6, #0
100022b8:	f004 fb87 	bl	100069ca <__wrap___aeabi_fmul>
100022bc:	6929      	ldr	r1, [r5, #16]
100022be:	f004 fb6d 	bl	1000699c <__wrap___aeabi_fadd>
100022c2:	492b      	ldr	r1, [pc, #172]	@ (10002370 <fusion_update+0x1c0>)
100022c4:	f004 fb81 	bl	100069ca <__wrap___aeabi_fmul>
100022c8:	492a      	ldr	r1, [pc, #168]	@ (10002374 <fusion_update+0x1c4>)
100022ca:	1c06      	adds	r6, r0, #0
100022cc:	4650      	mov	r0, sl
100022ce:	f004 fb7c 	bl	100069ca <__wrap___aeabi_fmul>
100022d2:	4929      	ldr	r1, [pc, #164]	@ (10002378 <fusion_update+0x1c8>)
100022d4:	f004 fb65 	bl	100069a2 <__wrap___aeabi_fdiv>
100022d8:	4928      	ldr	r1, [pc, #160]	@ (1000237c <fusion_update+0x1cc>)
100022da:	f004 fb76 	bl	100069ca <__wrap___aeabi_fmul>
100022de:	1c01      	adds	r1, r0, #0
100022e0:	1c30      	adds	r0, r6, #0
100022e2:	f004 fb5b 	bl	1000699c <__wrap___aeabi_fadd>
100022e6:	4923      	ldr	r1, [pc, #140]	@ (10002374 <fusion_update+0x1c4>)
100022e8:	6128      	str	r0, [r5, #16]
100022ea:	4648      	mov	r0, r9
100022ec:	f004 fb6d 	bl	100069ca <__wrap___aeabi_fmul>
100022f0:	4921      	ldr	r1, [pc, #132]	@ (10002378 <fusion_update+0x1c8>)
100022f2:	f004 fb56 	bl	100069a2 <__wrap___aeabi_fdiv>
100022f6:	4921      	ldr	r1, [pc, #132]	@ (1000237c <fusion_update+0x1cc>)
100022f8:	f004 fb67 	bl	100069ca <__wrap___aeabi_fmul>
100022fc:	491c      	ldr	r1, [pc, #112]	@ (10002370 <fusion_update+0x1c0>)
100022fe:	1c06      	adds	r6, r0, #0
10002300:	4640      	mov	r0, r8
10002302:	f004 fb62 	bl	100069ca <__wrap___aeabi_fmul>
10002306:	1c01      	adds	r1, r0, #0
10002308:	1c30      	adds	r0, r6, #0
1000230a:	f004 fb47 	bl	1000699c <__wrap___aeabi_fadd>
1000230e:	4919      	ldr	r1, [pc, #100]	@ (10002374 <fusion_update+0x1c4>)
10002310:	6168      	str	r0, [r5, #20]
10002312:	1c20      	adds	r0, r4, #0
10002314:	f004 fb9e 	bl	10006a54 <__wrap___aeabi_fcmpgt>
10002318:	2800      	cmp	r0, #0
1000231a:	d014      	beq.n	10002346 <fusion_update+0x196>
1000231c:	4918      	ldr	r1, [pc, #96]	@ (10002380 <fusion_update+0x1d0>)
1000231e:	1c20      	adds	r0, r4, #0
10002320:	f004 fb39 	bl	10006996 <__wrap___aeabi_fsub>
10002324:	4913      	ldr	r1, [pc, #76]	@ (10002374 <fusion_update+0x1c4>)
10002326:	1c04      	adds	r4, r0, #0
10002328:	f004 fb94 	bl	10006a54 <__wrap___aeabi_fcmpgt>
1000232c:	2800      	cmp	r0, #0
1000232e:	d1f5      	bne.n	1000231c <fusion_update+0x16c>
10002330:	61ac      	str	r4, [r5, #24]
10002332:	bce0      	pop	{r5, r6, r7}
10002334:	46ba      	mov	sl, r7
10002336:	46b1      	mov	r9, r6
10002338:	46a8      	mov	r8, r5
1000233a:	bdf0      	pop	{r4, r5, r6, r7, pc}
1000233c:	1c20      	adds	r0, r4, #0
1000233e:	4910      	ldr	r1, [pc, #64]	@ (10002380 <fusion_update+0x1d0>)
10002340:	f004 fb2c 	bl	1000699c <__wrap___aeabi_fadd>
10002344:	1c04      	adds	r4, r0, #0
10002346:	490f      	ldr	r1, [pc, #60]	@ (10002384 <fusion_update+0x1d4>)
10002348:	1c20      	adds	r0, r4, #0
1000234a:	f004 fb75 	bl	10006a38 <__wrap___aeabi_fcmplt>
1000234e:	2800      	cmp	r0, #0
10002350:	d1f4      	bne.n	1000233c <fusion_update+0x18c>
10002352:	e7ed      	b.n	10002330 <fusion_update+0x180>
10002354:	21fa      	movs	r1, #250	@ 0xfa
10002356:	0089      	lsls	r1, r1, #2
10002358:	f003 fa84 	bl	10005864 <__wrap___aeabi_uidiv>
1000235c:	0004      	movs	r4, r0
1000235e:	e73a      	b.n	100021d6 <fusion_update+0x26>
10002360:	447a0000 	.word	0x447a0000
10002364:	3c23d70a 	.word	0x3c23d70a
10002368:	3dcccccd 	.word	0x3dcccccd
1000236c:	3e4ccccd 	.word	0x3e4ccccd
10002370:	3f7ae148 	.word	0x3f7ae148
10002374:	43340000 	.word	0x43340000
10002378:	40490fd0 	.word	0x40490fd0
1000237c:	3ca3d700 	.word	0x3ca3d700
10002380:	43b40000 	.word	0x43b40000
10002384:	c3340000 	.word	0xc3340000

10002388 <fusion_get_altitude>:
10002388:	6800      	ldr	r0, [r0, #0]
1000238a:	4770      	bx	lr

1000238c <fusion_get_velocity>:
1000238c:	6840      	ldr	r0, [r0, #4]
1000238e:	4770      	bx	lr

10002390 <fusion_reset>:
10002390:	b510      	push	{r4, lr}
10002392:	2220      	movs	r2, #32
10002394:	2100      	movs	r1, #0
10002396:	0004      	movs	r4, r0
10002398:	f004 fe74 	bl	10007084 <__wrap_memset>
1000239c:	f000 fe80 	bl	100030a0 <time_us_64>
100023a0:	2900      	cmp	r1, #0
100023a2:	d006      	beq.n	100023b2 <fusion_reset+0x22>
100023a4:	22fa      	movs	r2, #250	@ 0xfa
100023a6:	2300      	movs	r3, #0
100023a8:	0092      	lsls	r2, r2, #2
100023aa:	f003 fa99 	bl	100058e0 <__wrap___aeabi_uldivmod>
100023ae:	61e0      	str	r0, [r4, #28]
100023b0:	bd10      	pop	{r4, pc}
100023b2:	21fa      	movs	r1, #250	@ 0xfa
100023b4:	0089      	lsls	r1, r1, #2
100023b6:	f003 fa55 	bl	10005864 <__wrap___aeabi_uidiv>
100023ba:	e7f8      	b.n	100023ae <fusion_reset+0x1e>

100023bc <gpio_set_function>:
100023bc:	4a09      	ldr	r2, [pc, #36]	@ (100023e4 <gpio_set_function+0x28>)
100023be:	b510      	push	{r4, lr}
100023c0:	4694      	mov	ip, r2
100023c2:	2440      	movs	r4, #64	@ 0x40
100023c4:	0083      	lsls	r3, r0, #2
100023c6:	4463      	add	r3, ip
100023c8:	681a      	ldr	r2, [r3, #0]
100023ca:	00c0      	lsls	r0, r0, #3
100023cc:	4062      	eors	r2, r4
100023ce:	3480      	adds	r4, #128	@ 0x80
100023d0:	4014      	ands	r4, r2
100023d2:	2280      	movs	r2, #128	@ 0x80
100023d4:	0152      	lsls	r2, r2, #5
100023d6:	4313      	orrs	r3, r2
100023d8:	601c      	str	r4, [r3, #0]
100023da:	4b03      	ldr	r3, [pc, #12]	@ (100023e8 <gpio_set_function+0x2c>)
100023dc:	469c      	mov	ip, r3
100023de:	4460      	add	r0, ip
100023e0:	6041      	str	r1, [r0, #4]
100023e2:	bd10      	pop	{r4, pc}
100023e4:	4001c004 	.word	0x4001c004
100023e8:	40014000 	.word	0x40014000

100023ec <gpio_set_pulls>:
100023ec:	4b07      	ldr	r3, [pc, #28]	@ (1000240c <gpio_set_pulls+0x20>)
100023ee:	0080      	lsls	r0, r0, #2
100023f0:	469c      	mov	ip, r3
100023f2:	4460      	add	r0, ip
100023f4:	6803      	ldr	r3, [r0, #0]
100023f6:	00c9      	lsls	r1, r1, #3
100023f8:	0092      	lsls	r2, r2, #2
100023fa:	430a      	orrs	r2, r1
100023fc:	405a      	eors	r2, r3
100023fe:	230c      	movs	r3, #12
10002400:	401a      	ands	r2, r3
10002402:	2380      	movs	r3, #128	@ 0x80
10002404:	015b      	lsls	r3, r3, #5
10002406:	4303      	orrs	r3, r0
10002408:	601a      	str	r2, [r3, #0]
1000240a:	4770      	bx	lr
1000240c:	4001c004 	.word	0x4001c004

10002410 <gpio_init>:
10002410:	2301      	movs	r3, #1
10002412:	22d0      	movs	r2, #208	@ 0xd0
10002414:	4083      	lsls	r3, r0
10002416:	0612      	lsls	r2, r2, #24
10002418:	6293      	str	r3, [r2, #40]	@ 0x28
1000241a:	6193      	str	r3, [r2, #24]
1000241c:	4a09      	ldr	r2, [pc, #36]	@ (10002444 <gpio_init+0x34>)
1000241e:	2140      	movs	r1, #64	@ 0x40
10002420:	4694      	mov	ip, r2
10002422:	0083      	lsls	r3, r0, #2
10002424:	4463      	add	r3, ip
10002426:	681a      	ldr	r2, [r3, #0]
10002428:	00c0      	lsls	r0, r0, #3
1000242a:	404a      	eors	r2, r1
1000242c:	3180      	adds	r1, #128	@ 0x80
1000242e:	4011      	ands	r1, r2
10002430:	2280      	movs	r2, #128	@ 0x80
10002432:	0152      	lsls	r2, r2, #5
10002434:	4313      	orrs	r3, r2
10002436:	6019      	str	r1, [r3, #0]
10002438:	4b03      	ldr	r3, [pc, #12]	@ (10002448 <gpio_init+0x38>)
1000243a:	469c      	mov	ip, r3
1000243c:	2305      	movs	r3, #5
1000243e:	4460      	add	r0, ip
10002440:	6043      	str	r3, [r0, #4]
10002442:	4770      	bx	lr
10002444:	4001c004 	.word	0x4001c004
10002448:	40014000 	.word	0x40014000

1000244c <running_on_fpga>:
1000244c:	4b02      	ldr	r3, [pc, #8]	@ (10002458 <running_on_fpga+0xc>)
1000244e:	6818      	ldr	r0, [r3, #0]
10002450:	0780      	lsls	r0, r0, #30
10002452:	0fc0      	lsrs	r0, r0, #31
10002454:	4770      	bx	lr
10002456:	46c0      	nop			@ (mov r8, r8)
10002458:	4006c000 	.word	0x4006c000

1000245c <hw_claim_or_assert>:
1000245c:	b570      	push	{r4, r5, r6, lr}
1000245e:	f3ef 8c10 	mrs	ip, PRIMASK
10002462:	b672      	cpsid	i
10002464:	4d0d      	ldr	r5, [pc, #52]	@ (1000249c <hw_claim_or_assert+0x40>)
10002466:	682b      	ldr	r3, [r5, #0]
10002468:	2b00      	cmp	r3, #0
1000246a:	d0fc      	beq.n	10002466 <hw_claim_or_assert+0xa>
1000246c:	f3bf 8f5f 	dmb	sy
10002470:	2407      	movs	r4, #7
10002472:	08cb      	lsrs	r3, r1, #3
10002474:	18c6      	adds	r6, r0, r3
10002476:	5cc0      	ldrb	r0, [r0, r3]
10002478:	2301      	movs	r3, #1
1000247a:	400c      	ands	r4, r1
1000247c:	40a3      	lsls	r3, r4
1000247e:	001c      	movs	r4, r3
10002480:	4004      	ands	r4, r0
10002482:	4203      	tst	r3, r0
10002484:	d107      	bne.n	10002496 <hw_claim_or_assert+0x3a>
10002486:	4318      	orrs	r0, r3
10002488:	7030      	strb	r0, [r6, #0]
1000248a:	f3bf 8f5f 	dmb	sy
1000248e:	602c      	str	r4, [r5, #0]
10002490:	f38c 8810 	msr	PRIMASK, ip
10002494:	bd70      	pop	{r4, r5, r6, pc}
10002496:	0010      	movs	r0, r2
10002498:	f001 fcca 	bl	10003e30 <panic>
1000249c:	d000012c 	.word	0xd000012c

100024a0 <spin_locks_reset>:
100024a0:	2100      	movs	r1, #0
100024a2:	4b04      	ldr	r3, [pc, #16]	@ (100024b4 <spin_locks_reset+0x14>)
100024a4:	4a04      	ldr	r2, [pc, #16]	@ (100024b8 <spin_locks_reset+0x18>)
100024a6:	f3bf 8f5f 	dmb	sy
100024aa:	c302      	stmia	r3!, {r1}
100024ac:	4293      	cmp	r3, r2
100024ae:	d1fa      	bne.n	100024a6 <spin_locks_reset+0x6>
100024b0:	4770      	bx	lr
100024b2:	46c0      	nop			@ (mov r8, r8)
100024b4:	d0000100 	.word	0xd0000100
100024b8:	d0000180 	.word	0xd0000180

100024bc <next_striped_spin_lock_num>:
100024bc:	4a04      	ldr	r2, [pc, #16]	@ (100024d0 <next_striped_spin_lock_num+0x14>)
100024be:	7810      	ldrb	r0, [r2, #0]
100024c0:	1c43      	adds	r3, r0, #1
100024c2:	b2db      	uxtb	r3, r3
100024c4:	2b17      	cmp	r3, #23
100024c6:	d900      	bls.n	100024ca <next_striped_spin_lock_num+0xe>
100024c8:	2310      	movs	r3, #16
100024ca:	7013      	strb	r3, [r2, #0]
100024cc:	4770      	bx	lr
100024ce:	46c0      	nop			@ (mov r8, r8)
100024d0:	2000019c 	.word	0x2000019c

100024d4 <irq_set_enabled>:
100024d4:	2301      	movs	r3, #1
100024d6:	4083      	lsls	r3, r0
100024d8:	2900      	cmp	r1, #0
100024da:	d004      	beq.n	100024e6 <irq_set_enabled+0x12>
100024dc:	4a03      	ldr	r2, [pc, #12]	@ (100024ec <irq_set_enabled+0x18>)
100024de:	6013      	str	r3, [r2, #0]
100024e0:	4a03      	ldr	r2, [pc, #12]	@ (100024f0 <irq_set_enabled+0x1c>)
100024e2:	6013      	str	r3, [r2, #0]
100024e4:	4770      	bx	lr
100024e6:	4a03      	ldr	r2, [pc, #12]	@ (100024f4 <irq_set_enabled+0x20>)
100024e8:	6013      	str	r3, [r2, #0]
100024ea:	e7fb      	b.n	100024e4 <irq_set_enabled+0x10>
100024ec:	e000e280 	.word	0xe000e280
100024f0:	e000e100 	.word	0xe000e100
100024f4:	e000e180 	.word	0xe000e180

100024f8 <irq_get_vtable_handler>:
100024f8:	4b02      	ldr	r3, [pc, #8]	@ (10002504 <irq_get_vtable_handler+0xc>)
100024fa:	3010      	adds	r0, #16
100024fc:	689b      	ldr	r3, [r3, #8]
100024fe:	0080      	lsls	r0, r0, #2
10002500:	58c0      	ldr	r0, [r0, r3]
10002502:	4770      	bx	lr
10002504:	e000ed00 	.word	0xe000ed00

10002508 <irq_set_exclusive_handler>:
10002508:	b570      	push	{r4, r5, r6, lr}
1000250a:	000d      	movs	r5, r1
1000250c:	f3ef 8610 	mrs	r6, PRIMASK
10002510:	b672      	cpsid	i
10002512:	4a0f      	ldr	r2, [pc, #60]	@ (10002550 <irq_set_exclusive_handler+0x48>)
10002514:	6813      	ldr	r3, [r2, #0]
10002516:	2b00      	cmp	r3, #0
10002518:	d0fc      	beq.n	10002514 <irq_set_exclusive_handler+0xc>
1000251a:	f3bf 8f5f 	dmb	sy
1000251e:	4b0d      	ldr	r3, [pc, #52]	@ (10002554 <irq_set_exclusive_handler+0x4c>)
10002520:	3010      	adds	r0, #16
10002522:	689b      	ldr	r3, [r3, #8]
10002524:	0084      	lsls	r4, r0, #2
10002526:	591b      	ldr	r3, [r3, r4]
10002528:	4a0b      	ldr	r2, [pc, #44]	@ (10002558 <irq_set_exclusive_handler+0x50>)
1000252a:	4293      	cmp	r3, r2
1000252c:	d003      	beq.n	10002536 <irq_set_exclusive_handler+0x2e>
1000252e:	429d      	cmp	r5, r3
10002530:	d001      	beq.n	10002536 <irq_set_exclusive_handler+0x2e>
10002532:	f001 fc95 	bl	10003e60 <hard_assertion_failure>
10002536:	4b07      	ldr	r3, [pc, #28]	@ (10002554 <irq_set_exclusive_handler+0x4c>)
10002538:	689b      	ldr	r3, [r3, #8]
1000253a:	511d      	str	r5, [r3, r4]
1000253c:	f3bf 8f5f 	dmb	sy
10002540:	f3bf 8f5f 	dmb	sy
10002544:	2200      	movs	r2, #0
10002546:	4b02      	ldr	r3, [pc, #8]	@ (10002550 <irq_set_exclusive_handler+0x48>)
10002548:	601a      	str	r2, [r3, #0]
1000254a:	f386 8810 	msr	PRIMASK, r6
1000254e:	bd70      	pop	{r4, r5, r6, pc}
10002550:	d0000124 	.word	0xd0000124
10002554:	e000ed00 	.word	0xe000ed00
10002558:	100001cd 	.word	0x100001cd

1000255c <irq_remove_handler>:
1000255c:	b5f8      	push	{r3, r4, r5, r6, r7, lr}
1000255e:	46de      	mov	lr, fp
10002560:	4657      	mov	r7, sl
10002562:	464e      	mov	r6, r9
10002564:	4645      	mov	r5, r8
10002566:	000c      	movs	r4, r1
10002568:	b5e0      	push	{r5, r6, r7, lr}
1000256a:	f3ef 8810 	mrs	r8, PRIMASK
1000256e:	b672      	cpsid	i
10002570:	4a5b      	ldr	r2, [pc, #364]	@ (100026e0 <irq_remove_handler+0x184>)
10002572:	6813      	ldr	r3, [r2, #0]
10002574:	2b00      	cmp	r3, #0
10002576:	d0fc      	beq.n	10002572 <irq_remove_handler+0x16>
10002578:	f3bf 8f5f 	dmb	sy
1000257c:	4b59      	ldr	r3, [pc, #356]	@ (100026e4 <irq_remove_handler+0x188>)
1000257e:	495a      	ldr	r1, [pc, #360]	@ (100026e8 <irq_remove_handler+0x18c>)
10002580:	689a      	ldr	r2, [r3, #8]
10002582:	0003      	movs	r3, r0
10002584:	3310      	adds	r3, #16
10002586:	009f      	lsls	r7, r3, #2
10002588:	59d5      	ldr	r5, [r2, r7]
1000258a:	469c      	mov	ip, r3
1000258c:	428d      	cmp	r5, r1
1000258e:	d038      	beq.n	10002602 <irq_remove_handler+0xa6>
10002590:	42a5      	cmp	r5, r4
10002592:	d048      	beq.n	10002626 <irq_remove_handler+0xca>
10002594:	4e55      	ldr	r6, [pc, #340]	@ (100026ec <irq_remove_handler+0x190>)
10002596:	1baa      	subs	r2, r5, r6
10002598:	2a2f      	cmp	r2, #47	@ 0x2f
1000259a:	d832      	bhi.n	10002602 <irq_remove_handler+0xa6>
1000259c:	2201      	movs	r2, #1
1000259e:	0013      	movs	r3, r2
100025a0:	4083      	lsls	r3, r0
100025a2:	4699      	mov	r9, r3
100025a4:	4852      	ldr	r0, [pc, #328]	@ (100026f0 <irq_remove_handler+0x194>)
100025a6:	6800      	ldr	r0, [r0, #0]
100025a8:	4003      	ands	r3, r0
100025aa:	469a      	mov	sl, r3
100025ac:	464b      	mov	r3, r9
100025ae:	4851      	ldr	r0, [pc, #324]	@ (100026f4 <irq_remove_handler+0x198>)
100025b0:	6003      	str	r3, [r0, #0]
100025b2:	f3bf 8f5f 	dmb	sy
100025b6:	f3ef 8305 	mrs	r3, IPSR
100025ba:	469b      	mov	fp, r3
100025bc:	2b00      	cmp	r3, #0
100025be:	d034      	beq.n	1000262a <irq_remove_handler+0xce>
100025c0:	459c      	cmp	ip, r3
100025c2:	d001      	beq.n	100025c8 <irq_remove_handler+0x6c>
100025c4:	f001 fc4c 	bl	10003e60 <hard_assertion_failure>
100025c8:	2301      	movs	r3, #1
100025ca:	002a      	movs	r2, r5
100025cc:	439a      	bics	r2, r3
100025ce:	6890      	ldr	r0, [r2, #8]
100025d0:	4284      	cmp	r4, r0
100025d2:	d108      	bne.n	100025e6 <irq_remove_handler+0x8a>
100025d4:	e072      	b.n	100026bc <irq_remove_handler+0x160>
100025d6:	004b      	lsls	r3, r1, #1
100025d8:	185b      	adds	r3, r3, r1
100025da:	009b      	lsls	r3, r3, #2
100025dc:	18f3      	adds	r3, r6, r3
100025de:	6898      	ldr	r0, [r3, #8]
100025e0:	42a0      	cmp	r0, r4
100025e2:	d032      	beq.n	1000264a <irq_remove_handler+0xee>
100025e4:	001a      	movs	r2, r3
100025e6:	2106      	movs	r1, #6
100025e8:	5651      	ldrsb	r1, [r2, r1]
100025ea:	2900      	cmp	r1, #0
100025ec:	daf3      	bge.n	100025d6 <irq_remove_handler+0x7a>
100025ee:	4284      	cmp	r4, r0
100025f0:	d050      	beq.n	10002694 <irq_remove_handler+0x138>
100025f2:	4653      	mov	r3, sl
100025f4:	2b00      	cmp	r3, #0
100025f6:	d024      	beq.n	10002642 <irq_remove_handler+0xe6>
100025f8:	464a      	mov	r2, r9
100025fa:	4b3f      	ldr	r3, [pc, #252]	@ (100026f8 <irq_remove_handler+0x19c>)
100025fc:	601a      	str	r2, [r3, #0]
100025fe:	4b3c      	ldr	r3, [pc, #240]	@ (100026f0 <irq_remove_handler+0x194>)
10002600:	601a      	str	r2, [r3, #0]
10002602:	4b38      	ldr	r3, [pc, #224]	@ (100026e4 <irq_remove_handler+0x188>)
10002604:	689b      	ldr	r3, [r3, #8]
10002606:	51dd      	str	r5, [r3, r7]
10002608:	f3bf 8f5f 	dmb	sy
1000260c:	f3bf 8f5f 	dmb	sy
10002610:	2200      	movs	r2, #0
10002612:	4b33      	ldr	r3, [pc, #204]	@ (100026e0 <irq_remove_handler+0x184>)
10002614:	601a      	str	r2, [r3, #0]
10002616:	f388 8810 	msr	PRIMASK, r8
1000261a:	bcf0      	pop	{r4, r5, r6, r7}
1000261c:	46bb      	mov	fp, r7
1000261e:	46b2      	mov	sl, r6
10002620:	46a9      	mov	r9, r5
10002622:	46a0      	mov	r8, r4
10002624:	bdf8      	pop	{r3, r4, r5, r6, r7, pc}
10002626:	000d      	movs	r5, r1
10002628:	e7eb      	b.n	10002602 <irq_remove_handler+0xa6>
1000262a:	002b      	movs	r3, r5
1000262c:	4393      	bics	r3, r2
1000262e:	6898      	ldr	r0, [r3, #8]
10002630:	001a      	movs	r2, r3
10002632:	4284      	cmp	r4, r0
10002634:	d1d7      	bne.n	100025e6 <irq_remove_handler+0x8a>
10002636:	2006      	movs	r0, #6
10002638:	5618      	ldrsb	r0, [r3, r0]
1000263a:	2800      	cmp	r0, #0
1000263c:	da09      	bge.n	10002652 <irq_remove_handler+0xf6>
1000263e:	000d      	movs	r5, r1
10002640:	e030      	b.n	100026a4 <irq_remove_handler+0x148>
10002642:	464a      	mov	r2, r9
10002644:	4b2b      	ldr	r3, [pc, #172]	@ (100026f4 <irq_remove_handler+0x198>)
10002646:	601a      	str	r2, [r3, #0]
10002648:	e7db      	b.n	10002602 <irq_remove_handler+0xa6>
1000264a:	2006      	movs	r0, #6
1000264c:	5618      	ldrsb	r0, [r3, r0]
1000264e:	2800      	cmp	r0, #0
10002650:	db21      	blt.n	10002696 <irq_remove_handler+0x13a>
10002652:	0042      	lsls	r2, r0, #1
10002654:	1811      	adds	r1, r2, r0
10002656:	0089      	lsls	r1, r1, #2
10002658:	1874      	adds	r4, r6, r1
1000265a:	468b      	mov	fp, r1
1000265c:	68a1      	ldr	r1, [r4, #8]
1000265e:	6099      	str	r1, [r3, #8]
10002660:	79e1      	ldrb	r1, [r4, #7]
10002662:	71d9      	strb	r1, [r3, #7]
10002664:	2106      	movs	r1, #6
10002666:	5661      	ldrsb	r1, [r4, r1]
10002668:	7199      	strb	r1, [r3, #6]
1000266a:	2900      	cmp	r1, #0
1000266c:	db24      	blt.n	100026b8 <irq_remove_handler+0x15c>
1000266e:	88a4      	ldrh	r4, [r4, #4]
10002670:	1af1      	subs	r1, r6, r3
10002672:	0564      	lsls	r4, r4, #21
10002674:	1524      	asrs	r4, r4, #20
10002676:	445c      	add	r4, fp
10002678:	1909      	adds	r1, r1, r4
1000267a:	0509      	lsls	r1, r1, #20
1000267c:	4c1f      	ldr	r4, [pc, #124]	@ (100026fc <irq_remove_handler+0x1a0>)
1000267e:	0d49      	lsrs	r1, r1, #21
10002680:	4321      	orrs	r1, r4
10002682:	8099      	strh	r1, [r3, #4]
10002684:	1813      	adds	r3, r2, r0
10002686:	4a1e      	ldr	r2, [pc, #120]	@ (10002700 <irq_remove_handler+0x1a4>)
10002688:	009b      	lsls	r3, r3, #2
1000268a:	7811      	ldrb	r1, [r2, #0]
1000268c:	18f3      	adds	r3, r6, r3
1000268e:	7199      	strb	r1, [r3, #6]
10002690:	7010      	strb	r0, [r2, #0]
10002692:	e7ae      	b.n	100025f2 <irq_remove_handler+0x96>
10002694:	0013      	movs	r3, r2
10002696:	4659      	mov	r1, fp
10002698:	2900      	cmp	r1, #0
1000269a:	d114      	bne.n	100026c6 <irq_remove_handler+0x16a>
1000269c:	31ff      	adds	r1, #255	@ 0xff
1000269e:	7191      	strb	r1, [r2, #6]
100026a0:	4918      	ldr	r1, [pc, #96]	@ (10002704 <irq_remove_handler+0x1a8>)
100026a2:	8091      	strh	r1, [r2, #4]
100026a4:	4916      	ldr	r1, [pc, #88]	@ (10002700 <irq_remove_handler+0x1a4>)
100026a6:	780a      	ldrb	r2, [r1, #0]
100026a8:	719a      	strb	r2, [r3, #6]
100026aa:	4a17      	ldr	r2, [pc, #92]	@ (10002708 <irq_remove_handler+0x1ac>)
100026ac:	1b9b      	subs	r3, r3, r6
100026ae:	415b      	adcs	r3, r3
100026b0:	435a      	muls	r2, r3
100026b2:	0d12      	lsrs	r2, r2, #20
100026b4:	700a      	strb	r2, [r1, #0]
100026b6:	e79c      	b.n	100025f2 <irq_remove_handler+0x96>
100026b8:	4912      	ldr	r1, [pc, #72]	@ (10002704 <irq_remove_handler+0x1a8>)
100026ba:	e7e2      	b.n	10002682 <irq_remove_handler+0x126>
100026bc:	2006      	movs	r0, #6
100026be:	5610      	ldrsb	r0, [r2, r0]
100026c0:	0013      	movs	r3, r2
100026c2:	2800      	cmp	r0, #0
100026c4:	dac5      	bge.n	10002652 <irq_remove_handler+0xf6>
100026c6:	4a11      	ldr	r2, [pc, #68]	@ (1000270c <irq_remove_handler+0x1b0>)
100026c8:	4911      	ldr	r1, [pc, #68]	@ (10002710 <irq_remove_handler+0x1b4>)
100026ca:	1ad2      	subs	r2, r2, r3
100026cc:	3a08      	subs	r2, #8
100026ce:	0250      	lsls	r0, r2, #9
100026d0:	0d40      	lsrs	r0, r0, #21
100026d2:	4301      	orrs	r1, r0
100026d4:	8099      	strh	r1, [r3, #4]
100026d6:	490f      	ldr	r1, [pc, #60]	@ (10002714 <irq_remove_handler+0x1b8>)
100026d8:	0852      	lsrs	r2, r2, #1
100026da:	430a      	orrs	r2, r1
100026dc:	80da      	strh	r2, [r3, #6]
100026de:	e788      	b.n	100025f2 <irq_remove_handler+0x96>
100026e0:	d0000124 	.word	0xd0000124
100026e4:	e000ed00 	.word	0xe000ed00
100026e8:	100001cd 	.word	0x100001cd
100026ec:	200001a0 	.word	0x200001a0
100026f0:	e000e100 	.word	0xe000e100
100026f4:	e000e180 	.word	0xe000e180
100026f8:	e000e280 	.word	0xe000e280
100026fc:	ffffe000 	.word	0xffffe000
10002700:	200010ce 	.word	0x200010ce
10002704:	ffffbd01 	.word	0xffffbd01
10002708:	0000aaaa 	.word	0x0000aaaa
1000270c:	200001da 	.word	0x200001da
10002710:	fffff000 	.word	0xfffff000
10002714:	fffff800 	.word	0xfffff800

10002718 <irq_add_tail_to_free_list>:
10002718:	b570      	push	{r4, r5, r6, lr}
1000271a:	f3ef 8105 	mrs	r1, IPSR
1000271e:	2401      	movs	r4, #1
10002720:	4304      	orrs	r4, r0
10002722:	f3ef 8c10 	mrs	ip, PRIMASK
10002726:	b672      	cpsid	i
10002728:	4a21      	ldr	r2, [pc, #132]	@ (100027b0 <irq_add_tail_to_free_list+0x98>)
1000272a:	6813      	ldr	r3, [r2, #0]
1000272c:	2b00      	cmp	r3, #0
1000272e:	d0fc      	beq.n	1000272a <irq_add_tail_to_free_list+0x12>
10002730:	f3bf 8f5f 	dmb	sy
10002734:	4b1f      	ldr	r3, [pc, #124]	@ (100027b4 <irq_add_tail_to_free_list+0x9c>)
10002736:	0005      	movs	r5, r0
10002738:	4a1f      	ldr	r2, [pc, #124]	@ (100027b8 <irq_add_tail_to_free_list+0xa0>)
1000273a:	1aed      	subs	r5, r5, r3
1000273c:	416d      	adcs	r5, r5
1000273e:	436a      	muls	r2, r5
10002740:	0d12      	lsrs	r2, r2, #20
10002742:	4d1e      	ldr	r5, [pc, #120]	@ (100027bc <irq_add_tail_to_free_list+0xa4>)
10002744:	0089      	lsls	r1, r1, #2
10002746:	68ae      	ldr	r6, [r5, #8]
10002748:	b252      	sxtb	r2, r2
1000274a:	5876      	ldr	r6, [r6, r1]
1000274c:	42a6      	cmp	r6, r4
1000274e:	d01c      	beq.n	1000278a <irq_add_tail_to_free_list+0x72>
10002750:	2106      	movs	r1, #6
10002752:	5659      	ldrsb	r1, [r3, r1]
10002754:	4291      	cmp	r1, r2
10002756:	d01c      	beq.n	10002792 <irq_add_tail_to_free_list+0x7a>
10002758:	2112      	movs	r1, #18
1000275a:	5659      	ldrsb	r1, [r3, r1]
1000275c:	4291      	cmp	r1, r2
1000275e:	d022      	beq.n	100027a6 <irq_add_tail_to_free_list+0x8e>
10002760:	211e      	movs	r1, #30
10002762:	5659      	ldrsb	r1, [r3, r1]
10002764:	4291      	cmp	r1, r2
10002766:	d020      	beq.n	100027aa <irq_add_tail_to_free_list+0x92>
10002768:	212a      	movs	r1, #42	@ 0x2a
1000276a:	5659      	ldrsb	r1, [r3, r1]
1000276c:	2403      	movs	r4, #3
1000276e:	4291      	cmp	r1, r2
10002770:	d010      	beq.n	10002794 <irq_add_tail_to_free_list+0x7c>
10002772:	4b13      	ldr	r3, [pc, #76]	@ (100027c0 <irq_add_tail_to_free_list+0xa8>)
10002774:	7819      	ldrb	r1, [r3, #0]
10002776:	701a      	strb	r2, [r3, #0]
10002778:	7181      	strb	r1, [r0, #6]
1000277a:	f3bf 8f5f 	dmb	sy
1000277e:	2200      	movs	r2, #0
10002780:	4b0b      	ldr	r3, [pc, #44]	@ (100027b0 <irq_add_tail_to_free_list+0x98>)
10002782:	601a      	str	r2, [r3, #0]
10002784:	f38c 8810 	msr	PRIMASK, ip
10002788:	bd70      	pop	{r4, r5, r6, pc}
1000278a:	68ab      	ldr	r3, [r5, #8]
1000278c:	4c0d      	ldr	r4, [pc, #52]	@ (100027c4 <irq_add_tail_to_free_list+0xac>)
1000278e:	505c      	str	r4, [r3, r1]
10002790:	e7ef      	b.n	10002772 <irq_add_tail_to_free_list+0x5a>
10002792:	2400      	movs	r4, #0
10002794:	0061      	lsls	r1, r4, #1
10002796:	1909      	adds	r1, r1, r4
10002798:	0089      	lsls	r1, r1, #2
1000279a:	185b      	adds	r3, r3, r1
1000279c:	21ff      	movs	r1, #255	@ 0xff
1000279e:	7199      	strb	r1, [r3, #6]
100027a0:	4909      	ldr	r1, [pc, #36]	@ (100027c8 <irq_add_tail_to_free_list+0xb0>)
100027a2:	8099      	strh	r1, [r3, #4]
100027a4:	e7e5      	b.n	10002772 <irq_add_tail_to_free_list+0x5a>
100027a6:	2401      	movs	r4, #1
100027a8:	e7f4      	b.n	10002794 <irq_add_tail_to_free_list+0x7c>
100027aa:	2402      	movs	r4, #2
100027ac:	e7f2      	b.n	10002794 <irq_add_tail_to_free_list+0x7c>
100027ae:	46c0      	nop			@ (mov r8, r8)
100027b0:	d0000124 	.word	0xd0000124
100027b4:	200001a0 	.word	0x200001a0
100027b8:	0000aaaa 	.word	0x0000aaaa
100027bc:	e000ed00 	.word	0xe000ed00
100027c0:	200010ce 	.word	0x200010ce
100027c4:	100001cd 	.word	0x100001cd
100027c8:	ffffbd01 	.word	0xffffbd01

100027cc <irq_init_priorities>:
100027cc:	4b05      	ldr	r3, [pc, #20]	@ (100027e4 <irq_init_priorities+0x18>)
100027ce:	4a06      	ldr	r2, [pc, #24]	@ (100027e8 <irq_init_priorities+0x1c>)
100027d0:	6013      	str	r3, [r2, #0]
100027d2:	4a06      	ldr	r2, [pc, #24]	@ (100027ec <irq_init_priorities+0x20>)
100027d4:	6013      	str	r3, [r2, #0]
100027d6:	6053      	str	r3, [r2, #4]
100027d8:	6093      	str	r3, [r2, #8]
100027da:	60d3      	str	r3, [r2, #12]
100027dc:	6113      	str	r3, [r2, #16]
100027de:	6153      	str	r3, [r2, #20]
100027e0:	6193      	str	r3, [r2, #24]
100027e2:	4770      	bx	lr
100027e4:	80808080 	.word	0x80808080
100027e8:	e000e400 	.word	0xe000e400
100027ec:	e000e404 	.word	0xe000e404

100027f0 <lock_init>:
100027f0:	4b02      	ldr	r3, [pc, #8]	@ (100027fc <lock_init+0xc>)
100027f2:	469c      	mov	ip, r3
100027f4:	4461      	add	r1, ip
100027f6:	0089      	lsls	r1, r1, #2
100027f8:	6001      	str	r1, [r0, #0]
100027fa:	4770      	bx	lr
100027fc:	34000040 	.word	0x34000040

10002800 <mutex_init>:
10002800:	b510      	push	{r4, lr}
10002802:	0004      	movs	r4, r0
10002804:	f7ff fe5a 	bl	100024bc <next_striped_spin_lock_num>
10002808:	0001      	movs	r1, r0
1000280a:	0020      	movs	r0, r4
1000280c:	f7ff fff0 	bl	100027f0 <lock_init>
10002810:	23ff      	movs	r3, #255	@ 0xff
10002812:	7123      	strb	r3, [r4, #4]
10002814:	f3bf 8f5f 	dmb	sy
10002818:	bd10      	pop	{r4, pc}
1000281a:	46c0      	nop			@ (mov r8, r8)

1000281c <recursive_mutex_init>:
1000281c:	b510      	push	{r4, lr}
1000281e:	0004      	movs	r4, r0
10002820:	f7ff fe4c 	bl	100024bc <next_striped_spin_lock_num>
10002824:	0001      	movs	r1, r0
10002826:	0020      	movs	r0, r4
10002828:	f7ff ffe2 	bl	100027f0 <lock_init>
1000282c:	23ff      	movs	r3, #255	@ 0xff
1000282e:	80a3      	strh	r3, [r4, #4]
10002830:	f3bf 8f5f 	dmb	sy
10002834:	bd10      	pop	{r4, pc}
10002836:	46c0      	nop			@ (mov r8, r8)

10002838 <timer_pool_entry_comparator>:
10002838:	6883      	ldr	r3, [r0, #8]
1000283a:	480b      	ldr	r0, [pc, #44]	@ (10002868 <timer_pool_entry_comparator+0x30>)
1000283c:	b510      	push	{r4, lr}
1000283e:	4684      	mov	ip, r0
10002840:	4461      	add	r1, ip
10002842:	4462      	add	r2, ip
10002844:	0112      	lsls	r2, r2, #4
10002846:	0109      	lsls	r1, r1, #4
10002848:	1859      	adds	r1, r3, r1
1000284a:	189b      	adds	r3, r3, r2
1000284c:	685c      	ldr	r4, [r3, #4]
1000284e:	684a      	ldr	r2, [r1, #4]
10002850:	2001      	movs	r0, #1
10002852:	4294      	cmp	r4, r2
10002854:	d801      	bhi.n	1000285a <timer_pool_entry_comparator+0x22>
10002856:	d002      	beq.n	1000285e <timer_pool_entry_comparator+0x26>
10002858:	2000      	movs	r0, #0
1000285a:	b2c0      	uxtb	r0, r0
1000285c:	bd10      	pop	{r4, pc}
1000285e:	681a      	ldr	r2, [r3, #0]
10002860:	680b      	ldr	r3, [r1, #0]
10002862:	429a      	cmp	r2, r3
10002864:	d8f9      	bhi.n	1000285a <timer_pool_entry_comparator+0x22>
10002866:	e7f7      	b.n	10002858 <timer_pool_entry_comparator+0x20>
10002868:	0fffffff 	.word	0x0fffffff

1000286c <sleep_until_callback>:
1000286c:	4b0a      	ldr	r3, [pc, #40]	@ (10002898 <sleep_until_callback+0x2c>)
1000286e:	6819      	ldr	r1, [r3, #0]
10002870:	f3ef 8010 	mrs	r0, PRIMASK
10002874:	b672      	cpsid	i
10002876:	680a      	ldr	r2, [r1, #0]
10002878:	2a00      	cmp	r2, #0
1000287a:	d0fc      	beq.n	10002876 <sleep_until_callback+0xa>
1000287c:	f3bf 8f5f 	dmb	sy
10002880:	681b      	ldr	r3, [r3, #0]
10002882:	f3bf 8f5f 	dmb	sy
10002886:	2200      	movs	r2, #0
10002888:	601a      	str	r2, [r3, #0]
1000288a:	f380 8810 	msr	PRIMASK, r0
1000288e:	bf40      	sev
10002890:	2000      	movs	r0, #0
10002892:	2100      	movs	r1, #0
10002894:	4770      	bx	lr
10002896:	46c0      	nop			@ (mov r8, r8)
10002898:	200010a4 	.word	0x200010a4

1000289c <add_alarm_under_lock.isra.0>:
1000289c:	b5f8      	push	{r3, r4, r5, r6, r7, lr}
1000289e:	4657      	mov	r7, sl
100028a0:	464e      	mov	r6, r9
100028a2:	4645      	mov	r5, r8
100028a4:	46de      	mov	lr, fp
100028a6:	b5e0      	push	{r5, r6, r7, lr}
100028a8:	4698      	mov	r8, r3
100028aa:	ab0c      	add	r3, sp, #48	@ 0x30
100028ac:	781c      	ldrb	r4, [r3, #0]
100028ae:	ab0d      	add	r3, sp, #52	@ 0x34
100028b0:	781b      	ldrb	r3, [r3, #0]
100028b2:	0007      	movs	r7, r0
100028b4:	4691      	mov	r9, r2
100028b6:	469a      	mov	sl, r3
100028b8:	6806      	ldr	r6, [r0, #0]
100028ba:	2c00      	cmp	r4, #0
100028bc:	d157      	bne.n	1000296e <add_alarm_under_lock.isra.0+0xd2>
100028be:	7bb4      	ldrb	r4, [r6, #14]
100028c0:	2c00      	cmp	r4, #0
100028c2:	d03a      	beq.n	1000293a <add_alarm_under_lock.isra.0+0x9e>
100028c4:	0065      	lsls	r5, r4, #1
100028c6:	6831      	ldr	r1, [r6, #0]
100028c8:	192d      	adds	r5, r5, r4
100028ca:	3d03      	subs	r5, #3
100028cc:	1949      	adds	r1, r1, r5
100028ce:	784b      	ldrb	r3, [r1, #1]
100028d0:	73b3      	strb	r3, [r6, #14]
100028d2:	2b00      	cmp	r3, #0
100028d4:	d100      	bne.n	100028d8 <add_alarm_under_lock.isra.0+0x3c>
100028d6:	73f3      	strb	r3, [r6, #15]
100028d8:	2300      	movs	r3, #0
100028da:	708b      	strb	r3, [r1, #2]
100028dc:	704b      	strb	r3, [r1, #1]
100028de:	700b      	strb	r3, [r1, #0]
100028e0:	4b2d      	ldr	r3, [pc, #180]	@ (10002998 <add_alarm_under_lock.isra.0+0xfc>)
100028e2:	18e2      	adds	r2, r4, r3
100028e4:	68bb      	ldr	r3, [r7, #8]
100028e6:	0112      	lsls	r2, r2, #4
100028e8:	189b      	adds	r3, r3, r2
100028ea:	464a      	mov	r2, r9
100028ec:	601a      	str	r2, [r3, #0]
100028ee:	4642      	mov	r2, r8
100028f0:	605a      	str	r2, [r3, #4]
100028f2:	9a0a      	ldr	r2, [sp, #40]	@ 0x28
100028f4:	609a      	str	r2, [r3, #8]
100028f6:	9a0b      	ldr	r2, [sp, #44]	@ 0x2c
100028f8:	60da      	str	r2, [r3, #12]
100028fa:	2300      	movs	r3, #0
100028fc:	708b      	strb	r3, [r1, #2]
100028fe:	704b      	strb	r3, [r1, #1]
10002900:	700b      	strb	r3, [r1, #0]
10002902:	7b73      	ldrb	r3, [r6, #13]
10002904:	469b      	mov	fp, r3
10002906:	2b00      	cmp	r3, #0
10002908:	d024      	beq.n	10002954 <add_alarm_under_lock.isra.0+0xb8>
1000290a:	0022      	movs	r2, r4
1000290c:	6873      	ldr	r3, [r6, #4]
1000290e:	4659      	mov	r1, fp
10002910:	68b0      	ldr	r0, [r6, #8]
10002912:	4798      	blx	r3
10002914:	465b      	mov	r3, fp
10002916:	005b      	lsls	r3, r3, #1
10002918:	6832      	ldr	r2, [r6, #0]
1000291a:	445b      	add	r3, fp
1000291c:	3b03      	subs	r3, #3
1000291e:	1955      	adds	r5, r2, r5
10002920:	18d2      	adds	r2, r2, r3
10002922:	2800      	cmp	r0, #0
10002924:	d00f      	beq.n	10002946 <add_alarm_under_lock.isra.0+0xaa>
10002926:	465b      	mov	r3, fp
10002928:	70ab      	strb	r3, [r5, #2]
1000292a:	7813      	ldrb	r3, [r2, #0]
1000292c:	2b00      	cmp	r3, #0
1000292e:	d124      	bne.n	1000297a <add_alarm_under_lock.isra.0+0xde>
10002930:	465b      	mov	r3, fp
10002932:	7014      	strb	r4, [r2, #0]
10002934:	7373      	strb	r3, [r6, #13]
10002936:	455c      	cmp	r4, fp
10002938:	d00d      	beq.n	10002956 <add_alarm_under_lock.isra.0+0xba>
1000293a:	bcf0      	pop	{r4, r5, r6, r7}
1000293c:	46bb      	mov	fp, r7
1000293e:	46b2      	mov	sl, r6
10002940:	46a9      	mov	r9, r5
10002942:	46a0      	mov	r8, r4
10002944:	bdf8      	pop	{r3, r4, r5, r6, r7, pc}
10002946:	7094      	strb	r4, [r2, #2]
10002948:	782b      	ldrb	r3, [r5, #0]
1000294a:	2b00      	cmp	r3, #0
1000294c:	d000      	beq.n	10002950 <add_alarm_under_lock.isra.0+0xb4>
1000294e:	7053      	strb	r3, [r2, #1]
10002950:	465b      	mov	r3, fp
10002952:	702b      	strb	r3, [r5, #0]
10002954:	7374      	strb	r4, [r6, #13]
10002956:	464a      	mov	r2, r9
10002958:	4643      	mov	r3, r8
1000295a:	7d38      	ldrb	r0, [r7, #20]
1000295c:	f000 fc34 	bl	100031c8 <hardware_alarm_set_target>
10002960:	1e05      	subs	r5, r0, #0
10002962:	d111      	bne.n	10002988 <add_alarm_under_lock.isra.0+0xec>
10002964:	9b0e      	ldr	r3, [sp, #56]	@ 0x38
10002966:	2b00      	cmp	r3, #0
10002968:	d0e7      	beq.n	1000293a <add_alarm_under_lock.isra.0+0x9e>
1000296a:	701d      	strb	r5, [r3, #0]
1000296c:	e7e5      	b.n	1000293a <add_alarm_under_lock.isra.0+0x9e>
1000296e:	0065      	lsls	r5, r4, #1
10002970:	6831      	ldr	r1, [r6, #0]
10002972:	192d      	adds	r5, r5, r4
10002974:	3d03      	subs	r5, #3
10002976:	1949      	adds	r1, r1, r5
10002978:	e7b2      	b.n	100028e0 <add_alarm_under_lock.isra.0+0x44>
1000297a:	706b      	strb	r3, [r5, #1]
1000297c:	465b      	mov	r3, fp
1000297e:	7014      	strb	r4, [r2, #0]
10002980:	7373      	strb	r3, [r6, #13]
10002982:	455c      	cmp	r4, fp
10002984:	d1d9      	bne.n	1000293a <add_alarm_under_lock.isra.0+0x9e>
10002986:	e7e6      	b.n	10002956 <add_alarm_under_lock.isra.0+0xba>
10002988:	4653      	mov	r3, sl
1000298a:	2b00      	cmp	r3, #0
1000298c:	d1ea      	bne.n	10002964 <add_alarm_under_lock.isra.0+0xc8>
1000298e:	0021      	movs	r1, r4
10002990:	6838      	ldr	r0, [r7, #0]
10002992:	f000 fe4f 	bl	10003634 <ph_remove_and_free_node>
10002996:	e7e5      	b.n	10002964 <add_alarm_under_lock.isra.0+0xc8>
10002998:	0fffffff 	.word	0x0fffffff

1000299c <alarm_pool_alarm_callback>:
1000299c:	4b66      	ldr	r3, [pc, #408]	@ (10002b38 <alarm_pool_alarm_callback+0x19c>)
1000299e:	0082      	lsls	r2, r0, #2
100029a0:	b5f0      	push	{r4, r5, r6, r7, lr}
100029a2:	58d4      	ldr	r4, [r2, r3]
100029a4:	2300      	movs	r3, #0
100029a6:	46de      	mov	lr, fp
100029a8:	4657      	mov	r7, sl
100029aa:	464e      	mov	r6, r9
100029ac:	4645      	mov	r5, r8
100029ae:	469b      	mov	fp, r3
100029b0:	b5e0      	push	{r5, r6, r7, lr}
100029b2:	b08d      	sub	sp, #52	@ 0x34
100029b4:	9009      	str	r0, [sp, #36]	@ 0x24
100029b6:	f000 fb73 	bl	100030a0 <time_us_64>
100029ba:	6862      	ldr	r2, [r4, #4]
100029bc:	0006      	movs	r6, r0
100029be:	000f      	movs	r7, r1
100029c0:	f3ef 8810 	mrs	r8, PRIMASK
100029c4:	b672      	cpsid	i
100029c6:	6813      	ldr	r3, [r2, #0]
100029c8:	2b00      	cmp	r3, #0
100029ca:	d0fc      	beq.n	100029c6 <alarm_pool_alarm_callback+0x2a>
100029cc:	f3bf 8f5f 	dmb	sy
100029d0:	6823      	ldr	r3, [r4, #0]
100029d2:	469c      	mov	ip, r3
100029d4:	7b5b      	ldrb	r3, [r3, #13]
100029d6:	4699      	mov	r9, r3
100029d8:	2b00      	cmp	r3, #0
100029da:	d10d      	bne.n	100029f8 <alarm_pool_alarm_callback+0x5c>
100029dc:	6863      	ldr	r3, [r4, #4]
100029de:	f3bf 8f5f 	dmb	sy
100029e2:	464a      	mov	r2, r9
100029e4:	601a      	str	r2, [r3, #0]
100029e6:	f388 8810 	msr	PRIMASK, r8
100029ea:	b00d      	add	sp, #52	@ 0x34
100029ec:	bcf0      	pop	{r4, r5, r6, r7}
100029ee:	46bb      	mov	fp, r7
100029f0:	46b2      	mov	sl, r6
100029f2:	46a9      	mov	r9, r5
100029f4:	46a0      	mov	r8, r4
100029f6:	bdf0      	pop	{r4, r5, r6, r7, pc}
100029f8:	4b50      	ldr	r3, [pc, #320]	@ (10002b3c <alarm_pool_alarm_callback+0x1a0>)
100029fa:	68a5      	ldr	r5, [r4, #8]
100029fc:	444b      	add	r3, r9
100029fe:	011b      	lsls	r3, r3, #4
10002a00:	18ed      	adds	r5, r5, r3
10002a02:	6828      	ldr	r0, [r5, #0]
10002a04:	6869      	ldr	r1, [r5, #4]
10002a06:	0002      	movs	r2, r0
10002a08:	000b      	movs	r3, r1
10002a0a:	1b92      	subs	r2, r2, r6
10002a0c:	41bb      	sbcs	r3, r7
10002a0e:	2b00      	cmp	r3, #0
10002a10:	dd0e      	ble.n	10002a30 <alarm_pool_alarm_callback+0x94>
10002a12:	0002      	movs	r2, r0
10002a14:	000b      	movs	r3, r1
10002a16:	9809      	ldr	r0, [sp, #36]	@ 0x24
10002a18:	f000 fbd6 	bl	100031c8 <hardware_alarm_set_target>
10002a1c:	6863      	ldr	r3, [r4, #4]
10002a1e:	f3bf 8f5f 	dmb	sy
10002a22:	465a      	mov	r2, fp
10002a24:	601a      	str	r2, [r3, #0]
10002a26:	f388 8810 	msr	PRIMASK, r8
10002a2a:	2800      	cmp	r0, #0
10002a2c:	d1c3      	bne.n	100029b6 <alarm_pool_alarm_callback+0x1a>
10002a2e:	e7dc      	b.n	100029ea <alarm_pool_alarm_callback+0x4e>
10002a30:	2b00      	cmp	r3, #0
10002a32:	d101      	bne.n	10002a38 <alarm_pool_alarm_callback+0x9c>
10002a34:	2a00      	cmp	r2, #0
10002a36:	d1ec      	bne.n	10002a12 <alarm_pool_alarm_callback+0x76>
10002a38:	2100      	movs	r1, #0
10002a3a:	4660      	mov	r0, ip
10002a3c:	f000 fd66 	bl	1000350c <ph_remove_head>
10002a40:	68ab      	ldr	r3, [r5, #8]
10002a42:	0002      	movs	r2, r0
10002a44:	6828      	ldr	r0, [r5, #0]
10002a46:	6869      	ldr	r1, [r5, #4]
10002a48:	469a      	mov	sl, r3
10002a4a:	68eb      	ldr	r3, [r5, #12]
10002a4c:	900a      	str	r0, [sp, #40]	@ 0x28
10002a4e:	910b      	str	r1, [sp, #44]	@ 0x2c
10002a50:	9308      	str	r3, [sp, #32]
10002a52:	464b      	mov	r3, r9
10002a54:	1e5d      	subs	r5, r3, #1
10002a56:	68e3      	ldr	r3, [r4, #12]
10002a58:	5d58      	ldrb	r0, [r3, r5]
10002a5a:	6863      	ldr	r3, [r4, #4]
10002a5c:	0200      	lsls	r0, r0, #8
10002a5e:	4302      	orrs	r2, r0
10002a60:	6122      	str	r2, [r4, #16]
10002a62:	f3bf 8f5f 	dmb	sy
10002a66:	465a      	mov	r2, fp
10002a68:	601a      	str	r2, [r3, #0]
10002a6a:	f388 8810 	msr	PRIMASK, r8
10002a6e:	4653      	mov	r3, sl
10002a70:	2b00      	cmp	r3, #0
10002a72:	d0ba      	beq.n	100029ea <alarm_pool_alarm_callback+0x4e>
10002a74:	464b      	mov	r3, r9
10002a76:	9908      	ldr	r1, [sp, #32]
10002a78:	4318      	orrs	r0, r3
10002a7a:	47d0      	blx	sl
10002a7c:	6862      	ldr	r2, [r4, #4]
10002a7e:	9006      	str	r0, [sp, #24]
10002a80:	9107      	str	r1, [sp, #28]
10002a82:	f3ef 8810 	mrs	r8, PRIMASK
10002a86:	b672      	cpsid	i
10002a88:	6813      	ldr	r3, [r2, #0]
10002a8a:	2b00      	cmp	r3, #0
10002a8c:	d0fc      	beq.n	10002a88 <alarm_pool_alarm_callback+0xec>
10002a8e:	f3bf 8f5f 	dmb	sy
10002a92:	9b07      	ldr	r3, [sp, #28]
10002a94:	2b00      	cmp	r3, #0
10002a96:	db27      	blt.n	10002ae8 <alarm_pool_alarm_callback+0x14c>
10002a98:	9a06      	ldr	r2, [sp, #24]
10002a9a:	9b07      	ldr	r3, [sp, #28]
10002a9c:	0011      	movs	r1, r2
10002a9e:	4319      	orrs	r1, r3
10002aa0:	d002      	beq.n	10002aa8 <alarm_pool_alarm_callback+0x10c>
10002aa2:	6923      	ldr	r3, [r4, #16]
10002aa4:	2b00      	cmp	r3, #0
10002aa6:	d13b      	bne.n	10002b20 <alarm_pool_alarm_callback+0x184>
10002aa8:	6823      	ldr	r3, [r4, #0]
10002aaa:	7bd9      	ldrb	r1, [r3, #15]
10002aac:	2900      	cmp	r1, #0
10002aae:	d006      	beq.n	10002abe <alarm_pool_alarm_callback+0x122>
10002ab0:	681a      	ldr	r2, [r3, #0]
10002ab2:	0048      	lsls	r0, r1, #1
10002ab4:	1841      	adds	r1, r0, r1
10002ab6:	1852      	adds	r2, r2, r1
10002ab8:	4649      	mov	r1, r9
10002aba:	3a03      	subs	r2, #3
10002abc:	7051      	strb	r1, [r2, #1]
10002abe:	7b9a      	ldrb	r2, [r3, #14]
10002ac0:	2a00      	cmp	r2, #0
10002ac2:	d101      	bne.n	10002ac8 <alarm_pool_alarm_callback+0x12c>
10002ac4:	464a      	mov	r2, r9
10002ac6:	739a      	strb	r2, [r3, #14]
10002ac8:	464a      	mov	r2, r9
10002aca:	73da      	strb	r2, [r3, #15]
10002acc:	68e2      	ldr	r2, [r4, #12]
10002ace:	5d53      	ldrb	r3, [r2, r5]
10002ad0:	3301      	adds	r3, #1
10002ad2:	5553      	strb	r3, [r2, r5]
10002ad4:	465b      	mov	r3, fp
10002ad6:	6123      	str	r3, [r4, #16]
10002ad8:	6863      	ldr	r3, [r4, #4]
10002ada:	f3bf 8f5f 	dmb	sy
10002ade:	465a      	mov	r2, fp
10002ae0:	601a      	str	r2, [r3, #0]
10002ae2:	f388 8810 	msr	PRIMASK, r8
10002ae6:	e766      	b.n	100029b6 <alarm_pool_alarm_callback+0x1a>
10002ae8:	6923      	ldr	r3, [r4, #16]
10002aea:	2b00      	cmp	r3, #0
10002aec:	d0dc      	beq.n	10002aa8 <alarm_pool_alarm_callback+0x10c>
10002aee:	9a0a      	ldr	r2, [sp, #40]	@ 0x28
10002af0:	9b0b      	ldr	r3, [sp, #44]	@ 0x2c
10002af2:	9806      	ldr	r0, [sp, #24]
10002af4:	9907      	ldr	r1, [sp, #28]
10002af6:	1a12      	subs	r2, r2, r0
10002af8:	418b      	sbcs	r3, r1
10002afa:	2b00      	cmp	r3, #0
10002afc:	da02      	bge.n	10002b04 <alarm_pool_alarm_callback+0x168>
10002afe:	2201      	movs	r2, #1
10002b00:	4b0f      	ldr	r3, [pc, #60]	@ (10002b40 <alarm_pool_alarm_callback+0x1a4>)
10002b02:	4252      	negs	r2, r2
10002b04:	2100      	movs	r1, #0
10002b06:	9104      	str	r1, [sp, #16]
10002b08:	3101      	adds	r1, #1
10002b0a:	9103      	str	r1, [sp, #12]
10002b0c:	4649      	mov	r1, r9
10002b0e:	9102      	str	r1, [sp, #8]
10002b10:	9908      	ldr	r1, [sp, #32]
10002b12:	0020      	movs	r0, r4
10002b14:	9101      	str	r1, [sp, #4]
10002b16:	4651      	mov	r1, sl
10002b18:	9100      	str	r1, [sp, #0]
10002b1a:	f7ff febf 	bl	1000289c <add_alarm_under_lock.isra.0>
10002b1e:	e7d9      	b.n	10002ad4 <alarm_pool_alarm_callback+0x138>
10002b20:	f000 fabe 	bl	100030a0 <time_us_64>
10002b24:	9a06      	ldr	r2, [sp, #24]
10002b26:	9b07      	ldr	r3, [sp, #28]
10002b28:	1812      	adds	r2, r2, r0
10002b2a:	414b      	adcs	r3, r1
10002b2c:	2b00      	cmp	r3, #0
10002b2e:	dae9      	bge.n	10002b04 <alarm_pool_alarm_callback+0x168>
10002b30:	2201      	movs	r2, #1
10002b32:	4b03      	ldr	r3, [pc, #12]	@ (10002b40 <alarm_pool_alarm_callback+0x1a4>)
10002b34:	4252      	negs	r2, r2
10002b36:	e7e5      	b.n	10002b04 <alarm_pool_alarm_callback+0x168>
10002b38:	20000f50 	.word	0x20000f50
10002b3c:	0fffffff 	.word	0x0fffffff
10002b40:	7fffffff 	.word	0x7fffffff

10002b44 <alarm_pool_init_default>:
10002b44:	b510      	push	{r4, lr}
10002b46:	4c14      	ldr	r4, [pc, #80]	@ (10002b98 <alarm_pool_init_default+0x54>)
10002b48:	6863      	ldr	r3, [r4, #4]
10002b4a:	2b00      	cmp	r3, #0
10002b4c:	d004      	beq.n	10002b58 <alarm_pool_init_default+0x14>
10002b4e:	210a      	movs	r1, #10
10002b50:	4812      	ldr	r0, [pc, #72]	@ (10002b9c <alarm_pool_init_default+0x58>)
10002b52:	f7ff fe4d 	bl	100027f0 <lock_init>
10002b56:	bd10      	pop	{r4, pc}
10002b58:	0023      	movs	r3, r4
10002b5a:	4a11      	ldr	r2, [pc, #68]	@ (10002ba0 <alarm_pool_init_default+0x5c>)
10002b5c:	2110      	movs	r1, #16
10002b5e:	6820      	ldr	r0, [r4, #0]
10002b60:	f000 fbe0 	bl	10003324 <ph_post_alloc_init>
10002b64:	2003      	movs	r0, #3
10002b66:	f000 fa8f 	bl	10003088 <hardware_alarm_claim>
10002b6a:	2003      	movs	r0, #3
10002b6c:	f000 fb94 	bl	10003298 <hardware_alarm_cancel>
10002b70:	2003      	movs	r0, #3
10002b72:	490c      	ldr	r1, [pc, #48]	@ (10002ba4 <alarm_pool_init_default+0x60>)
10002b74:	f000 fae2 	bl	1000313c <hardware_alarm_set_callback>
10002b78:	f7ff fca0 	bl	100024bc <next_striped_spin_lock_num>
10002b7c:	4b0a      	ldr	r3, [pc, #40]	@ (10002ba8 <alarm_pool_init_default+0x64>)
10002b7e:	469c      	mov	ip, r3
10002b80:	2303      	movs	r3, #3
10002b82:	7523      	strb	r3, [r4, #20]
10002b84:	23d0      	movs	r3, #208	@ 0xd0
10002b86:	061b      	lsls	r3, r3, #24
10002b88:	681b      	ldr	r3, [r3, #0]
10002b8a:	4460      	add	r0, ip
10002b8c:	7563      	strb	r3, [r4, #21]
10002b8e:	4b07      	ldr	r3, [pc, #28]	@ (10002bac <alarm_pool_init_default+0x68>)
10002b90:	0080      	lsls	r0, r0, #2
10002b92:	6060      	str	r0, [r4, #4]
10002b94:	60dc      	str	r4, [r3, #12]
10002b96:	e7da      	b.n	10002b4e <alarm_pool_init_default+0xa>
10002b98:	200001e8 	.word	0x200001e8
10002b9c:	200010a4 	.word	0x200010a4
10002ba0:	10002839 	.word	0x10002839
10002ba4:	1000299d 	.word	0x1000299d
10002ba8:	34000040 	.word	0x34000040
10002bac:	20000f50 	.word	0x20000f50

10002bb0 <alarm_pool_add_alarm_at>:
10002bb0:	b5f0      	push	{r4, r5, r6, r7, lr}
10002bb2:	464e      	mov	r6, r9
10002bb4:	4657      	mov	r7, sl
10002bb6:	46de      	mov	lr, fp
10002bb8:	4645      	mov	r5, r8
10002bba:	b5e0      	push	{r5, r6, r7, lr}
10002bbc:	b087      	sub	sp, #28
10002bbe:	9301      	str	r3, [sp, #4]
10002bc0:	ab12      	add	r3, sp, #72	@ 0x48
10002bc2:	781b      	ldrb	r3, [r3, #0]
10002bc4:	0006      	movs	r6, r0
10002bc6:	9305      	str	r3, [sp, #20]
10002bc8:	2300      	movs	r3, #0
10002bca:	469a      	mov	sl, r3
10002bcc:	4699      	mov	r9, r3
10002bce:	9200      	str	r2, [sp, #0]
10002bd0:	6872      	ldr	r2, [r6, #4]
10002bd2:	f3ef 8b10 	mrs	fp, PRIMASK
10002bd6:	b672      	cpsid	i
10002bd8:	6813      	ldr	r3, [r2, #0]
10002bda:	2b00      	cmp	r3, #0
10002bdc:	d0fc      	beq.n	10002bd8 <alarm_pool_add_alarm_at+0x28>
10002bde:	f3bf 8f5f 	dmb	sy
10002be2:	6835      	ldr	r5, [r6, #0]
10002be4:	7bac      	ldrb	r4, [r5, #14]
10002be6:	2c00      	cmp	r4, #0
10002be8:	d100      	bne.n	10002bec <alarm_pool_add_alarm_at+0x3c>
10002bea:	e070      	b.n	10002cce <alarm_pool_add_alarm_at+0x11e>
10002bec:	0067      	lsls	r7, r4, #1
10002bee:	682b      	ldr	r3, [r5, #0]
10002bf0:	193f      	adds	r7, r7, r4
10002bf2:	3f03      	subs	r7, #3
10002bf4:	19db      	adds	r3, r3, r7
10002bf6:	785a      	ldrb	r2, [r3, #1]
10002bf8:	73aa      	strb	r2, [r5, #14]
10002bfa:	2a00      	cmp	r2, #0
10002bfc:	d100      	bne.n	10002c00 <alarm_pool_add_alarm_at+0x50>
10002bfe:	73ea      	strb	r2, [r5, #15]
10002c00:	4a46      	ldr	r2, [pc, #280]	@ (10002d1c <alarm_pool_add_alarm_at+0x16c>)
10002c02:	18a1      	adds	r1, r4, r2
10002c04:	68b2      	ldr	r2, [r6, #8]
10002c06:	0109      	lsls	r1, r1, #4
10002c08:	1852      	adds	r2, r2, r1
10002c0a:	9800      	ldr	r0, [sp, #0]
10002c0c:	9901      	ldr	r1, [sp, #4]
10002c0e:	6010      	str	r0, [r2, #0]
10002c10:	6051      	str	r1, [r2, #4]
10002c12:	9910      	ldr	r1, [sp, #64]	@ 0x40
10002c14:	6091      	str	r1, [r2, #8]
10002c16:	9911      	ldr	r1, [sp, #68]	@ 0x44
10002c18:	60d1      	str	r1, [r2, #12]
10002c1a:	464a      	mov	r2, r9
10002c1c:	709a      	strb	r2, [r3, #2]
10002c1e:	705a      	strb	r2, [r3, #1]
10002c20:	701a      	strb	r2, [r3, #0]
10002c22:	7b6b      	ldrb	r3, [r5, #13]
10002c24:	4698      	mov	r8, r3
10002c26:	2b00      	cmp	r3, #0
10002c28:	d061      	beq.n	10002cee <alarm_pool_add_alarm_at+0x13e>
10002c2a:	0022      	movs	r2, r4
10002c2c:	686b      	ldr	r3, [r5, #4]
10002c2e:	4641      	mov	r1, r8
10002c30:	68a8      	ldr	r0, [r5, #8]
10002c32:	4798      	blx	r3
10002c34:	4643      	mov	r3, r8
10002c36:	005b      	lsls	r3, r3, #1
10002c38:	682a      	ldr	r2, [r5, #0]
10002c3a:	4443      	add	r3, r8
10002c3c:	3b03      	subs	r3, #3
10002c3e:	19d7      	adds	r7, r2, r7
10002c40:	18d2      	adds	r2, r2, r3
10002c42:	2800      	cmp	r0, #0
10002c44:	d04c      	beq.n	10002ce0 <alarm_pool_add_alarm_at+0x130>
10002c46:	4643      	mov	r3, r8
10002c48:	70bb      	strb	r3, [r7, #2]
10002c4a:	7813      	ldrb	r3, [r2, #0]
10002c4c:	2b00      	cmp	r3, #0
10002c4e:	d000      	beq.n	10002c52 <alarm_pool_add_alarm_at+0xa2>
10002c50:	707b      	strb	r3, [r7, #1]
10002c52:	4643      	mov	r3, r8
10002c54:	7014      	strb	r4, [r2, #0]
10002c56:	736b      	strb	r3, [r5, #13]
10002c58:	4544      	cmp	r4, r8
10002c5a:	d049      	beq.n	10002cf0 <alarm_pool_add_alarm_at+0x140>
10002c5c:	68f3      	ldr	r3, [r6, #12]
10002c5e:	191b      	adds	r3, r3, r4
10002c60:	3b01      	subs	r3, #1
10002c62:	7818      	ldrb	r0, [r3, #0]
10002c64:	6873      	ldr	r3, [r6, #4]
10002c66:	f3bf 8f5f 	dmb	sy
10002c6a:	464a      	mov	r2, r9
10002c6c:	601a      	str	r2, [r3, #0]
10002c6e:	f38b 8810 	msr	PRIMASK, fp
10002c72:	4653      	mov	r3, sl
10002c74:	2b00      	cmp	r3, #0
10002c76:	d108      	bne.n	10002c8a <alarm_pool_add_alarm_at+0xda>
10002c78:	0200      	lsls	r0, r0, #8
10002c7a:	4320      	orrs	r0, r4
10002c7c:	b007      	add	sp, #28
10002c7e:	bcf0      	pop	{r4, r5, r6, r7}
10002c80:	46bb      	mov	fp, r7
10002c82:	46b2      	mov	sl, r6
10002c84:	46a9      	mov	r9, r5
10002c86:	46a0      	mov	r8, r4
10002c88:	bdf0      	pop	{r4, r5, r6, r7, pc}
10002c8a:	9b05      	ldr	r3, [sp, #20]
10002c8c:	2b00      	cmp	r3, #0
10002c8e:	d043      	beq.n	10002d18 <alarm_pool_add_alarm_at+0x168>
10002c90:	9b10      	ldr	r3, [sp, #64]	@ 0x40
10002c92:	2000      	movs	r0, #0
10002c94:	9911      	ldr	r1, [sp, #68]	@ 0x44
10002c96:	4798      	blx	r3
10002c98:	0003      	movs	r3, r0
10002c9a:	430b      	orrs	r3, r1
10002c9c:	d03c      	beq.n	10002d18 <alarm_pool_add_alarm_at+0x168>
10002c9e:	9002      	str	r0, [sp, #8]
10002ca0:	9103      	str	r1, [sp, #12]
10002ca2:	2900      	cmp	r1, #0
10002ca4:	da31      	bge.n	10002d0a <alarm_pool_add_alarm_at+0x15a>
10002ca6:	9b00      	ldr	r3, [sp, #0]
10002ca8:	9c01      	ldr	r4, [sp, #4]
10002caa:	9902      	ldr	r1, [sp, #8]
10002cac:	9a03      	ldr	r2, [sp, #12]
10002cae:	1a5b      	subs	r3, r3, r1
10002cb0:	4194      	sbcs	r4, r2
10002cb2:	2280      	movs	r2, #128	@ 0x80
10002cb4:	9300      	str	r3, [sp, #0]
10002cb6:	9401      	str	r4, [sp, #4]
10002cb8:	0612      	lsls	r2, r2, #24
10002cba:	4294      	cmp	r4, r2
10002cbc:	d304      	bcc.n	10002cc8 <alarm_pool_add_alarm_at+0x118>
10002cbe:	2301      	movs	r3, #1
10002cc0:	4c17      	ldr	r4, [pc, #92]	@ (10002d20 <alarm_pool_add_alarm_at+0x170>)
10002cc2:	425b      	negs	r3, r3
10002cc4:	9300      	str	r3, [sp, #0]
10002cc6:	9401      	str	r4, [sp, #4]
10002cc8:	9b05      	ldr	r3, [sp, #20]
10002cca:	469a      	mov	sl, r3
10002ccc:	e780      	b.n	10002bd0 <alarm_pool_add_alarm_at+0x20>
10002cce:	6873      	ldr	r3, [r6, #4]
10002cd0:	f3bf 8f5f 	dmb	sy
10002cd4:	601c      	str	r4, [r3, #0]
10002cd6:	f38b 8810 	msr	PRIMASK, fp
10002cda:	2001      	movs	r0, #1
10002cdc:	4240      	negs	r0, r0
10002cde:	e7cd      	b.n	10002c7c <alarm_pool_add_alarm_at+0xcc>
10002ce0:	7094      	strb	r4, [r2, #2]
10002ce2:	783b      	ldrb	r3, [r7, #0]
10002ce4:	2b00      	cmp	r3, #0
10002ce6:	d000      	beq.n	10002cea <alarm_pool_add_alarm_at+0x13a>
10002ce8:	7053      	strb	r3, [r2, #1]
10002cea:	4643      	mov	r3, r8
10002cec:	703b      	strb	r3, [r7, #0]
10002cee:	736c      	strb	r4, [r5, #13]
10002cf0:	7d30      	ldrb	r0, [r6, #20]
10002cf2:	9a00      	ldr	r2, [sp, #0]
10002cf4:	9b01      	ldr	r3, [sp, #4]
10002cf6:	f000 fa67 	bl	100031c8 <hardware_alarm_set_target>
10002cfa:	4682      	mov	sl, r0
10002cfc:	2800      	cmp	r0, #0
10002cfe:	d0ad      	beq.n	10002c5c <alarm_pool_add_alarm_at+0xac>
10002d00:	0021      	movs	r1, r4
10002d02:	6830      	ldr	r0, [r6, #0]
10002d04:	f000 fc96 	bl	10003634 <ph_remove_and_free_node>
10002d08:	e7a8      	b.n	10002c5c <alarm_pool_add_alarm_at+0xac>
10002d0a:	f000 f9c9 	bl	100030a0 <time_us_64>
10002d0e:	9b02      	ldr	r3, [sp, #8]
10002d10:	9c03      	ldr	r4, [sp, #12]
10002d12:	181b      	adds	r3, r3, r0
10002d14:	414c      	adcs	r4, r1
10002d16:	e7cc      	b.n	10002cb2 <alarm_pool_add_alarm_at+0x102>
10002d18:	2000      	movs	r0, #0
10002d1a:	e7af      	b.n	10002c7c <alarm_pool_add_alarm_at+0xcc>
10002d1c:	0fffffff 	.word	0x0fffffff
10002d20:	7fffffff 	.word	0x7fffffff

10002d24 <sleep_us>:
10002d24:	b5f0      	push	{r4, r5, r6, r7, lr}
10002d26:	46c6      	mov	lr, r8
10002d28:	b500      	push	{lr}
10002d2a:	b084      	sub	sp, #16
10002d2c:	0004      	movs	r4, r0
10002d2e:	000d      	movs	r5, r1
10002d30:	f000 f9b6 	bl	100030a0 <time_us_64>
10002d34:	1824      	adds	r4, r4, r0
10002d36:	414d      	adcs	r5, r1
10002d38:	2d00      	cmp	r5, #0
10002d3a:	da02      	bge.n	10002d42 <sleep_us+0x1e>
10002d3c:	2401      	movs	r4, #1
10002d3e:	4d2b      	ldr	r5, [pc, #172]	@ (10002dec <sleep_us+0xc8>)
10002d40:	4264      	negs	r4, r4
10002d42:	2606      	movs	r6, #6
10002d44:	4276      	negs	r6, r6
10002d46:	17f7      	asrs	r7, r6, #31
10002d48:	1936      	adds	r6, r6, r4
10002d4a:	416f      	adcs	r7, r5
10002d4c:	42af      	cmp	r7, r5
10002d4e:	d814      	bhi.n	10002d7a <sleep_us+0x56>
10002d50:	d011      	beq.n	10002d76 <sleep_us+0x52>
10002d52:	f000 f9a5 	bl	100030a0 <time_us_64>
10002d56:	0032      	movs	r2, r6
10002d58:	003b      	movs	r3, r7
10002d5a:	1a12      	subs	r2, r2, r0
10002d5c:	418b      	sbcs	r3, r1
10002d5e:	2b00      	cmp	r3, #0
10002d60:	dc15      	bgt.n	10002d8e <sleep_us+0x6a>
10002d62:	2b00      	cmp	r3, #0
10002d64:	d03e      	beq.n	10002de4 <sleep_us+0xc0>
10002d66:	0020      	movs	r0, r4
10002d68:	0029      	movs	r1, r5
10002d6a:	f000 f9d7 	bl	1000311c <busy_wait_until>
10002d6e:	b004      	add	sp, #16
10002d70:	bc80      	pop	{r7}
10002d72:	46b8      	mov	r8, r7
10002d74:	bdf0      	pop	{r4, r5, r6, r7, pc}
10002d76:	42a6      	cmp	r6, r4
10002d78:	d9eb      	bls.n	10002d52 <sleep_us+0x2e>
10002d7a:	2600      	movs	r6, #0
10002d7c:	2700      	movs	r7, #0
10002d7e:	f000 f98f 	bl	100030a0 <time_us_64>
10002d82:	0032      	movs	r2, r6
10002d84:	003b      	movs	r3, r7
10002d86:	1a12      	subs	r2, r2, r0
10002d88:	418b      	sbcs	r3, r1
10002d8a:	2b00      	cmp	r3, #0
10002d8c:	dde9      	ble.n	10002d62 <sleep_us+0x3e>
10002d8e:	2300      	movs	r3, #0
10002d90:	9302      	str	r3, [sp, #8]
10002d92:	9301      	str	r3, [sp, #4]
10002d94:	4b16      	ldr	r3, [pc, #88]	@ (10002df0 <sleep_us+0xcc>)
10002d96:	0032      	movs	r2, r6
10002d98:	9300      	str	r3, [sp, #0]
10002d9a:	4816      	ldr	r0, [pc, #88]	@ (10002df4 <sleep_us+0xd0>)
10002d9c:	003b      	movs	r3, r7
10002d9e:	f7ff ff07 	bl	10002bb0 <alarm_pool_add_alarm_at>
10002da2:	3001      	adds	r0, #1
10002da4:	d0df      	beq.n	10002d66 <sleep_us+0x42>
10002da6:	2300      	movs	r3, #0
10002da8:	0039      	movs	r1, r7
10002daa:	4698      	mov	r8, r3
10002dac:	4a12      	ldr	r2, [pc, #72]	@ (10002df8 <sleep_us+0xd4>)
10002dae:	4813      	ldr	r0, [pc, #76]	@ (10002dfc <sleep_us+0xd8>)
10002db0:	6a53      	ldr	r3, [r2, #36]	@ 0x24
10002db2:	4299      	cmp	r1, r3
10002db4:	d804      	bhi.n	10002dc0 <sleep_us+0x9c>
10002db6:	6a97      	ldr	r7, [r2, #40]	@ 0x28
10002db8:	42be      	cmp	r6, r7
10002dba:	d9d4      	bls.n	10002d66 <sleep_us+0x42>
10002dbc:	4299      	cmp	r1, r3
10002dbe:	d1d2      	bne.n	10002d66 <sleep_us+0x42>
10002dc0:	6807      	ldr	r7, [r0, #0]
10002dc2:	f3ef 8c10 	mrs	ip, PRIMASK
10002dc6:	b672      	cpsid	i
10002dc8:	683b      	ldr	r3, [r7, #0]
10002dca:	2b00      	cmp	r3, #0
10002dcc:	d0fc      	beq.n	10002dc8 <sleep_us+0xa4>
10002dce:	f3bf 8f5f 	dmb	sy
10002dd2:	6803      	ldr	r3, [r0, #0]
10002dd4:	f3bf 8f5f 	dmb	sy
10002dd8:	4647      	mov	r7, r8
10002dda:	601f      	str	r7, [r3, #0]
10002ddc:	f38c 8810 	msr	PRIMASK, ip
10002de0:	bf20      	wfe
10002de2:	e7e5      	b.n	10002db0 <sleep_us+0x8c>
10002de4:	2a00      	cmp	r2, #0
10002de6:	d0be      	beq.n	10002d66 <sleep_us+0x42>
10002de8:	e7d1      	b.n	10002d8e <sleep_us+0x6a>
10002dea:	46c0      	nop			@ (mov r8, r8)
10002dec:	7fffffff 	.word	0x7fffffff
10002df0:	1000286d 	.word	0x1000286d
10002df4:	200001e8 	.word	0x200001e8
10002df8:	40054000 	.word	0x40054000
10002dfc:	200010a4 	.word	0x200010a4

10002e00 <sleep_ms>:
10002e00:	b5f0      	push	{r4, r5, r6, r7, lr}
10002e02:	46c6      	mov	lr, r8
10002e04:	b500      	push	{lr}
10002e06:	b084      	sub	sp, #16
10002e08:	0004      	movs	r4, r0
10002e0a:	f000 f949 	bl	100030a0 <time_us_64>
10002e0e:	22fa      	movs	r2, #250	@ 0xfa
10002e10:	0006      	movs	r6, r0
10002e12:	000f      	movs	r7, r1
10002e14:	0020      	movs	r0, r4
10002e16:	2300      	movs	r3, #0
10002e18:	2100      	movs	r1, #0
10002e1a:	0092      	lsls	r2, r2, #2
10002e1c:	f003 fd9e 	bl	1000695c <__wrap___aeabi_lmul>
10002e20:	1980      	adds	r0, r0, r6
10002e22:	4179      	adcs	r1, r7
10002e24:	0004      	movs	r4, r0
10002e26:	1e0d      	subs	r5, r1, #0
10002e28:	da02      	bge.n	10002e30 <sleep_ms+0x30>
10002e2a:	2401      	movs	r4, #1
10002e2c:	4d2a      	ldr	r5, [pc, #168]	@ (10002ed8 <sleep_ms+0xd8>)
10002e2e:	4264      	negs	r4, r4
10002e30:	2606      	movs	r6, #6
10002e32:	4276      	negs	r6, r6
10002e34:	17f7      	asrs	r7, r6, #31
10002e36:	1936      	adds	r6, r6, r4
10002e38:	416f      	adcs	r7, r5
10002e3a:	42af      	cmp	r7, r5
10002e3c:	d814      	bhi.n	10002e68 <sleep_ms+0x68>
10002e3e:	d011      	beq.n	10002e64 <sleep_ms+0x64>
10002e40:	f000 f92e 	bl	100030a0 <time_us_64>
10002e44:	0032      	movs	r2, r6
10002e46:	003b      	movs	r3, r7
10002e48:	1a12      	subs	r2, r2, r0
10002e4a:	418b      	sbcs	r3, r1
10002e4c:	2b00      	cmp	r3, #0
10002e4e:	dc15      	bgt.n	10002e7c <sleep_ms+0x7c>
10002e50:	2b00      	cmp	r3, #0
10002e52:	d03e      	beq.n	10002ed2 <sleep_ms+0xd2>
10002e54:	0020      	movs	r0, r4
10002e56:	0029      	movs	r1, r5
10002e58:	f000 f960 	bl	1000311c <busy_wait_until>
10002e5c:	b004      	add	sp, #16
10002e5e:	bc80      	pop	{r7}
10002e60:	46b8      	mov	r8, r7
10002e62:	bdf0      	pop	{r4, r5, r6, r7, pc}
10002e64:	42a6      	cmp	r6, r4
10002e66:	d9eb      	bls.n	10002e40 <sleep_ms+0x40>
10002e68:	2600      	movs	r6, #0
10002e6a:	2700      	movs	r7, #0
10002e6c:	f000 f918 	bl	100030a0 <time_us_64>
10002e70:	0032      	movs	r2, r6
10002e72:	003b      	movs	r3, r7
10002e74:	1a12      	subs	r2, r2, r0
10002e76:	418b      	sbcs	r3, r1
10002e78:	2b00      	cmp	r3, #0
10002e7a:	dde9      	ble.n	10002e50 <sleep_ms+0x50>
10002e7c:	2300      	movs	r3, #0
10002e7e:	9302      	str	r3, [sp, #8]
10002e80:	9301      	str	r3, [sp, #4]
10002e82:	4b16      	ldr	r3, [pc, #88]	@ (10002edc <sleep_ms+0xdc>)
10002e84:	0032      	movs	r2, r6
10002e86:	9300      	str	r3, [sp, #0]
10002e88:	4815      	ldr	r0, [pc, #84]	@ (10002ee0 <sleep_ms+0xe0>)
10002e8a:	003b      	movs	r3, r7
10002e8c:	f7ff fe90 	bl	10002bb0 <alarm_pool_add_alarm_at>
10002e90:	3001      	adds	r0, #1
10002e92:	d0df      	beq.n	10002e54 <sleep_ms+0x54>
10002e94:	2300      	movs	r3, #0
10002e96:	0039      	movs	r1, r7
10002e98:	4698      	mov	r8, r3
10002e9a:	4a12      	ldr	r2, [pc, #72]	@ (10002ee4 <sleep_ms+0xe4>)
10002e9c:	4812      	ldr	r0, [pc, #72]	@ (10002ee8 <sleep_ms+0xe8>)
10002e9e:	6a53      	ldr	r3, [r2, #36]	@ 0x24
10002ea0:	4299      	cmp	r1, r3
10002ea2:	d804      	bhi.n	10002eae <sleep_ms+0xae>
10002ea4:	6a97      	ldr	r7, [r2, #40]	@ 0x28
10002ea6:	42be      	cmp	r6, r7
10002ea8:	d9d4      	bls.n	10002e54 <sleep_ms+0x54>
10002eaa:	4299      	cmp	r1, r3
10002eac:	d1d2      	bne.n	10002e54 <sleep_ms+0x54>
10002eae:	6807      	ldr	r7, [r0, #0]
10002eb0:	f3ef 8c10 	mrs	ip, PRIMASK
10002eb4:	b672      	cpsid	i
10002eb6:	683b      	ldr	r3, [r7, #0]
10002eb8:	2b00      	cmp	r3, #0
10002eba:	d0fc      	beq.n	10002eb6 <sleep_ms+0xb6>
10002ebc:	f3bf 8f5f 	dmb	sy
10002ec0:	6803      	ldr	r3, [r0, #0]
10002ec2:	f3bf 8f5f 	dmb	sy
10002ec6:	4647      	mov	r7, r8
10002ec8:	601f      	str	r7, [r3, #0]
10002eca:	f38c 8810 	msr	PRIMASK, ip
10002ece:	bf20      	wfe
10002ed0:	e7e5      	b.n	10002e9e <sleep_ms+0x9e>
10002ed2:	2a00      	cmp	r2, #0
10002ed4:	d0be      	beq.n	10002e54 <sleep_ms+0x54>
10002ed6:	e7d1      	b.n	10002e7c <sleep_ms+0x7c>
10002ed8:	7fffffff 	.word	0x7fffffff
10002edc:	1000286d 	.word	0x1000286d
10002ee0:	200001e8 	.word	0x200001e8
10002ee4:	40054000 	.word	0x40054000
10002ee8:	200010a4 	.word	0x200010a4

10002eec <best_effort_wfe_or_timeout>:
10002eec:	b5f0      	push	{r4, r5, r6, r7, lr}
10002eee:	f3ef 8305 	mrs	r3, IPSR
10002ef2:	46c6      	mov	lr, r8
10002ef4:	b500      	push	{lr}
10002ef6:	0005      	movs	r5, r0
10002ef8:	000c      	movs	r4, r1
10002efa:	b084      	sub	sp, #16
10002efc:	2b00      	cmp	r3, #0
10002efe:	d00f      	beq.n	10002f20 <best_effort_wfe_or_timeout+0x34>
10002f00:	4a2f      	ldr	r2, [pc, #188]	@ (10002fc0 <best_effort_wfe_or_timeout+0xd4>)
10002f02:	2000      	movs	r0, #0
10002f04:	6a53      	ldr	r3, [r2, #36]	@ 0x24
10002f06:	42a3      	cmp	r3, r4
10002f08:	d306      	bcc.n	10002f18 <best_effort_wfe_or_timeout+0x2c>
10002f0a:	6a92      	ldr	r2, [r2, #40]	@ 0x28
10002f0c:	1b1b      	subs	r3, r3, r4
10002f0e:	1e59      	subs	r1, r3, #1
10002f10:	418b      	sbcs	r3, r1
10002f12:	42aa      	cmp	r2, r5
10002f14:	4140      	adcs	r0, r0
10002f16:	4318      	orrs	r0, r3
10002f18:	b004      	add	sp, #16
10002f1a:	bc80      	pop	{r7}
10002f1c:	46b8      	mov	r8, r7
10002f1e:	bdf0      	pop	{r4, r5, r6, r7, pc}
10002f20:	4e28      	ldr	r6, [pc, #160]	@ (10002fc4 <best_effort_wfe_or_timeout+0xd8>)
10002f22:	9302      	str	r3, [sp, #8]
10002f24:	9301      	str	r3, [sp, #4]
10002f26:	4b28      	ldr	r3, [pc, #160]	@ (10002fc8 <best_effort_wfe_or_timeout+0xdc>)
10002f28:	0002      	movs	r2, r0
10002f2a:	9300      	str	r3, [sp, #0]
10002f2c:	0030      	movs	r0, r6
10002f2e:	000b      	movs	r3, r1
10002f30:	f7ff fe3e 	bl	10002bb0 <alarm_pool_add_alarm_at>
10002f34:	2800      	cmp	r0, #0
10002f36:	dc0c      	bgt.n	10002f52 <best_effort_wfe_or_timeout+0x66>
10002f38:	4a21      	ldr	r2, [pc, #132]	@ (10002fc0 <best_effort_wfe_or_timeout+0xd4>)
10002f3a:	2000      	movs	r0, #0
10002f3c:	6a53      	ldr	r3, [r2, #36]	@ 0x24
10002f3e:	42a3      	cmp	r3, r4
10002f40:	d3ea      	bcc.n	10002f18 <best_effort_wfe_or_timeout+0x2c>
10002f42:	6a92      	ldr	r2, [r2, #40]	@ 0x28
10002f44:	1b1b      	subs	r3, r3, r4
10002f46:	42aa      	cmp	r2, r5
10002f48:	4140      	adcs	r0, r0
10002f4a:	1e5a      	subs	r2, r3, #1
10002f4c:	4193      	sbcs	r3, r2
10002f4e:	4318      	orrs	r0, r3
10002f50:	e7e2      	b.n	10002f18 <best_effort_wfe_or_timeout+0x2c>
10002f52:	bf20      	wfe
10002f54:	6872      	ldr	r2, [r6, #4]
10002f56:	f3ef 8710 	mrs	r7, PRIMASK
10002f5a:	b672      	cpsid	i
10002f5c:	6813      	ldr	r3, [r2, #0]
10002f5e:	2b00      	cmp	r3, #0
10002f60:	d0fc      	beq.n	10002f5c <best_effort_wfe_or_timeout+0x70>
10002f62:	f3bf 8f5f 	dmb	sy
10002f66:	b2c3      	uxtb	r3, r0
10002f68:	4698      	mov	r8, r3
10002f6a:	22ff      	movs	r2, #255	@ 0xff
10002f6c:	6833      	ldr	r3, [r6, #0]
10002f6e:	4002      	ands	r2, r0
10002f70:	469c      	mov	ip, r3
10002f72:	7b5b      	ldrb	r3, [r3, #13]
10002f74:	4543      	cmp	r3, r8
10002f76:	d00d      	beq.n	10002f94 <best_effort_wfe_or_timeout+0xa8>
10002f78:	4663      	mov	r3, ip
10002f7a:	0051      	lsls	r1, r2, #1
10002f7c:	681b      	ldr	r3, [r3, #0]
10002f7e:	1889      	adds	r1, r1, r2
10002f80:	185b      	adds	r3, r3, r1
10002f82:	3b03      	subs	r3, #3
10002f84:	789b      	ldrb	r3, [r3, #2]
10002f86:	2b00      	cmp	r3, #0
10002f88:	d104      	bne.n	10002f94 <best_effort_wfe_or_timeout+0xa8>
10002f8a:	6932      	ldr	r2, [r6, #16]
10002f8c:	4290      	cmp	r0, r2
10002f8e:	d109      	bne.n	10002fa4 <best_effort_wfe_or_timeout+0xb8>
10002f90:	6133      	str	r3, [r6, #16]
10002f92:	e007      	b.n	10002fa4 <best_effort_wfe_or_timeout+0xb8>
10002f94:	68f1      	ldr	r1, [r6, #12]
10002f96:	0a03      	lsrs	r3, r0, #8
10002f98:	188a      	adds	r2, r1, r2
10002f9a:	3a01      	subs	r2, #1
10002f9c:	7812      	ldrb	r2, [r2, #0]
10002f9e:	b2db      	uxtb	r3, r3
10002fa0:	429a      	cmp	r2, r3
10002fa2:	d007      	beq.n	10002fb4 <best_effort_wfe_or_timeout+0xc8>
10002fa4:	6873      	ldr	r3, [r6, #4]
10002fa6:	f3bf 8f5f 	dmb	sy
10002faa:	2200      	movs	r2, #0
10002fac:	601a      	str	r2, [r3, #0]
10002fae:	f387 8810 	msr	PRIMASK, r7
10002fb2:	e7a5      	b.n	10002f00 <best_effort_wfe_or_timeout+0x14>
10002fb4:	4641      	mov	r1, r8
10002fb6:	4660      	mov	r0, ip
10002fb8:	f000 fb3c 	bl	10003634 <ph_remove_and_free_node>
10002fbc:	e7f2      	b.n	10002fa4 <best_effort_wfe_or_timeout+0xb8>
10002fbe:	46c0      	nop			@ (mov r8, r8)
10002fc0:	40054000 	.word	0x40054000
10002fc4:	200001e8 	.word	0x200001e8
10002fc8:	1000286d 	.word	0x1000286d

10002fcc <hardware_alarm_irq_handler>:
10002fcc:	b5f0      	push	{r4, r5, r6, r7, lr}
10002fce:	f3ef 8205 	mrs	r2, IPSR
10002fd2:	46d6      	mov	lr, sl
10002fd4:	464f      	mov	r7, r9
10002fd6:	4646      	mov	r6, r8
10002fd8:	0010      	movs	r0, r2
10002fda:	b5c0      	push	{r6, r7, lr}
10002fdc:	3810      	subs	r0, #16
10002fde:	f3ef 8810 	mrs	r8, PRIMASK
10002fe2:	b672      	cpsid	i
10002fe4:	4c21      	ldr	r4, [pc, #132]	@ (1000306c <hardware_alarm_irq_handler+0xa0>)
10002fe6:	6823      	ldr	r3, [r4, #0]
10002fe8:	2b00      	cmp	r3, #0
10002fea:	d0fc      	beq.n	10002fe6 <hardware_alarm_irq_handler+0x1a>
10002fec:	f3bf 8f5f 	dmb	sy
10002ff0:	2301      	movs	r3, #1
10002ff2:	0019      	movs	r1, r3
10002ff4:	4081      	lsls	r1, r0
10002ff6:	4d1e      	ldr	r5, [pc, #120]	@ (10003070 <hardware_alarm_irq_handler+0xa4>)
10002ff8:	001f      	movs	r7, r3
10002ffa:	6369      	str	r1, [r5, #52]	@ 0x34
10002ffc:	46aa      	mov	sl, r5
10002ffe:	4d1d      	ldr	r5, [pc, #116]	@ (10003074 <hardware_alarm_irq_handler+0xa8>)
10003000:	6029      	str	r1, [r5, #0]
10003002:	4d1d      	ldr	r5, [pc, #116]	@ (10003078 <hardware_alarm_irq_handler+0xac>)
10003004:	782e      	ldrb	r6, [r5, #0]
10003006:	46ac      	mov	ip, r5
10003008:	0035      	movs	r5, r6
1000300a:	40c5      	lsrs	r5, r0
1000300c:	402f      	ands	r7, r5
1000300e:	422b      	tst	r3, r5
10003010:	d015      	beq.n	1000303e <hardware_alarm_irq_handler+0x72>
10003012:	4653      	mov	r3, sl
10003014:	6a5f      	ldr	r7, [r3, #36]	@ 0x24
10003016:	4b19      	ldr	r3, [pc, #100]	@ (1000307c <hardware_alarm_irq_handler+0xb0>)
10003018:	0085      	lsls	r5, r0, #2
1000301a:	58eb      	ldr	r3, [r5, r3]
1000301c:	429f      	cmp	r7, r3
1000301e:	d318      	bcc.n	10003052 <hardware_alarm_irq_handler+0x86>
10003020:	4662      	mov	r2, ip
10003022:	4b17      	ldr	r3, [pc, #92]	@ (10003080 <hardware_alarm_irq_handler+0xb4>)
10003024:	438e      	bics	r6, r1
10003026:	58eb      	ldr	r3, [r5, r3]
10003028:	7016      	strb	r6, [r2, #0]
1000302a:	f3bf 8f5f 	dmb	sy
1000302e:	2200      	movs	r2, #0
10003030:	6022      	str	r2, [r4, #0]
10003032:	f388 8810 	msr	PRIMASK, r8
10003036:	2b00      	cmp	r3, #0
10003038:	d006      	beq.n	10003048 <hardware_alarm_irq_handler+0x7c>
1000303a:	4798      	blx	r3
1000303c:	e004      	b.n	10003048 <hardware_alarm_irq_handler+0x7c>
1000303e:	f3bf 8f5f 	dmb	sy
10003042:	6027      	str	r7, [r4, #0]
10003044:	f388 8810 	msr	PRIMASK, r8
10003048:	bce0      	pop	{r5, r6, r7}
1000304a:	46ba      	mov	sl, r7
1000304c:	46b1      	mov	r9, r6
1000304e:	46a8      	mov	r8, r5
10003050:	bdf0      	pop	{r4, r5, r6, r7, pc}
10003052:	4b0c      	ldr	r3, [pc, #48]	@ (10003084 <hardware_alarm_irq_handler+0xb8>)
10003054:	0092      	lsls	r2, r2, #2
10003056:	469c      	mov	ip, r3
10003058:	4462      	add	r2, ip
1000305a:	6813      	ldr	r3, [r2, #0]
1000305c:	6013      	str	r3, [r2, #0]
1000305e:	f3bf 8f5f 	dmb	sy
10003062:	2300      	movs	r3, #0
10003064:	6023      	str	r3, [r4, #0]
10003066:	f388 8810 	msr	PRIMASK, r8
1000306a:	e7ed      	b.n	10003048 <hardware_alarm_irq_handler+0x7c>
1000306c:	d0000128 	.word	0xd0000128
10003070:	40054000 	.word	0x40054000
10003074:	4005703c 	.word	0x4005703c
10003078:	200010d2 	.word	0x200010d2
1000307c:	200010b0 	.word	0x200010b0
10003080:	20000dc0 	.word	0x20000dc0
10003084:	40053fd0 	.word	0x40053fd0

10003088 <hardware_alarm_claim>:
10003088:	b510      	push	{r4, lr}
1000308a:	4b03      	ldr	r3, [pc, #12]	@ (10003098 <hardware_alarm_claim+0x10>)
1000308c:	0001      	movs	r1, r0
1000308e:	0018      	movs	r0, r3
10003090:	4a02      	ldr	r2, [pc, #8]	@ (1000309c <hardware_alarm_claim+0x14>)
10003092:	f7ff f9e3 	bl	1000245c <hw_claim_or_assert>
10003096:	bd10      	pop	{r4, pc}
10003098:	200010ca 	.word	0x200010ca
1000309c:	1000ad58 	.word	0x1000ad58

100030a0 <time_us_64>:
100030a0:	4b03      	ldr	r3, [pc, #12]	@ (100030b0 <time_us_64+0x10>)
100030a2:	6a59      	ldr	r1, [r3, #36]	@ 0x24
100030a4:	000a      	movs	r2, r1
100030a6:	6a98      	ldr	r0, [r3, #40]	@ 0x28
100030a8:	6a59      	ldr	r1, [r3, #36]	@ 0x24
100030aa:	428a      	cmp	r2, r1
100030ac:	d1fa      	bne.n	100030a4 <time_us_64+0x4>
100030ae:	4770      	bx	lr
100030b0:	40054000 	.word	0x40054000

100030b4 <busy_wait_us>:
100030b4:	b570      	push	{r4, r5, r6, lr}
100030b6:	0004      	movs	r4, r0
100030b8:	000d      	movs	r5, r1
100030ba:	4a17      	ldr	r2, [pc, #92]	@ (10003118 <busy_wait_us+0x64>)
100030bc:	6a53      	ldr	r3, [r2, #36]	@ 0x24
100030be:	0019      	movs	r1, r3
100030c0:	6a96      	ldr	r6, [r2, #40]	@ 0x28
100030c2:	6a53      	ldr	r3, [r2, #36]	@ 0x24
100030c4:	428b      	cmp	r3, r1
100030c6:	d1fa      	bne.n	100030be <busy_wait_us+0xa>
100030c8:	0030      	movs	r0, r6
100030ca:	0019      	movs	r1, r3
100030cc:	1824      	adds	r4, r4, r0
100030ce:	414d      	adcs	r5, r1
100030d0:	42ab      	cmp	r3, r5
100030d2:	d816      	bhi.n	10003102 <busy_wait_us+0x4e>
100030d4:	d013      	beq.n	100030fe <busy_wait_us+0x4a>
100030d6:	4b10      	ldr	r3, [pc, #64]	@ (10003118 <busy_wait_us+0x64>)
100030d8:	002a      	movs	r2, r5
100030da:	6a5b      	ldr	r3, [r3, #36]	@ 0x24
100030dc:	429d      	cmp	r5, r3
100030de:	d903      	bls.n	100030e8 <busy_wait_us+0x34>
100030e0:	490d      	ldr	r1, [pc, #52]	@ (10003118 <busy_wait_us+0x64>)
100030e2:	6a4b      	ldr	r3, [r1, #36]	@ 0x24
100030e4:	4293      	cmp	r3, r2
100030e6:	d3fc      	bcc.n	100030e2 <busy_wait_us+0x2e>
100030e8:	4293      	cmp	r3, r2
100030ea:	d107      	bne.n	100030fc <busy_wait_us+0x48>
100030ec:	4a0a      	ldr	r2, [pc, #40]	@ (10003118 <busy_wait_us+0x64>)
100030ee:	e002      	b.n	100030f6 <busy_wait_us+0x42>
100030f0:	6a51      	ldr	r1, [r2, #36]	@ 0x24
100030f2:	4299      	cmp	r1, r3
100030f4:	d102      	bne.n	100030fc <busy_wait_us+0x48>
100030f6:	6a91      	ldr	r1, [r2, #40]	@ 0x28
100030f8:	42a1      	cmp	r1, r4
100030fa:	d3f9      	bcc.n	100030f0 <busy_wait_us+0x3c>
100030fc:	bd70      	pop	{r4, r5, r6, pc}
100030fe:	42a6      	cmp	r6, r4
10003100:	d9e9      	bls.n	100030d6 <busy_wait_us+0x22>
10003102:	4b05      	ldr	r3, [pc, #20]	@ (10003118 <busy_wait_us+0x64>)
10003104:	6a5b      	ldr	r3, [r3, #36]	@ 0x24
10003106:	001c      	movs	r4, r3
10003108:	1c5a      	adds	r2, r3, #1
1000310a:	d0ef      	beq.n	100030ec <busy_wait_us+0x38>
1000310c:	2201      	movs	r2, #1
1000310e:	2401      	movs	r4, #1
10003110:	4264      	negs	r4, r4
10003112:	17e5      	asrs	r5, r4, #31
10003114:	4252      	negs	r2, r2
10003116:	e7e3      	b.n	100030e0 <busy_wait_us+0x2c>
10003118:	40054000 	.word	0x40054000

1000311c <busy_wait_until>:
1000311c:	4a06      	ldr	r2, [pc, #24]	@ (10003138 <busy_wait_until+0x1c>)
1000311e:	6a53      	ldr	r3, [r2, #36]	@ 0x24
10003120:	4299      	cmp	r1, r3
10003122:	d8fc      	bhi.n	1000311e <busy_wait_until+0x2>
10003124:	d107      	bne.n	10003136 <busy_wait_until+0x1a>
10003126:	4b04      	ldr	r3, [pc, #16]	@ (10003138 <busy_wait_until+0x1c>)
10003128:	e002      	b.n	10003130 <busy_wait_until+0x14>
1000312a:	6a5a      	ldr	r2, [r3, #36]	@ 0x24
1000312c:	4291      	cmp	r1, r2
1000312e:	d102      	bne.n	10003136 <busy_wait_until+0x1a>
10003130:	6a9a      	ldr	r2, [r3, #40]	@ 0x28
10003132:	4282      	cmp	r2, r0
10003134:	d3f9      	bcc.n	1000312a <busy_wait_until+0xe>
10003136:	4770      	bx	lr
10003138:	40054000 	.word	0x40054000

1000313c <hardware_alarm_set_callback>:
1000313c:	b570      	push	{r4, r5, r6, lr}
1000313e:	0004      	movs	r4, r0
10003140:	000d      	movs	r5, r1
10003142:	f3ef 8610 	mrs	r6, PRIMASK
10003146:	b672      	cpsid	i
10003148:	4a1a      	ldr	r2, [pc, #104]	@ (100031b4 <hardware_alarm_set_callback+0x78>)
1000314a:	6813      	ldr	r3, [r2, #0]
1000314c:	2b00      	cmp	r3, #0
1000314e:	d0fc      	beq.n	1000314a <hardware_alarm_set_callback+0xe>
10003150:	f3bf 8f5f 	dmb	sy
10003154:	2d00      	cmp	r5, #0
10003156:	d01b      	beq.n	10003190 <hardware_alarm_set_callback+0x54>
10003158:	0020      	movs	r0, r4
1000315a:	f7ff f9cd 	bl	100024f8 <irq_get_vtable_handler>
1000315e:	4916      	ldr	r1, [pc, #88]	@ (100031b8 <hardware_alarm_set_callback+0x7c>)
10003160:	4281      	cmp	r1, r0
10003162:	d00a      	beq.n	1000317a <hardware_alarm_set_callback+0x3e>
10003164:	0020      	movs	r0, r4
10003166:	f7ff f9cf 	bl	10002508 <irq_set_exclusive_handler>
1000316a:	2101      	movs	r1, #1
1000316c:	0020      	movs	r0, r4
1000316e:	f7ff f9b1 	bl	100024d4 <irq_set_enabled>
10003172:	2301      	movs	r3, #1
10003174:	40a3      	lsls	r3, r4
10003176:	4a11      	ldr	r2, [pc, #68]	@ (100031bc <hardware_alarm_set_callback+0x80>)
10003178:	6013      	str	r3, [r2, #0]
1000317a:	4b11      	ldr	r3, [pc, #68]	@ (100031c0 <hardware_alarm_set_callback+0x84>)
1000317c:	00a4      	lsls	r4, r4, #2
1000317e:	50e5      	str	r5, [r4, r3]
10003180:	f3bf 8f5f 	dmb	sy
10003184:	2200      	movs	r2, #0
10003186:	4b0b      	ldr	r3, [pc, #44]	@ (100031b4 <hardware_alarm_set_callback+0x78>)
10003188:	601a      	str	r2, [r3, #0]
1000318a:	f386 8810 	msr	PRIMASK, r6
1000318e:	bd70      	pop	{r4, r5, r6, pc}
10003190:	2101      	movs	r1, #1
10003192:	40a1      	lsls	r1, r4
10003194:	4b0a      	ldr	r3, [pc, #40]	@ (100031c0 <hardware_alarm_set_callback+0x84>)
10003196:	00a2      	lsls	r2, r4, #2
10003198:	50d5      	str	r5, [r2, r3]
1000319a:	4b0a      	ldr	r3, [pc, #40]	@ (100031c4 <hardware_alarm_set_callback+0x88>)
1000319c:	0020      	movs	r0, r4
1000319e:	781a      	ldrb	r2, [r3, #0]
100031a0:	438a      	bics	r2, r1
100031a2:	4905      	ldr	r1, [pc, #20]	@ (100031b8 <hardware_alarm_set_callback+0x7c>)
100031a4:	701a      	strb	r2, [r3, #0]
100031a6:	f7ff f9d9 	bl	1000255c <irq_remove_handler>
100031aa:	2100      	movs	r1, #0
100031ac:	0020      	movs	r0, r4
100031ae:	f7ff f991 	bl	100024d4 <irq_set_enabled>
100031b2:	e7e5      	b.n	10003180 <hardware_alarm_set_callback+0x44>
100031b4:	d0000128 	.word	0xd0000128
100031b8:	10002fcd 	.word	0x10002fcd
100031bc:	40056038 	.word	0x40056038
100031c0:	20000dc0 	.word	0x20000dc0
100031c4:	200010d2 	.word	0x200010d2

100031c8 <hardware_alarm_set_target>:
100031c8:	b5f0      	push	{r4, r5, r6, r7, lr}
100031ca:	464f      	mov	r7, r9
100031cc:	46d6      	mov	lr, sl
100031ce:	4646      	mov	r6, r8
100031d0:	b5c0      	push	{r6, r7, lr}
100031d2:	0007      	movs	r7, r0
100031d4:	4c2b      	ldr	r4, [pc, #172]	@ (10003284 <hardware_alarm_set_target+0xbc>)
100031d6:	6a61      	ldr	r1, [r4, #36]	@ 0x24
100031d8:	000d      	movs	r5, r1
100031da:	6aa6      	ldr	r6, [r4, #40]	@ 0x28
100031dc:	6a61      	ldr	r1, [r4, #36]	@ 0x24
100031de:	42a9      	cmp	r1, r5
100031e0:	d1fa      	bne.n	100031d8 <hardware_alarm_set_target+0x10>
100031e2:	428b      	cmp	r3, r1
100031e4:	d808      	bhi.n	100031f8 <hardware_alarm_set_target+0x30>
100031e6:	d005      	beq.n	100031f4 <hardware_alarm_set_target+0x2c>
100031e8:	2001      	movs	r0, #1
100031ea:	bce0      	pop	{r5, r6, r7}
100031ec:	46ba      	mov	sl, r7
100031ee:	46b1      	mov	r9, r6
100031f0:	46a8      	mov	r8, r5
100031f2:	bdf0      	pop	{r4, r5, r6, r7, pc}
100031f4:	42b2      	cmp	r2, r6
100031f6:	d9f7      	bls.n	100031e8 <hardware_alarm_set_target+0x20>
100031f8:	f3ef 8a10 	mrs	sl, PRIMASK
100031fc:	b672      	cpsid	i
100031fe:	4822      	ldr	r0, [pc, #136]	@ (10003288 <hardware_alarm_set_target+0xc0>)
10003200:	6801      	ldr	r1, [r0, #0]
10003202:	2900      	cmp	r1, #0
10003204:	d0fc      	beq.n	10003200 <hardware_alarm_set_target+0x38>
10003206:	f3bf 8f5f 	dmb	sy
1000320a:	2501      	movs	r5, #1
1000320c:	40bd      	lsls	r5, r7
1000320e:	491f      	ldr	r1, [pc, #124]	@ (1000328c <hardware_alarm_set_target+0xc4>)
10003210:	4c1c      	ldr	r4, [pc, #112]	@ (10003284 <hardware_alarm_set_target+0xbc>)
10003212:	4688      	mov	r8, r1
10003214:	7809      	ldrb	r1, [r1, #0]
10003216:	4689      	mov	r9, r1
10003218:	4329      	orrs	r1, r5
1000321a:	b2c9      	uxtb	r1, r1
1000321c:	468c      	mov	ip, r1
1000321e:	4641      	mov	r1, r8
10003220:	4660      	mov	r0, ip
10003222:	7008      	strb	r0, [r1, #0]
10003224:	1d39      	adds	r1, r7, #4
10003226:	0089      	lsls	r1, r1, #2
10003228:	6365      	str	r5, [r4, #52]	@ 0x34
1000322a:	510a      	str	r2, [r1, r4]
1000322c:	4918      	ldr	r1, [pc, #96]	@ (10003290 <hardware_alarm_set_target+0xc8>)
1000322e:	00b8      	lsls	r0, r7, #2
10003230:	5043      	str	r3, [r0, r1]
10003232:	6a21      	ldr	r1, [r4, #32]
10003234:	2000      	movs	r0, #0
10003236:	4229      	tst	r1, r5
10003238:	d019      	beq.n	1000326e <hardware_alarm_set_target+0xa6>
1000323a:	6a61      	ldr	r1, [r4, #36]	@ 0x24
1000323c:	0008      	movs	r0, r1
1000323e:	6aa6      	ldr	r6, [r4, #40]	@ 0x28
10003240:	6a61      	ldr	r1, [r4, #36]	@ 0x24
10003242:	4281      	cmp	r1, r0
10003244:	d1fa      	bne.n	1000323c <hardware_alarm_set_target+0x74>
10003246:	428b      	cmp	r3, r1
10003248:	d819      	bhi.n	1000327e <hardware_alarm_set_target+0xb6>
1000324a:	d101      	bne.n	10003250 <hardware_alarm_set_target+0x88>
1000324c:	42b2      	cmp	r2, r6
1000324e:	d816      	bhi.n	1000327e <hardware_alarm_set_target+0xb6>
10003250:	45cc      	cmp	ip, r9
10003252:	d00b      	beq.n	1000326c <hardware_alarm_set_target+0xa4>
10003254:	4b0b      	ldr	r3, [pc, #44]	@ (10003284 <hardware_alarm_set_target+0xbc>)
10003256:	221f      	movs	r2, #31
10003258:	621d      	str	r5, [r3, #32]
1000325a:	635d      	str	r5, [r3, #52]	@ 0x34
1000325c:	2301      	movs	r3, #1
1000325e:	403a      	ands	r2, r7
10003260:	4093      	lsls	r3, r2
10003262:	4a0c      	ldr	r2, [pc, #48]	@ (10003294 <hardware_alarm_set_target+0xcc>)
10003264:	6013      	str	r3, [r2, #0]
10003266:	4643      	mov	r3, r8
10003268:	464a      	mov	r2, r9
1000326a:	701a      	strb	r2, [r3, #0]
1000326c:	2001      	movs	r0, #1
1000326e:	f3bf 8f5f 	dmb	sy
10003272:	2200      	movs	r2, #0
10003274:	4b04      	ldr	r3, [pc, #16]	@ (10003288 <hardware_alarm_set_target+0xc0>)
10003276:	601a      	str	r2, [r3, #0]
10003278:	f38a 8810 	msr	PRIMASK, sl
1000327c:	e7b5      	b.n	100031ea <hardware_alarm_set_target+0x22>
1000327e:	2000      	movs	r0, #0
10003280:	e7f5      	b.n	1000326e <hardware_alarm_set_target+0xa6>
10003282:	46c0      	nop			@ (mov r8, r8)
10003284:	40054000 	.word	0x40054000
10003288:	d0000128 	.word	0xd0000128
1000328c:	200010d2 	.word	0x200010d2
10003290:	200010b0 	.word	0x200010b0
10003294:	e000e280 	.word	0xe000e280

10003298 <hardware_alarm_cancel>:
10003298:	f3ef 8c10 	mrs	ip, PRIMASK
1000329c:	b672      	cpsid	i
1000329e:	490a      	ldr	r1, [pc, #40]	@ (100032c8 <hardware_alarm_cancel+0x30>)
100032a0:	680b      	ldr	r3, [r1, #0]
100032a2:	2b00      	cmp	r3, #0
100032a4:	d0fc      	beq.n	100032a0 <hardware_alarm_cancel+0x8>
100032a6:	f3bf 8f5f 	dmb	sy
100032aa:	2301      	movs	r3, #1
100032ac:	4083      	lsls	r3, r0
100032ae:	4a07      	ldr	r2, [pc, #28]	@ (100032cc <hardware_alarm_cancel+0x34>)
100032b0:	4807      	ldr	r0, [pc, #28]	@ (100032d0 <hardware_alarm_cancel+0x38>)
100032b2:	6213      	str	r3, [r2, #32]
100032b4:	7802      	ldrb	r2, [r0, #0]
100032b6:	439a      	bics	r2, r3
100032b8:	7002      	strb	r2, [r0, #0]
100032ba:	f3bf 8f5f 	dmb	sy
100032be:	2300      	movs	r3, #0
100032c0:	600b      	str	r3, [r1, #0]
100032c2:	f38c 8810 	msr	PRIMASK, ip
100032c6:	4770      	bx	lr
100032c8:	d0000128 	.word	0xd0000128
100032cc:	40054000 	.word	0x40054000
100032d0:	200010d2 	.word	0x200010d2

100032d4 <ph_merge_nodes>:
100032d4:	b570      	push	{r4, r5, r6, lr}
100032d6:	0006      	movs	r6, r0
100032d8:	000d      	movs	r5, r1
100032da:	0014      	movs	r4, r2
100032dc:	2900      	cmp	r1, #0
100032de:	d01c      	beq.n	1000331a <ph_merge_nodes+0x46>
100032e0:	2a00      	cmp	r2, #0
100032e2:	d012      	beq.n	1000330a <ph_merge_nodes+0x36>
100032e4:	6873      	ldr	r3, [r6, #4]
100032e6:	6880      	ldr	r0, [r0, #8]
100032e8:	4798      	blx	r3
100032ea:	0063      	lsls	r3, r4, #1
100032ec:	006a      	lsls	r2, r5, #1
100032ee:	6831      	ldr	r1, [r6, #0]
100032f0:	191b      	adds	r3, r3, r4
100032f2:	1952      	adds	r2, r2, r5
100032f4:	3b03      	subs	r3, #3
100032f6:	3a03      	subs	r2, #3
100032f8:	18cb      	adds	r3, r1, r3
100032fa:	1889      	adds	r1, r1, r2
100032fc:	2800      	cmp	r0, #0
100032fe:	d006      	beq.n	1000330e <ph_merge_nodes+0x3a>
10003300:	709d      	strb	r5, [r3, #2]
10003302:	780a      	ldrb	r2, [r1, #0]
10003304:	2a00      	cmp	r2, #0
10003306:	d10a      	bne.n	1000331e <ph_merge_nodes+0x4a>
10003308:	700c      	strb	r4, [r1, #0]
1000330a:	0028      	movs	r0, r5
1000330c:	bd70      	pop	{r4, r5, r6, pc}
1000330e:	708c      	strb	r4, [r1, #2]
10003310:	781a      	ldrb	r2, [r3, #0]
10003312:	2a00      	cmp	r2, #0
10003314:	d000      	beq.n	10003318 <ph_merge_nodes+0x44>
10003316:	704a      	strb	r2, [r1, #1]
10003318:	701d      	strb	r5, [r3, #0]
1000331a:	0020      	movs	r0, r4
1000331c:	e7f6      	b.n	1000330c <ph_merge_nodes+0x38>
1000331e:	705a      	strb	r2, [r3, #1]
10003320:	700c      	strb	r4, [r1, #0]
10003322:	e7f2      	b.n	1000330a <ph_merge_nodes+0x36>

10003324 <ph_post_alloc_init>:
10003324:	b510      	push	{r4, lr}
10003326:	6083      	str	r3, [r0, #8]
10003328:	2300      	movs	r3, #0
1000332a:	b2cc      	uxtb	r4, r1
1000332c:	7343      	strb	r3, [r0, #13]
1000332e:	3301      	adds	r3, #1
10003330:	6042      	str	r2, [r0, #4]
10003332:	7304      	strb	r4, [r0, #12]
10003334:	7383      	strb	r3, [r0, #14]
10003336:	73c4      	strb	r4, [r0, #15]
10003338:	6800      	ldr	r0, [r0, #0]
1000333a:	1c42      	adds	r2, r0, #1
1000333c:	2c01      	cmp	r4, #1
1000333e:	d905      	bls.n	1000334c <ph_post_alloc_init+0x28>
10003340:	3301      	adds	r3, #1
10003342:	b2db      	uxtb	r3, r3
10003344:	7013      	strb	r3, [r2, #0]
10003346:	3203      	adds	r2, #3
10003348:	429c      	cmp	r4, r3
1000334a:	d1f9      	bne.n	10003340 <ph_post_alloc_init+0x1c>
1000334c:	23ff      	movs	r3, #255	@ 0xff
1000334e:	400b      	ands	r3, r1
10003350:	005a      	lsls	r2, r3, #1
10003352:	18d3      	adds	r3, r2, r3
10003354:	18c0      	adds	r0, r0, r3
10003356:	2300      	movs	r3, #0
10003358:	3803      	subs	r0, #3
1000335a:	7043      	strb	r3, [r0, #1]
1000335c:	bd10      	pop	{r4, pc}
1000335e:	46c0      	nop			@ (mov r8, r8)

10003360 <ph_merge_two_pass>:
10003360:	b5f8      	push	{r3, r4, r5, r6, r7, lr}
10003362:	46ce      	mov	lr, r9
10003364:	4647      	mov	r7, r8
10003366:	0005      	movs	r5, r0
10003368:	000c      	movs	r4, r1
1000336a:	b580      	push	{r7, lr}
1000336c:	2900      	cmp	r1, #0
1000336e:	d007      	beq.n	10003380 <ph_merge_two_pass+0x20>
10003370:	004e      	lsls	r6, r1, #1
10003372:	6803      	ldr	r3, [r0, #0]
10003374:	1876      	adds	r6, r6, r1
10003376:	3e03      	subs	r6, #3
10003378:	199a      	adds	r2, r3, r6
1000337a:	7857      	ldrb	r7, [r2, #1]
1000337c:	2f00      	cmp	r7, #0
1000337e:	d104      	bne.n	1000338a <ph_merge_two_pass+0x2a>
10003380:	0020      	movs	r0, r4
10003382:	bcc0      	pop	{r6, r7}
10003384:	46b9      	mov	r9, r7
10003386:	46b0      	mov	r8, r6
10003388:	bdf8      	pop	{r3, r4, r5, r6, r7, pc}
1000338a:	0079      	lsls	r1, r7, #1
1000338c:	19c9      	adds	r1, r1, r7
1000338e:	3903      	subs	r1, #3
10003390:	4688      	mov	r8, r1
10003392:	4443      	add	r3, r8
10003394:	7859      	ldrb	r1, [r3, #1]
10003396:	4689      	mov	r9, r1
10003398:	2100      	movs	r1, #0
1000339a:	7059      	strb	r1, [r3, #1]
1000339c:	7051      	strb	r1, [r2, #1]
1000339e:	686b      	ldr	r3, [r5, #4]
100033a0:	003a      	movs	r2, r7
100033a2:	0021      	movs	r1, r4
100033a4:	6880      	ldr	r0, [r0, #8]
100033a6:	4798      	blx	r3
100033a8:	4643      	mov	r3, r8
100033aa:	682a      	ldr	r2, [r5, #0]
100033ac:	18d3      	adds	r3, r2, r3
100033ae:	1992      	adds	r2, r2, r6
100033b0:	2800      	cmp	r0, #0
100033b2:	d011      	beq.n	100033d8 <ph_merge_two_pass+0x78>
100033b4:	709c      	strb	r4, [r3, #2]
100033b6:	7811      	ldrb	r1, [r2, #0]
100033b8:	2900      	cmp	r1, #0
100033ba:	d000      	beq.n	100033be <ph_merge_two_pass+0x5e>
100033bc:	7059      	strb	r1, [r3, #1]
100033be:	7017      	strb	r7, [r2, #0]
100033c0:	0027      	movs	r7, r4
100033c2:	4649      	mov	r1, r9
100033c4:	0028      	movs	r0, r5
100033c6:	f7ff ffcb 	bl	10003360 <ph_merge_two_pass>
100033ca:	0039      	movs	r1, r7
100033cc:	0002      	movs	r2, r0
100033ce:	0028      	movs	r0, r5
100033d0:	f7ff ff80 	bl	100032d4 <ph_merge_nodes>
100033d4:	0004      	movs	r4, r0
100033d6:	e7d3      	b.n	10003380 <ph_merge_two_pass+0x20>
100033d8:	7097      	strb	r7, [r2, #2]
100033da:	7819      	ldrb	r1, [r3, #0]
100033dc:	2900      	cmp	r1, #0
100033de:	d000      	beq.n	100033e2 <ph_merge_two_pass+0x82>
100033e0:	7051      	strb	r1, [r2, #1]
100033e2:	701c      	strb	r4, [r3, #0]
100033e4:	e7ed      	b.n	100033c2 <ph_merge_two_pass+0x62>
100033e6:	46c0      	nop			@ (mov r8, r8)

100033e8 <ph_remove_any_head>:
100033e8:	b5f8      	push	{r3, r4, r5, r6, r7, lr}
100033ea:	4657      	mov	r7, sl
100033ec:	464e      	mov	r6, r9
100033ee:	4645      	mov	r5, r8
100033f0:	46de      	mov	lr, fp
100033f2:	004c      	lsls	r4, r1, #1
100033f4:	b5e0      	push	{r5, r6, r7, lr}
100033f6:	1864      	adds	r4, r4, r1
100033f8:	0017      	movs	r7, r2
100033fa:	6802      	ldr	r2, [r0, #0]
100033fc:	3c03      	subs	r4, #3
100033fe:	0005      	movs	r5, r0
10003400:	5d10      	ldrb	r0, [r2, r4]
10003402:	1913      	adds	r3, r2, r4
10003404:	000e      	movs	r6, r1
10003406:	469c      	mov	ip, r3
10003408:	2800      	cmp	r0, #0
1000340a:	d054      	beq.n	100034b6 <ph_remove_any_head+0xce>
1000340c:	0043      	lsls	r3, r0, #1
1000340e:	4698      	mov	r8, r3
10003410:	181b      	adds	r3, r3, r0
10003412:	3b03      	subs	r3, #3
10003414:	18d3      	adds	r3, r2, r3
10003416:	7859      	ldrb	r1, [r3, #1]
10003418:	468a      	mov	sl, r1
1000341a:	2900      	cmp	r1, #0
1000341c:	d120      	bne.n	10003460 <ph_remove_any_head+0x78>
1000341e:	2f00      	cmp	r7, #0
10003420:	d013      	beq.n	1000344a <ph_remove_any_head+0x62>
10003422:	7bec      	ldrb	r4, [r5, #15]
10003424:	2c00      	cmp	r4, #0
10003426:	d051      	beq.n	100034cc <ph_remove_any_head+0xe4>
10003428:	0063      	lsls	r3, r4, #1
1000342a:	191b      	adds	r3, r3, r4
1000342c:	18d3      	adds	r3, r2, r3
1000342e:	3b03      	subs	r3, #3
10003430:	705e      	strb	r6, [r3, #1]
10003432:	7bab      	ldrb	r3, [r5, #14]
10003434:	2b00      	cmp	r3, #0
10003436:	d03c      	beq.n	100034b2 <ph_remove_any_head+0xca>
10003438:	73ee      	strb	r6, [r5, #15]
1000343a:	2800      	cmp	r0, #0
1000343c:	d007      	beq.n	1000344e <ph_remove_any_head+0x66>
1000343e:	0043      	lsls	r3, r0, #1
10003440:	4698      	mov	r8, r3
10003442:	4643      	mov	r3, r8
10003444:	1819      	adds	r1, r3, r0
10003446:	3903      	subs	r1, #3
10003448:	1853      	adds	r3, r2, r1
1000344a:	2200      	movs	r2, #0
1000344c:	709a      	strb	r2, [r3, #2]
1000344e:	2300      	movs	r3, #0
10003450:	4662      	mov	r2, ip
10003452:	7053      	strb	r3, [r2, #1]
10003454:	bcf0      	pop	{r4, r5, r6, r7}
10003456:	46bb      	mov	fp, r7
10003458:	46b2      	mov	sl, r6
1000345a:	46a9      	mov	r9, r5
1000345c:	46a0      	mov	r8, r4
1000345e:	bdf8      	pop	{r3, r4, r5, r6, r7, pc}
10003460:	0049      	lsls	r1, r1, #1
10003462:	4451      	add	r1, sl
10003464:	3903      	subs	r1, #3
10003466:	1852      	adds	r2, r2, r1
10003468:	7851      	ldrb	r1, [r2, #1]
1000346a:	4688      	mov	r8, r1
1000346c:	2100      	movs	r1, #0
1000346e:	7051      	strb	r1, [r2, #1]
10003470:	4689      	mov	r9, r1
10003472:	7059      	strb	r1, [r3, #1]
10003474:	4652      	mov	r2, sl
10003476:	0001      	movs	r1, r0
10003478:	0028      	movs	r0, r5
1000347a:	f7ff ff2b 	bl	100032d4 <ph_merge_nodes>
1000347e:	4643      	mov	r3, r8
10003480:	4682      	mov	sl, r0
10003482:	2b00      	cmp	r3, #0
10003484:	d007      	beq.n	10003496 <ph_remove_any_head+0xae>
10003486:	005b      	lsls	r3, r3, #1
10003488:	6829      	ldr	r1, [r5, #0]
1000348a:	4443      	add	r3, r8
1000348c:	3b03      	subs	r3, #3
1000348e:	18cb      	adds	r3, r1, r3
10003490:	785a      	ldrb	r2, [r3, #1]
10003492:	2a00      	cmp	r2, #0
10003494:	d11f      	bne.n	100034d6 <ph_remove_any_head+0xee>
10003496:	4642      	mov	r2, r8
10003498:	4651      	mov	r1, sl
1000349a:	0028      	movs	r0, r5
1000349c:	f7ff ff1a 	bl	100032d4 <ph_merge_nodes>
100034a0:	46a4      	mov	ip, r4
100034a2:	682a      	ldr	r2, [r5, #0]
100034a4:	4494      	add	ip, r2
100034a6:	2f00      	cmp	r7, #0
100034a8:	d0c7      	beq.n	1000343a <ph_remove_any_head+0x52>
100034aa:	7bec      	ldrb	r4, [r5, #15]
100034ac:	2c00      	cmp	r4, #0
100034ae:	d0c0      	beq.n	10003432 <ph_remove_any_head+0x4a>
100034b0:	e7ba      	b.n	10003428 <ph_remove_any_head+0x40>
100034b2:	73ae      	strb	r6, [r5, #14]
100034b4:	e7c0      	b.n	10003438 <ph_remove_any_head+0x50>
100034b6:	2f00      	cmp	r7, #0
100034b8:	d0c9      	beq.n	1000344e <ph_remove_any_head+0x66>
100034ba:	7bec      	ldrb	r4, [r5, #15]
100034bc:	2c00      	cmp	r4, #0
100034be:	d1b3      	bne.n	10003428 <ph_remove_any_head+0x40>
100034c0:	7bab      	ldrb	r3, [r5, #14]
100034c2:	2b00      	cmp	r3, #0
100034c4:	d120      	bne.n	10003508 <ph_remove_any_head+0x120>
100034c6:	73a9      	strb	r1, [r5, #14]
100034c8:	73e9      	strb	r1, [r5, #15]
100034ca:	e7c0      	b.n	1000344e <ph_remove_any_head+0x66>
100034cc:	7bab      	ldrb	r3, [r5, #14]
100034ce:	2b00      	cmp	r3, #0
100034d0:	d0ef      	beq.n	100034b2 <ph_remove_any_head+0xca>
100034d2:	73ee      	strb	r6, [r5, #15]
100034d4:	e7b5      	b.n	10003442 <ph_remove_any_head+0x5a>
100034d6:	0050      	lsls	r0, r2, #1
100034d8:	1880      	adds	r0, r0, r2
100034da:	3803      	subs	r0, #3
100034dc:	1809      	adds	r1, r1, r0
100034de:	7848      	ldrb	r0, [r1, #1]
100034e0:	4683      	mov	fp, r0
100034e2:	4648      	mov	r0, r9
100034e4:	7048      	strb	r0, [r1, #1]
100034e6:	7058      	strb	r0, [r3, #1]
100034e8:	4641      	mov	r1, r8
100034ea:	0028      	movs	r0, r5
100034ec:	f7ff fef2 	bl	100032d4 <ph_merge_nodes>
100034f0:	4659      	mov	r1, fp
100034f2:	4680      	mov	r8, r0
100034f4:	0028      	movs	r0, r5
100034f6:	f7ff ff33 	bl	10003360 <ph_merge_two_pass>
100034fa:	4641      	mov	r1, r8
100034fc:	0002      	movs	r2, r0
100034fe:	0028      	movs	r0, r5
10003500:	f7ff fee8 	bl	100032d4 <ph_merge_nodes>
10003504:	4680      	mov	r8, r0
10003506:	e7c6      	b.n	10003496 <ph_remove_any_head+0xae>
10003508:	73e9      	strb	r1, [r5, #15]
1000350a:	e7a0      	b.n	1000344e <ph_remove_any_head+0x66>

1000350c <ph_remove_head>:
1000350c:	b5f8      	push	{r3, r4, r5, r6, r7, lr}
1000350e:	4657      	mov	r7, sl
10003510:	464e      	mov	r6, r9
10003512:	4645      	mov	r5, r8
10003514:	46de      	mov	lr, fp
10003516:	b5e0      	push	{r5, r6, r7, lr}
10003518:	7b46      	ldrb	r6, [r0, #13]
1000351a:	6802      	ldr	r2, [r0, #0]
1000351c:	0075      	lsls	r5, r6, #1
1000351e:	19ad      	adds	r5, r5, r6
10003520:	3d03      	subs	r5, #3
10003522:	000f      	movs	r7, r1
10003524:	5d51      	ldrb	r1, [r2, r5]
10003526:	1953      	adds	r3, r2, r5
10003528:	0004      	movs	r4, r0
1000352a:	469c      	mov	ip, r3
1000352c:	2900      	cmp	r1, #0
1000352e:	d056      	beq.n	100035de <ph_remove_head+0xd2>
10003530:	004b      	lsls	r3, r1, #1
10003532:	4698      	mov	r8, r3
10003534:	185b      	adds	r3, r3, r1
10003536:	3b03      	subs	r3, #3
10003538:	18d3      	adds	r3, r2, r3
1000353a:	7858      	ldrb	r0, [r3, #1]
1000353c:	4682      	mov	sl, r0
1000353e:	2800      	cmp	r0, #0
10003540:	d122      	bne.n	10003588 <ph_remove_head+0x7c>
10003542:	2f00      	cmp	r7, #0
10003544:	d013      	beq.n	1000356e <ph_remove_head+0x62>
10003546:	7be5      	ldrb	r5, [r4, #15]
10003548:	2d00      	cmp	r5, #0
1000354a:	d053      	beq.n	100035f4 <ph_remove_head+0xe8>
1000354c:	006b      	lsls	r3, r5, #1
1000354e:	195b      	adds	r3, r3, r5
10003550:	18d3      	adds	r3, r2, r3
10003552:	3b03      	subs	r3, #3
10003554:	705e      	strb	r6, [r3, #1]
10003556:	7ba3      	ldrb	r3, [r4, #14]
10003558:	2b00      	cmp	r3, #0
1000355a:	d03e      	beq.n	100035da <ph_remove_head+0xce>
1000355c:	73e6      	strb	r6, [r4, #15]
1000355e:	2900      	cmp	r1, #0
10003560:	d007      	beq.n	10003572 <ph_remove_head+0x66>
10003562:	004b      	lsls	r3, r1, #1
10003564:	4698      	mov	r8, r3
10003566:	4643      	mov	r3, r8
10003568:	1858      	adds	r0, r3, r1
1000356a:	3803      	subs	r0, #3
1000356c:	1813      	adds	r3, r2, r0
1000356e:	2200      	movs	r2, #0
10003570:	709a      	strb	r2, [r3, #2]
10003572:	2300      	movs	r3, #0
10003574:	4662      	mov	r2, ip
10003576:	0030      	movs	r0, r6
10003578:	7053      	strb	r3, [r2, #1]
1000357a:	7361      	strb	r1, [r4, #13]
1000357c:	bcf0      	pop	{r4, r5, r6, r7}
1000357e:	46bb      	mov	fp, r7
10003580:	46b2      	mov	sl, r6
10003582:	46a9      	mov	r9, r5
10003584:	46a0      	mov	r8, r4
10003586:	bdf8      	pop	{r3, r4, r5, r6, r7, pc}
10003588:	0040      	lsls	r0, r0, #1
1000358a:	4450      	add	r0, sl
1000358c:	3803      	subs	r0, #3
1000358e:	1812      	adds	r2, r2, r0
10003590:	7850      	ldrb	r0, [r2, #1]
10003592:	4680      	mov	r8, r0
10003594:	2000      	movs	r0, #0
10003596:	7050      	strb	r0, [r2, #1]
10003598:	4681      	mov	r9, r0
1000359a:	7058      	strb	r0, [r3, #1]
1000359c:	4652      	mov	r2, sl
1000359e:	0020      	movs	r0, r4
100035a0:	f7ff fe98 	bl	100032d4 <ph_merge_nodes>
100035a4:	4643      	mov	r3, r8
100035a6:	4682      	mov	sl, r0
100035a8:	2b00      	cmp	r3, #0
100035aa:	d007      	beq.n	100035bc <ph_remove_head+0xb0>
100035ac:	005b      	lsls	r3, r3, #1
100035ae:	6821      	ldr	r1, [r4, #0]
100035b0:	4443      	add	r3, r8
100035b2:	3b03      	subs	r3, #3
100035b4:	18cb      	adds	r3, r1, r3
100035b6:	785a      	ldrb	r2, [r3, #1]
100035b8:	2a00      	cmp	r2, #0
100035ba:	d120      	bne.n	100035fe <ph_remove_head+0xf2>
100035bc:	4642      	mov	r2, r8
100035be:	4651      	mov	r1, sl
100035c0:	0020      	movs	r0, r4
100035c2:	f7ff fe87 	bl	100032d4 <ph_merge_nodes>
100035c6:	46ac      	mov	ip, r5
100035c8:	6822      	ldr	r2, [r4, #0]
100035ca:	0001      	movs	r1, r0
100035cc:	4494      	add	ip, r2
100035ce:	2f00      	cmp	r7, #0
100035d0:	d0c5      	beq.n	1000355e <ph_remove_head+0x52>
100035d2:	7be5      	ldrb	r5, [r4, #15]
100035d4:	2d00      	cmp	r5, #0
100035d6:	d0be      	beq.n	10003556 <ph_remove_head+0x4a>
100035d8:	e7b8      	b.n	1000354c <ph_remove_head+0x40>
100035da:	73a6      	strb	r6, [r4, #14]
100035dc:	e7be      	b.n	1000355c <ph_remove_head+0x50>
100035de:	2f00      	cmp	r7, #0
100035e0:	d0c7      	beq.n	10003572 <ph_remove_head+0x66>
100035e2:	7bc5      	ldrb	r5, [r0, #15]
100035e4:	2d00      	cmp	r5, #0
100035e6:	d1b1      	bne.n	1000354c <ph_remove_head+0x40>
100035e8:	7b83      	ldrb	r3, [r0, #14]
100035ea:	2b00      	cmp	r3, #0
100035ec:	d120      	bne.n	10003630 <ph_remove_head+0x124>
100035ee:	7386      	strb	r6, [r0, #14]
100035f0:	73c6      	strb	r6, [r0, #15]
100035f2:	e7be      	b.n	10003572 <ph_remove_head+0x66>
100035f4:	7ba3      	ldrb	r3, [r4, #14]
100035f6:	2b00      	cmp	r3, #0
100035f8:	d0ef      	beq.n	100035da <ph_remove_head+0xce>
100035fa:	73e6      	strb	r6, [r4, #15]
100035fc:	e7b3      	b.n	10003566 <ph_remove_head+0x5a>
100035fe:	0050      	lsls	r0, r2, #1
10003600:	1880      	adds	r0, r0, r2
10003602:	3803      	subs	r0, #3
10003604:	1809      	adds	r1, r1, r0
10003606:	7848      	ldrb	r0, [r1, #1]
10003608:	4683      	mov	fp, r0
1000360a:	4648      	mov	r0, r9
1000360c:	7048      	strb	r0, [r1, #1]
1000360e:	7058      	strb	r0, [r3, #1]
10003610:	4641      	mov	r1, r8
10003612:	0020      	movs	r0, r4
10003614:	f7ff fe5e 	bl	100032d4 <ph_merge_nodes>
10003618:	4659      	mov	r1, fp
1000361a:	4680      	mov	r8, r0
1000361c:	0020      	movs	r0, r4
1000361e:	f7ff fe9f 	bl	10003360 <ph_merge_two_pass>
10003622:	4641      	mov	r1, r8
10003624:	0002      	movs	r2, r0
10003626:	0020      	movs	r0, r4
10003628:	f7ff fe54 	bl	100032d4 <ph_merge_nodes>
1000362c:	4680      	mov	r8, r0
1000362e:	e7c5      	b.n	100035bc <ph_remove_head+0xb0>
10003630:	73c6      	strb	r6, [r0, #15]
10003632:	e79e      	b.n	10003572 <ph_remove_head+0x66>

10003634 <ph_remove_and_free_node>:
10003634:	b570      	push	{r4, r5, r6, lr}
10003636:	0004      	movs	r4, r0
10003638:	2900      	cmp	r1, #0
1000363a:	d02c      	beq.n	10003696 <ph_remove_and_free_node+0x62>
1000363c:	7b43      	ldrb	r3, [r0, #13]
1000363e:	428b      	cmp	r3, r1
10003640:	d02e      	beq.n	100036a0 <ph_remove_and_free_node+0x6c>
10003642:	6805      	ldr	r5, [r0, #0]
10003644:	0048      	lsls	r0, r1, #1
10003646:	1840      	adds	r0, r0, r1
10003648:	3803      	subs	r0, #3
1000364a:	1828      	adds	r0, r5, r0
1000364c:	7882      	ldrb	r2, [r0, #2]
1000364e:	2a00      	cmp	r2, #0
10003650:	d021      	beq.n	10003696 <ph_remove_and_free_node+0x62>
10003652:	0053      	lsls	r3, r2, #1
10003654:	189b      	adds	r3, r3, r2
10003656:	3b03      	subs	r3, #3
10003658:	5cea      	ldrb	r2, [r5, r3]
1000365a:	18ee      	adds	r6, r5, r3
1000365c:	428a      	cmp	r2, r1
1000365e:	d102      	bne.n	10003666 <ph_remove_and_free_node+0x32>
10003660:	e01b      	b.n	1000369a <ph_remove_and_free_node+0x66>
10003662:	2a00      	cmp	r2, #0
10003664:	d008      	beq.n	10003678 <ph_remove_and_free_node+0x44>
10003666:	0053      	lsls	r3, r2, #1
10003668:	189b      	adds	r3, r3, r2
1000366a:	3b03      	subs	r3, #3
1000366c:	18eb      	adds	r3, r5, r3
1000366e:	785a      	ldrb	r2, [r3, #1]
10003670:	428a      	cmp	r2, r1
10003672:	d1f6      	bne.n	10003662 <ph_remove_and_free_node+0x2e>
10003674:	7842      	ldrb	r2, [r0, #1]
10003676:	705a      	strb	r2, [r3, #1]
10003678:	2300      	movs	r3, #0
1000367a:	2201      	movs	r2, #1
1000367c:	7083      	strb	r3, [r0, #2]
1000367e:	7043      	strb	r3, [r0, #1]
10003680:	0020      	movs	r0, r4
10003682:	f7ff feb1 	bl	100033e8 <ph_remove_any_head>
10003686:	7b61      	ldrb	r1, [r4, #13]
10003688:	0002      	movs	r2, r0
1000368a:	0020      	movs	r0, r4
1000368c:	f7ff fe22 	bl	100032d4 <ph_merge_nodes>
10003690:	7360      	strb	r0, [r4, #13]
10003692:	2001      	movs	r0, #1
10003694:	e000      	b.n	10003698 <ph_remove_and_free_node+0x64>
10003696:	2000      	movs	r0, #0
10003698:	bd70      	pop	{r4, r5, r6, pc}
1000369a:	7843      	ldrb	r3, [r0, #1]
1000369c:	7033      	strb	r3, [r6, #0]
1000369e:	e7eb      	b.n	10003678 <ph_remove_and_free_node+0x44>
100036a0:	2201      	movs	r2, #1
100036a2:	0019      	movs	r1, r3
100036a4:	f7ff fea0 	bl	100033e8 <ph_remove_any_head>
100036a8:	e7f2      	b.n	10003690 <ph_remove_and_free_node+0x5c>
100036aa:	46c0      	nop			@ (mov r8, r8)

100036ac <uart_init>:
100036ac:	b5f8      	push	{r3, r4, r5, r6, r7, lr}
100036ae:	46ce      	mov	lr, r9
100036b0:	4647      	mov	r7, r8
100036b2:	0004      	movs	r4, r0
100036b4:	b580      	push	{r7, lr}
100036b6:	2006      	movs	r0, #6
100036b8:	000e      	movs	r6, r1
100036ba:	f000 fa91 	bl	10003be0 <clock_get_hz>
100036be:	1e05      	subs	r5, r0, #0
100036c0:	d075      	beq.n	100037ae <uart_init+0x102>
100036c2:	4b53      	ldr	r3, [pc, #332]	@ (10003810 <uart_init+0x164>)
100036c4:	2280      	movs	r2, #128	@ 0x80
100036c6:	429c      	cmp	r4, r3
100036c8:	d100      	bne.n	100036cc <uart_init+0x20>
100036ca:	e092      	b.n	100037f2 <uart_init+0x146>
100036cc:	4b51      	ldr	r3, [pc, #324]	@ (10003814 <uart_init+0x168>)
100036ce:	03d2      	lsls	r2, r2, #15
100036d0:	601a      	str	r2, [r3, #0]
100036d2:	4b51      	ldr	r3, [pc, #324]	@ (10003818 <uart_init+0x16c>)
100036d4:	4951      	ldr	r1, [pc, #324]	@ (1000381c <uart_init+0x170>)
100036d6:	601a      	str	r2, [r3, #0]
100036d8:	0010      	movs	r0, r2
100036da:	688b      	ldr	r3, [r1, #8]
100036dc:	4398      	bics	r0, r3
100036de:	d1fb      	bne.n	100036d8 <uart_init+0x2c>
100036e0:	4b4f      	ldr	r3, [pc, #316]	@ (10003820 <uart_init+0x174>)
100036e2:	4a50      	ldr	r2, [pc, #320]	@ (10003824 <uart_init+0x178>)
100036e4:	18e3      	adds	r3, r4, r3
100036e6:	4259      	negs	r1, r3
100036e8:	414b      	adcs	r3, r1
100036ea:	2180      	movs	r1, #128	@ 0x80
100036ec:	005b      	lsls	r3, r3, #1
100036ee:	0049      	lsls	r1, r1, #1
100036f0:	2006      	movs	r0, #6
100036f2:	5299      	strh	r1, [r3, r2]
100036f4:	f000 fa74 	bl	10003be0 <clock_get_hz>
100036f8:	0031      	movs	r1, r6
100036fa:	00c0      	lsls	r0, r0, #3
100036fc:	f002 f8b2 	bl	10005864 <__wrap___aeabi_uidiv>
10003700:	09c3      	lsrs	r3, r0, #7
10003702:	d026      	beq.n	10003752 <uart_init+0xa6>
10003704:	4a48      	ldr	r2, [pc, #288]	@ (10003828 <uart_init+0x17c>)
10003706:	4293      	cmp	r3, r2
10003708:	d800      	bhi.n	1000370c <uart_init+0x60>
1000370a:	e076      	b.n	100037fa <uart_init+0x14e>
1000370c:	2300      	movs	r3, #0
1000370e:	4947      	ldr	r1, [pc, #284]	@ (1000382c <uart_init+0x180>)
10003710:	4a47      	ldr	r2, [pc, #284]	@ (10003830 <uart_init+0x184>)
10003712:	6261      	str	r1, [r4, #36]	@ 0x24
10003714:	62a3      	str	r3, [r4, #40]	@ 0x28
10003716:	6b25      	ldr	r5, [r4, #48]	@ 0x30
10003718:	4690      	mov	r8, r2
1000371a:	07eb      	lsls	r3, r5, #31
1000371c:	d521      	bpl.n	10003762 <uart_init+0xb6>
1000371e:	0022      	movs	r2, r4
10003720:	23c0      	movs	r3, #192	@ 0xc0
10003722:	3230      	adds	r2, #48	@ 0x30
10003724:	019b      	lsls	r3, r3, #6
10003726:	4313      	orrs	r3, r2
10003728:	4a42      	ldr	r2, [pc, #264]	@ (10003834 <uart_init+0x188>)
1000372a:	2006      	movs	r0, #6
1000372c:	601a      	str	r2, [r3, #0]
1000372e:	6a66      	ldr	r6, [r4, #36]	@ 0x24
10003730:	6aa3      	ldr	r3, [r4, #40]	@ 0x28
10003732:	01b6      	lsls	r6, r6, #6
10003734:	18f6      	adds	r6, r6, r3
10003736:	f000 fa53 	bl	10003be0 <clock_get_hz>
1000373a:	493f      	ldr	r1, [pc, #252]	@ (10003838 <uart_init+0x18c>)
1000373c:	f002 f892 	bl	10005864 <__wrap___aeabi_uidiv>
10003740:	02b6      	lsls	r6, r6, #10
10003742:	0001      	movs	r1, r0
10003744:	0030      	movs	r0, r6
10003746:	f002 f88d 	bl	10005864 <__wrap___aeabi_uidiv>
1000374a:	2100      	movs	r1, #0
1000374c:	f7ff fcb2 	bl	100030b4 <busy_wait_us>
10003750:	e007      	b.n	10003762 <uart_init+0xb6>
10003752:	2240      	movs	r2, #64	@ 0x40
10003754:	2101      	movs	r1, #1
10003756:	4690      	mov	r8, r2
10003758:	6261      	str	r1, [r4, #36]	@ 0x24
1000375a:	62a3      	str	r3, [r4, #40]	@ 0x28
1000375c:	6b25      	ldr	r5, [r4, #48]	@ 0x30
1000375e:	07eb      	lsls	r3, r5, #31
10003760:	d4dd      	bmi.n	1000371e <uart_init+0x72>
10003762:	0027      	movs	r7, r4
10003764:	2680      	movs	r6, #128	@ 0x80
10003766:	6ae3      	ldr	r3, [r4, #44]	@ 0x2c
10003768:	2300      	movs	r3, #0
1000376a:	372c      	adds	r7, #44	@ 0x2c
1000376c:	0176      	lsls	r6, r6, #5
1000376e:	433e      	orrs	r6, r7
10003770:	6033      	str	r3, [r6, #0]
10003772:	2006      	movs	r0, #6
10003774:	6325      	str	r5, [r4, #48]	@ 0x30
10003776:	f000 fa33 	bl	10003be0 <clock_get_hz>
1000377a:	4641      	mov	r1, r8
1000377c:	0080      	lsls	r0, r0, #2
1000377e:	f002 f871 	bl	10005864 <__wrap___aeabi_uidiv>
10003782:	6b23      	ldr	r3, [r4, #48]	@ 0x30
10003784:	0005      	movs	r5, r0
10003786:	4698      	mov	r8, r3
10003788:	07db      	lsls	r3, r3, #31
1000378a:	d415      	bmi.n	100037b8 <uart_init+0x10c>
1000378c:	2360      	movs	r3, #96	@ 0x60
1000378e:	6ae2      	ldr	r2, [r4, #44]	@ 0x2c
10003790:	405a      	eors	r2, r3
10003792:	330e      	adds	r3, #14
10003794:	4013      	ands	r3, r2
10003796:	6033      	str	r3, [r6, #0]
10003798:	4643      	mov	r3, r8
1000379a:	6323      	str	r3, [r4, #48]	@ 0x30
1000379c:	2380      	movs	r3, #128	@ 0x80
1000379e:	2210      	movs	r2, #16
100037a0:	019b      	lsls	r3, r3, #6
100037a2:	433b      	orrs	r3, r7
100037a4:	601a      	str	r2, [r3, #0]
100037a6:	4b23      	ldr	r3, [pc, #140]	@ (10003834 <uart_init+0x188>)
100037a8:	6323      	str	r3, [r4, #48]	@ 0x30
100037aa:	2303      	movs	r3, #3
100037ac:	64a3      	str	r3, [r4, #72]	@ 0x48
100037ae:	0028      	movs	r0, r5
100037b0:	bcc0      	pop	{r6, r7}
100037b2:	46b9      	mov	r9, r7
100037b4:	46b0      	mov	r8, r6
100037b6:	bdf8      	pop	{r3, r4, r5, r6, r7, pc}
100037b8:	0022      	movs	r2, r4
100037ba:	23c0      	movs	r3, #192	@ 0xc0
100037bc:	3230      	adds	r2, #48	@ 0x30
100037be:	019b      	lsls	r3, r3, #6
100037c0:	4313      	orrs	r3, r2
100037c2:	4a1c      	ldr	r2, [pc, #112]	@ (10003834 <uart_init+0x188>)
100037c4:	2006      	movs	r0, #6
100037c6:	601a      	str	r2, [r3, #0]
100037c8:	6a63      	ldr	r3, [r4, #36]	@ 0x24
100037ca:	6aa2      	ldr	r2, [r4, #40]	@ 0x28
100037cc:	019b      	lsls	r3, r3, #6
100037ce:	4699      	mov	r9, r3
100037d0:	4491      	add	r9, r2
100037d2:	f000 fa05 	bl	10003be0 <clock_get_hz>
100037d6:	464b      	mov	r3, r9
100037d8:	4917      	ldr	r1, [pc, #92]	@ (10003838 <uart_init+0x18c>)
100037da:	029b      	lsls	r3, r3, #10
100037dc:	4699      	mov	r9, r3
100037de:	f002 f841 	bl	10005864 <__wrap___aeabi_uidiv>
100037e2:	0001      	movs	r1, r0
100037e4:	4648      	mov	r0, r9
100037e6:	f002 f83d 	bl	10005864 <__wrap___aeabi_uidiv>
100037ea:	2100      	movs	r1, #0
100037ec:	f7ff fc62 	bl	100030b4 <busy_wait_us>
100037f0:	e7cc      	b.n	1000378c <uart_init+0xe0>
100037f2:	4b08      	ldr	r3, [pc, #32]	@ (10003814 <uart_init+0x168>)
100037f4:	0412      	lsls	r2, r2, #16
100037f6:	601a      	str	r2, [r3, #0]
100037f8:	e76b      	b.n	100036d2 <uart_init+0x26>
100037fa:	227f      	movs	r2, #127	@ 0x7f
100037fc:	0199      	lsls	r1, r3, #6
100037fe:	4688      	mov	r8, r1
10003800:	4002      	ands	r2, r0
10003802:	3201      	adds	r2, #1
10003804:	0852      	lsrs	r2, r2, #1
10003806:	0019      	movs	r1, r3
10003808:	4490      	add	r8, r2
1000380a:	0013      	movs	r3, r2
1000380c:	e7a4      	b.n	10003758 <uart_init+0xac>
1000380e:	46c0      	nop			@ (mov r8, r8)
10003810:	40038000 	.word	0x40038000
10003814:	4000e000 	.word	0x4000e000
10003818:	4000f000 	.word	0x4000f000
1000381c:	4000c000 	.word	0x4000c000
10003820:	bffc8000 	.word	0xbffc8000
10003824:	200010c0 	.word	0x200010c0
10003828:	0000fffe 	.word	0x0000fffe
1000382c:	0000ffff 	.word	0x0000ffff
10003830:	003fffc0 	.word	0x003fffc0
10003834:	00000301 	.word	0x00000301
10003838:	00000e4e 	.word	0x00000e4e

1000383c <uart_set_format>:
1000383c:	3905      	subs	r1, #5
1000383e:	3a01      	subs	r2, #1
10003840:	b5f8      	push	{r3, r4, r5, r6, r7, lr}
10003842:	00d2      	lsls	r2, r2, #3
10003844:	014c      	lsls	r4, r1, #5
10003846:	0005      	movs	r5, r0
10003848:	4314      	orrs	r4, r2
1000384a:	2b00      	cmp	r3, #0
1000384c:	d006      	beq.n	1000385c <uart_set_format+0x20>
1000384e:	3b01      	subs	r3, #1
10003850:	425a      	negs	r2, r3
10003852:	4153      	adcs	r3, r2
10003854:	009b      	lsls	r3, r3, #2
10003856:	4323      	orrs	r3, r4
10003858:	2402      	movs	r4, #2
1000385a:	431c      	orrs	r4, r3
1000385c:	6b2e      	ldr	r6, [r5, #48]	@ 0x30
1000385e:	07f3      	lsls	r3, r6, #31
10003860:	d40b      	bmi.n	1000387a <uart_set_format+0x3e>
10003862:	226e      	movs	r2, #110	@ 0x6e
10003864:	6aeb      	ldr	r3, [r5, #44]	@ 0x2c
10003866:	0029      	movs	r1, r5
10003868:	4063      	eors	r3, r4
1000386a:	401a      	ands	r2, r3
1000386c:	2380      	movs	r3, #128	@ 0x80
1000386e:	312c      	adds	r1, #44	@ 0x2c
10003870:	015b      	lsls	r3, r3, #5
10003872:	430b      	orrs	r3, r1
10003874:	601a      	str	r2, [r3, #0]
10003876:	632e      	str	r6, [r5, #48]	@ 0x30
10003878:	bdf8      	pop	{r3, r4, r5, r6, r7, pc}
1000387a:	002a      	movs	r2, r5
1000387c:	23c0      	movs	r3, #192	@ 0xc0
1000387e:	3230      	adds	r2, #48	@ 0x30
10003880:	019b      	lsls	r3, r3, #6
10003882:	4313      	orrs	r3, r2
10003884:	4a0a      	ldr	r2, [pc, #40]	@ (100038b0 <uart_set_format+0x74>)
10003886:	2006      	movs	r0, #6
10003888:	601a      	str	r2, [r3, #0]
1000388a:	6a6f      	ldr	r7, [r5, #36]	@ 0x24
1000388c:	6aab      	ldr	r3, [r5, #40]	@ 0x28
1000388e:	01bf      	lsls	r7, r7, #6
10003890:	18ff      	adds	r7, r7, r3
10003892:	f000 f9a5 	bl	10003be0 <clock_get_hz>
10003896:	4907      	ldr	r1, [pc, #28]	@ (100038b4 <uart_set_format+0x78>)
10003898:	f001 ffe4 	bl	10005864 <__wrap___aeabi_uidiv>
1000389c:	02bf      	lsls	r7, r7, #10
1000389e:	0001      	movs	r1, r0
100038a0:	0038      	movs	r0, r7
100038a2:	f001 ffdf 	bl	10005864 <__wrap___aeabi_uidiv>
100038a6:	2100      	movs	r1, #0
100038a8:	f7ff fc04 	bl	100030b4 <busy_wait_us>
100038ac:	e7d9      	b.n	10003862 <uart_set_format+0x26>
100038ae:	46c0      	nop			@ (mov r8, r8)
100038b0:	00000301 	.word	0x00000301
100038b4:	00000e4e 	.word	0x00000e4e

100038b8 <uart_set_fifo_enabled>:
100038b8:	b5f8      	push	{r3, r4, r5, r6, r7, lr}
100038ba:	6b06      	ldr	r6, [r0, #48]	@ 0x30
100038bc:	0004      	movs	r4, r0
100038be:	010d      	lsls	r5, r1, #4
100038c0:	07f3      	lsls	r3, r6, #31
100038c2:	d40b      	bmi.n	100038dc <uart_set_fifo_enabled+0x24>
100038c4:	6ae3      	ldr	r3, [r4, #44]	@ 0x2c
100038c6:	0022      	movs	r2, r4
100038c8:	405d      	eors	r5, r3
100038ca:	2310      	movs	r3, #16
100038cc:	401d      	ands	r5, r3
100038ce:	2380      	movs	r3, #128	@ 0x80
100038d0:	322c      	adds	r2, #44	@ 0x2c
100038d2:	015b      	lsls	r3, r3, #5
100038d4:	4313      	orrs	r3, r2
100038d6:	601d      	str	r5, [r3, #0]
100038d8:	6326      	str	r6, [r4, #48]	@ 0x30
100038da:	bdf8      	pop	{r3, r4, r5, r6, r7, pc}
100038dc:	0002      	movs	r2, r0
100038de:	23c0      	movs	r3, #192	@ 0xc0
100038e0:	3230      	adds	r2, #48	@ 0x30
100038e2:	019b      	lsls	r3, r3, #6
100038e4:	4313      	orrs	r3, r2
100038e6:	4a0a      	ldr	r2, [pc, #40]	@ (10003910 <uart_set_fifo_enabled+0x58>)
100038e8:	601a      	str	r2, [r3, #0]
100038ea:	6a47      	ldr	r7, [r0, #36]	@ 0x24
100038ec:	6a83      	ldr	r3, [r0, #40]	@ 0x28
100038ee:	01bf      	lsls	r7, r7, #6
100038f0:	2006      	movs	r0, #6
100038f2:	18ff      	adds	r7, r7, r3
100038f4:	f000 f974 	bl	10003be0 <clock_get_hz>
100038f8:	4906      	ldr	r1, [pc, #24]	@ (10003914 <uart_set_fifo_enabled+0x5c>)
100038fa:	f001 ffb3 	bl	10005864 <__wrap___aeabi_uidiv>
100038fe:	02bf      	lsls	r7, r7, #10
10003900:	0001      	movs	r1, r0
10003902:	0038      	movs	r0, r7
10003904:	f001 ffae 	bl	10005864 <__wrap___aeabi_uidiv>
10003908:	2100      	movs	r1, #0
1000390a:	f7ff fbd3 	bl	100030b4 <busy_wait_us>
1000390e:	e7d9      	b.n	100038c4 <uart_set_fifo_enabled+0xc>
10003910:	00000301 	.word	0x00000301
10003914:	00000e4e 	.word	0x00000e4e

10003918 <clocks_init>:
10003918:	b510      	push	{r4, lr}
1000391a:	200c      	movs	r0, #12
1000391c:	b082      	sub	sp, #8
1000391e:	f000 f9b7 	bl	10003c90 <watchdog_start_tick>
10003922:	f7fe fd93 	bl	1000244c <running_on_fpga>
10003926:	2800      	cmp	r0, #0
10003928:	d010      	beq.n	1000394c <clocks_init+0x34>
1000392a:	4b8b      	ldr	r3, [pc, #556]	@ (10003b58 <clocks_init+0x240>)
1000392c:	488b      	ldr	r0, [pc, #556]	@ (10003b5c <clocks_init+0x244>)
1000392e:	498b      	ldr	r1, [pc, #556]	@ (10003b5c <clocks_init+0x244>)
10003930:	4a8b      	ldr	r2, [pc, #556]	@ (10003b60 <clocks_init+0x248>)
10003932:	6018      	str	r0, [r3, #0]
10003934:	6059      	str	r1, [r3, #4]
10003936:	6098      	str	r0, [r3, #8]
10003938:	60d9      	str	r1, [r3, #12]
1000393a:	6118      	str	r0, [r3, #16]
1000393c:	6159      	str	r1, [r3, #20]
1000393e:	6198      	str	r0, [r3, #24]
10003940:	61d9      	str	r1, [r3, #28]
10003942:	6218      	str	r0, [r3, #32]
10003944:	6259      	str	r1, [r3, #36]	@ 0x24
10003946:	625a      	str	r2, [r3, #36]	@ 0x24
10003948:	b002      	add	sp, #8
1000394a:	bd10      	pop	{r4, pc}
1000394c:	4c85      	ldr	r4, [pc, #532]	@ (10003b64 <clocks_init+0x24c>)
1000394e:	67a0      	str	r0, [r4, #120]	@ 0x78
10003950:	f000 f9a6 	bl	10003ca0 <xosc_init>
10003954:	2201      	movs	r2, #1
10003956:	4b84      	ldr	r3, [pc, #528]	@ (10003b68 <clocks_init+0x250>)
10003958:	601a      	str	r2, [r3, #0]
1000395a:	6c63      	ldr	r3, [r4, #68]	@ 0x44
1000395c:	2b01      	cmp	r3, #1
1000395e:	d1fc      	bne.n	1000395a <clocks_init+0x42>
10003960:	2203      	movs	r2, #3
10003962:	4b82      	ldr	r3, [pc, #520]	@ (10003b6c <clocks_init+0x254>)
10003964:	601a      	str	r2, [r3, #0]
10003966:	4a7f      	ldr	r2, [pc, #508]	@ (10003b64 <clocks_init+0x24c>)
10003968:	6b93      	ldr	r3, [r2, #56]	@ 0x38
1000396a:	2b01      	cmp	r3, #1
1000396c:	d1fc      	bne.n	10003968 <clocks_init+0x50>
1000396e:	3301      	adds	r3, #1
10003970:	2101      	movs	r1, #1
10003972:	4a7f      	ldr	r2, [pc, #508]	@ (10003b70 <clocks_init+0x258>)
10003974:	487f      	ldr	r0, [pc, #508]	@ (10003b74 <clocks_init+0x25c>)
10003976:	9300      	str	r3, [sp, #0]
10003978:	3304      	adds	r3, #4
1000397a:	f000 f937 	bl	10003bec <pll_init>
1000397e:	2305      	movs	r3, #5
10003980:	4a7d      	ldr	r2, [pc, #500]	@ (10003b78 <clocks_init+0x260>)
10003982:	9300      	str	r3, [sp, #0]
10003984:	2101      	movs	r1, #1
10003986:	487d      	ldr	r0, [pc, #500]	@ (10003b7c <clocks_init+0x264>)
10003988:	f000 f930 	bl	10003bec <pll_init>
1000398c:	4b7c      	ldr	r3, [pc, #496]	@ (10003b80 <clocks_init+0x268>)
1000398e:	685a      	ldr	r2, [r3, #4]
10003990:	2aff      	cmp	r2, #255	@ 0xff
10003992:	d802      	bhi.n	1000399a <clocks_init+0x82>
10003994:	2280      	movs	r2, #128	@ 0x80
10003996:	0052      	lsls	r2, r2, #1
10003998:	605a      	str	r2, [r3, #4]
1000399a:	2280      	movs	r2, #128	@ 0x80
1000399c:	4b73      	ldr	r3, [pc, #460]	@ (10003b6c <clocks_init+0x254>)
1000399e:	4c6e      	ldr	r4, [pc, #440]	@ (10003b58 <clocks_init+0x240>)
100039a0:	0112      	lsls	r2, r2, #4
100039a2:	601a      	str	r2, [r3, #0]
100039a4:	6921      	ldr	r1, [r4, #16]
100039a6:	2900      	cmp	r1, #0
100039a8:	d007      	beq.n	100039ba <clocks_init+0xa2>
100039aa:	6960      	ldr	r0, [r4, #20]
100039ac:	f001 ff5a 	bl	10005864 <__wrap___aeabi_uidiv>
100039b0:	3001      	adds	r0, #1
100039b2:	0043      	lsls	r3, r0, #1
100039b4:	181b      	adds	r3, r3, r0
100039b6:	3b03      	subs	r3, #3
100039b8:	d2fd      	bcs.n	100039b6 <clocks_init+0x9e>
100039ba:	23e0      	movs	r3, #224	@ 0xe0
100039bc:	4a70      	ldr	r2, [pc, #448]	@ (10003b80 <clocks_init+0x268>)
100039be:	4871      	ldr	r0, [pc, #452]	@ (10003b84 <clocks_init+0x26c>)
100039c0:	6811      	ldr	r1, [r2, #0]
100039c2:	400b      	ands	r3, r1
100039c4:	6003      	str	r3, [r0, #0]
100039c6:	2302      	movs	r3, #2
100039c8:	6811      	ldr	r1, [r2, #0]
100039ca:	4059      	eors	r1, r3
100039cc:	3301      	adds	r3, #1
100039ce:	400b      	ands	r3, r1
100039d0:	2104      	movs	r1, #4
100039d2:	6003      	str	r3, [r0, #0]
100039d4:	6893      	ldr	r3, [r2, #8]
100039d6:	4219      	tst	r1, r3
100039d8:	d0fc      	beq.n	100039d4 <clocks_init+0xbc>
100039da:	2180      	movs	r1, #128	@ 0x80
100039dc:	4b6a      	ldr	r3, [pc, #424]	@ (10003b88 <clocks_init+0x270>)
100039de:	0109      	lsls	r1, r1, #4
100039e0:	6019      	str	r1, [r3, #0]
100039e2:	2180      	movs	r1, #128	@ 0x80
100039e4:	4b69      	ldr	r3, [pc, #420]	@ (10003b8c <clocks_init+0x274>)
100039e6:	0049      	lsls	r1, r1, #1
100039e8:	6051      	str	r1, [r2, #4]
100039ea:	6123      	str	r3, [r4, #16]
100039ec:	4b68      	ldr	r3, [pc, #416]	@ (10003b90 <clocks_init+0x278>)
100039ee:	685a      	ldr	r2, [r3, #4]
100039f0:	2aff      	cmp	r2, #255	@ 0xff
100039f2:	d800      	bhi.n	100039f6 <clocks_init+0xde>
100039f4:	6059      	str	r1, [r3, #4]
100039f6:	2203      	movs	r2, #3
100039f8:	2101      	movs	r1, #1
100039fa:	4b5b      	ldr	r3, [pc, #364]	@ (10003b68 <clocks_init+0x250>)
100039fc:	601a      	str	r2, [r3, #0]
100039fe:	4a64      	ldr	r2, [pc, #400]	@ (10003b90 <clocks_init+0x278>)
10003a00:	6893      	ldr	r3, [r2, #8]
10003a02:	4219      	tst	r1, r3
10003a04:	d0fc      	beq.n	10003a00 <clocks_init+0xe8>
10003a06:	23e0      	movs	r3, #224	@ 0xe0
10003a08:	6810      	ldr	r0, [r2, #0]
10003a0a:	4003      	ands	r3, r0
10003a0c:	4861      	ldr	r0, [pc, #388]	@ (10003b94 <clocks_init+0x27c>)
10003a0e:	6003      	str	r3, [r0, #0]
10003a10:	6812      	ldr	r2, [r2, #0]
10003a12:	2303      	movs	r3, #3
10003a14:	404a      	eors	r2, r1
10003a16:	2102      	movs	r1, #2
10003a18:	4013      	ands	r3, r2
10003a1a:	4a5d      	ldr	r2, [pc, #372]	@ (10003b90 <clocks_init+0x278>)
10003a1c:	6003      	str	r3, [r0, #0]
10003a1e:	6893      	ldr	r3, [r2, #8]
10003a20:	4219      	tst	r1, r3
10003a22:	d0fc      	beq.n	10003a1e <clocks_init+0x106>
10003a24:	2180      	movs	r1, #128	@ 0x80
10003a26:	4b5c      	ldr	r3, [pc, #368]	@ (10003b98 <clocks_init+0x280>)
10003a28:	0109      	lsls	r1, r1, #4
10003a2a:	6019      	str	r1, [r3, #0]
10003a2c:	2180      	movs	r1, #128	@ 0x80
10003a2e:	4b5b      	ldr	r3, [pc, #364]	@ (10003b9c <clocks_init+0x284>)
10003a30:	0049      	lsls	r1, r1, #1
10003a32:	6051      	str	r1, [r2, #4]
10003a34:	6163      	str	r3, [r4, #20]
10003a36:	4b5a      	ldr	r3, [pc, #360]	@ (10003ba0 <clocks_init+0x288>)
10003a38:	685a      	ldr	r2, [r3, #4]
10003a3a:	2aff      	cmp	r2, #255	@ 0xff
10003a3c:	d800      	bhi.n	10003a40 <clocks_init+0x128>
10003a3e:	6059      	str	r1, [r3, #4]
10003a40:	2280      	movs	r2, #128	@ 0x80
10003a42:	4b58      	ldr	r3, [pc, #352]	@ (10003ba4 <clocks_init+0x28c>)
10003a44:	0112      	lsls	r2, r2, #4
10003a46:	601a      	str	r2, [r3, #0]
10003a48:	69e1      	ldr	r1, [r4, #28]
10003a4a:	2900      	cmp	r1, #0
10003a4c:	d007      	beq.n	10003a5e <clocks_init+0x146>
10003a4e:	6960      	ldr	r0, [r4, #20]
10003a50:	f001 ff08 	bl	10005864 <__wrap___aeabi_uidiv>
10003a54:	3001      	adds	r0, #1
10003a56:	0043      	lsls	r3, r0, #1
10003a58:	181b      	adds	r3, r3, r0
10003a5a:	3b03      	subs	r3, #3
10003a5c:	d2fd      	bcs.n	10003a5a <clocks_init+0x142>
10003a5e:	23e0      	movs	r3, #224	@ 0xe0
10003a60:	4a4f      	ldr	r2, [pc, #316]	@ (10003ba0 <clocks_init+0x288>)
10003a62:	6811      	ldr	r1, [r2, #0]
10003a64:	400b      	ands	r3, r1
10003a66:	4950      	ldr	r1, [pc, #320]	@ (10003ba8 <clocks_init+0x290>)
10003a68:	600b      	str	r3, [r1, #0]
10003a6a:	2180      	movs	r1, #128	@ 0x80
10003a6c:	4b4f      	ldr	r3, [pc, #316]	@ (10003bac <clocks_init+0x294>)
10003a6e:	0109      	lsls	r1, r1, #4
10003a70:	6019      	str	r1, [r3, #0]
10003a72:	2180      	movs	r1, #128	@ 0x80
10003a74:	4b39      	ldr	r3, [pc, #228]	@ (10003b5c <clocks_init+0x244>)
10003a76:	0049      	lsls	r1, r1, #1
10003a78:	6051      	str	r1, [r2, #4]
10003a7a:	61e3      	str	r3, [r4, #28]
10003a7c:	4b4c      	ldr	r3, [pc, #304]	@ (10003bb0 <clocks_init+0x298>)
10003a7e:	685a      	ldr	r2, [r3, #4]
10003a80:	2aff      	cmp	r2, #255	@ 0xff
10003a82:	d800      	bhi.n	10003a86 <clocks_init+0x16e>
10003a84:	6059      	str	r1, [r3, #4]
10003a86:	2280      	movs	r2, #128	@ 0x80
10003a88:	4b4a      	ldr	r3, [pc, #296]	@ (10003bb4 <clocks_init+0x29c>)
10003a8a:	0112      	lsls	r2, r2, #4
10003a8c:	601a      	str	r2, [r3, #0]
10003a8e:	6a21      	ldr	r1, [r4, #32]
10003a90:	2900      	cmp	r1, #0
10003a92:	d007      	beq.n	10003aa4 <clocks_init+0x18c>
10003a94:	6960      	ldr	r0, [r4, #20]
10003a96:	f001 fee5 	bl	10005864 <__wrap___aeabi_uidiv>
10003a9a:	3001      	adds	r0, #1
10003a9c:	0043      	lsls	r3, r0, #1
10003a9e:	181b      	adds	r3, r3, r0
10003aa0:	3b03      	subs	r3, #3
10003aa2:	d2fd      	bcs.n	10003aa0 <clocks_init+0x188>
10003aa4:	23e0      	movs	r3, #224	@ 0xe0
10003aa6:	4a42      	ldr	r2, [pc, #264]	@ (10003bb0 <clocks_init+0x298>)
10003aa8:	6811      	ldr	r1, [r2, #0]
10003aaa:	400b      	ands	r3, r1
10003aac:	4942      	ldr	r1, [pc, #264]	@ (10003bb8 <clocks_init+0x2a0>)
10003aae:	600b      	str	r3, [r1, #0]
10003ab0:	2180      	movs	r1, #128	@ 0x80
10003ab2:	4b42      	ldr	r3, [pc, #264]	@ (10003bbc <clocks_init+0x2a4>)
10003ab4:	0109      	lsls	r1, r1, #4
10003ab6:	6019      	str	r1, [r3, #0]
10003ab8:	2380      	movs	r3, #128	@ 0x80
10003aba:	005b      	lsls	r3, r3, #1
10003abc:	6053      	str	r3, [r2, #4]
10003abe:	2280      	movs	r2, #128	@ 0x80
10003ac0:	4b26      	ldr	r3, [pc, #152]	@ (10003b5c <clocks_init+0x244>)
10003ac2:	02d2      	lsls	r2, r2, #11
10003ac4:	6223      	str	r3, [r4, #32]
10003ac6:	4b3e      	ldr	r3, [pc, #248]	@ (10003bc0 <clocks_init+0x2a8>)
10003ac8:	6859      	ldr	r1, [r3, #4]
10003aca:	4291      	cmp	r1, r2
10003acc:	d200      	bcs.n	10003ad0 <clocks_init+0x1b8>
10003ace:	605a      	str	r2, [r3, #4]
10003ad0:	2280      	movs	r2, #128	@ 0x80
10003ad2:	4b3c      	ldr	r3, [pc, #240]	@ (10003bc4 <clocks_init+0x2ac>)
10003ad4:	0112      	lsls	r2, r2, #4
10003ad6:	601a      	str	r2, [r3, #0]
10003ad8:	6a61      	ldr	r1, [r4, #36]	@ 0x24
10003ada:	2900      	cmp	r1, #0
10003adc:	d007      	beq.n	10003aee <clocks_init+0x1d6>
10003ade:	6960      	ldr	r0, [r4, #20]
10003ae0:	f001 fec0 	bl	10005864 <__wrap___aeabi_uidiv>
10003ae4:	3001      	adds	r0, #1
10003ae6:	0043      	lsls	r3, r0, #1
10003ae8:	181b      	adds	r3, r3, r0
10003aea:	3b03      	subs	r3, #3
10003aec:	d2fd      	bcs.n	10003aea <clocks_init+0x1d2>
10003aee:	23e0      	movs	r3, #224	@ 0xe0
10003af0:	4a33      	ldr	r2, [pc, #204]	@ (10003bc0 <clocks_init+0x2a8>)
10003af2:	6811      	ldr	r1, [r2, #0]
10003af4:	400b      	ands	r3, r1
10003af6:	4934      	ldr	r1, [pc, #208]	@ (10003bc8 <clocks_init+0x2b0>)
10003af8:	600b      	str	r3, [r1, #0]
10003afa:	2180      	movs	r1, #128	@ 0x80
10003afc:	4b33      	ldr	r3, [pc, #204]	@ (10003bcc <clocks_init+0x2b4>)
10003afe:	0109      	lsls	r1, r1, #4
10003b00:	6019      	str	r1, [r3, #0]
10003b02:	2380      	movs	r3, #128	@ 0x80
10003b04:	02db      	lsls	r3, r3, #11
10003b06:	6053      	str	r3, [r2, #4]
10003b08:	4b15      	ldr	r3, [pc, #84]	@ (10003b60 <clocks_init+0x248>)
10003b0a:	6263      	str	r3, [r4, #36]	@ 0x24
10003b0c:	4b30      	ldr	r3, [pc, #192]	@ (10003bd0 <clocks_init+0x2b8>)
10003b0e:	685a      	ldr	r2, [r3, #4]
10003b10:	2aff      	cmp	r2, #255	@ 0xff
10003b12:	d802      	bhi.n	10003b1a <clocks_init+0x202>
10003b14:	2280      	movs	r2, #128	@ 0x80
10003b16:	0052      	lsls	r2, r2, #1
10003b18:	605a      	str	r2, [r3, #4]
10003b1a:	2280      	movs	r2, #128	@ 0x80
10003b1c:	4b2d      	ldr	r3, [pc, #180]	@ (10003bd4 <clocks_init+0x2bc>)
10003b1e:	0112      	lsls	r2, r2, #4
10003b20:	601a      	str	r2, [r3, #0]
10003b22:	69a1      	ldr	r1, [r4, #24]
10003b24:	2900      	cmp	r1, #0
10003b26:	d007      	beq.n	10003b38 <clocks_init+0x220>
10003b28:	6960      	ldr	r0, [r4, #20]
10003b2a:	f001 fe9b 	bl	10005864 <__wrap___aeabi_uidiv>
10003b2e:	3001      	adds	r0, #1
10003b30:	0043      	lsls	r3, r0, #1
10003b32:	181b      	adds	r3, r3, r0
10003b34:	3b03      	subs	r3, #3
10003b36:	d2fd      	bcs.n	10003b34 <clocks_init+0x21c>
10003b38:	23e0      	movs	r3, #224	@ 0xe0
10003b3a:	4a25      	ldr	r2, [pc, #148]	@ (10003bd0 <clocks_init+0x2b8>)
10003b3c:	6811      	ldr	r1, [r2, #0]
10003b3e:	400b      	ands	r3, r1
10003b40:	4925      	ldr	r1, [pc, #148]	@ (10003bd8 <clocks_init+0x2c0>)
10003b42:	600b      	str	r3, [r1, #0]
10003b44:	2180      	movs	r1, #128	@ 0x80
10003b46:	4b25      	ldr	r3, [pc, #148]	@ (10003bdc <clocks_init+0x2c4>)
10003b48:	0109      	lsls	r1, r1, #4
10003b4a:	6019      	str	r1, [r3, #0]
10003b4c:	2380      	movs	r3, #128	@ 0x80
10003b4e:	005b      	lsls	r3, r3, #1
10003b50:	6053      	str	r3, [r2, #4]
10003b52:	4b12      	ldr	r3, [pc, #72]	@ (10003b9c <clocks_init+0x284>)
10003b54:	61a3      	str	r3, [r4, #24]
10003b56:	e6f7      	b.n	10003948 <clocks_init+0x30>
10003b58:	20000928 	.word	0x20000928
10003b5c:	02dc6c00 	.word	0x02dc6c00
10003b60:	0000b71b 	.word	0x0000b71b
10003b64:	40008000 	.word	0x40008000
10003b68:	4000b03c 	.word	0x4000b03c
10003b6c:	4000b030 	.word	0x4000b030
10003b70:	59682f00 	.word	0x59682f00
10003b74:	40028000 	.word	0x40028000
10003b78:	47868c00 	.word	0x47868c00
10003b7c:	4002c000 	.word	0x4002c000
10003b80:	40008030 	.word	0x40008030
10003b84:	40009030 	.word	0x40009030
10003b88:	4000a030 	.word	0x4000a030
10003b8c:	00b71b00 	.word	0x00b71b00
10003b90:	4000803c 	.word	0x4000803c
10003b94:	4000903c 	.word	0x4000903c
10003b98:	4000a03c 	.word	0x4000a03c
10003b9c:	07735940 	.word	0x07735940
10003ba0:	40008054 	.word	0x40008054
10003ba4:	4000b054 	.word	0x4000b054
10003ba8:	40009054 	.word	0x40009054
10003bac:	4000a054 	.word	0x4000a054
10003bb0:	40008060 	.word	0x40008060
10003bb4:	4000b060 	.word	0x4000b060
10003bb8:	40009060 	.word	0x40009060
10003bbc:	4000a060 	.word	0x4000a060
10003bc0:	4000806c 	.word	0x4000806c
10003bc4:	4000b06c 	.word	0x4000b06c
10003bc8:	4000906c 	.word	0x4000906c
10003bcc:	4000a06c 	.word	0x4000a06c
10003bd0:	40008048 	.word	0x40008048
10003bd4:	4000b048 	.word	0x4000b048
10003bd8:	40009048 	.word	0x40009048
10003bdc:	4000a048 	.word	0x4000a048

10003be0 <clock_get_hz>:
10003be0:	4b01      	ldr	r3, [pc, #4]	@ (10003be8 <clock_get_hz+0x8>)
10003be2:	0080      	lsls	r0, r0, #2
10003be4:	58c0      	ldr	r0, [r0, r3]
10003be6:	4770      	bx	lr
10003be8:	20000928 	.word	0x20000928

10003bec <pll_init>:
10003bec:	b5f8      	push	{r3, r4, r5, r6, r7, lr}
10003bee:	0004      	movs	r4, r0
10003bf0:	4822      	ldr	r0, [pc, #136]	@ (10003c7c <pll_init+0x90>)
10003bf2:	001e      	movs	r6, r3
10003bf4:	0017      	movs	r7, r2
10003bf6:	000d      	movs	r5, r1
10003bf8:	f001 fe34 	bl	10005864 <__wrap___aeabi_uidiv>
10003bfc:	0001      	movs	r1, r0
10003bfe:	0038      	movs	r0, r7
10003c00:	f001 fe30 	bl	10005864 <__wrap___aeabi_uidiv>
10003c04:	9b06      	ldr	r3, [sp, #24]
10003c06:	0436      	lsls	r6, r6, #16
10003c08:	031b      	lsls	r3, r3, #12
10003c0a:	431e      	orrs	r6, r3
10003c0c:	6823      	ldr	r3, [r4, #0]
10003c0e:	2b00      	cmp	r3, #0
10003c10:	db22      	blt.n	10003c58 <pll_init+0x6c>
10003c12:	4b1b      	ldr	r3, [pc, #108]	@ (10003c80 <pll_init+0x94>)
10003c14:	491b      	ldr	r1, [pc, #108]	@ (10003c84 <pll_init+0x98>)
10003c16:	18e3      	adds	r3, r4, r3
10003c18:	1e5a      	subs	r2, r3, #1
10003c1a:	4193      	sbcs	r3, r2
10003c1c:	2280      	movs	r2, #128	@ 0x80
10003c1e:	0192      	lsls	r2, r2, #6
10003c20:	4694      	mov	ip, r2
10003c22:	425b      	negs	r3, r3
10003c24:	0b1b      	lsrs	r3, r3, #12
10003c26:	4a18      	ldr	r2, [pc, #96]	@ (10003c88 <pll_init+0x9c>)
10003c28:	031b      	lsls	r3, r3, #12
10003c2a:	4463      	add	r3, ip
10003c2c:	6013      	str	r3, [r2, #0]
10003c2e:	4a17      	ldr	r2, [pc, #92]	@ (10003c8c <pll_init+0xa0>)
10003c30:	6013      	str	r3, [r2, #0]
10003c32:	001f      	movs	r7, r3
10003c34:	688a      	ldr	r2, [r1, #8]
10003c36:	4397      	bics	r7, r2
10003c38:	d1fb      	bne.n	10003c32 <pll_init+0x46>
10003c3a:	22c0      	movs	r2, #192	@ 0xc0
10003c3c:	1d23      	adds	r3, r4, #4
10003c3e:	0192      	lsls	r2, r2, #6
10003c40:	431a      	orrs	r2, r3
10003c42:	2321      	movs	r3, #33	@ 0x21
10003c44:	6025      	str	r5, [r4, #0]
10003c46:	60a0      	str	r0, [r4, #8]
10003c48:	6013      	str	r3, [r2, #0]
10003c4a:	6823      	ldr	r3, [r4, #0]
10003c4c:	2b00      	cmp	r3, #0
10003c4e:	dafc      	bge.n	10003c4a <pll_init+0x5e>
10003c50:	2308      	movs	r3, #8
10003c52:	60e6      	str	r6, [r4, #12]
10003c54:	6013      	str	r3, [r2, #0]
10003c56:	bdf8      	pop	{r3, r4, r5, r6, r7, pc}
10003c58:	233f      	movs	r3, #63	@ 0x3f
10003c5a:	6822      	ldr	r2, [r4, #0]
10003c5c:	4013      	ands	r3, r2
10003c5e:	42ab      	cmp	r3, r5
10003c60:	d1d7      	bne.n	10003c12 <pll_init+0x26>
10003c62:	68a3      	ldr	r3, [r4, #8]
10003c64:	051b      	lsls	r3, r3, #20
10003c66:	0d1b      	lsrs	r3, r3, #20
10003c68:	4283      	cmp	r3, r0
10003c6a:	d1d2      	bne.n	10003c12 <pll_init+0x26>
10003c6c:	22ee      	movs	r2, #238	@ 0xee
10003c6e:	68e3      	ldr	r3, [r4, #12]
10003c70:	02d2      	lsls	r2, r2, #11
10003c72:	4013      	ands	r3, r2
10003c74:	42b3      	cmp	r3, r6
10003c76:	d1cc      	bne.n	10003c12 <pll_init+0x26>
10003c78:	e7ed      	b.n	10003c56 <pll_init+0x6a>
10003c7a:	46c0      	nop			@ (mov r8, r8)
10003c7c:	00b71b00 	.word	0x00b71b00
10003c80:	bffd4000 	.word	0xbffd4000
10003c84:	4000c000 	.word	0x4000c000
10003c88:	4000e000 	.word	0x4000e000
10003c8c:	4000f000 	.word	0x4000f000

10003c90 <watchdog_start_tick>:
10003c90:	2380      	movs	r3, #128	@ 0x80
10003c92:	4a02      	ldr	r2, [pc, #8]	@ (10003c9c <watchdog_start_tick+0xc>)
10003c94:	009b      	lsls	r3, r3, #2
10003c96:	4303      	orrs	r3, r0
10003c98:	62d3      	str	r3, [r2, #44]	@ 0x2c
10003c9a:	4770      	bx	lr
10003c9c:	40058000 	.word	0x40058000

10003ca0 <xosc_init>:
10003ca0:	23aa      	movs	r3, #170	@ 0xaa
10003ca2:	4a06      	ldr	r2, [pc, #24]	@ (10003cbc <xosc_init+0x1c>)
10003ca4:	011b      	lsls	r3, r3, #4
10003ca6:	6013      	str	r3, [r2, #0]
10003ca8:	232f      	movs	r3, #47	@ 0x2f
10003caa:	4905      	ldr	r1, [pc, #20]	@ (10003cc0 <xosc_init+0x20>)
10003cac:	60d3      	str	r3, [r2, #12]
10003cae:	4b05      	ldr	r3, [pc, #20]	@ (10003cc4 <xosc_init+0x24>)
10003cb0:	6019      	str	r1, [r3, #0]
10003cb2:	6853      	ldr	r3, [r2, #4]
10003cb4:	2b00      	cmp	r3, #0
10003cb6:	dafc      	bge.n	10003cb2 <xosc_init+0x12>
10003cb8:	4770      	bx	lr
10003cba:	46c0      	nop			@ (mov r8, r8)
10003cbc:	40024000 	.word	0x40024000
10003cc0:	00fab000 	.word	0x00fab000
10003cc4:	40026000 	.word	0x40026000

10003cc8 <runtime_init>:
10003cc8:	4b2c      	ldr	r3, [pc, #176]	@ (10003d7c <runtime_init+0xb4>)
10003cca:	4a2d      	ldr	r2, [pc, #180]	@ (10003d80 <runtime_init+0xb8>)
10003ccc:	b570      	push	{r4, r5, r6, lr}
10003cce:	601a      	str	r2, [r3, #0]
10003cd0:	4a2c      	ldr	r2, [pc, #176]	@ (10003d84 <runtime_init+0xbc>)
10003cd2:	4b2d      	ldr	r3, [pc, #180]	@ (10003d88 <runtime_init+0xc0>)
10003cd4:	492d      	ldr	r1, [pc, #180]	@ (10003d8c <runtime_init+0xc4>)
10003cd6:	601a      	str	r2, [r3, #0]
10003cd8:	0014      	movs	r4, r2
10003cda:	688b      	ldr	r3, [r1, #8]
10003cdc:	439c      	bics	r4, r3
10003cde:	d1fb      	bne.n	10003cd8 <runtime_init+0x10>
10003ce0:	4d2b      	ldr	r5, [pc, #172]	@ (10003d90 <runtime_init+0xc8>)
10003ce2:	4e2c      	ldr	r6, [pc, #176]	@ (10003d94 <runtime_init+0xcc>)
10003ce4:	42b5      	cmp	r5, r6
10003ce6:	d208      	bcs.n	10003cfa <runtime_init+0x32>
10003ce8:	3e01      	subs	r6, #1
10003cea:	1b76      	subs	r6, r6, r5
10003cec:	08b6      	lsrs	r6, r6, #2
10003cee:	cd08      	ldmia	r5!, {r3}
10003cf0:	4798      	blx	r3
10003cf2:	0023      	movs	r3, r4
10003cf4:	3401      	adds	r4, #1
10003cf6:	42b3      	cmp	r3, r6
10003cf8:	d1f9      	bne.n	10003cee <runtime_init+0x26>
10003cfa:	f7ff fe0d 	bl	10003918 <clocks_init>
10003cfe:	4a26      	ldr	r2, [pc, #152]	@ (10003d98 <runtime_init+0xd0>)
10003d00:	4b21      	ldr	r3, [pc, #132]	@ (10003d88 <runtime_init+0xc0>)
10003d02:	601a      	str	r2, [r3, #0]
10003d04:	4a21      	ldr	r2, [pc, #132]	@ (10003d8c <runtime_init+0xc4>)
10003d06:	6893      	ldr	r3, [r2, #8]
10003d08:	43db      	mvns	r3, r3
10003d0a:	01db      	lsls	r3, r3, #7
10003d0c:	09dd      	lsrs	r5, r3, #7
10003d0e:	2b00      	cmp	r3, #0
10003d10:	d1f9      	bne.n	10003d06 <runtime_init+0x3e>
10003d12:	2240      	movs	r2, #64	@ 0x40
10003d14:	4b21      	ldr	r3, [pc, #132]	@ (10003d9c <runtime_init+0xd4>)
10003d16:	4c22      	ldr	r4, [pc, #136]	@ (10003da0 <runtime_init+0xd8>)
10003d18:	4e22      	ldr	r6, [pc, #136]	@ (10003da4 <runtime_init+0xdc>)
10003d1a:	679a      	str	r2, [r3, #120]	@ 0x78
10003d1c:	675a      	str	r2, [r3, #116]	@ 0x74
10003d1e:	671a      	str	r2, [r3, #112]	@ 0x70
10003d20:	66da      	str	r2, [r3, #108]	@ 0x6c
10003d22:	42b4      	cmp	r4, r6
10003d24:	d208      	bcs.n	10003d38 <runtime_init+0x70>
10003d26:	6823      	ldr	r3, [r4, #0]
10003d28:	0020      	movs	r0, r4
10003d2a:	2b00      	cmp	r3, #0
10003d2c:	d020      	beq.n	10003d70 <runtime_init+0xa8>
10003d2e:	3408      	adds	r4, #8
10003d30:	f7fe fd74 	bl	1000281c <recursive_mutex_init>
10003d34:	42b4      	cmp	r4, r6
10003d36:	d3f6      	bcc.n	10003d26 <runtime_init+0x5e>
10003d38:	4c1b      	ldr	r4, [pc, #108]	@ (10003da8 <runtime_init+0xe0>)
10003d3a:	4e1c      	ldr	r6, [pc, #112]	@ (10003dac <runtime_init+0xe4>)
10003d3c:	22c0      	movs	r2, #192	@ 0xc0
10003d3e:	68b1      	ldr	r1, [r6, #8]
10003d40:	0020      	movs	r0, r4
10003d42:	f003 f9a5 	bl	10007090 <__wrap___aeabi_memcpy>
10003d46:	60b4      	str	r4, [r6, #8]
10003d48:	f7fe fbaa 	bl	100024a0 <spin_locks_reset>
10003d4c:	f7fe fd3e 	bl	100027cc <irq_init_priorities>
10003d50:	f7fe fef8 	bl	10002b44 <alarm_pool_init_default>
10003d54:	4c16      	ldr	r4, [pc, #88]	@ (10003db0 <runtime_init+0xe8>)
10003d56:	4e17      	ldr	r6, [pc, #92]	@ (10003db4 <runtime_init+0xec>)
10003d58:	42b4      	cmp	r4, r6
10003d5a:	d208      	bcs.n	10003d6e <runtime_init+0xa6>
10003d5c:	3e01      	subs	r6, #1
10003d5e:	1b36      	subs	r6, r6, r4
10003d60:	08b6      	lsrs	r6, r6, #2
10003d62:	cc08      	ldmia	r4!, {r3}
10003d64:	4798      	blx	r3
10003d66:	002b      	movs	r3, r5
10003d68:	3501      	adds	r5, #1
10003d6a:	429e      	cmp	r6, r3
10003d6c:	d1f9      	bne.n	10003d62 <runtime_init+0x9a>
10003d6e:	bd70      	pop	{r4, r5, r6, pc}
10003d70:	3408      	adds	r4, #8
10003d72:	f7fe fd45 	bl	10002800 <mutex_init>
10003d76:	42b4      	cmp	r4, r6
10003d78:	d3d5      	bcc.n	10003d26 <runtime_init+0x5e>
10003d7a:	e7dd      	b.n	10003d38 <runtime_init+0x70>
10003d7c:	4000e000 	.word	0x4000e000
10003d80:	fefbcdbf 	.word	0xfefbcdbf
10003d84:	003c7ffe 	.word	0x003c7ffe
10003d88:	4000f000 	.word	0x4000f000
10003d8c:	4000c000 	.word	0x4000c000
10003d90:	20000900 	.word	0x20000900
10003d94:	20000910 	.word	0x20000910
10003d98:	01ffffff 	.word	0x01ffffff
10003d9c:	4001f000 	.word	0x4001f000
10003da0:	200008f8 	.word	0x200008f8
10003da4:	20000900 	.word	0x20000900
10003da8:	20000000 	.word	0x20000000
10003dac:	e000ed00 	.word	0xe000ed00
10003db0:	20000910 	.word	0x20000910
10003db4:	20000914 	.word	0x20000914

10003db8 <_exit>:
10003db8:	be00      	bkpt	0x0000
10003dba:	e7fd      	b.n	10003db8 <_exit>

10003dbc <_sbrk>:
10003dbc:	4a09      	ldr	r2, [pc, #36]	@ (10003de4 <_sbrk+0x28>)
10003dbe:	0003      	movs	r3, r0
10003dc0:	6810      	ldr	r0, [r2, #0]
10003dc2:	2800      	cmp	r0, #0
10003dc4:	d005      	beq.n	10003dd2 <_sbrk+0x16>
10003dc6:	4908      	ldr	r1, [pc, #32]	@ (10003de8 <_sbrk+0x2c>)
10003dc8:	18c3      	adds	r3, r0, r3
10003dca:	428b      	cmp	r3, r1
10003dcc:	d807      	bhi.n	10003dde <_sbrk+0x22>
10003dce:	6013      	str	r3, [r2, #0]
10003dd0:	4770      	bx	lr
10003dd2:	4806      	ldr	r0, [pc, #24]	@ (10003dec <_sbrk+0x30>)
10003dd4:	4904      	ldr	r1, [pc, #16]	@ (10003de8 <_sbrk+0x2c>)
10003dd6:	18c3      	adds	r3, r0, r3
10003dd8:	6010      	str	r0, [r2, #0]
10003dda:	428b      	cmp	r3, r1
10003ddc:	d9f7      	bls.n	10003dce <_sbrk+0x12>
10003dde:	2001      	movs	r0, #1
10003de0:	4240      	negs	r0, r0
10003de2:	e7f5      	b.n	10003dd0 <_sbrk+0x14>
10003de4:	20000eec 	.word	0x20000eec
10003de8:	20040000 	.word	0x20040000
10003dec:	200010d4 	.word	0x200010d4

10003df0 <exit>:
10003df0:	b510      	push	{r4, lr}
10003df2:	f7ff ffe1 	bl	10003db8 <_exit>
10003df6:	46c0      	nop			@ (mov r8, r8)

10003df8 <__assert_func>:
10003df8:	b530      	push	{r4, r5, lr}
10003dfa:	000d      	movs	r5, r1
10003dfc:	b083      	sub	sp, #12
10003dfe:	0019      	movs	r1, r3
10003e00:	2a00      	cmp	r2, #0
10003e02:	d00b      	beq.n	10003e1c <__assert_func+0x24>
10003e04:	4b07      	ldr	r3, [pc, #28]	@ (10003e24 <__assert_func+0x2c>)
10003e06:	4c08      	ldr	r4, [pc, #32]	@ (10003e28 <__assert_func+0x30>)
10003e08:	9201      	str	r2, [sp, #4]
10003e0a:	9300      	str	r3, [sp, #0]
10003e0c:	0002      	movs	r2, r0
10003e0e:	002b      	movs	r3, r5
10003e10:	0020      	movs	r0, r4
10003e12:	f001 fc8d 	bl	10005730 <weak_raw_printf>
10003e16:	2001      	movs	r0, #1
10003e18:	f7ff ffce 	bl	10003db8 <_exit>
10003e1c:	4b03      	ldr	r3, [pc, #12]	@ (10003e2c <__assert_func+0x34>)
10003e1e:	001a      	movs	r2, r3
10003e20:	e7f1      	b.n	10003e06 <__assert_func+0xe>
10003e22:	46c0      	nop			@ (mov r8, r8)
10003e24:	1000ad7c 	.word	0x1000ad7c
10003e28:	1000ad8c 	.word	0x1000ad8c
10003e2c:	1000a9a0 	.word	0x1000a9a0

10003e30 <panic>:
10003e30:	b40f      	push	{r0, r1, r2, r3}
10003e32:	b500      	push	{lr}
10003e34:	4808      	ldr	r0, [pc, #32]	@ (10003e58 <panic+0x28>)
10003e36:	b083      	sub	sp, #12
10003e38:	f003 fa04 	bl	10007244 <__wrap_puts>
10003e3c:	9b04      	ldr	r3, [sp, #16]
10003e3e:	2b00      	cmp	r3, #0
10003e40:	d007      	beq.n	10003e52 <panic+0x22>
10003e42:	a905      	add	r1, sp, #20
10003e44:	0018      	movs	r0, r3
10003e46:	9101      	str	r1, [sp, #4]
10003e48:	f001 fc92 	bl	10005770 <weak_raw_vprintf>
10003e4c:	4803      	ldr	r0, [pc, #12]	@ (10003e5c <panic+0x2c>)
10003e4e:	f003 f9f9 	bl	10007244 <__wrap_puts>
10003e52:	2001      	movs	r0, #1
10003e54:	f7ff ffb0 	bl	10003db8 <_exit>
10003e58:	1000adbc 	.word	0x1000adbc
10003e5c:	1000aa88 	.word	0x1000aa88

10003e60 <hard_assertion_failure>:
10003e60:	b510      	push	{r4, lr}
10003e62:	4801      	ldr	r0, [pc, #4]	@ (10003e68 <hard_assertion_failure+0x8>)
10003e64:	f7ff ffe4 	bl	10003e30 <panic>
10003e68:	1000adcc 	.word	0x1000adcc

10003e6c <_out_null>:
10003e6c:	4770      	bx	lr
10003e6e:	46c0      	nop			@ (mov r8, r8)

10003e70 <_out_rev>:
10003e70:	b5f8      	push	{r3, r4, r5, r6, r7, lr}
10003e72:	4657      	mov	r7, sl
10003e74:	46de      	mov	lr, fp
10003e76:	464e      	mov	r6, r9
10003e78:	4645      	mov	r5, r8
10003e7a:	b5e0      	push	{r5, r6, r7, lr}
10003e7c:	4699      	mov	r9, r3
10003e7e:	9b0a      	ldr	r3, [sp, #40]	@ 0x28
10003e80:	0007      	movs	r7, r0
10003e82:	469a      	mov	sl, r3
10003e84:	9b0d      	ldr	r3, [sp, #52]	@ 0x34
10003e86:	4688      	mov	r8, r1
10003e88:	4693      	mov	fp, r2
10003e8a:	9c0b      	ldr	r4, [sp, #44]	@ 0x2c
10003e8c:	079b      	lsls	r3, r3, #30
10003e8e:	d13b      	bne.n	10003f08 <_out_rev+0x98>
10003e90:	9b0c      	ldr	r3, [sp, #48]	@ 0x30
10003e92:	429c      	cmp	r4, r3
10003e94:	d23d      	bcs.n	10003f12 <_out_rev+0xa2>
10003e96:	1b1e      	subs	r6, r3, r4
10003e98:	940b      	str	r4, [sp, #44]	@ 0x2c
10003e9a:	0015      	movs	r5, r2
10003e9c:	000c      	movs	r4, r1
10003e9e:	445e      	add	r6, fp
10003ea0:	002a      	movs	r2, r5
10003ea2:	464b      	mov	r3, r9
10003ea4:	3501      	adds	r5, #1
10003ea6:	0021      	movs	r1, r4
10003ea8:	2020      	movs	r0, #32
10003eaa:	47b8      	blx	r7
10003eac:	42b5      	cmp	r5, r6
10003eae:	d1f7      	bne.n	10003ea0 <_out_rev+0x30>
10003eb0:	46a0      	mov	r8, r4
10003eb2:	9c0b      	ldr	r4, [sp, #44]	@ 0x2c
10003eb4:	2c00      	cmp	r4, #0
10003eb6:	d020      	beq.n	10003efa <_out_rev+0x8a>
10003eb8:	4645      	mov	r5, r8
10003eba:	1936      	adds	r6, r6, r4
10003ebc:	4653      	mov	r3, sl
10003ebe:	1b32      	subs	r2, r6, r4
10003ec0:	3c01      	subs	r4, #1
10003ec2:	5d18      	ldrb	r0, [r3, r4]
10003ec4:	0029      	movs	r1, r5
10003ec6:	464b      	mov	r3, r9
10003ec8:	47b8      	blx	r7
10003eca:	2c00      	cmp	r4, #0
10003ecc:	d1f6      	bne.n	10003ebc <_out_rev+0x4c>
10003ece:	002b      	movs	r3, r5
10003ed0:	0035      	movs	r5, r6
10003ed2:	4698      	mov	r8, r3
10003ed4:	9b0d      	ldr	r3, [sp, #52]	@ 0x34
10003ed6:	079b      	lsls	r3, r3, #30
10003ed8:	d50f      	bpl.n	10003efa <_out_rev+0x8a>
10003eda:	465b      	mov	r3, fp
10003edc:	1aec      	subs	r4, r5, r3
10003ede:	9b0c      	ldr	r3, [sp, #48]	@ 0x30
10003ee0:	42a3      	cmp	r3, r4
10003ee2:	d90a      	bls.n	10003efa <_out_rev+0x8a>
10003ee4:	4646      	mov	r6, r8
10003ee6:	4698      	mov	r8, r3
10003ee8:	002a      	movs	r2, r5
10003eea:	464b      	mov	r3, r9
10003eec:	0031      	movs	r1, r6
10003eee:	2020      	movs	r0, #32
10003ef0:	3401      	adds	r4, #1
10003ef2:	47b8      	blx	r7
10003ef4:	3501      	adds	r5, #1
10003ef6:	4544      	cmp	r4, r8
10003ef8:	d3f6      	bcc.n	10003ee8 <_out_rev+0x78>
10003efa:	0028      	movs	r0, r5
10003efc:	bcf0      	pop	{r4, r5, r6, r7}
10003efe:	46bb      	mov	fp, r7
10003f00:	46b2      	mov	sl, r6
10003f02:	46a9      	mov	r9, r5
10003f04:	46a0      	mov	r8, r4
10003f06:	bdf8      	pop	{r3, r4, r5, r6, r7, pc}
10003f08:	0016      	movs	r6, r2
10003f0a:	0015      	movs	r5, r2
10003f0c:	2c00      	cmp	r4, #0
10003f0e:	d1d3      	bne.n	10003eb8 <_out_rev+0x48>
10003f10:	e7e0      	b.n	10003ed4 <_out_rev+0x64>
10003f12:	0016      	movs	r6, r2
10003f14:	0015      	movs	r5, r2
10003f16:	2c00      	cmp	r4, #0
10003f18:	d1ce      	bne.n	10003eb8 <_out_rev+0x48>
10003f1a:	e7ee      	b.n	10003efa <_out_rev+0x8a>

10003f1c <_ntoa_format>:
10003f1c:	b5f0      	push	{r4, r5, r6, r7, lr}
10003f1e:	4645      	mov	r5, r8
10003f20:	46de      	mov	lr, fp
10003f22:	4657      	mov	r7, sl
10003f24:	464e      	mov	r6, r9
10003f26:	b5e0      	push	{r5, r6, r7, lr}
10003f28:	b085      	sub	sp, #20
10003f2a:	469c      	mov	ip, r3
10003f2c:	ab10      	add	r3, sp, #64	@ 0x40
10003f2e:	781b      	ldrb	r3, [r3, #0]
10003f30:	9f14      	ldr	r7, [sp, #80]	@ 0x50
10003f32:	4693      	mov	fp, r2
10003f34:	4698      	mov	r8, r3
10003f36:	9c0f      	ldr	r4, [sp, #60]	@ 0x3c
10003f38:	9e12      	ldr	r6, [sp, #72]	@ 0x48
10003f3a:	9d13      	ldr	r5, [sp, #76]	@ 0x4c
10003f3c:	07bb      	lsls	r3, r7, #30
10003f3e:	d44c      	bmi.n	10003fda <_ntoa_format+0xbe>
10003f40:	2d00      	cmp	r5, #0
10003f42:	d142      	bne.n	10003fca <_ntoa_format+0xae>
10003f44:	42b4      	cmp	r4, r6
10003f46:	d248      	bcs.n	10003fda <_ntoa_format+0xbe>
10003f48:	2301      	movs	r3, #1
10003f4a:	403b      	ands	r3, r7
10003f4c:	4699      	mov	r9, r3
10003f4e:	9b0e      	ldr	r3, [sp, #56]	@ 0x38
10003f50:	3b01      	subs	r3, #1
10003f52:	469a      	mov	sl, r3
10003f54:	2330      	movs	r3, #48	@ 0x30
10003f56:	e004      	b.n	10003f62 <_ntoa_format+0x46>
10003f58:	4652      	mov	r2, sl
10003f5a:	3401      	adds	r4, #1
10003f5c:	5513      	strb	r3, [r2, r4]
10003f5e:	42a6      	cmp	r6, r4
10003f60:	d901      	bls.n	10003f66 <_ntoa_format+0x4a>
10003f62:	2c20      	cmp	r4, #32
10003f64:	d1f8      	bne.n	10003f58 <_ntoa_format+0x3c>
10003f66:	464b      	mov	r3, r9
10003f68:	2b00      	cmp	r3, #0
10003f6a:	d100      	bne.n	10003f6e <_ntoa_format+0x52>
10003f6c:	e083      	b.n	10004076 <_ntoa_format+0x15a>
10003f6e:	9b0e      	ldr	r3, [sp, #56]	@ 0x38
10003f70:	3b01      	subs	r3, #1
10003f72:	4699      	mov	r9, r3
10003f74:	2330      	movs	r3, #48	@ 0x30
10003f76:	42a5      	cmp	r5, r4
10003f78:	d805      	bhi.n	10003f86 <_ntoa_format+0x6a>
10003f7a:	e02e      	b.n	10003fda <_ntoa_format+0xbe>
10003f7c:	464a      	mov	r2, r9
10003f7e:	3401      	adds	r4, #1
10003f80:	5513      	strb	r3, [r2, r4]
10003f82:	42ac      	cmp	r4, r5
10003f84:	d029      	beq.n	10003fda <_ntoa_format+0xbe>
10003f86:	2c20      	cmp	r4, #32
10003f88:	d1f8      	bne.n	10003f7c <_ntoa_format+0x60>
10003f8a:	06fb      	lsls	r3, r7, #27
10003f8c:	d50c      	bpl.n	10003fa8 <_ntoa_format+0x8c>
10003f8e:	057b      	lsls	r3, r7, #21
10003f90:	d454      	bmi.n	1000403c <_ntoa_format+0x120>
10003f92:	42a6      	cmp	r6, r4
10003f94:	d063      	beq.n	1000405e <_ntoa_format+0x142>
10003f96:	42a5      	cmp	r5, r4
10003f98:	d061      	beq.n	1000405e <_ntoa_format+0x142>
10003f9a:	9b11      	ldr	r3, [sp, #68]	@ 0x44
10003f9c:	2b10      	cmp	r3, #16
10003f9e:	d050      	beq.n	10004042 <_ntoa_format+0x126>
10003fa0:	2b02      	cmp	r3, #2
10003fa2:	d057      	beq.n	10004054 <_ntoa_format+0x138>
10003fa4:	2c20      	cmp	r4, #32
10003fa6:	d132      	bne.n	1000400e <_ntoa_format+0xf2>
10003fa8:	2320      	movs	r3, #32
10003faa:	9301      	str	r3, [sp, #4]
10003fac:	9b0e      	ldr	r3, [sp, #56]	@ 0x38
10003fae:	465a      	mov	r2, fp
10003fb0:	9300      	str	r3, [sp, #0]
10003fb2:	9703      	str	r7, [sp, #12]
10003fb4:	4663      	mov	r3, ip
10003fb6:	9502      	str	r5, [sp, #8]
10003fb8:	f7ff ff5a 	bl	10003e70 <_out_rev>
10003fbc:	b005      	add	sp, #20
10003fbe:	bcf0      	pop	{r4, r5, r6, r7}
10003fc0:	46bb      	mov	fp, r7
10003fc2:	46b2      	mov	sl, r6
10003fc4:	46a9      	mov	r9, r5
10003fc6:	46a0      	mov	r8, r4
10003fc8:	bdf0      	pop	{r4, r5, r6, r7, pc}
10003fca:	2301      	movs	r3, #1
10003fcc:	403b      	ands	r3, r7
10003fce:	4699      	mov	r9, r3
10003fd0:	2301      	movs	r3, #1
10003fd2:	423b      	tst	r3, r7
10003fd4:	d12a      	bne.n	1000402c <_ntoa_format+0x110>
10003fd6:	42b4      	cmp	r4, r6
10003fd8:	d3b9      	bcc.n	10003f4e <_ntoa_format+0x32>
10003fda:	06fb      	lsls	r3, r7, #27
10003fdc:	d51c      	bpl.n	10004018 <_ntoa_format+0xfc>
10003fde:	057b      	lsls	r3, r7, #21
10003fe0:	d4db      	bmi.n	10003f9a <_ntoa_format+0x7e>
10003fe2:	2c00      	cmp	r4, #0
10003fe4:	d1d5      	bne.n	10003f92 <_ntoa_format+0x76>
10003fe6:	9b11      	ldr	r3, [sp, #68]	@ 0x44
10003fe8:	2b10      	cmp	r3, #16
10003fea:	d05b      	beq.n	100040a4 <_ntoa_format+0x188>
10003fec:	9b11      	ldr	r3, [sp, #68]	@ 0x44
10003fee:	2b02      	cmp	r3, #2
10003ff0:	d06b      	beq.n	100040ca <_ntoa_format+0x1ae>
10003ff2:	2330      	movs	r3, #48	@ 0x30
10003ff4:	2401      	movs	r4, #1
10003ff6:	9a0e      	ldr	r2, [sp, #56]	@ 0x38
10003ff8:	7013      	strb	r3, [r2, #0]
10003ffa:	4643      	mov	r3, r8
10003ffc:	2b00      	cmp	r3, #0
10003ffe:	d110      	bne.n	10004022 <_ntoa_format+0x106>
10004000:	077b      	lsls	r3, r7, #29
10004002:	d53e      	bpl.n	10004082 <_ntoa_format+0x166>
10004004:	262b      	movs	r6, #43	@ 0x2b
10004006:	9a0e      	ldr	r2, [sp, #56]	@ 0x38
10004008:	1c63      	adds	r3, r4, #1
1000400a:	5516      	strb	r6, [r2, r4]
1000400c:	e7cd      	b.n	10003faa <_ntoa_format+0x8e>
1000400e:	0023      	movs	r3, r4
10004010:	3401      	adds	r4, #1
10004012:	2630      	movs	r6, #48	@ 0x30
10004014:	9a0e      	ldr	r2, [sp, #56]	@ 0x38
10004016:	54d6      	strb	r6, [r2, r3]
10004018:	2c20      	cmp	r4, #32
1000401a:	d0c5      	beq.n	10003fa8 <_ntoa_format+0x8c>
1000401c:	4643      	mov	r3, r8
1000401e:	2b00      	cmp	r3, #0
10004020:	d0ee      	beq.n	10004000 <_ntoa_format+0xe4>
10004022:	262d      	movs	r6, #45	@ 0x2d
10004024:	9a0e      	ldr	r2, [sp, #56]	@ 0x38
10004026:	1c63      	adds	r3, r4, #1
10004028:	5516      	strb	r6, [r2, r4]
1000402a:	e7be      	b.n	10003faa <_ntoa_format+0x8e>
1000402c:	4643      	mov	r3, r8
1000402e:	2b00      	cmp	r3, #0
10004030:	d02f      	beq.n	10004092 <_ntoa_format+0x176>
10004032:	3d01      	subs	r5, #1
10004034:	42b4      	cmp	r4, r6
10004036:	d200      	bcs.n	1000403a <_ntoa_format+0x11e>
10004038:	e789      	b.n	10003f4e <_ntoa_format+0x32>
1000403a:	e798      	b.n	10003f6e <_ntoa_format+0x52>
1000403c:	9b11      	ldr	r3, [sp, #68]	@ 0x44
1000403e:	2b10      	cmp	r3, #16
10004040:	d1b2      	bne.n	10003fa8 <_ntoa_format+0x8c>
10004042:	06bb      	lsls	r3, r7, #26
10004044:	d537      	bpl.n	100040b6 <_ntoa_format+0x19a>
10004046:	2c20      	cmp	r4, #32
10004048:	d0ae      	beq.n	10003fa8 <_ntoa_format+0x8c>
1000404a:	2358      	movs	r3, #88	@ 0x58
1000404c:	9a0e      	ldr	r2, [sp, #56]	@ 0x38
1000404e:	5513      	strb	r3, [r2, r4]
10004050:	3401      	adds	r4, #1
10004052:	e7a7      	b.n	10003fa4 <_ntoa_format+0x88>
10004054:	2c20      	cmp	r4, #32
10004056:	d0a7      	beq.n	10003fa8 <_ntoa_format+0x8c>
10004058:	0023      	movs	r3, r4
1000405a:	3401      	adds	r4, #1
1000405c:	e007      	b.n	1000406e <_ntoa_format+0x152>
1000405e:	1e63      	subs	r3, r4, #1
10004060:	2c01      	cmp	r4, #1
10004062:	d0c0      	beq.n	10003fe6 <_ntoa_format+0xca>
10004064:	9a11      	ldr	r2, [sp, #68]	@ 0x44
10004066:	2a10      	cmp	r2, #16
10004068:	d031      	beq.n	100040ce <_ntoa_format+0x1b2>
1000406a:	2a02      	cmp	r2, #2
1000406c:	d1d1      	bne.n	10004012 <_ntoa_format+0xf6>
1000406e:	2662      	movs	r6, #98	@ 0x62
10004070:	9a0e      	ldr	r2, [sp, #56]	@ 0x38
10004072:	54d6      	strb	r6, [r2, r3]
10004074:	e796      	b.n	10003fa4 <_ntoa_format+0x88>
10004076:	06fb      	lsls	r3, r7, #27
10004078:	d5ce      	bpl.n	10004018 <_ntoa_format+0xfc>
1000407a:	057b      	lsls	r3, r7, #21
1000407c:	d400      	bmi.n	10004080 <_ntoa_format+0x164>
1000407e:	e788      	b.n	10003f92 <_ntoa_format+0x76>
10004080:	e78b      	b.n	10003f9a <_ntoa_format+0x7e>
10004082:	0023      	movs	r3, r4
10004084:	073e      	lsls	r6, r7, #28
10004086:	d590      	bpl.n	10003faa <_ntoa_format+0x8e>
10004088:	2620      	movs	r6, #32
1000408a:	9a0e      	ldr	r2, [sp, #56]	@ 0x38
1000408c:	3301      	adds	r3, #1
1000408e:	5516      	strb	r6, [r2, r4]
10004090:	e78b      	b.n	10003faa <_ntoa_format+0x8e>
10004092:	230c      	movs	r3, #12
10004094:	403b      	ands	r3, r7
10004096:	1e5a      	subs	r2, r3, #1
10004098:	4193      	sbcs	r3, r2
1000409a:	1aed      	subs	r5, r5, r3
1000409c:	42b4      	cmp	r4, r6
1000409e:	d200      	bcs.n	100040a2 <_ntoa_format+0x186>
100040a0:	e755      	b.n	10003f4e <_ntoa_format+0x32>
100040a2:	e764      	b.n	10003f6e <_ntoa_format+0x52>
100040a4:	06bb      	lsls	r3, r7, #26
100040a6:	d40e      	bmi.n	100040c6 <_ntoa_format+0x1aa>
100040a8:	2378      	movs	r3, #120	@ 0x78
100040aa:	9a0e      	ldr	r2, [sp, #56]	@ 0x38
100040ac:	2402      	movs	r4, #2
100040ae:	7013      	strb	r3, [r2, #0]
100040b0:	2330      	movs	r3, #48	@ 0x30
100040b2:	7053      	strb	r3, [r2, #1]
100040b4:	e7a1      	b.n	10003ffa <_ntoa_format+0xde>
100040b6:	2c20      	cmp	r4, #32
100040b8:	d100      	bne.n	100040bc <_ntoa_format+0x1a0>
100040ba:	e775      	b.n	10003fa8 <_ntoa_format+0x8c>
100040bc:	2378      	movs	r3, #120	@ 0x78
100040be:	9a0e      	ldr	r2, [sp, #56]	@ 0x38
100040c0:	5513      	strb	r3, [r2, r4]
100040c2:	3401      	adds	r4, #1
100040c4:	e76e      	b.n	10003fa4 <_ntoa_format+0x88>
100040c6:	2358      	movs	r3, #88	@ 0x58
100040c8:	e7ef      	b.n	100040aa <_ntoa_format+0x18e>
100040ca:	3360      	adds	r3, #96	@ 0x60
100040cc:	e7ed      	b.n	100040aa <_ntoa_format+0x18e>
100040ce:	9a0e      	ldr	r2, [sp, #56]	@ 0x38
100040d0:	1ea6      	subs	r6, r4, #2
100040d2:	4691      	mov	r9, r2
100040d4:	444e      	add	r6, r9
100040d6:	06ba      	lsls	r2, r7, #26
100040d8:	d502      	bpl.n	100040e0 <_ntoa_format+0x1c4>
100040da:	2258      	movs	r2, #88	@ 0x58
100040dc:	7032      	strb	r2, [r6, #0]
100040de:	e798      	b.n	10004012 <_ntoa_format+0xf6>
100040e0:	2278      	movs	r2, #120	@ 0x78
100040e2:	7032      	strb	r2, [r6, #0]
100040e4:	e795      	b.n	10004012 <_ntoa_format+0xf6>
100040e6:	46c0      	nop			@ (mov r8, r8)

100040e8 <_out_char>:
100040e8:	b510      	push	{r4, lr}
100040ea:	2800      	cmp	r0, #0
100040ec:	d100      	bne.n	100040f0 <_out_char+0x8>
100040ee:	bd10      	pop	{r4, pc}
100040f0:	f003 f85e 	bl	100071b0 <__wrap_putchar>
100040f4:	e7fb      	b.n	100040ee <_out_char+0x6>
100040f6:	46c0      	nop			@ (mov r8, r8)

100040f8 <_out_fct>:
100040f8:	000b      	movs	r3, r1
100040fa:	b510      	push	{r4, lr}
100040fc:	2800      	cmp	r0, #0
100040fe:	d002      	beq.n	10004106 <_out_fct+0xe>
10004100:	6849      	ldr	r1, [r1, #4]
10004102:	681b      	ldr	r3, [r3, #0]
10004104:	4798      	blx	r3
10004106:	bd10      	pop	{r4, pc}

10004108 <_ftoa>:
10004108:	b5f0      	push	{r4, r5, r6, r7, lr}
1000410a:	4657      	mov	r7, sl
1000410c:	46de      	mov	lr, fp
1000410e:	464e      	mov	r6, r9
10004110:	4645      	mov	r5, r8
10004112:	b5e0      	push	{r5, r6, r7, lr}
10004114:	b095      	sub	sp, #84	@ 0x54
10004116:	4683      	mov	fp, r0
10004118:	000f      	movs	r7, r1
1000411a:	4692      	mov	sl, r2
1000411c:	4698      	mov	r8, r3
1000411e:	9a1e      	ldr	r2, [sp, #120]	@ 0x78
10004120:	9b1f      	ldr	r3, [sp, #124]	@ 0x7c
10004122:	0010      	movs	r0, r2
10004124:	0019      	movs	r1, r3
10004126:	9e20      	ldr	r6, [sp, #128]	@ 0x80
10004128:	f001 fe6d 	bl	10005e06 <__wrap___aeabi_dcmpun>
1000412c:	2800      	cmp	r0, #0
1000412e:	d000      	beq.n	10004132 <_ftoa+0x2a>
10004130:	e1ea      	b.n	10004508 <_ftoa+0x400>
10004132:	981e      	ldr	r0, [sp, #120]	@ 0x78
10004134:	991f      	ldr	r1, [sp, #124]	@ 0x7c
10004136:	2201      	movs	r2, #1
10004138:	4bc5      	ldr	r3, [pc, #788]	@ (10004450 <_ftoa+0x348>)
1000413a:	4252      	negs	r2, r2
1000413c:	f001 fe48 	bl	10005dd0 <__wrap___aeabi_dcmplt>
10004140:	2800      	cmp	r0, #0
10004142:	d000      	beq.n	10004146 <_ftoa+0x3e>
10004144:	e114      	b.n	10004370 <_ftoa+0x268>
10004146:	981e      	ldr	r0, [sp, #120]	@ 0x78
10004148:	991f      	ldr	r1, [sp, #124]	@ 0x7c
1000414a:	2201      	movs	r2, #1
1000414c:	4bc1      	ldr	r3, [pc, #772]	@ (10004454 <_ftoa+0x34c>)
1000414e:	4252      	negs	r2, r2
10004150:	f001 fe54 	bl	10005dfc <__wrap___aeabi_dcmpgt>
10004154:	2800      	cmp	r0, #0
10004156:	d000      	beq.n	1000415a <_ftoa+0x52>
10004158:	e0e9      	b.n	1000432e <_ftoa+0x226>
1000415a:	981e      	ldr	r0, [sp, #120]	@ 0x78
1000415c:	991f      	ldr	r1, [sp, #124]	@ 0x7c
1000415e:	2200      	movs	r2, #0
10004160:	4bbd      	ldr	r3, [pc, #756]	@ (10004458 <_ftoa+0x350>)
10004162:	f001 fe4b 	bl	10005dfc <__wrap___aeabi_dcmpgt>
10004166:	2800      	cmp	r0, #0
10004168:	d000      	beq.n	1000416c <_ftoa+0x64>
1000416a:	e0c8      	b.n	100042fe <_ftoa+0x1f6>
1000416c:	981e      	ldr	r0, [sp, #120]	@ 0x78
1000416e:	991f      	ldr	r1, [sp, #124]	@ 0x7c
10004170:	2200      	movs	r2, #0
10004172:	4bba      	ldr	r3, [pc, #744]	@ (1000445c <_ftoa+0x354>)
10004174:	f001 fe2c 	bl	10005dd0 <__wrap___aeabi_dcmplt>
10004178:	2800      	cmp	r0, #0
1000417a:	d000      	beq.n	1000417e <_ftoa+0x76>
1000417c:	e0bf      	b.n	100042fe <_ftoa+0x1f6>
1000417e:	981e      	ldr	r0, [sp, #120]	@ 0x78
10004180:	991f      	ldr	r1, [sp, #124]	@ 0x7c
10004182:	2200      	movs	r2, #0
10004184:	2300      	movs	r3, #0
10004186:	f001 fe23 	bl	10005dd0 <__wrap___aeabi_dcmplt>
1000418a:	2800      	cmp	r0, #0
1000418c:	d000      	beq.n	10004190 <_ftoa+0x88>
1000418e:	e0e4      	b.n	1000435a <_ftoa+0x252>
10004190:	2300      	movs	r3, #0
10004192:	930b      	str	r3, [sp, #44]	@ 0x2c
10004194:	9b22      	ldr	r3, [sp, #136]	@ 0x88
10004196:	055b      	lsls	r3, r3, #21
10004198:	d400      	bmi.n	1000419c <_ftoa+0x94>
1000419a:	2606      	movs	r6, #6
1000419c:	2400      	movs	r4, #0
1000419e:	2330      	movs	r3, #48	@ 0x30
100041a0:	e007      	b.n	100041b2 <_ftoa+0xaa>
100041a2:	2117      	movs	r1, #23
100041a4:	aa06      	add	r2, sp, #24
100041a6:	3401      	adds	r4, #1
100041a8:	1852      	adds	r2, r2, r1
100041aa:	5513      	strb	r3, [r2, r4]
100041ac:	3e01      	subs	r6, #1
100041ae:	2c20      	cmp	r4, #32
100041b0:	d001      	beq.n	100041b6 <_ftoa+0xae>
100041b2:	2e09      	cmp	r6, #9
100041b4:	d8f5      	bhi.n	100041a2 <_ftoa+0x9a>
100041b6:	981e      	ldr	r0, [sp, #120]	@ 0x78
100041b8:	991f      	ldr	r1, [sp, #124]	@ 0x7c
100041ba:	f001 fe4f 	bl	10005e5c <__wrap___aeabi_d2iz>
100041be:	4ba8      	ldr	r3, [pc, #672]	@ (10004460 <_ftoa+0x358>)
100041c0:	00f2      	lsls	r2, r6, #3
100041c2:	189b      	adds	r3, r3, r2
100041c4:	681a      	ldr	r2, [r3, #0]
100041c6:	685b      	ldr	r3, [r3, #4]
100041c8:	0005      	movs	r5, r0
100041ca:	9208      	str	r2, [sp, #32]
100041cc:	9309      	str	r3, [sp, #36]	@ 0x24
100041ce:	f001 fe2d 	bl	10005e2c <__wrap___aeabi_i2d>
100041d2:	0002      	movs	r2, r0
100041d4:	000b      	movs	r3, r1
100041d6:	981e      	ldr	r0, [sp, #120]	@ 0x78
100041d8:	991f      	ldr	r1, [sp, #124]	@ 0x7c
100041da:	f001 fd7e 	bl	10005cda <__wrap___aeabi_dsub>
100041de:	9a08      	ldr	r2, [sp, #32]
100041e0:	9b09      	ldr	r3, [sp, #36]	@ 0x24
100041e2:	f001 fdaa 	bl	10005d3a <__wrap___aeabi_dmul>
100041e6:	9006      	str	r0, [sp, #24]
100041e8:	9107      	str	r1, [sp, #28]
100041ea:	f001 fe5b 	bl	10005ea4 <__wrap___aeabi_d2uiz>
100041ee:	4681      	mov	r9, r0
100041f0:	f001 fe18 	bl	10005e24 <__wrap___aeabi_ui2d>
100041f4:	0002      	movs	r2, r0
100041f6:	000b      	movs	r3, r1
100041f8:	9806      	ldr	r0, [sp, #24]
100041fa:	9907      	ldr	r1, [sp, #28]
100041fc:	f001 fd6d 	bl	10005cda <__wrap___aeabi_dsub>
10004200:	2200      	movs	r2, #0
10004202:	4b98      	ldr	r3, [pc, #608]	@ (10004464 <_ftoa+0x35c>)
10004204:	9006      	str	r0, [sp, #24]
10004206:	9107      	str	r1, [sp, #28]
10004208:	f001 fdf8 	bl	10005dfc <__wrap___aeabi_dcmpgt>
1000420c:	2800      	cmp	r0, #0
1000420e:	d100      	bne.n	10004212 <_ftoa+0x10a>
10004210:	e10d      	b.n	1000442e <_ftoa+0x326>
10004212:	2301      	movs	r3, #1
10004214:	469c      	mov	ip, r3
10004216:	44e1      	add	r9, ip
10004218:	4648      	mov	r0, r9
1000421a:	f001 fe03 	bl	10005e24 <__wrap___aeabi_ui2d>
1000421e:	0002      	movs	r2, r0
10004220:	000b      	movs	r3, r1
10004222:	9808      	ldr	r0, [sp, #32]
10004224:	9909      	ldr	r1, [sp, #36]	@ 0x24
10004226:	f001 fdd9 	bl	10005ddc <__wrap___aeabi_dcmple>
1000422a:	2800      	cmp	r0, #0
1000422c:	d002      	beq.n	10004234 <_ftoa+0x12c>
1000422e:	2300      	movs	r3, #0
10004230:	4699      	mov	r9, r3
10004232:	3501      	adds	r5, #1
10004234:	2e00      	cmp	r6, #0
10004236:	d100      	bne.n	1000423a <_ftoa+0x132>
10004238:	e0d9      	b.n	100043ee <_ftoa+0x2e6>
1000423a:	9506      	str	r5, [sp, #24]
1000423c:	464d      	mov	r5, r9
1000423e:	46b9      	mov	r9, r7
10004240:	e014      	b.n	1000426c <_ftoa+0x164>
10004242:	aa06      	add	r2, sp, #24
10004244:	4694      	mov	ip, r2
10004246:	2317      	movs	r3, #23
10004248:	210a      	movs	r1, #10
1000424a:	4463      	add	r3, ip
1000424c:	0028      	movs	r0, r5
1000424e:	3401      	adds	r4, #1
10004250:	191f      	adds	r7, r3, r4
10004252:	f001 fb07 	bl	10005864 <__wrap___aeabi_uidiv>
10004256:	3130      	adds	r1, #48	@ 0x30
10004258:	7039      	strb	r1, [r7, #0]
1000425a:	0028      	movs	r0, r5
1000425c:	210a      	movs	r1, #10
1000425e:	3e01      	subs	r6, #1
10004260:	f001 fb00 	bl	10005864 <__wrap___aeabi_uidiv>
10004264:	2d09      	cmp	r5, #9
10004266:	d800      	bhi.n	1000426a <_ftoa+0x162>
10004268:	e117      	b.n	1000449a <_ftoa+0x392>
1000426a:	0005      	movs	r5, r0
1000426c:	2c20      	cmp	r4, #32
1000426e:	d1e8      	bne.n	10004242 <_ftoa+0x13a>
10004270:	464f      	mov	r7, r9
10004272:	9d06      	ldr	r5, [sp, #24]
10004274:	2420      	movs	r4, #32
10004276:	ae0c      	add	r6, sp, #48	@ 0x30
10004278:	aa06      	add	r2, sp, #24
1000427a:	2317      	movs	r3, #23
1000427c:	4694      	mov	ip, r2
1000427e:	4463      	add	r3, ip
10004280:	4699      	mov	r9, r3
10004282:	465b      	mov	r3, fp
10004284:	46b3      	mov	fp, r6
10004286:	9306      	str	r3, [sp, #24]
10004288:	e00f      	b.n	100042aa <_ftoa+0x1a2>
1000428a:	464b      	mov	r3, r9
1000428c:	0028      	movs	r0, r5
1000428e:	210a      	movs	r1, #10
10004290:	3401      	adds	r4, #1
10004292:	18e6      	adds	r6, r4, r3
10004294:	f001 fabe 	bl	10005814 <__wrap___aeabi_idiv>
10004298:	3130      	adds	r1, #48	@ 0x30
1000429a:	0028      	movs	r0, r5
1000429c:	7031      	strb	r1, [r6, #0]
1000429e:	210a      	movs	r1, #10
100042a0:	f001 fab8 	bl	10005814 <__wrap___aeabi_idiv>
100042a4:	1e05      	subs	r5, r0, #0
100042a6:	d100      	bne.n	100042aa <_ftoa+0x1a2>
100042a8:	e0e4      	b.n	10004474 <_ftoa+0x36c>
100042aa:	2c20      	cmp	r4, #32
100042ac:	d1ed      	bne.n	1000428a <_ftoa+0x182>
100042ae:	9b06      	ldr	r3, [sp, #24]
100042b0:	465e      	mov	r6, fp
100042b2:	469b      	mov	fp, r3
100042b4:	2303      	movs	r3, #3
100042b6:	9a22      	ldr	r2, [sp, #136]	@ 0x88
100042b8:	4013      	ands	r3, r2
100042ba:	2b01      	cmp	r3, #1
100042bc:	d118      	bne.n	100042f0 <_ftoa+0x1e8>
100042be:	9b21      	ldr	r3, [sp, #132]	@ 0x84
100042c0:	2b00      	cmp	r3, #0
100042c2:	d015      	beq.n	100042f0 <_ftoa+0x1e8>
100042c4:	9b0b      	ldr	r3, [sp, #44]	@ 0x2c
100042c6:	2b00      	cmp	r3, #0
100042c8:	d100      	bne.n	100042cc <_ftoa+0x1c4>
100042ca:	e0fd      	b.n	100044c8 <_ftoa+0x3c0>
100042cc:	9b21      	ldr	r3, [sp, #132]	@ 0x84
100042ce:	3b01      	subs	r3, #1
100042d0:	9321      	str	r3, [sp, #132]	@ 0x84
100042d2:	2b20      	cmp	r3, #32
100042d4:	d90c      	bls.n	100042f0 <_ftoa+0x1e8>
100042d6:	2330      	movs	r3, #48	@ 0x30
100042d8:	9a21      	ldr	r2, [sp, #132]	@ 0x84
100042da:	e007      	b.n	100042ec <_ftoa+0x1e4>
100042dc:	2017      	movs	r0, #23
100042de:	a906      	add	r1, sp, #24
100042e0:	3401      	adds	r4, #1
100042e2:	1809      	adds	r1, r1, r0
100042e4:	550b      	strb	r3, [r1, r4]
100042e6:	4294      	cmp	r4, r2
100042e8:	d300      	bcc.n	100042ec <_ftoa+0x1e4>
100042ea:	e0cc      	b.n	10004486 <_ftoa+0x37e>
100042ec:	2c20      	cmp	r4, #32
100042ee:	d1f5      	bne.n	100042dc <_ftoa+0x1d4>
100042f0:	9b22      	ldr	r3, [sp, #136]	@ 0x88
100042f2:	9401      	str	r4, [sp, #4]
100042f4:	9303      	str	r3, [sp, #12]
100042f6:	9b21      	ldr	r3, [sp, #132]	@ 0x84
100042f8:	9600      	str	r6, [sp, #0]
100042fa:	9302      	str	r3, [sp, #8]
100042fc:	e022      	b.n	10004344 <_ftoa+0x23c>
100042fe:	9b22      	ldr	r3, [sp, #136]	@ 0x88
10004300:	4652      	mov	r2, sl
10004302:	9304      	str	r3, [sp, #16]
10004304:	9b21      	ldr	r3, [sp, #132]	@ 0x84
10004306:	0039      	movs	r1, r7
10004308:	9303      	str	r3, [sp, #12]
1000430a:	4658      	mov	r0, fp
1000430c:	9b1e      	ldr	r3, [sp, #120]	@ 0x78
1000430e:	9c1f      	ldr	r4, [sp, #124]	@ 0x7c
10004310:	9602      	str	r6, [sp, #8]
10004312:	9300      	str	r3, [sp, #0]
10004314:	9401      	str	r4, [sp, #4]
10004316:	4643      	mov	r3, r8
10004318:	f000 f94a 	bl	100045b0 <_etoa>
1000431c:	0004      	movs	r4, r0
1000431e:	0020      	movs	r0, r4
10004320:	b015      	add	sp, #84	@ 0x54
10004322:	bcf0      	pop	{r4, r5, r6, r7}
10004324:	46bb      	mov	fp, r7
10004326:	46b2      	mov	sl, r6
10004328:	46a9      	mov	r9, r5
1000432a:	46a0      	mov	r8, r4
1000432c:	bdf0      	pop	{r4, r5, r6, r7, pc}
1000432e:	9b22      	ldr	r3, [sp, #136]	@ 0x88
10004330:	075b      	lsls	r3, r3, #29
10004332:	d40f      	bmi.n	10004354 <_ftoa+0x24c>
10004334:	2203      	movs	r2, #3
10004336:	4b4c      	ldr	r3, [pc, #304]	@ (10004468 <_ftoa+0x360>)
10004338:	9922      	ldr	r1, [sp, #136]	@ 0x88
1000433a:	9201      	str	r2, [sp, #4]
1000433c:	9103      	str	r1, [sp, #12]
1000433e:	9921      	ldr	r1, [sp, #132]	@ 0x84
10004340:	9300      	str	r3, [sp, #0]
10004342:	9102      	str	r1, [sp, #8]
10004344:	4643      	mov	r3, r8
10004346:	4652      	mov	r2, sl
10004348:	0039      	movs	r1, r7
1000434a:	4658      	mov	r0, fp
1000434c:	f7ff fd90 	bl	10003e70 <_out_rev>
10004350:	0004      	movs	r4, r0
10004352:	e7e4      	b.n	1000431e <_ftoa+0x216>
10004354:	2204      	movs	r2, #4
10004356:	4b45      	ldr	r3, [pc, #276]	@ (1000446c <_ftoa+0x364>)
10004358:	e7ee      	b.n	10004338 <_ftoa+0x230>
1000435a:	9a1e      	ldr	r2, [sp, #120]	@ 0x78
1000435c:	9b1f      	ldr	r3, [sp, #124]	@ 0x7c
1000435e:	2000      	movs	r0, #0
10004360:	2100      	movs	r1, #0
10004362:	f001 fcba 	bl	10005cda <__wrap___aeabi_dsub>
10004366:	2301      	movs	r3, #1
10004368:	901e      	str	r0, [sp, #120]	@ 0x78
1000436a:	911f      	str	r1, [sp, #124]	@ 0x7c
1000436c:	930b      	str	r3, [sp, #44]	@ 0x2c
1000436e:	e711      	b.n	10004194 <_ftoa+0x8c>
10004370:	9b22      	ldr	r3, [sp, #136]	@ 0x88
10004372:	4654      	mov	r4, sl
10004374:	079b      	lsls	r3, r3, #30
10004376:	d111      	bne.n	1000439c <_ftoa+0x294>
10004378:	9b21      	ldr	r3, [sp, #132]	@ 0x84
1000437a:	2b04      	cmp	r3, #4
1000437c:	d90e      	bls.n	1000439c <_ftoa+0x294>
1000437e:	9b21      	ldr	r3, [sp, #132]	@ 0x84
10004380:	4655      	mov	r5, sl
10004382:	469c      	mov	ip, r3
10004384:	465e      	mov	r6, fp
10004386:	3c04      	subs	r4, #4
10004388:	4464      	add	r4, ip
1000438a:	002a      	movs	r2, r5
1000438c:	4643      	mov	r3, r8
1000438e:	3501      	adds	r5, #1
10004390:	0039      	movs	r1, r7
10004392:	2020      	movs	r0, #32
10004394:	47b0      	blx	r6
10004396:	42a5      	cmp	r5, r4
10004398:	d1f7      	bne.n	1000438a <_ftoa+0x282>
1000439a:	46b3      	mov	fp, r6
1000439c:	4d34      	ldr	r5, [pc, #208]	@ (10004470 <_ftoa+0x368>)
1000439e:	0026      	movs	r6, r4
100043a0:	1f2b      	subs	r3, r5, #4
100043a2:	4699      	mov	r9, r3
100043a4:	465b      	mov	r3, fp
100043a6:	46a3      	mov	fp, r4
100043a8:	001c      	movs	r4, r3
100043aa:	0032      	movs	r2, r6
100043ac:	78e8      	ldrb	r0, [r5, #3]
100043ae:	4643      	mov	r3, r8
100043b0:	0039      	movs	r1, r7
100043b2:	3d01      	subs	r5, #1
100043b4:	47a0      	blx	r4
100043b6:	3601      	adds	r6, #1
100043b8:	454d      	cmp	r5, r9
100043ba:	d1f6      	bne.n	100043aa <_ftoa+0x2a2>
100043bc:	0023      	movs	r3, r4
100043be:	465c      	mov	r4, fp
100043c0:	469b      	mov	fp, r3
100043c2:	9b22      	ldr	r3, [sp, #136]	@ 0x88
100043c4:	3404      	adds	r4, #4
100043c6:	079b      	lsls	r3, r3, #30
100043c8:	d5a9      	bpl.n	1000431e <_ftoa+0x216>
100043ca:	4653      	mov	r3, sl
100043cc:	9a21      	ldr	r2, [sp, #132]	@ 0x84
100043ce:	1ae3      	subs	r3, r4, r3
100043d0:	429a      	cmp	r2, r3
100043d2:	d9a4      	bls.n	1000431e <_ftoa+0x216>
100043d4:	465e      	mov	r6, fp
100043d6:	0015      	movs	r5, r2
100043d8:	0022      	movs	r2, r4
100043da:	4643      	mov	r3, r8
100043dc:	0039      	movs	r1, r7
100043de:	2020      	movs	r0, #32
100043e0:	47b0      	blx	r6
100043e2:	4653      	mov	r3, sl
100043e4:	3401      	adds	r4, #1
100043e6:	1ae3      	subs	r3, r4, r3
100043e8:	429d      	cmp	r5, r3
100043ea:	d8f5      	bhi.n	100043d8 <_ftoa+0x2d0>
100043ec:	e797      	b.n	1000431e <_ftoa+0x216>
100043ee:	0028      	movs	r0, r5
100043f0:	f001 fd1c 	bl	10005e2c <__wrap___aeabi_i2d>
100043f4:	0002      	movs	r2, r0
100043f6:	000b      	movs	r3, r1
100043f8:	981e      	ldr	r0, [sp, #120]	@ 0x78
100043fa:	991f      	ldr	r1, [sp, #124]	@ 0x7c
100043fc:	f001 fc6d 	bl	10005cda <__wrap___aeabi_dsub>
10004400:	2200      	movs	r2, #0
10004402:	4b18      	ldr	r3, [pc, #96]	@ (10004464 <_ftoa+0x35c>)
10004404:	9006      	str	r0, [sp, #24]
10004406:	9107      	str	r1, [sp, #28]
10004408:	f001 fce2 	bl	10005dd0 <__wrap___aeabi_dcmplt>
1000440c:	ae0c      	add	r6, sp, #48	@ 0x30
1000440e:	2800      	cmp	r0, #0
10004410:	d000      	beq.n	10004414 <_ftoa+0x30c>
10004412:	e731      	b.n	10004278 <_ftoa+0x170>
10004414:	9806      	ldr	r0, [sp, #24]
10004416:	9907      	ldr	r1, [sp, #28]
10004418:	2200      	movs	r2, #0
1000441a:	4b12      	ldr	r3, [pc, #72]	@ (10004464 <_ftoa+0x35c>)
1000441c:	f001 fcee 	bl	10005dfc <__wrap___aeabi_dcmpgt>
10004420:	2800      	cmp	r0, #0
10004422:	d000      	beq.n	10004426 <_ftoa+0x31e>
10004424:	e728      	b.n	10004278 <_ftoa+0x170>
10004426:	2301      	movs	r3, #1
10004428:	3501      	adds	r5, #1
1000442a:	439d      	bics	r5, r3
1000442c:	e724      	b.n	10004278 <_ftoa+0x170>
1000442e:	2200      	movs	r2, #0
10004430:	9806      	ldr	r0, [sp, #24]
10004432:	9907      	ldr	r1, [sp, #28]
10004434:	4b0b      	ldr	r3, [pc, #44]	@ (10004464 <_ftoa+0x35c>)
10004436:	f001 fccb 	bl	10005dd0 <__wrap___aeabi_dcmplt>
1000443a:	2800      	cmp	r0, #0
1000443c:	d000      	beq.n	10004440 <_ftoa+0x338>
1000443e:	e6f9      	b.n	10004234 <_ftoa+0x12c>
10004440:	464b      	mov	r3, r9
10004442:	2b00      	cmp	r3, #0
10004444:	d15c      	bne.n	10004500 <_ftoa+0x3f8>
10004446:	2301      	movs	r3, #1
10004448:	469c      	mov	ip, r3
1000444a:	44e1      	add	r9, ip
1000444c:	e6f2      	b.n	10004234 <_ftoa+0x12c>
1000444e:	46c0      	nop			@ (mov r8, r8)
10004450:	ffefffff 	.word	0xffefffff
10004454:	7fefffff 	.word	0x7fefffff
10004458:	41cdcd65 	.word	0x41cdcd65
1000445c:	c1cdcd65 	.word	0xc1cdcd65
10004460:	1000b230 	.word	0x1000b230
10004464:	3fe00000 	.word	0x3fe00000
10004468:	1000ade0 	.word	0x1000ade0
1000446c:	1000add8 	.word	0x1000add8
10004470:	1000ade8 	.word	0x1000ade8
10004474:	9b06      	ldr	r3, [sp, #24]
10004476:	465e      	mov	r6, fp
10004478:	469b      	mov	fp, r3
1000447a:	2303      	movs	r3, #3
1000447c:	9a22      	ldr	r2, [sp, #136]	@ 0x88
1000447e:	4013      	ands	r3, r2
10004480:	2b01      	cmp	r3, #1
10004482:	d100      	bne.n	10004486 <_ftoa+0x37e>
10004484:	e081      	b.n	1000458a <_ftoa+0x482>
10004486:	2c20      	cmp	r4, #32
10004488:	d100      	bne.n	1000448c <_ftoa+0x384>
1000448a:	e731      	b.n	100042f0 <_ftoa+0x1e8>
1000448c:	9b0b      	ldr	r3, [sp, #44]	@ 0x2c
1000448e:	2b00      	cmp	r3, #0
10004490:	d027      	beq.n	100044e2 <_ftoa+0x3da>
10004492:	232d      	movs	r3, #45	@ 0x2d
10004494:	5533      	strb	r3, [r6, r4]
10004496:	3401      	adds	r4, #1
10004498:	e72a      	b.n	100042f0 <_ftoa+0x1e8>
1000449a:	464f      	mov	r7, r9
1000449c:	9d06      	ldr	r5, [sp, #24]
1000449e:	2c20      	cmp	r4, #32
100044a0:	d100      	bne.n	100044a4 <_ftoa+0x39c>
100044a2:	e6e7      	b.n	10004274 <_ftoa+0x16c>
100044a4:	2230      	movs	r2, #48	@ 0x30
100044a6:	1933      	adds	r3, r6, r4
100044a8:	e007      	b.n	100044ba <_ftoa+0x3b2>
100044aa:	2017      	movs	r0, #23
100044ac:	a906      	add	r1, sp, #24
100044ae:	3401      	adds	r4, #1
100044b0:	1809      	adds	r1, r1, r0
100044b2:	550a      	strb	r2, [r1, r4]
100044b4:	2c20      	cmp	r4, #32
100044b6:	d100      	bne.n	100044ba <_ftoa+0x3b2>
100044b8:	e6dc      	b.n	10004274 <_ftoa+0x16c>
100044ba:	42a3      	cmp	r3, r4
100044bc:	d1f5      	bne.n	100044aa <_ftoa+0x3a2>
100044be:	222e      	movs	r2, #46	@ 0x2e
100044c0:	ae0c      	add	r6, sp, #48	@ 0x30
100044c2:	3401      	adds	r4, #1
100044c4:	54f2      	strb	r2, [r6, r3]
100044c6:	e6d7      	b.n	10004278 <_ftoa+0x170>
100044c8:	230c      	movs	r3, #12
100044ca:	9a22      	ldr	r2, [sp, #136]	@ 0x88
100044cc:	4213      	tst	r3, r2
100044ce:	d057      	beq.n	10004580 <_ftoa+0x478>
100044d0:	9b21      	ldr	r3, [sp, #132]	@ 0x84
100044d2:	3b01      	subs	r3, #1
100044d4:	9321      	str	r3, [sp, #132]	@ 0x84
100044d6:	42a3      	cmp	r3, r4
100044d8:	d900      	bls.n	100044dc <_ftoa+0x3d4>
100044da:	e6fc      	b.n	100042d6 <_ftoa+0x1ce>
100044dc:	2c20      	cmp	r4, #32
100044de:	d100      	bne.n	100044e2 <_ftoa+0x3da>
100044e0:	e706      	b.n	100042f0 <_ftoa+0x1e8>
100044e2:	9b22      	ldr	r3, [sp, #136]	@ 0x88
100044e4:	075b      	lsls	r3, r3, #29
100044e6:	d503      	bpl.n	100044f0 <_ftoa+0x3e8>
100044e8:	232b      	movs	r3, #43	@ 0x2b
100044ea:	5533      	strb	r3, [r6, r4]
100044ec:	3401      	adds	r4, #1
100044ee:	e6ff      	b.n	100042f0 <_ftoa+0x1e8>
100044f0:	9b22      	ldr	r3, [sp, #136]	@ 0x88
100044f2:	071b      	lsls	r3, r3, #28
100044f4:	d400      	bmi.n	100044f8 <_ftoa+0x3f0>
100044f6:	e6fb      	b.n	100042f0 <_ftoa+0x1e8>
100044f8:	2320      	movs	r3, #32
100044fa:	5533      	strb	r3, [r6, r4]
100044fc:	3401      	adds	r4, #1
100044fe:	e6f7      	b.n	100042f0 <_ftoa+0x1e8>
10004500:	07db      	lsls	r3, r3, #31
10004502:	d400      	bmi.n	10004506 <_ftoa+0x3fe>
10004504:	e696      	b.n	10004234 <_ftoa+0x12c>
10004506:	e79e      	b.n	10004446 <_ftoa+0x33e>
10004508:	9b22      	ldr	r3, [sp, #136]	@ 0x88
1000450a:	4655      	mov	r5, sl
1000450c:	079b      	lsls	r3, r3, #30
1000450e:	d111      	bne.n	10004534 <_ftoa+0x42c>
10004510:	9b21      	ldr	r3, [sp, #132]	@ 0x84
10004512:	2b03      	cmp	r3, #3
10004514:	d90e      	bls.n	10004534 <_ftoa+0x42c>
10004516:	9b21      	ldr	r3, [sp, #132]	@ 0x84
10004518:	4654      	mov	r4, sl
1000451a:	469c      	mov	ip, r3
1000451c:	465e      	mov	r6, fp
1000451e:	3d03      	subs	r5, #3
10004520:	4465      	add	r5, ip
10004522:	0022      	movs	r2, r4
10004524:	4643      	mov	r3, r8
10004526:	3401      	adds	r4, #1
10004528:	0039      	movs	r1, r7
1000452a:	2020      	movs	r0, #32
1000452c:	47b0      	blx	r6
1000452e:	42ac      	cmp	r4, r5
10004530:	d1f7      	bne.n	10004522 <_ftoa+0x41a>
10004532:	46b3      	mov	fp, r6
10004534:	46b9      	mov	r9, r7
10004536:	465f      	mov	r7, fp
10004538:	4e1c      	ldr	r6, [pc, #112]	@ (100045ac <_ftoa+0x4a4>)
1000453a:	1cec      	adds	r4, r5, #3
1000453c:	002a      	movs	r2, r5
1000453e:	78b0      	ldrb	r0, [r6, #2]
10004540:	4643      	mov	r3, r8
10004542:	4649      	mov	r1, r9
10004544:	3501      	adds	r5, #1
10004546:	47b8      	blx	r7
10004548:	3e01      	subs	r6, #1
1000454a:	42ac      	cmp	r4, r5
1000454c:	d1f6      	bne.n	1000453c <_ftoa+0x434>
1000454e:	9b22      	ldr	r3, [sp, #136]	@ 0x88
10004550:	46bb      	mov	fp, r7
10004552:	464f      	mov	r7, r9
10004554:	079b      	lsls	r3, r3, #30
10004556:	d400      	bmi.n	1000455a <_ftoa+0x452>
10004558:	e6e1      	b.n	1000431e <_ftoa+0x216>
1000455a:	4653      	mov	r3, sl
1000455c:	9a21      	ldr	r2, [sp, #132]	@ 0x84
1000455e:	1ae3      	subs	r3, r4, r3
10004560:	429a      	cmp	r2, r3
10004562:	d800      	bhi.n	10004566 <_ftoa+0x45e>
10004564:	e6db      	b.n	1000431e <_ftoa+0x216>
10004566:	465e      	mov	r6, fp
10004568:	0015      	movs	r5, r2
1000456a:	0022      	movs	r2, r4
1000456c:	4643      	mov	r3, r8
1000456e:	0039      	movs	r1, r7
10004570:	2020      	movs	r0, #32
10004572:	47b0      	blx	r6
10004574:	4653      	mov	r3, sl
10004576:	3401      	adds	r4, #1
10004578:	1ae3      	subs	r3, r4, r3
1000457a:	42ab      	cmp	r3, r5
1000457c:	d3f5      	bcc.n	1000456a <_ftoa+0x462>
1000457e:	e6ce      	b.n	1000431e <_ftoa+0x216>
10004580:	9b21      	ldr	r3, [sp, #132]	@ 0x84
10004582:	42a3      	cmp	r3, r4
10004584:	d900      	bls.n	10004588 <_ftoa+0x480>
10004586:	e6a6      	b.n	100042d6 <_ftoa+0x1ce>
10004588:	e6b2      	b.n	100042f0 <_ftoa+0x1e8>
1000458a:	9b21      	ldr	r3, [sp, #132]	@ 0x84
1000458c:	2b00      	cmp	r3, #0
1000458e:	d100      	bne.n	10004592 <_ftoa+0x48a>
10004590:	e779      	b.n	10004486 <_ftoa+0x37e>
10004592:	9b0b      	ldr	r3, [sp, #44]	@ 0x2c
10004594:	2b00      	cmp	r3, #0
10004596:	d097      	beq.n	100044c8 <_ftoa+0x3c0>
10004598:	9b21      	ldr	r3, [sp, #132]	@ 0x84
1000459a:	3b01      	subs	r3, #1
1000459c:	9321      	str	r3, [sp, #132]	@ 0x84
1000459e:	429c      	cmp	r4, r3
100045a0:	d200      	bcs.n	100045a4 <_ftoa+0x49c>
100045a2:	e698      	b.n	100042d6 <_ftoa+0x1ce>
100045a4:	2c20      	cmp	r4, #32
100045a6:	d000      	beq.n	100045aa <_ftoa+0x4a2>
100045a8:	e773      	b.n	10004492 <_ftoa+0x38a>
100045aa:	e6a1      	b.n	100042f0 <_ftoa+0x1e8>
100045ac:	1000ade4 	.word	0x1000ade4

100045b0 <_etoa>:
100045b0:	b5f0      	push	{r4, r5, r6, r7, lr}
100045b2:	46de      	mov	lr, fp
100045b4:	4657      	mov	r7, sl
100045b6:	464e      	mov	r6, r9
100045b8:	4645      	mov	r5, r8
100045ba:	b5e0      	push	{r5, r6, r7, lr}
100045bc:	b099      	sub	sp, #100	@ 0x64
100045be:	4681      	mov	r9, r0
100045c0:	468b      	mov	fp, r1
100045c2:	4692      	mov	sl, r2
100045c4:	4698      	mov	r8, r3
100045c6:	9a22      	ldr	r2, [sp, #136]	@ 0x88
100045c8:	9b23      	ldr	r3, [sp, #140]	@ 0x8c
100045ca:	0010      	movs	r0, r2
100045cc:	0019      	movs	r1, r3
100045ce:	f001 fc1a 	bl	10005e06 <__wrap___aeabi_dcmpun>
100045d2:	2800      	cmp	r0, #0
100045d4:	d000      	beq.n	100045d8 <_etoa+0x28>
100045d6:	e0ca      	b.n	1000476e <_etoa+0x1be>
100045d8:	9822      	ldr	r0, [sp, #136]	@ 0x88
100045da:	9923      	ldr	r1, [sp, #140]	@ 0x8c
100045dc:	2201      	movs	r2, #1
100045de:	4b82      	ldr	r3, [pc, #520]	@ (100047e8 <_etoa+0x238>)
100045e0:	4252      	negs	r2, r2
100045e2:	f001 fc0b 	bl	10005dfc <__wrap___aeabi_dcmpgt>
100045e6:	2800      	cmp	r0, #0
100045e8:	d000      	beq.n	100045ec <_etoa+0x3c>
100045ea:	e0c0      	b.n	1000476e <_etoa+0x1be>
100045ec:	9822      	ldr	r0, [sp, #136]	@ 0x88
100045ee:	9923      	ldr	r1, [sp, #140]	@ 0x8c
100045f0:	2201      	movs	r2, #1
100045f2:	4b7e      	ldr	r3, [pc, #504]	@ (100047ec <_etoa+0x23c>)
100045f4:	4252      	negs	r2, r2
100045f6:	f001 fbeb 	bl	10005dd0 <__wrap___aeabi_dcmplt>
100045fa:	2800      	cmp	r0, #0
100045fc:	d000      	beq.n	10004600 <_etoa+0x50>
100045fe:	e0b6      	b.n	1000476e <_etoa+0x1be>
10004600:	9822      	ldr	r0, [sp, #136]	@ 0x88
10004602:	9923      	ldr	r1, [sp, #140]	@ 0x8c
10004604:	2200      	movs	r2, #0
10004606:	2300      	movs	r3, #0
10004608:	f001 fbe2 	bl	10005dd0 <__wrap___aeabi_dcmplt>
1000460c:	2800      	cmp	r0, #0
1000460e:	d000      	beq.n	10004612 <_etoa+0x62>
10004610:	e1c9      	b.n	100049a6 <_etoa+0x3f6>
10004612:	9b22      	ldr	r3, [sp, #136]	@ 0x88
10004614:	9c23      	ldr	r4, [sp, #140]	@ 0x8c
10004616:	9308      	str	r3, [sp, #32]
10004618:	9409      	str	r4, [sp, #36]	@ 0x24
1000461a:	9808      	ldr	r0, [sp, #32]
1000461c:	9909      	ldr	r1, [sp, #36]	@ 0x24
1000461e:	2380      	movs	r3, #128	@ 0x80
10004620:	9a26      	ldr	r2, [sp, #152]	@ 0x98
10004622:	00db      	lsls	r3, r3, #3
10004624:	401a      	ands	r2, r3
10004626:	920d      	str	r2, [sp, #52]	@ 0x34
10004628:	2280      	movs	r2, #128	@ 0x80
1000462a:	9c26      	ldr	r4, [sp, #152]	@ 0x98
1000462c:	0112      	lsls	r2, r2, #4
1000462e:	4014      	ands	r4, r2
10004630:	0022      	movs	r2, r4
10004632:	940b      	str	r4, [sp, #44]	@ 0x2c
10004634:	9c26      	ldr	r4, [sp, #152]	@ 0x98
10004636:	0007      	movs	r7, r0
10004638:	000e      	movs	r6, r1
1000463a:	421c      	tst	r4, r3
1000463c:	d000      	beq.n	10004640 <_etoa+0x90>
1000463e:	e0ad      	b.n	1000479c <_etoa+0x1ec>
10004640:	000b      	movs	r3, r1
10004642:	4303      	orrs	r3, r0
10004644:	d000      	beq.n	10004648 <_etoa+0x98>
10004646:	e0d5      	b.n	100047f4 <_etoa+0x244>
10004648:	2a00      	cmp	r2, #0
1000464a:	d000      	beq.n	1000464e <_etoa+0x9e>
1000464c:	e20a      	b.n	10004a64 <_etoa+0x4b4>
1000464e:	0022      	movs	r2, r4
10004650:	3306      	adds	r3, #6
10004652:	9324      	str	r3, [sp, #144]	@ 0x90
10004654:	2302      	movs	r3, #2
10004656:	4013      	ands	r3, r2
10004658:	930c      	str	r3, [sp, #48]	@ 0x30
1000465a:	2302      	movs	r3, #2
1000465c:	4213      	tst	r3, r2
1000465e:	d000      	beq.n	10004662 <_etoa+0xb2>
10004660:	e202      	b.n	10004a68 <_etoa+0x4b8>
10004662:	9b25      	ldr	r3, [sp, #148]	@ 0x94
10004664:	2b04      	cmp	r3, #4
10004666:	d200      	bcs.n	1000466a <_etoa+0xba>
10004668:	e20f      	b.n	10004a8a <_etoa+0x4da>
1000466a:	3b04      	subs	r3, #4
1000466c:	930b      	str	r3, [sp, #44]	@ 0x2c
1000466e:	2300      	movs	r3, #0
10004670:	2504      	movs	r5, #4
10004672:	930a      	str	r3, [sp, #40]	@ 0x28
10004674:	2200      	movs	r2, #0
10004676:	9822      	ldr	r0, [sp, #136]	@ 0x88
10004678:	9923      	ldr	r1, [sp, #140]	@ 0x8c
1000467a:	2300      	movs	r3, #0
1000467c:	f001 fba8 	bl	10005dd0 <__wrap___aeabi_dcmplt>
10004680:	2800      	cmp	r0, #0
10004682:	d000      	beq.n	10004686 <_etoa+0xd6>
10004684:	e203      	b.n	10004a8e <_etoa+0x4de>
10004686:	4b5a      	ldr	r3, [pc, #360]	@ (100047f0 <_etoa+0x240>)
10004688:	9a26      	ldr	r2, [sp, #152]	@ 0x98
1000468a:	4013      	ands	r3, r2
1000468c:	9304      	str	r3, [sp, #16]
1000468e:	9b0b      	ldr	r3, [sp, #44]	@ 0x2c
10004690:	9303      	str	r3, [sp, #12]
10004692:	9b24      	ldr	r3, [sp, #144]	@ 0x90
10004694:	9302      	str	r3, [sp, #8]
10004696:	9b08      	ldr	r3, [sp, #32]
10004698:	9c09      	ldr	r4, [sp, #36]	@ 0x24
1000469a:	9300      	str	r3, [sp, #0]
1000469c:	9401      	str	r4, [sp, #4]
1000469e:	4659      	mov	r1, fp
100046a0:	4643      	mov	r3, r8
100046a2:	4652      	mov	r2, sl
100046a4:	4648      	mov	r0, r9
100046a6:	f7ff fd2f 	bl	10004108 <_ftoa>
100046aa:	0002      	movs	r2, r0
100046ac:	2020      	movs	r0, #32
100046ae:	9b26      	ldr	r3, [sp, #152]	@ 0x98
100046b0:	271f      	movs	r7, #31
100046b2:	4003      	ands	r3, r0
100046b4:	4259      	negs	r1, r3
100046b6:	414b      	adcs	r3, r1
100046b8:	425b      	negs	r3, r3
100046ba:	4018      	ands	r0, r3
100046bc:	1c53      	adds	r3, r2, #1
100046be:	9308      	str	r3, [sp, #32]
100046c0:	4659      	mov	r1, fp
100046c2:	4643      	mov	r3, r8
100046c4:	3045      	adds	r0, #69	@ 0x45
100046c6:	47c8      	blx	r9
100046c8:	9a0a      	ldr	r2, [sp, #40]	@ 0x28
100046ca:	17d3      	asrs	r3, r2, #31
100046cc:	18d4      	adds	r4, r2, r3
100046ce:	405c      	eors	r4, r3
100046d0:	0fd3      	lsrs	r3, r2, #31
100046d2:	930a      	str	r3, [sp, #40]	@ 0x28
100046d4:	1e6b      	subs	r3, r5, #1
100046d6:	930b      	str	r3, [sp, #44]	@ 0x2c
100046d8:	ab08      	add	r3, sp, #32
100046da:	469c      	mov	ip, r3
100046dc:	2500      	movs	r5, #0
100046de:	4467      	add	r7, ip
100046e0:	e001      	b.n	100046e6 <_etoa+0x136>
100046e2:	2d20      	cmp	r5, #32
100046e4:	d00f      	beq.n	10004706 <_etoa+0x156>
100046e6:	0020      	movs	r0, r4
100046e8:	210a      	movs	r1, #10
100046ea:	f001 f8bb 	bl	10005864 <__wrap___aeabi_uidiv>
100046ee:	3501      	adds	r5, #1
100046f0:	197e      	adds	r6, r7, r5
100046f2:	3130      	adds	r1, #48	@ 0x30
100046f4:	7031      	strb	r1, [r6, #0]
100046f6:	0020      	movs	r0, r4
100046f8:	210a      	movs	r1, #10
100046fa:	f001 f8b3 	bl	10005864 <__wrap___aeabi_uidiv>
100046fe:	0026      	movs	r6, r4
10004700:	0004      	movs	r4, r0
10004702:	2e09      	cmp	r6, #9
10004704:	d8ed      	bhi.n	100046e2 <_etoa+0x132>
10004706:	2305      	movs	r3, #5
10004708:	9306      	str	r3, [sp, #24]
1000470a:	9b0b      	ldr	r3, [sp, #44]	@ 0x2c
1000470c:	4659      	mov	r1, fp
1000470e:	9305      	str	r3, [sp, #20]
10004710:	2300      	movs	r3, #0
10004712:	9304      	str	r3, [sp, #16]
10004714:	330a      	adds	r3, #10
10004716:	9303      	str	r3, [sp, #12]
10004718:	9b0a      	ldr	r3, [sp, #40]	@ 0x28
1000471a:	4648      	mov	r0, r9
1000471c:	9302      	str	r3, [sp, #8]
1000471e:	ab10      	add	r3, sp, #64	@ 0x40
10004720:	9300      	str	r3, [sp, #0]
10004722:	9a08      	ldr	r2, [sp, #32]
10004724:	4643      	mov	r3, r8
10004726:	9501      	str	r5, [sp, #4]
10004728:	f7ff fbf8 	bl	10003f1c <_ntoa_format>
1000472c:	9b0c      	ldr	r3, [sp, #48]	@ 0x30
1000472e:	2b00      	cmp	r3, #0
10004730:	d02d      	beq.n	1000478e <_etoa+0x1de>
10004732:	4653      	mov	r3, sl
10004734:	1ac4      	subs	r4, r0, r3
10004736:	9b25      	ldr	r3, [sp, #148]	@ 0x94
10004738:	42a3      	cmp	r3, r4
1000473a:	d928      	bls.n	1000478e <_etoa+0x1de>
1000473c:	464d      	mov	r5, r9
1000473e:	465f      	mov	r7, fp
10004740:	4681      	mov	r9, r0
10004742:	001e      	movs	r6, r3
10004744:	4653      	mov	r3, sl
10004746:	0039      	movs	r1, r7
10004748:	191a      	adds	r2, r3, r4
1000474a:	2020      	movs	r0, #32
1000474c:	4643      	mov	r3, r8
1000474e:	3401      	adds	r4, #1
10004750:	47a8      	blx	r5
10004752:	42a6      	cmp	r6, r4
10004754:	d8f6      	bhi.n	10004744 <_etoa+0x194>
10004756:	4653      	mov	r3, sl
10004758:	4648      	mov	r0, r9
1000475a:	9925      	ldr	r1, [sp, #148]	@ 0x94
1000475c:	1ac2      	subs	r2, r0, r3
1000475e:	3201      	adds	r2, #1
10004760:	2300      	movs	r3, #0
10004762:	4291      	cmp	r1, r2
10004764:	d300      	bcc.n	10004768 <_etoa+0x1b8>
10004766:	e186      	b.n	10004a76 <_etoa+0x4c6>
10004768:	3001      	adds	r0, #1
1000476a:	1818      	adds	r0, r3, r0
1000476c:	e00f      	b.n	1000478e <_etoa+0x1de>
1000476e:	9b26      	ldr	r3, [sp, #152]	@ 0x98
10004770:	9304      	str	r3, [sp, #16]
10004772:	9b25      	ldr	r3, [sp, #148]	@ 0x94
10004774:	9303      	str	r3, [sp, #12]
10004776:	9b24      	ldr	r3, [sp, #144]	@ 0x90
10004778:	9302      	str	r3, [sp, #8]
1000477a:	9b22      	ldr	r3, [sp, #136]	@ 0x88
1000477c:	9c23      	ldr	r4, [sp, #140]	@ 0x8c
1000477e:	9300      	str	r3, [sp, #0]
10004780:	9401      	str	r4, [sp, #4]
10004782:	4643      	mov	r3, r8
10004784:	4652      	mov	r2, sl
10004786:	4659      	mov	r1, fp
10004788:	4648      	mov	r0, r9
1000478a:	f7ff fcbd 	bl	10004108 <_ftoa>
1000478e:	b019      	add	sp, #100	@ 0x64
10004790:	bcf0      	pop	{r4, r5, r6, r7}
10004792:	46bb      	mov	fp, r7
10004794:	46b2      	mov	sl, r6
10004796:	46a9      	mov	r9, r5
10004798:	46a0      	mov	r8, r4
1000479a:	bdf0      	pop	{r4, r5, r6, r7, pc}
1000479c:	4301      	orrs	r1, r0
1000479e:	d12b      	bne.n	100047f8 <_etoa+0x248>
100047a0:	9b0b      	ldr	r3, [sp, #44]	@ 0x2c
100047a2:	0022      	movs	r2, r4
100047a4:	2b00      	cmp	r3, #0
100047a6:	d100      	bne.n	100047aa <_etoa+0x1fa>
100047a8:	e754      	b.n	10004654 <_etoa+0xa4>
100047aa:	2300      	movs	r3, #0
100047ac:	930a      	str	r3, [sp, #40]	@ 0x28
100047ae:	9b24      	ldr	r3, [sp, #144]	@ 0x90
100047b0:	9a0a      	ldr	r2, [sp, #40]	@ 0x28
100047b2:	2400      	movs	r4, #0
100047b4:	4293      	cmp	r3, r2
100047b6:	dd00      	ble.n	100047ba <_etoa+0x20a>
100047b8:	e185      	b.n	10004ac6 <_etoa+0x516>
100047ba:	9822      	ldr	r0, [sp, #136]	@ 0x88
100047bc:	9923      	ldr	r1, [sp, #140]	@ 0x8c
100047be:	2200      	movs	r2, #0
100047c0:	2300      	movs	r3, #0
100047c2:	f001 fb05 	bl	10005dd0 <__wrap___aeabi_dcmplt>
100047c6:	2800      	cmp	r0, #0
100047c8:	d000      	beq.n	100047cc <_etoa+0x21c>
100047ca:	e135      	b.n	10004a38 <_etoa+0x488>
100047cc:	9b26      	ldr	r3, [sp, #152]	@ 0x98
100047ce:	4a08      	ldr	r2, [pc, #32]	@ (100047f0 <_etoa+0x240>)
100047d0:	9402      	str	r4, [sp, #8]
100047d2:	401a      	ands	r2, r3
100047d4:	2380      	movs	r3, #128	@ 0x80
100047d6:	00db      	lsls	r3, r3, #3
100047d8:	4313      	orrs	r3, r2
100047da:	9304      	str	r3, [sp, #16]
100047dc:	9b25      	ldr	r3, [sp, #148]	@ 0x94
100047de:	9303      	str	r3, [sp, #12]
100047e0:	9b08      	ldr	r3, [sp, #32]
100047e2:	9c09      	ldr	r4, [sp, #36]	@ 0x24
100047e4:	e7cb      	b.n	1000477e <_etoa+0x1ce>
100047e6:	46c0      	nop			@ (mov r8, r8)
100047e8:	7fefffff 	.word	0x7fefffff
100047ec:	ffefffff 	.word	0xffefffff
100047f0:	fffff7ff 	.word	0xfffff7ff
100047f4:	2306      	movs	r3, #6
100047f6:	9324      	str	r3, [sp, #144]	@ 0x90
100047f8:	4bb4      	ldr	r3, [pc, #720]	@ (10004acc <_etoa+0x51c>)
100047fa:	0070      	lsls	r0, r6, #1
100047fc:	469c      	mov	ip, r3
100047fe:	0d40      	lsrs	r0, r0, #21
10004800:	4460      	add	r0, ip
10004802:	f001 fb13 	bl	10005e2c <__wrap___aeabi_i2d>
10004806:	4ab2      	ldr	r2, [pc, #712]	@ (10004ad0 <_etoa+0x520>)
10004808:	4bb2      	ldr	r3, [pc, #712]	@ (10004ad4 <_etoa+0x524>)
1000480a:	f001 fa96 	bl	10005d3a <__wrap___aeabi_dmul>
1000480e:	4ab2      	ldr	r2, [pc, #712]	@ (10004ad8 <_etoa+0x528>)
10004810:	4bb2      	ldr	r3, [pc, #712]	@ (10004adc <_etoa+0x52c>)
10004812:	f001 fa6b 	bl	10005cec <__wrap___aeabi_dadd>
10004816:	0336      	lsls	r6, r6, #12
10004818:	4bb1      	ldr	r3, [pc, #708]	@ (10004ae0 <_etoa+0x530>)
1000481a:	0b36      	lsrs	r6, r6, #12
1000481c:	4333      	orrs	r3, r6
1000481e:	0004      	movs	r4, r0
10004820:	000d      	movs	r5, r1
10004822:	0038      	movs	r0, r7
10004824:	0019      	movs	r1, r3
10004826:	2200      	movs	r2, #0
10004828:	4bae      	ldr	r3, [pc, #696]	@ (10004ae4 <_etoa+0x534>)
1000482a:	f001 fa56 	bl	10005cda <__wrap___aeabi_dsub>
1000482e:	4aae      	ldr	r2, [pc, #696]	@ (10004ae8 <_etoa+0x538>)
10004830:	4bae      	ldr	r3, [pc, #696]	@ (10004aec <_etoa+0x53c>)
10004832:	f001 fa82 	bl	10005d3a <__wrap___aeabi_dmul>
10004836:	0002      	movs	r2, r0
10004838:	000b      	movs	r3, r1
1000483a:	0020      	movs	r0, r4
1000483c:	0029      	movs	r1, r5
1000483e:	f001 fa55 	bl	10005cec <__wrap___aeabi_dadd>
10004842:	f001 fb0b 	bl	10005e5c <__wrap___aeabi_d2iz>
10004846:	900a      	str	r0, [sp, #40]	@ 0x28
10004848:	f001 faf0 	bl	10005e2c <__wrap___aeabi_i2d>
1000484c:	4aa8      	ldr	r2, [pc, #672]	@ (10004af0 <_etoa+0x540>)
1000484e:	4ba9      	ldr	r3, [pc, #676]	@ (10004af4 <_etoa+0x544>)
10004850:	0004      	movs	r4, r0
10004852:	000d      	movs	r5, r1
10004854:	f001 fa71 	bl	10005d3a <__wrap___aeabi_dmul>
10004858:	2200      	movs	r2, #0
1000485a:	4ba7      	ldr	r3, [pc, #668]	@ (10004af8 <_etoa+0x548>)
1000485c:	f001 fa46 	bl	10005cec <__wrap___aeabi_dadd>
10004860:	f001 fafc 	bl	10005e5c <__wrap___aeabi_d2iz>
10004864:	4aa5      	ldr	r2, [pc, #660]	@ (10004afc <_etoa+0x54c>)
10004866:	0006      	movs	r6, r0
10004868:	4ba5      	ldr	r3, [pc, #660]	@ (10004b00 <_etoa+0x550>)
1000486a:	0020      	movs	r0, r4
1000486c:	0029      	movs	r1, r5
1000486e:	f001 fa64 	bl	10005d3a <__wrap___aeabi_dmul>
10004872:	0004      	movs	r4, r0
10004874:	0030      	movs	r0, r6
10004876:	000d      	movs	r5, r1
10004878:	960c      	str	r6, [sp, #48]	@ 0x30
1000487a:	f001 fad7 	bl	10005e2c <__wrap___aeabi_i2d>
1000487e:	4aa1      	ldr	r2, [pc, #644]	@ (10004b04 <_etoa+0x554>)
10004880:	4ba1      	ldr	r3, [pc, #644]	@ (10004b08 <_etoa+0x558>)
10004882:	f001 fa5a 	bl	10005d3a <__wrap___aeabi_dmul>
10004886:	0002      	movs	r2, r0
10004888:	000b      	movs	r3, r1
1000488a:	0020      	movs	r0, r4
1000488c:	0029      	movs	r1, r5
1000488e:	f001 fa24 	bl	10005cda <__wrap___aeabi_dsub>
10004892:	0002      	movs	r2, r0
10004894:	000b      	movs	r3, r1
10004896:	0006      	movs	r6, r0
10004898:	000f      	movs	r7, r1
1000489a:	f001 fa4e 	bl	10005d3a <__wrap___aeabi_dmul>
1000489e:	0032      	movs	r2, r6
100048a0:	0004      	movs	r4, r0
100048a2:	000d      	movs	r5, r1
100048a4:	003b      	movs	r3, r7
100048a6:	0030      	movs	r0, r6
100048a8:	0039      	movs	r1, r7
100048aa:	f001 fa1f 	bl	10005cec <__wrap___aeabi_dadd>
100048ae:	2200      	movs	r2, #0
100048b0:	900e      	str	r0, [sp, #56]	@ 0x38
100048b2:	910f      	str	r1, [sp, #60]	@ 0x3c
100048b4:	4b95      	ldr	r3, [pc, #596]	@ (10004b0c <_etoa+0x55c>)
100048b6:	0020      	movs	r0, r4
100048b8:	0029      	movs	r1, r5
100048ba:	f001 fa20 	bl	10005cfe <__wrap___aeabi_ddiv>
100048be:	2200      	movs	r2, #0
100048c0:	4b93      	ldr	r3, [pc, #588]	@ (10004b10 <_etoa+0x560>)
100048c2:	f001 fa13 	bl	10005cec <__wrap___aeabi_dadd>
100048c6:	0002      	movs	r2, r0
100048c8:	000b      	movs	r3, r1
100048ca:	0020      	movs	r0, r4
100048cc:	0029      	movs	r1, r5
100048ce:	f001 fa16 	bl	10005cfe <__wrap___aeabi_ddiv>
100048d2:	2200      	movs	r2, #0
100048d4:	4b8f      	ldr	r3, [pc, #572]	@ (10004b14 <_etoa+0x564>)
100048d6:	f001 fa09 	bl	10005cec <__wrap___aeabi_dadd>
100048da:	0002      	movs	r2, r0
100048dc:	000b      	movs	r3, r1
100048de:	0020      	movs	r0, r4
100048e0:	0029      	movs	r1, r5
100048e2:	f001 fa0c 	bl	10005cfe <__wrap___aeabi_ddiv>
100048e6:	000d      	movs	r5, r1
100048e8:	2180      	movs	r1, #128	@ 0x80
100048ea:	0004      	movs	r4, r0
100048ec:	0032      	movs	r2, r6
100048ee:	003b      	movs	r3, r7
100048f0:	2000      	movs	r0, #0
100048f2:	05c9      	lsls	r1, r1, #23
100048f4:	f001 f9f1 	bl	10005cda <__wrap___aeabi_dsub>
100048f8:	0002      	movs	r2, r0
100048fa:	000b      	movs	r3, r1
100048fc:	0020      	movs	r0, r4
100048fe:	0029      	movs	r1, r5
10004900:	f001 f9f4 	bl	10005cec <__wrap___aeabi_dadd>
10004904:	0002      	movs	r2, r0
10004906:	000b      	movs	r3, r1
10004908:	980e      	ldr	r0, [sp, #56]	@ 0x38
1000490a:	990f      	ldr	r1, [sp, #60]	@ 0x3c
1000490c:	f001 f9f7 	bl	10005cfe <__wrap___aeabi_ddiv>
10004910:	2200      	movs	r2, #0
10004912:	4b73      	ldr	r3, [pc, #460]	@ (10004ae0 <_etoa+0x530>)
10004914:	f001 f9ea 	bl	10005cec <__wrap___aeabi_dadd>
10004918:	4b7f      	ldr	r3, [pc, #508]	@ (10004b18 <_etoa+0x568>)
1000491a:	9c0c      	ldr	r4, [sp, #48]	@ 0x30
1000491c:	469c      	mov	ip, r3
1000491e:	4464      	add	r4, ip
10004920:	2200      	movs	r2, #0
10004922:	0523      	lsls	r3, r4, #20
10004924:	f001 fa09 	bl	10005d3a <__wrap___aeabi_dmul>
10004928:	0006      	movs	r6, r0
1000492a:	000f      	movs	r7, r1
1000492c:	0002      	movs	r2, r0
1000492e:	000b      	movs	r3, r1
10004930:	9808      	ldr	r0, [sp, #32]
10004932:	9909      	ldr	r1, [sp, #36]	@ 0x24
10004934:	f001 fa4c 	bl	10005dd0 <__wrap___aeabi_dcmplt>
10004938:	2800      	cmp	r0, #0
1000493a:	d00a      	beq.n	10004952 <_etoa+0x3a2>
1000493c:	9b0a      	ldr	r3, [sp, #40]	@ 0x28
1000493e:	0030      	movs	r0, r6
10004940:	3b01      	subs	r3, #1
10004942:	0039      	movs	r1, r7
10004944:	930a      	str	r3, [sp, #40]	@ 0x28
10004946:	2200      	movs	r2, #0
10004948:	4b71      	ldr	r3, [pc, #452]	@ (10004b10 <_etoa+0x560>)
1000494a:	f001 f9d8 	bl	10005cfe <__wrap___aeabi_ddiv>
1000494e:	0006      	movs	r6, r0
10004950:	000f      	movs	r7, r1
10004952:	9a0a      	ldr	r2, [sp, #40]	@ 0x28
10004954:	0033      	movs	r3, r6
10004956:	3263      	adds	r2, #99	@ 0x63
10004958:	0039      	movs	r1, r7
1000495a:	2ac6      	cmp	r2, #198	@ 0xc6
1000495c:	d812      	bhi.n	10004984 <_etoa+0x3d4>
1000495e:	2202      	movs	r2, #2
10004960:	9826      	ldr	r0, [sp, #152]	@ 0x98
10004962:	2504      	movs	r5, #4
10004964:	4010      	ands	r0, r2
10004966:	9a0b      	ldr	r2, [sp, #44]	@ 0x2c
10004968:	900c      	str	r0, [sp, #48]	@ 0x30
1000496a:	2a00      	cmp	r2, #0
1000496c:	d125      	bne.n	100049ba <_etoa+0x40a>
1000496e:	9b25      	ldr	r3, [sp, #148]	@ 0x94
10004970:	2b04      	cmp	r3, #4
10004972:	d905      	bls.n	10004980 <_etoa+0x3d0>
10004974:	2800      	cmp	r0, #0
10004976:	d000      	beq.n	1000497a <_etoa+0x3ca>
10004978:	e0a1      	b.n	10004abe <_etoa+0x50e>
1000497a:	9b25      	ldr	r3, [sp, #148]	@ 0x94
1000497c:	3b04      	subs	r3, #4
1000497e:	930b      	str	r3, [sp, #44]	@ 0x2c
10004980:	2504      	movs	r5, #4
10004982:	e041      	b.n	10004a08 <_etoa+0x458>
10004984:	2202      	movs	r2, #2
10004986:	9826      	ldr	r0, [sp, #152]	@ 0x98
10004988:	4010      	ands	r0, r2
1000498a:	9a0b      	ldr	r2, [sp, #44]	@ 0x2c
1000498c:	900c      	str	r0, [sp, #48]	@ 0x30
1000498e:	2a00      	cmp	r2, #0
10004990:	d112      	bne.n	100049b8 <_etoa+0x408>
10004992:	9b25      	ldr	r3, [sp, #148]	@ 0x94
10004994:	2b05      	cmp	r3, #5
10004996:	d976      	bls.n	10004a86 <_etoa+0x4d6>
10004998:	2800      	cmp	r0, #0
1000499a:	d172      	bne.n	10004a82 <_etoa+0x4d2>
1000499c:	9b25      	ldr	r3, [sp, #148]	@ 0x94
1000499e:	2505      	movs	r5, #5
100049a0:	3b05      	subs	r3, #5
100049a2:	930b      	str	r3, [sp, #44]	@ 0x2c
100049a4:	e034      	b.n	10004a10 <_etoa+0x460>
100049a6:	2280      	movs	r2, #128	@ 0x80
100049a8:	0612      	lsls	r2, r2, #24
100049aa:	4694      	mov	ip, r2
100049ac:	9b22      	ldr	r3, [sp, #136]	@ 0x88
100049ae:	9308      	str	r3, [sp, #32]
100049b0:	9b23      	ldr	r3, [sp, #140]	@ 0x8c
100049b2:	4463      	add	r3, ip
100049b4:	9309      	str	r3, [sp, #36]	@ 0x24
100049b6:	e630      	b.n	1000461a <_etoa+0x6a>
100049b8:	2505      	movs	r5, #5
100049ba:	430b      	orrs	r3, r1
100049bc:	d100      	bne.n	100049c0 <_etoa+0x410>
100049be:	e6f6      	b.n	100047ae <_etoa+0x1fe>
100049c0:	9808      	ldr	r0, [sp, #32]
100049c2:	9909      	ldr	r1, [sp, #36]	@ 0x24
100049c4:	4a55      	ldr	r2, [pc, #340]	@ (10004b1c <_etoa+0x56c>)
100049c6:	4b56      	ldr	r3, [pc, #344]	@ (10004b20 <_etoa+0x570>)
100049c8:	f001 fa10 	bl	10005dec <__wrap___aeabi_dcmpge>
100049cc:	2800      	cmp	r0, #0
100049ce:	d008      	beq.n	100049e2 <_etoa+0x432>
100049d0:	9808      	ldr	r0, [sp, #32]
100049d2:	9909      	ldr	r1, [sp, #36]	@ 0x24
100049d4:	2200      	movs	r2, #0
100049d6:	4b53      	ldr	r3, [pc, #332]	@ (10004b24 <_etoa+0x574>)
100049d8:	f001 f9fa 	bl	10005dd0 <__wrap___aeabi_dcmplt>
100049dc:	2800      	cmp	r0, #0
100049de:	d000      	beq.n	100049e2 <_etoa+0x432>
100049e0:	e6e5      	b.n	100047ae <_etoa+0x1fe>
100049e2:	9b24      	ldr	r3, [sp, #144]	@ 0x90
100049e4:	2b00      	cmp	r3, #0
100049e6:	d01c      	beq.n	10004a22 <_etoa+0x472>
100049e8:	9b0d      	ldr	r3, [sp, #52]	@ 0x34
100049ea:	2b00      	cmp	r3, #0
100049ec:	d019      	beq.n	10004a22 <_etoa+0x472>
100049ee:	9b24      	ldr	r3, [sp, #144]	@ 0x90
100049f0:	3b01      	subs	r3, #1
100049f2:	9324      	str	r3, [sp, #144]	@ 0x90
100049f4:	9b25      	ldr	r3, [sp, #148]	@ 0x94
100049f6:	42ab      	cmp	r3, r5
100049f8:	d904      	bls.n	10004a04 <_etoa+0x454>
100049fa:	9b0c      	ldr	r3, [sp, #48]	@ 0x30
100049fc:	2b00      	cmp	r3, #0
100049fe:	d05a      	beq.n	10004ab6 <_etoa+0x506>
10004a00:	2302      	movs	r3, #2
10004a02:	930c      	str	r3, [sp, #48]	@ 0x30
10004a04:	2300      	movs	r3, #0
10004a06:	930b      	str	r3, [sp, #44]	@ 0x2c
10004a08:	9b0a      	ldr	r3, [sp, #40]	@ 0x28
10004a0a:	2b00      	cmp	r3, #0
10004a0c:	d100      	bne.n	10004a10 <_etoa+0x460>
10004a0e:	e631      	b.n	10004674 <_etoa+0xc4>
10004a10:	9808      	ldr	r0, [sp, #32]
10004a12:	9909      	ldr	r1, [sp, #36]	@ 0x24
10004a14:	0032      	movs	r2, r6
10004a16:	003b      	movs	r3, r7
10004a18:	f001 f971 	bl	10005cfe <__wrap___aeabi_ddiv>
10004a1c:	9008      	str	r0, [sp, #32]
10004a1e:	9109      	str	r1, [sp, #36]	@ 0x24
10004a20:	e628      	b.n	10004674 <_etoa+0xc4>
10004a22:	9b25      	ldr	r3, [sp, #148]	@ 0x94
10004a24:	42ab      	cmp	r3, r5
10004a26:	d9ed      	bls.n	10004a04 <_etoa+0x454>
10004a28:	9b0c      	ldr	r3, [sp, #48]	@ 0x30
10004a2a:	2b00      	cmp	r3, #0
10004a2c:	d043      	beq.n	10004ab6 <_etoa+0x506>
10004a2e:	2300      	movs	r3, #0
10004a30:	930b      	str	r3, [sp, #44]	@ 0x2c
10004a32:	3302      	adds	r3, #2
10004a34:	930c      	str	r3, [sp, #48]	@ 0x30
10004a36:	e7e7      	b.n	10004a08 <_etoa+0x458>
10004a38:	2080      	movs	r0, #128	@ 0x80
10004a3a:	9b26      	ldr	r3, [sp, #152]	@ 0x98
10004a3c:	4a3a      	ldr	r2, [pc, #232]	@ (10004b28 <_etoa+0x578>)
10004a3e:	0600      	lsls	r0, r0, #24
10004a40:	401a      	ands	r2, r3
10004a42:	2380      	movs	r3, #128	@ 0x80
10004a44:	4684      	mov	ip, r0
10004a46:	9402      	str	r4, [sp, #8]
10004a48:	9c08      	ldr	r4, [sp, #32]
10004a4a:	9d09      	ldr	r5, [sp, #36]	@ 0x24
10004a4c:	0029      	movs	r1, r5
10004a4e:	00db      	lsls	r3, r3, #3
10004a50:	4313      	orrs	r3, r2
10004a52:	9304      	str	r3, [sp, #16]
10004a54:	9b25      	ldr	r3, [sp, #148]	@ 0x94
10004a56:	4461      	add	r1, ip
10004a58:	0022      	movs	r2, r4
10004a5a:	9303      	str	r3, [sp, #12]
10004a5c:	000b      	movs	r3, r1
10004a5e:	9200      	str	r2, [sp, #0]
10004a60:	9301      	str	r3, [sp, #4]
10004a62:	e68e      	b.n	10004782 <_etoa+0x1d2>
10004a64:	2405      	movs	r4, #5
10004a66:	e6a8      	b.n	100047ba <_etoa+0x20a>
10004a68:	2300      	movs	r3, #0
10004a6a:	930b      	str	r3, [sp, #44]	@ 0x2c
10004a6c:	930a      	str	r3, [sp, #40]	@ 0x28
10004a6e:	3302      	adds	r3, #2
10004a70:	2504      	movs	r5, #4
10004a72:	930c      	str	r3, [sp, #48]	@ 0x30
10004a74:	e5fe      	b.n	10004674 <_etoa+0xc4>
10004a76:	4653      	mov	r3, sl
10004a78:	468c      	mov	ip, r1
10004a7a:	3b01      	subs	r3, #1
10004a7c:	4463      	add	r3, ip
10004a7e:	1a1b      	subs	r3, r3, r0
10004a80:	e672      	b.n	10004768 <_etoa+0x1b8>
10004a82:	2302      	movs	r3, #2
10004a84:	930c      	str	r3, [sp, #48]	@ 0x30
10004a86:	2505      	movs	r5, #5
10004a88:	e7c2      	b.n	10004a10 <_etoa+0x460>
10004a8a:	2304      	movs	r3, #4
10004a8c:	e5ed      	b.n	1000466a <_etoa+0xba>
10004a8e:	2080      	movs	r0, #128	@ 0x80
10004a90:	9e08      	ldr	r6, [sp, #32]
10004a92:	9f09      	ldr	r7, [sp, #36]	@ 0x24
10004a94:	0600      	lsls	r0, r0, #24
10004a96:	0039      	movs	r1, r7
10004a98:	4684      	mov	ip, r0
10004a9a:	9a26      	ldr	r2, [sp, #152]	@ 0x98
10004a9c:	4b22      	ldr	r3, [pc, #136]	@ (10004b28 <_etoa+0x578>)
10004a9e:	4461      	add	r1, ip
10004aa0:	4013      	ands	r3, r2
10004aa2:	9304      	str	r3, [sp, #16]
10004aa4:	9b0b      	ldr	r3, [sp, #44]	@ 0x2c
10004aa6:	0032      	movs	r2, r6
10004aa8:	9303      	str	r3, [sp, #12]
10004aaa:	9b24      	ldr	r3, [sp, #144]	@ 0x90
10004aac:	9302      	str	r3, [sp, #8]
10004aae:	000b      	movs	r3, r1
10004ab0:	9200      	str	r2, [sp, #0]
10004ab2:	9301      	str	r3, [sp, #4]
10004ab4:	e5f3      	b.n	1000469e <_etoa+0xee>
10004ab6:	9b25      	ldr	r3, [sp, #148]	@ 0x94
10004ab8:	1b5b      	subs	r3, r3, r5
10004aba:	930b      	str	r3, [sp, #44]	@ 0x2c
10004abc:	e7a4      	b.n	10004a08 <_etoa+0x458>
10004abe:	2302      	movs	r3, #2
10004ac0:	2504      	movs	r5, #4
10004ac2:	930c      	str	r3, [sp, #48]	@ 0x30
10004ac4:	e7a0      	b.n	10004a08 <_etoa+0x458>
10004ac6:	1a9c      	subs	r4, r3, r2
10004ac8:	3c01      	subs	r4, #1
10004aca:	e676      	b.n	100047ba <_etoa+0x20a>
10004acc:	fffffc01 	.word	0xfffffc01
10004ad0:	509f79fb 	.word	0x509f79fb
10004ad4:	3fd34413 	.word	0x3fd34413
10004ad8:	8b60c8b3 	.word	0x8b60c8b3
10004adc:	3fc68a28 	.word	0x3fc68a28
10004ae0:	3ff00000 	.word	0x3ff00000
10004ae4:	3ff80000 	.word	0x3ff80000
10004ae8:	636f4361 	.word	0x636f4361
10004aec:	3fd287a7 	.word	0x3fd287a7
10004af0:	0979a371 	.word	0x0979a371
10004af4:	400a934f 	.word	0x400a934f
10004af8:	3fe00000 	.word	0x3fe00000
10004afc:	bbb55516 	.word	0xbbb55516
10004b00:	40026bb1 	.word	0x40026bb1
10004b04:	fefa39ef 	.word	0xfefa39ef
10004b08:	3fe62e42 	.word	0x3fe62e42
10004b0c:	402c0000 	.word	0x402c0000
10004b10:	40240000 	.word	0x40240000
10004b14:	40180000 	.word	0x40180000
10004b18:	000003ff 	.word	0x000003ff
10004b1c:	eb1c432d 	.word	0xeb1c432d
10004b20:	3f1a36e2 	.word	0x3f1a36e2
10004b24:	412e8480 	.word	0x412e8480
10004b28:	fffff7ff 	.word	0xfffff7ff

10004b2c <_vsnprintf>:
10004b2c:	b5f0      	push	{r4, r5, r6, r7, lr}
10004b2e:	46de      	mov	lr, fp
10004b30:	4657      	mov	r7, sl
10004b32:	464e      	mov	r6, r9
10004b34:	4645      	mov	r5, r8
10004b36:	b5e0      	push	{r5, r6, r7, lr}
10004b38:	b0a5      	sub	sp, #148	@ 0x94
10004b3a:	001e      	movs	r6, r3
10004b3c:	9b2e      	ldr	r3, [sp, #184]	@ 0xb8
10004b3e:	4692      	mov	sl, r2
10004b40:	930c      	str	r3, [sp, #48]	@ 0x30
10004b42:	4acd      	ldr	r2, [pc, #820]	@ (10004e78 <_vsnprintf+0x34c>)
10004b44:	4bcd      	ldr	r3, [pc, #820]	@ (10004e7c <_vsnprintf+0x350>)
10004b46:	4680      	mov	r8, r0
10004b48:	468b      	mov	fp, r1
10004b4a:	601a      	str	r2, [r3, #0]
10004b4c:	2900      	cmp	r1, #0
10004b4e:	d100      	bne.n	10004b52 <_vsnprintf+0x26>
10004b50:	e1ea      	b.n	10004f28 <_vsnprintf+0x3fc>
10004b52:	2300      	movs	r3, #0
10004b54:	7830      	ldrb	r0, [r6, #0]
10004b56:	4699      	mov	r9, r3
10004b58:	2800      	cmp	r0, #0
10004b5a:	d100      	bne.n	10004b5e <_vsnprintf+0x32>
10004b5c:	e1ec      	b.n	10004f38 <_vsnprintf+0x40c>
10004b5e:	4bc8      	ldr	r3, [pc, #800]	@ (10004e80 <_vsnprintf+0x354>)
10004b60:	464c      	mov	r4, r9
10004b62:	930b      	str	r3, [sp, #44]	@ 0x2c
10004b64:	4bc7      	ldr	r3, [pc, #796]	@ (10004e84 <_vsnprintf+0x358>)
10004b66:	4645      	mov	r5, r8
10004b68:	4657      	mov	r7, sl
10004b6a:	930e      	str	r3, [sp, #56]	@ 0x38
10004b6c:	e00a      	b.n	10004b84 <_vsnprintf+0x58>
10004b6e:	1c63      	adds	r3, r4, #1
10004b70:	4698      	mov	r8, r3
10004b72:	0022      	movs	r2, r4
10004b74:	003b      	movs	r3, r7
10004b76:	4659      	mov	r1, fp
10004b78:	47a8      	blx	r5
10004b7a:	4644      	mov	r4, r8
10004b7c:	7830      	ldrb	r0, [r6, #0]
10004b7e:	2800      	cmp	r0, #0
10004b80:	d100      	bne.n	10004b84 <_vsnprintf+0x58>
10004b82:	e087      	b.n	10004c94 <_vsnprintf+0x168>
10004b84:	3601      	adds	r6, #1
10004b86:	2825      	cmp	r0, #37	@ 0x25
10004b88:	d1f1      	bne.n	10004b6e <_vsnprintf+0x42>
10004b8a:	2308      	movs	r3, #8
10004b8c:	469a      	mov	sl, r3
10004b8e:	3b04      	subs	r3, #4
10004b90:	4699      	mov	r9, r3
10004b92:	3b02      	subs	r3, #2
10004b94:	4698      	mov	r8, r3
10004b96:	3b01      	subs	r3, #1
10004b98:	2200      	movs	r2, #0
10004b9a:	469c      	mov	ip, r3
10004b9c:	940d      	str	r4, [sp, #52]	@ 0x34
10004b9e:	7830      	ldrb	r0, [r6, #0]
10004ba0:	1c71      	adds	r1, r6, #1
10004ba2:	0003      	movs	r3, r0
10004ba4:	3b20      	subs	r3, #32
10004ba6:	b2db      	uxtb	r3, r3
10004ba8:	2b10      	cmp	r3, #16
10004baa:	d803      	bhi.n	10004bb4 <_vsnprintf+0x88>
10004bac:	9c0b      	ldr	r4, [sp, #44]	@ 0x2c
10004bae:	009b      	lsls	r3, r3, #2
10004bb0:	58e3      	ldr	r3, [r4, r3]
10004bb2:	469f      	mov	pc, r3
10004bb4:	0003      	movs	r3, r0
10004bb6:	3b30      	subs	r3, #48	@ 0x30
10004bb8:	4689      	mov	r9, r1
10004bba:	9c0d      	ldr	r4, [sp, #52]	@ 0x34
10004bbc:	2b09      	cmp	r3, #9
10004bbe:	d93a      	bls.n	10004c36 <_vsnprintf+0x10a>
10004bc0:	2300      	movs	r3, #0
10004bc2:	4698      	mov	r8, r3
10004bc4:	282a      	cmp	r0, #42	@ 0x2a
10004bc6:	d100      	bne.n	10004bca <_vsnprintf+0x9e>
10004bc8:	e0c1      	b.n	10004d4e <_vsnprintf+0x222>
10004bca:	2300      	movs	r3, #0
10004bcc:	469a      	mov	sl, r3
10004bce:	282e      	cmp	r0, #46	@ 0x2e
10004bd0:	d04b      	beq.n	10004c6a <_vsnprintf+0x13e>
10004bd2:	0003      	movs	r3, r0
10004bd4:	3b68      	subs	r3, #104	@ 0x68
10004bd6:	b2db      	uxtb	r3, r3
10004bd8:	2b12      	cmp	r3, #18
10004bda:	d81e      	bhi.n	10004c1a <_vsnprintf+0xee>
10004bdc:	990e      	ldr	r1, [sp, #56]	@ 0x38
10004bde:	009b      	lsls	r3, r3, #2
10004be0:	58cb      	ldr	r3, [r1, r3]
10004be2:	469f      	mov	pc, r3
10004be4:	4663      	mov	r3, ip
10004be6:	000e      	movs	r6, r1
10004be8:	431a      	orrs	r2, r3
10004bea:	e7d8      	b.n	10004b9e <_vsnprintf+0x72>
10004bec:	4643      	mov	r3, r8
10004bee:	000e      	movs	r6, r1
10004bf0:	431a      	orrs	r2, r3
10004bf2:	e7d4      	b.n	10004b9e <_vsnprintf+0x72>
10004bf4:	464b      	mov	r3, r9
10004bf6:	000e      	movs	r6, r1
10004bf8:	431a      	orrs	r2, r3
10004bfa:	e7d0      	b.n	10004b9e <_vsnprintf+0x72>
10004bfc:	2310      	movs	r3, #16
10004bfe:	000e      	movs	r6, r1
10004c00:	431a      	orrs	r2, r3
10004c02:	e7cc      	b.n	10004b9e <_vsnprintf+0x72>
10004c04:	4653      	mov	r3, sl
10004c06:	000e      	movs	r6, r1
10004c08:	431a      	orrs	r2, r3
10004c0a:	e7c8      	b.n	10004b9e <_vsnprintf+0x72>
10004c0c:	2380      	movs	r3, #128	@ 0x80
10004c0e:	005b      	lsls	r3, r3, #1
10004c10:	431a      	orrs	r2, r3
10004c12:	3bff      	subs	r3, #255	@ 0xff
10004c14:	469c      	mov	ip, r3
10004c16:	7870      	ldrb	r0, [r6, #1]
10004c18:	44e1      	add	r9, ip
10004c1a:	464e      	mov	r6, r9
10004c1c:	2867      	cmp	r0, #103	@ 0x67
10004c1e:	d84f      	bhi.n	10004cc0 <_vsnprintf+0x194>
10004c20:	2824      	cmp	r0, #36	@ 0x24
10004c22:	d9a4      	bls.n	10004b6e <_vsnprintf+0x42>
10004c24:	0003      	movs	r3, r0
10004c26:	3b25      	subs	r3, #37	@ 0x25
10004c28:	b2db      	uxtb	r3, r3
10004c2a:	2b42      	cmp	r3, #66	@ 0x42
10004c2c:	d89f      	bhi.n	10004b6e <_vsnprintf+0x42>
10004c2e:	4996      	ldr	r1, [pc, #600]	@ (10004e88 <_vsnprintf+0x35c>)
10004c30:	009b      	lsls	r3, r3, #2
10004c32:	58cb      	ldr	r3, [r1, r3]
10004c34:	469f      	mov	pc, r3
10004c36:	2300      	movs	r3, #0
10004c38:	4694      	mov	ip, r2
10004c3a:	001e      	movs	r6, r3
10004c3c:	e000      	b.n	10004c40 <_vsnprintf+0x114>
10004c3e:	3101      	adds	r1, #1
10004c40:	00b3      	lsls	r3, r6, #2
10004c42:	199b      	adds	r3, r3, r6
10004c44:	005b      	lsls	r3, r3, #1
10004c46:	181e      	adds	r6, r3, r0
10004c48:	7808      	ldrb	r0, [r1, #0]
10004c4a:	3e30      	subs	r6, #48	@ 0x30
10004c4c:	0003      	movs	r3, r0
10004c4e:	3b30      	subs	r3, #48	@ 0x30
10004c50:	2b09      	cmp	r3, #9
10004c52:	d9f4      	bls.n	10004c3e <_vsnprintf+0x112>
10004c54:	2301      	movs	r3, #1
10004c56:	4662      	mov	r2, ip
10004c58:	4689      	mov	r9, r1
10004c5a:	469c      	mov	ip, r3
10004c5c:	2300      	movs	r3, #0
10004c5e:	46b0      	mov	r8, r6
10004c60:	469a      	mov	sl, r3
10004c62:	000e      	movs	r6, r1
10004c64:	44e1      	add	r9, ip
10004c66:	282e      	cmp	r0, #46	@ 0x2e
10004c68:	d1b3      	bne.n	10004bd2 <_vsnprintf+0xa6>
10004c6a:	2130      	movs	r1, #48	@ 0x30
10004c6c:	2080      	movs	r0, #128	@ 0x80
10004c6e:	4249      	negs	r1, r1
10004c70:	468c      	mov	ip, r1
10004c72:	00c0      	lsls	r0, r0, #3
10004c74:	4302      	orrs	r2, r0
10004c76:	7870      	ldrb	r0, [r6, #1]
10004c78:	464b      	mov	r3, r9
10004c7a:	4484      	add	ip, r0
10004c7c:	4661      	mov	r1, ip
10004c7e:	2909      	cmp	r1, #9
10004c80:	d800      	bhi.n	10004c84 <_vsnprintf+0x158>
10004c82:	e16c      	b.n	10004f5e <_vsnprintf+0x432>
10004c84:	282a      	cmp	r0, #42	@ 0x2a
10004c86:	d100      	bne.n	10004c8a <_vsnprintf+0x15e>
10004c88:	e17a      	b.n	10004f80 <_vsnprintf+0x454>
10004c8a:	2301      	movs	r3, #1
10004c8c:	469c      	mov	ip, r3
10004c8e:	464e      	mov	r6, r9
10004c90:	44e1      	add	r9, ip
10004c92:	e79e      	b.n	10004bd2 <_vsnprintf+0xa6>
10004c94:	46a1      	mov	r9, r4
10004c96:	46a8      	mov	r8, r5
10004c98:	46ba      	mov	sl, r7
10004c9a:	45ca      	cmp	sl, r9
10004c9c:	d803      	bhi.n	10004ca6 <_vsnprintf+0x17a>
10004c9e:	2301      	movs	r3, #1
10004ca0:	425b      	negs	r3, r3
10004ca2:	4453      	add	r3, sl
10004ca4:	4699      	mov	r9, r3
10004ca6:	4653      	mov	r3, sl
10004ca8:	464a      	mov	r2, r9
10004caa:	4659      	mov	r1, fp
10004cac:	2000      	movs	r0, #0
10004cae:	47c0      	blx	r8
10004cb0:	0020      	movs	r0, r4
10004cb2:	b025      	add	sp, #148	@ 0x94
10004cb4:	bcf0      	pop	{r4, r5, r6, r7}
10004cb6:	46bb      	mov	fp, r7
10004cb8:	46b2      	mov	sl, r6
10004cba:	46a9      	mov	r9, r5
10004cbc:	46a0      	mov	r8, r4
10004cbe:	bdf0      	pop	{r4, r5, r6, r7, pc}
10004cc0:	0003      	movs	r3, r0
10004cc2:	3b69      	subs	r3, #105	@ 0x69
10004cc4:	b2db      	uxtb	r3, r3
10004cc6:	930d      	str	r3, [sp, #52]	@ 0x34
10004cc8:	2b0f      	cmp	r3, #15
10004cca:	d900      	bls.n	10004cce <_vsnprintf+0x1a2>
10004ccc:	e74f      	b.n	10004b6e <_vsnprintf+0x42>
10004cce:	2101      	movs	r1, #1
10004cd0:	4099      	lsls	r1, r3
10004cd2:	468c      	mov	ip, r1
10004cd4:	496d      	ldr	r1, [pc, #436]	@ (10004e8c <_vsnprintf+0x360>)
10004cd6:	4689      	mov	r9, r1
10004cd8:	4661      	mov	r1, ip
10004cda:	464b      	mov	r3, r9
10004cdc:	4019      	ands	r1, r3
10004cde:	910f      	str	r1, [sp, #60]	@ 0x3c
10004ce0:	4663      	mov	r3, ip
10004ce2:	4649      	mov	r1, r9
10004ce4:	420b      	tst	r3, r1
10004ce6:	d000      	beq.n	10004cea <_vsnprintf+0x1be>
10004ce8:	e128      	b.n	10004f3c <_vsnprintf+0x410>
10004cea:	9b0d      	ldr	r3, [sp, #52]	@ 0x34
10004cec:	2b0a      	cmp	r3, #10
10004cee:	d03a      	beq.n	10004d66 <_vsnprintf+0x23a>
10004cf0:	2b07      	cmp	r3, #7
10004cf2:	d000      	beq.n	10004cf6 <_vsnprintf+0x1ca>
10004cf4:	e73b      	b.n	10004b6e <_vsnprintf+0x42>
10004cf6:	9b0c      	ldr	r3, [sp, #48]	@ 0x30
10004cf8:	0019      	movs	r1, r3
10004cfa:	c908      	ldmia	r1!, {r3}
10004cfc:	4688      	mov	r8, r1
10004cfe:	2b00      	cmp	r3, #0
10004d00:	d100      	bne.n	10004d04 <_vsnprintf+0x1d8>
10004d02:	e14b      	b.n	10004f9c <_vsnprintf+0x470>
10004d04:	2021      	movs	r0, #33	@ 0x21
10004d06:	4302      	orrs	r2, r0
10004d08:	4691      	mov	r9, r2
10004d0a:	a914      	add	r1, sp, #80	@ 0x50
10004d0c:	468c      	mov	ip, r1
10004d0e:	221f      	movs	r2, #31
10004d10:	210f      	movs	r1, #15
10004d12:	4462      	add	r2, ip
10004d14:	468c      	mov	ip, r1
10004d16:	4651      	mov	r1, sl
10004d18:	950d      	str	r5, [sp, #52]	@ 0x34
10004d1a:	910c      	str	r1, [sp, #48]	@ 0x30
10004d1c:	46a2      	mov	sl, r4
10004d1e:	0015      	movs	r5, r2
10004d20:	990f      	ldr	r1, [sp, #60]	@ 0x3c
10004d22:	e002      	b.n	10004d2a <_vsnprintf+0x1fe>
10004d24:	2920      	cmp	r1, #32
10004d26:	d00c      	beq.n	10004d42 <_vsnprintf+0x216>
10004d28:	0013      	movs	r3, r2
10004d2a:	4664      	mov	r4, ip
10004d2c:	401c      	ands	r4, r3
10004d2e:	0020      	movs	r0, r4
10004d30:	3037      	adds	r0, #55	@ 0x37
10004d32:	2c09      	cmp	r4, #9
10004d34:	d800      	bhi.n	10004d38 <_vsnprintf+0x20c>
10004d36:	3807      	subs	r0, #7
10004d38:	3101      	adds	r1, #1
10004d3a:	5468      	strb	r0, [r5, r1]
10004d3c:	091a      	lsrs	r2, r3, #4
10004d3e:	2b0f      	cmp	r3, #15
10004d40:	d8f0      	bhi.n	10004d24 <_vsnprintf+0x1f8>
10004d42:	9b0c      	ldr	r3, [sp, #48]	@ 0x30
10004d44:	4654      	mov	r4, sl
10004d46:	9d0d      	ldr	r5, [sp, #52]	@ 0x34
10004d48:	469a      	mov	sl, r3
10004d4a:	910f      	str	r1, [sp, #60]	@ 0x3c
10004d4c:	e133      	b.n	10004fb6 <_vsnprintf+0x48a>
10004d4e:	9b0c      	ldr	r3, [sp, #48]	@ 0x30
10004d50:	cb02      	ldmia	r3!, {r1}
10004d52:	4688      	mov	r8, r1
10004d54:	2900      	cmp	r1, #0
10004d56:	db47      	blt.n	10004de8 <_vsnprintf+0x2bc>
10004d58:	930c      	str	r3, [sp, #48]	@ 0x30
10004d5a:	2301      	movs	r3, #1
10004d5c:	469c      	mov	ip, r3
10004d5e:	7870      	ldrb	r0, [r6, #1]
10004d60:	464e      	mov	r6, r9
10004d62:	44e1      	add	r9, ip
10004d64:	e731      	b.n	10004bca <_vsnprintf+0x9e>
10004d66:	9b0c      	ldr	r3, [sp, #48]	@ 0x30
10004d68:	cb02      	ldmia	r3!, {r1}
10004d6a:	9314      	str	r3, [sp, #80]	@ 0x50
10004d6c:	4653      	mov	r3, sl
10004d6e:	2b00      	cmp	r3, #0
10004d70:	d100      	bne.n	10004d74 <_vsnprintf+0x248>
10004d72:	e138      	b.n	10004fe6 <_vsnprintf+0x4ba>
10004d74:	469c      	mov	ip, r3
10004d76:	7808      	ldrb	r0, [r1, #0]
10004d78:	000b      	movs	r3, r1
10004d7a:	900c      	str	r0, [sp, #48]	@ 0x30
10004d7c:	448c      	add	ip, r1
10004d7e:	2800      	cmp	r0, #0
10004d80:	d101      	bne.n	10004d86 <_vsnprintf+0x25a>
10004d82:	f000 fc98 	bl	100056b6 <_vsnprintf+0xb8a>
10004d86:	4689      	mov	r9, r1
10004d88:	4661      	mov	r1, ip
10004d8a:	4694      	mov	ip, r2
10004d8c:	e003      	b.n	10004d96 <_vsnprintf+0x26a>
10004d8e:	785a      	ldrb	r2, [r3, #1]
10004d90:	3301      	adds	r3, #1
10004d92:	2a00      	cmp	r2, #0
10004d94:	d001      	beq.n	10004d9a <_vsnprintf+0x26e>
10004d96:	428b      	cmp	r3, r1
10004d98:	d1f9      	bne.n	10004d8e <_vsnprintf+0x262>
10004d9a:	4649      	mov	r1, r9
10004d9c:	4662      	mov	r2, ip
10004d9e:	1a5b      	subs	r3, r3, r1
10004da0:	900c      	str	r0, [sp, #48]	@ 0x30
10004da2:	930f      	str	r3, [sp, #60]	@ 0x3c
10004da4:	0553      	lsls	r3, r2, #21
10004da6:	d500      	bpl.n	10004daa <_vsnprintf+0x27e>
10004da8:	e120      	b.n	10004fec <_vsnprintf+0x4c0>
10004daa:	2302      	movs	r3, #2
10004dac:	0018      	movs	r0, r3
10004dae:	4010      	ands	r0, r2
10004db0:	900d      	str	r0, [sp, #52]	@ 0x34
10004db2:	4213      	tst	r3, r2
10004db4:	d100      	bne.n	10004db8 <_vsnprintf+0x28c>
10004db6:	e3cb      	b.n	10005550 <_vsnprintf+0xa24>
10004db8:	930d      	str	r3, [sp, #52]	@ 0x34
10004dba:	1b0b      	subs	r3, r1, r4
10004dbc:	46b1      	mov	r9, r6
10004dbe:	469a      	mov	sl, r3
10004dc0:	465e      	mov	r6, fp
10004dc2:	980c      	ldr	r0, [sp, #48]	@ 0x30
10004dc4:	0022      	movs	r2, r4
10004dc6:	003b      	movs	r3, r7
10004dc8:	0031      	movs	r1, r6
10004dca:	47a8      	blx	r5
10004dcc:	4653      	mov	r3, sl
10004dce:	3401      	adds	r4, #1
10004dd0:	5d18      	ldrb	r0, [r3, r4]
10004dd2:	2800      	cmp	r0, #0
10004dd4:	d1f6      	bne.n	10004dc4 <_vsnprintf+0x298>
10004dd6:	46b3      	mov	fp, r6
10004dd8:	464e      	mov	r6, r9
10004dda:	9b0d      	ldr	r3, [sp, #52]	@ 0x34
10004ddc:	2b00      	cmp	r3, #0
10004dde:	d000      	beq.n	10004de2 <_vsnprintf+0x2b6>
10004de0:	e1c7      	b.n	10005172 <_vsnprintf+0x646>
10004de2:	9b14      	ldr	r3, [sp, #80]	@ 0x50
10004de4:	930c      	str	r3, [sp, #48]	@ 0x30
10004de6:	e6c9      	b.n	10004b7c <_vsnprintf+0x50>
10004de8:	930c      	str	r3, [sp, #48]	@ 0x30
10004dea:	2301      	movs	r3, #1
10004dec:	469c      	mov	ip, r3
10004dee:	3828      	subs	r0, #40	@ 0x28
10004df0:	4249      	negs	r1, r1
10004df2:	4302      	orrs	r2, r0
10004df4:	4688      	mov	r8, r1
10004df6:	7870      	ldrb	r0, [r6, #1]
10004df8:	464e      	mov	r6, r9
10004dfa:	44e1      	add	r9, ip
10004dfc:	e6e5      	b.n	10004bca <_vsnprintf+0x9e>
10004dfe:	7870      	ldrb	r0, [r6, #1]
10004e00:	286c      	cmp	r0, #108	@ 0x6c
10004e02:	d100      	bne.n	10004e06 <_vsnprintf+0x2da>
10004e04:	e17f      	b.n	10005106 <_vsnprintf+0x5da>
10004e06:	2380      	movs	r3, #128	@ 0x80
10004e08:	005b      	lsls	r3, r3, #1
10004e0a:	431a      	orrs	r2, r3
10004e0c:	3bff      	subs	r3, #255	@ 0xff
10004e0e:	469c      	mov	ip, r3
10004e10:	44e1      	add	r9, ip
10004e12:	e702      	b.n	10004c1a <_vsnprintf+0xee>
10004e14:	2380      	movs	r3, #128	@ 0x80
10004e16:	009b      	lsls	r3, r3, #2
10004e18:	431a      	orrs	r2, r3
10004e1a:	2301      	movs	r3, #1
10004e1c:	469c      	mov	ip, r3
10004e1e:	7870      	ldrb	r0, [r6, #1]
10004e20:	44e1      	add	r9, ip
10004e22:	e6fa      	b.n	10004c1a <_vsnprintf+0xee>
10004e24:	7870      	ldrb	r0, [r6, #1]
10004e26:	2868      	cmp	r0, #104	@ 0x68
10004e28:	d100      	bne.n	10004e2c <_vsnprintf+0x300>
10004e2a:	e173      	b.n	10005114 <_vsnprintf+0x5e8>
10004e2c:	2380      	movs	r3, #128	@ 0x80
10004e2e:	431a      	orrs	r2, r3
10004e30:	3b7f      	subs	r3, #127	@ 0x7f
10004e32:	469c      	mov	ip, r3
10004e34:	44e1      	add	r9, ip
10004e36:	e6f0      	b.n	10004c1a <_vsnprintf+0xee>
10004e38:	2867      	cmp	r0, #103	@ 0x67
10004e3a:	d100      	bne.n	10004e3e <_vsnprintf+0x312>
10004e3c:	e103      	b.n	10005046 <_vsnprintf+0x51a>
10004e3e:	2847      	cmp	r0, #71	@ 0x47
10004e40:	d100      	bne.n	10004e44 <_vsnprintf+0x318>
10004e42:	e15a      	b.n	100050fa <_vsnprintf+0x5ce>
10004e44:	2845      	cmp	r0, #69	@ 0x45
10004e46:	d100      	bne.n	10004e4a <_vsnprintf+0x31e>
10004e48:	e15a      	b.n	10005100 <_vsnprintf+0x5d4>
10004e4a:	9204      	str	r2, [sp, #16]
10004e4c:	2107      	movs	r1, #7
10004e4e:	4642      	mov	r2, r8
10004e50:	9b0c      	ldr	r3, [sp, #48]	@ 0x30
10004e52:	9203      	str	r2, [sp, #12]
10004e54:	3307      	adds	r3, #7
10004e56:	4652      	mov	r2, sl
10004e58:	438b      	bics	r3, r1
10004e5a:	0019      	movs	r1, r3
10004e5c:	9202      	str	r2, [sp, #8]
10004e5e:	c90c      	ldmia	r1!, {r2, r3}
10004e60:	0028      	movs	r0, r5
10004e62:	9200      	str	r2, [sp, #0]
10004e64:	9301      	str	r3, [sp, #4]
10004e66:	910c      	str	r1, [sp, #48]	@ 0x30
10004e68:	0022      	movs	r2, r4
10004e6a:	003b      	movs	r3, r7
10004e6c:	4659      	mov	r1, fp
10004e6e:	f7ff fb9f 	bl	100045b0 <_etoa>
10004e72:	0004      	movs	r4, r0
10004e74:	e682      	b.n	10004b7c <_vsnprintf+0x50>
10004e76:	46c0      	nop			@ (mov r8, r8)
10004e78:	10004b2d 	.word	0x10004b2d
10004e7c:	20000f34 	.word	0x20000f34
10004e80:	1000b094 	.word	0x1000b094
10004e84:	1000b0d8 	.word	0x1000b0d8
10004e88:	1000b124 	.word	0x1000b124
10004e8c:	00009041 	.word	0x00009041
10004e90:	2846      	cmp	r0, #70	@ 0x46
10004e92:	d100      	bne.n	10004e96 <_vsnprintf+0x36a>
10004e94:	e0db      	b.n	1000504e <_vsnprintf+0x522>
10004e96:	9204      	str	r2, [sp, #16]
10004e98:	2107      	movs	r1, #7
10004e9a:	4642      	mov	r2, r8
10004e9c:	9b0c      	ldr	r3, [sp, #48]	@ 0x30
10004e9e:	9203      	str	r2, [sp, #12]
10004ea0:	3307      	adds	r3, #7
10004ea2:	4652      	mov	r2, sl
10004ea4:	438b      	bics	r3, r1
10004ea6:	0019      	movs	r1, r3
10004ea8:	9202      	str	r2, [sp, #8]
10004eaa:	c90c      	ldmia	r1!, {r2, r3}
10004eac:	0028      	movs	r0, r5
10004eae:	9200      	str	r2, [sp, #0]
10004eb0:	9301      	str	r3, [sp, #4]
10004eb2:	910c      	str	r1, [sp, #48]	@ 0x30
10004eb4:	0022      	movs	r2, r4
10004eb6:	003b      	movs	r3, r7
10004eb8:	4659      	mov	r1, fp
10004eba:	f7ff f925 	bl	10004108 <_ftoa>
10004ebe:	0004      	movs	r4, r0
10004ec0:	e65c      	b.n	10004b7c <_vsnprintf+0x50>
10004ec2:	1c63      	adds	r3, r4, #1
10004ec4:	4698      	mov	r8, r3
10004ec6:	0022      	movs	r2, r4
10004ec8:	003b      	movs	r3, r7
10004eca:	4659      	mov	r1, fp
10004ecc:	2025      	movs	r0, #37	@ 0x25
10004ece:	47a8      	blx	r5
10004ed0:	4644      	mov	r4, r8
10004ed2:	e653      	b.n	10004b7c <_vsnprintf+0x50>
10004ed4:	9b0c      	ldr	r3, [sp, #48]	@ 0x30
10004ed6:	3304      	adds	r3, #4
10004ed8:	930d      	str	r3, [sp, #52]	@ 0x34
10004eda:	1c63      	adds	r3, r4, #1
10004edc:	4699      	mov	r9, r3
10004ede:	0792      	lsls	r2, r2, #30
10004ee0:	d400      	bmi.n	10004ee4 <_vsnprintf+0x3b8>
10004ee2:	e122      	b.n	1000512a <_vsnprintf+0x5fe>
10004ee4:	9b0c      	ldr	r3, [sp, #48]	@ 0x30
10004ee6:	0022      	movs	r2, r4
10004ee8:	7818      	ldrb	r0, [r3, #0]
10004eea:	4659      	mov	r1, fp
10004eec:	003b      	movs	r3, r7
10004eee:	47a8      	blx	r5
10004ef0:	4643      	mov	r3, r8
10004ef2:	4444      	add	r4, r8
10004ef4:	2b01      	cmp	r3, #1
10004ef6:	d800      	bhi.n	10004efa <_vsnprintf+0x3ce>
10004ef8:	e285      	b.n	10005406 <_vsnprintf+0x8da>
10004efa:	0033      	movs	r3, r6
10004efc:	46b8      	mov	r8, r7
10004efe:	002e      	movs	r6, r5
10004f00:	465f      	mov	r7, fp
10004f02:	0025      	movs	r5, r4
10004f04:	464c      	mov	r4, r9
10004f06:	4699      	mov	r9, r3
10004f08:	0022      	movs	r2, r4
10004f0a:	4643      	mov	r3, r8
10004f0c:	3401      	adds	r4, #1
10004f0e:	0039      	movs	r1, r7
10004f10:	2020      	movs	r0, #32
10004f12:	47b0      	blx	r6
10004f14:	42ac      	cmp	r4, r5
10004f16:	d1f7      	bne.n	10004f08 <_vsnprintf+0x3dc>
10004f18:	002c      	movs	r4, r5
10004f1a:	46bb      	mov	fp, r7
10004f1c:	0035      	movs	r5, r6
10004f1e:	4647      	mov	r7, r8
10004f20:	464e      	mov	r6, r9
10004f22:	9b0d      	ldr	r3, [sp, #52]	@ 0x34
10004f24:	930c      	str	r3, [sp, #48]	@ 0x30
10004f26:	e629      	b.n	10004b7c <_vsnprintf+0x50>
10004f28:	4bdb      	ldr	r3, [pc, #876]	@ (10005298 <_vsnprintf+0x76c>)
10004f2a:	7830      	ldrb	r0, [r6, #0]
10004f2c:	4698      	mov	r8, r3
10004f2e:	2300      	movs	r3, #0
10004f30:	4699      	mov	r9, r3
10004f32:	2800      	cmp	r0, #0
10004f34:	d000      	beq.n	10004f38 <_vsnprintf+0x40c>
10004f36:	e612      	b.n	10004b5e <_vsnprintf+0x32>
10004f38:	2400      	movs	r4, #0
10004f3a:	e6ae      	b.n	10004c9a <_vsnprintf+0x16e>
10004f3c:	286f      	cmp	r0, #111	@ 0x6f
10004f3e:	d100      	bne.n	10004f42 <_vsnprintf+0x416>
10004f40:	e088      	b.n	10005054 <_vsnprintf+0x528>
10004f42:	d800      	bhi.n	10004f46 <_vsnprintf+0x41a>
10004f44:	e30b      	b.n	1000555e <_vsnprintf+0xa32>
10004f46:	2310      	movs	r3, #16
10004f48:	2878      	cmp	r0, #120	@ 0x78
10004f4a:	d100      	bne.n	10004f4e <_vsnprintf+0x422>
10004f4c:	e0cf      	b.n	100050ee <_vsnprintf+0x5c2>
10004f4e:	439a      	bics	r2, r3
10004f50:	230a      	movs	r3, #10
10004f52:	469c      	mov	ip, r3
10004f54:	2300      	movs	r3, #0
10004f56:	930f      	str	r3, [sp, #60]	@ 0x3c
10004f58:	330a      	adds	r3, #10
10004f5a:	930d      	str	r3, [sp, #52]	@ 0x34
10004f5c:	e080      	b.n	10005060 <_vsnprintf+0x534>
10004f5e:	4656      	mov	r6, sl
10004f60:	00b1      	lsls	r1, r6, #2
10004f62:	1989      	adds	r1, r1, r6
10004f64:	0049      	lsls	r1, r1, #1
10004f66:	3301      	adds	r3, #1
10004f68:	180e      	adds	r6, r1, r0
10004f6a:	7818      	ldrb	r0, [r3, #0]
10004f6c:	3e30      	subs	r6, #48	@ 0x30
10004f6e:	0001      	movs	r1, r0
10004f70:	3930      	subs	r1, #48	@ 0x30
10004f72:	2909      	cmp	r1, #9
10004f74:	d9f4      	bls.n	10004f60 <_vsnprintf+0x434>
10004f76:	46b2      	mov	sl, r6
10004f78:	001e      	movs	r6, r3
10004f7a:	3301      	adds	r3, #1
10004f7c:	4699      	mov	r9, r3
10004f7e:	e628      	b.n	10004bd2 <_vsnprintf+0xa6>
10004f80:	9b0c      	ldr	r3, [sp, #48]	@ 0x30
10004f82:	3602      	adds	r6, #2
10004f84:	cb02      	ldmia	r3!, {r1}
10004f86:	468a      	mov	sl, r1
10004f88:	43c9      	mvns	r1, r1
10004f8a:	4650      	mov	r0, sl
10004f8c:	17c9      	asrs	r1, r1, #31
10004f8e:	4008      	ands	r0, r1
10004f90:	4682      	mov	sl, r0
10004f92:	930c      	str	r3, [sp, #48]	@ 0x30
10004f94:	7830      	ldrb	r0, [r6, #0]
10004f96:	1c73      	adds	r3, r6, #1
10004f98:	4699      	mov	r9, r3
10004f9a:	e61a      	b.n	10004bd2 <_vsnprintf+0xa6>
10004f9c:	2310      	movs	r3, #16
10004f9e:	0010      	movs	r0, r2
10004fa0:	4398      	bics	r0, r3
10004fa2:	3311      	adds	r3, #17
10004fa4:	4318      	orrs	r0, r3
10004fa6:	4681      	mov	r9, r0
10004fa8:	2080      	movs	r0, #128	@ 0x80
10004faa:	0013      	movs	r3, r2
10004fac:	00c0      	lsls	r0, r0, #3
10004fae:	4003      	ands	r3, r0
10004fb0:	4202      	tst	r2, r0
10004fb2:	d100      	bne.n	10004fb6 <_vsnprintf+0x48a>
10004fb4:	e6a9      	b.n	10004d0a <_vsnprintf+0x1de>
10004fb6:	464b      	mov	r3, r9
10004fb8:	9306      	str	r3, [sp, #24]
10004fba:	2308      	movs	r3, #8
10004fbc:	9305      	str	r3, [sp, #20]
10004fbe:	4653      	mov	r3, sl
10004fc0:	9304      	str	r3, [sp, #16]
10004fc2:	2310      	movs	r3, #16
10004fc4:	9303      	str	r3, [sp, #12]
10004fc6:	2300      	movs	r3, #0
10004fc8:	9302      	str	r3, [sp, #8]
10004fca:	9b0f      	ldr	r3, [sp, #60]	@ 0x3c
10004fcc:	0022      	movs	r2, r4
10004fce:	9301      	str	r3, [sp, #4]
10004fd0:	ab1c      	add	r3, sp, #112	@ 0x70
10004fd2:	9300      	str	r3, [sp, #0]
10004fd4:	4659      	mov	r1, fp
10004fd6:	003b      	movs	r3, r7
10004fd8:	0028      	movs	r0, r5
10004fda:	f7fe ff9f 	bl	10003f1c <_ntoa_format>
10004fde:	4643      	mov	r3, r8
10004fe0:	0004      	movs	r4, r0
10004fe2:	930c      	str	r3, [sp, #48]	@ 0x30
10004fe4:	e5ca      	b.n	10004b7c <_vsnprintf+0x50>
10004fe6:	2301      	movs	r3, #1
10004fe8:	425b      	negs	r3, r3
10004fea:	e6c3      	b.n	10004d74 <_vsnprintf+0x248>
10004fec:	9b0f      	ldr	r3, [sp, #60]	@ 0x3c
10004fee:	4553      	cmp	r3, sl
10004ff0:	d901      	bls.n	10004ff6 <_vsnprintf+0x4ca>
10004ff2:	4653      	mov	r3, sl
10004ff4:	930f      	str	r3, [sp, #60]	@ 0x3c
10004ff6:	2302      	movs	r3, #2
10004ff8:	0018      	movs	r0, r3
10004ffa:	4010      	ands	r0, r2
10004ffc:	900d      	str	r0, [sp, #52]	@ 0x34
10004ffe:	4213      	tst	r3, r2
10005000:	d100      	bne.n	10005004 <_vsnprintf+0x4d8>
10005002:	e1b7      	b.n	10005374 <_vsnprintf+0x848>
10005004:	930d      	str	r3, [sp, #52]	@ 0x34
10005006:	46d1      	mov	r9, sl
10005008:	1b0b      	subs	r3, r1, r4
1000500a:	469a      	mov	sl, r3
1000500c:	0033      	movs	r3, r6
1000500e:	44a1      	add	r9, r4
10005010:	002e      	movs	r6, r5
10005012:	0022      	movs	r2, r4
10005014:	464d      	mov	r5, r9
10005016:	980c      	ldr	r0, [sp, #48]	@ 0x30
10005018:	46b9      	mov	r9, r7
1000501a:	465f      	mov	r7, fp
1000501c:	469b      	mov	fp, r3
1000501e:	e008      	b.n	10005032 <_vsnprintf+0x506>
10005020:	464b      	mov	r3, r9
10005022:	0039      	movs	r1, r7
10005024:	1c54      	adds	r4, r2, #1
10005026:	47b0      	blx	r6
10005028:	4653      	mov	r3, sl
1000502a:	5d18      	ldrb	r0, [r3, r4]
1000502c:	2800      	cmp	r0, #0
1000502e:	d077      	beq.n	10005120 <_vsnprintf+0x5f4>
10005030:	0022      	movs	r2, r4
10005032:	4295      	cmp	r5, r2
10005034:	d1f4      	bne.n	10005020 <_vsnprintf+0x4f4>
10005036:	465b      	mov	r3, fp
10005038:	46bb      	mov	fp, r7
1000503a:	464f      	mov	r7, r9
1000503c:	46a9      	mov	r9, r5
1000503e:	0035      	movs	r5, r6
10005040:	464c      	mov	r4, r9
10005042:	001e      	movs	r6, r3
10005044:	e6c9      	b.n	10004dda <_vsnprintf+0x2ae>
10005046:	2380      	movs	r3, #128	@ 0x80
10005048:	011b      	lsls	r3, r3, #4
1000504a:	431a      	orrs	r2, r3
1000504c:	e6fd      	b.n	10004e4a <_vsnprintf+0x31e>
1000504e:	2320      	movs	r3, #32
10005050:	431a      	orrs	r2, r3
10005052:	e720      	b.n	10004e96 <_vsnprintf+0x36a>
10005054:	2308      	movs	r3, #8
10005056:	469c      	mov	ip, r3
10005058:	2300      	movs	r3, #0
1000505a:	930f      	str	r3, [sp, #60]	@ 0x3c
1000505c:	3308      	adds	r3, #8
1000505e:	930d      	str	r3, [sp, #52]	@ 0x34
10005060:	2380      	movs	r3, #128	@ 0x80
10005062:	0011      	movs	r1, r2
10005064:	00db      	lsls	r3, r3, #3
10005066:	4019      	ands	r1, r3
10005068:	421a      	tst	r2, r3
1000506a:	d100      	bne.n	1000506e <_vsnprintf+0x542>
1000506c:	e116      	b.n	1000529c <_vsnprintf+0x770>
1000506e:	230d      	movs	r3, #13
10005070:	439a      	bics	r2, r3
10005072:	0010      	movs	r0, r2
10005074:	2380      	movs	r3, #128	@ 0x80
10005076:	0002      	movs	r2, r0
10005078:	009b      	lsls	r3, r3, #2
1000507a:	401a      	ands	r2, r3
1000507c:	9214      	str	r2, [sp, #80]	@ 0x50
1000507e:	4218      	tst	r0, r3
10005080:	d000      	beq.n	10005084 <_vsnprintf+0x558>
10005082:	e1c2      	b.n	1000540a <_vsnprintf+0x8de>
10005084:	2380      	movs	r3, #128	@ 0x80
10005086:	0002      	movs	r2, r0
10005088:	005b      	lsls	r3, r3, #1
1000508a:	401a      	ands	r2, r3
1000508c:	4691      	mov	r9, r2
1000508e:	9a0c      	ldr	r2, [sp, #48]	@ 0x30
10005090:	3204      	adds	r2, #4
10005092:	920f      	str	r2, [sp, #60]	@ 0x3c
10005094:	4218      	tst	r0, r3
10005096:	d000      	beq.n	1000509a <_vsnprintf+0x56e>
10005098:	e2b7      	b.n	1000560a <_vsnprintf+0xade>
1000509a:	0643      	lsls	r3, r0, #25
1000509c:	d500      	bpl.n	100050a0 <_vsnprintf+0x574>
1000509e:	e19f      	b.n	100053e0 <_vsnprintf+0x8b4>
100050a0:	0603      	lsls	r3, r0, #24
100050a2:	d400      	bmi.n	100050a6 <_vsnprintf+0x57a>
100050a4:	e319      	b.n	100056da <_vsnprintf+0xbae>
100050a6:	9b0c      	ldr	r3, [sp, #48]	@ 0x30
100050a8:	881b      	ldrh	r3, [r3, #0]
100050aa:	9309      	str	r3, [sp, #36]	@ 0x24
100050ac:	2b00      	cmp	r3, #0
100050ae:	d000      	beq.n	100050b2 <_vsnprintf+0x586>
100050b0:	e1fc      	b.n	100054ac <_vsnprintf+0x980>
100050b2:	3310      	adds	r3, #16
100050b4:	4398      	bics	r0, r3
100050b6:	2900      	cmp	r1, #0
100050b8:	d100      	bne.n	100050bc <_vsnprintf+0x590>
100050ba:	e1f7      	b.n	100054ac <_vsnprintf+0x980>
100050bc:	2300      	movs	r3, #0
100050be:	4699      	mov	r9, r3
100050c0:	4643      	mov	r3, r8
100050c2:	9305      	str	r3, [sp, #20]
100050c4:	4653      	mov	r3, sl
100050c6:	9304      	str	r3, [sp, #16]
100050c8:	9b0d      	ldr	r3, [sp, #52]	@ 0x34
100050ca:	9006      	str	r0, [sp, #24]
100050cc:	9303      	str	r3, [sp, #12]
100050ce:	2300      	movs	r3, #0
100050d0:	e0d2      	b.n	10005278 <_vsnprintf+0x74c>
100050d2:	2858      	cmp	r0, #88	@ 0x58
100050d4:	d008      	beq.n	100050e8 <_vsnprintf+0x5bc>
100050d6:	2862      	cmp	r0, #98	@ 0x62
100050d8:	d167      	bne.n	100051aa <_vsnprintf+0x67e>
100050da:	2302      	movs	r3, #2
100050dc:	469c      	mov	ip, r3
100050de:	2300      	movs	r3, #0
100050e0:	930f      	str	r3, [sp, #60]	@ 0x3c
100050e2:	3302      	adds	r3, #2
100050e4:	930d      	str	r3, [sp, #52]	@ 0x34
100050e6:	e7bb      	b.n	10005060 <_vsnprintf+0x534>
100050e8:	2320      	movs	r3, #32
100050ea:	431a      	orrs	r2, r3
100050ec:	3b10      	subs	r3, #16
100050ee:	469c      	mov	ip, r3
100050f0:	2300      	movs	r3, #0
100050f2:	930f      	str	r3, [sp, #60]	@ 0x3c
100050f4:	3310      	adds	r3, #16
100050f6:	930d      	str	r3, [sp, #52]	@ 0x34
100050f8:	e7b2      	b.n	10005060 <_vsnprintf+0x534>
100050fa:	2380      	movs	r3, #128	@ 0x80
100050fc:	011b      	lsls	r3, r3, #4
100050fe:	431a      	orrs	r2, r3
10005100:	2320      	movs	r3, #32
10005102:	431a      	orrs	r2, r3
10005104:	e6a1      	b.n	10004e4a <_vsnprintf+0x31e>
10005106:	23c0      	movs	r3, #192	@ 0xc0
10005108:	009b      	lsls	r3, r3, #2
1000510a:	431a      	orrs	r2, r3
1000510c:	1cf3      	adds	r3, r6, #3
1000510e:	4699      	mov	r9, r3
10005110:	78b0      	ldrb	r0, [r6, #2]
10005112:	e582      	b.n	10004c1a <_vsnprintf+0xee>
10005114:	23c0      	movs	r3, #192	@ 0xc0
10005116:	431a      	orrs	r2, r3
10005118:	1cf3      	adds	r3, r6, #3
1000511a:	4699      	mov	r9, r3
1000511c:	78b0      	ldrb	r0, [r6, #2]
1000511e:	e57c      	b.n	10004c1a <_vsnprintf+0xee>
10005120:	0035      	movs	r5, r6
10005122:	465e      	mov	r6, fp
10005124:	46bb      	mov	fp, r7
10005126:	464f      	mov	r7, r9
10005128:	e657      	b.n	10004dda <_vsnprintf+0x2ae>
1000512a:	4643      	mov	r3, r8
1000512c:	2b01      	cmp	r3, #1
1000512e:	d800      	bhi.n	10005132 <_vsnprintf+0x606>
10005130:	e163      	b.n	100053fa <_vsnprintf+0x8ce>
10005132:	1e63      	subs	r3, r4, #1
10005134:	4443      	add	r3, r8
10005136:	469a      	mov	sl, r3
10005138:	0033      	movs	r3, r6
1000513a:	46b9      	mov	r9, r7
1000513c:	002e      	movs	r6, r5
1000513e:	465f      	mov	r7, fp
10005140:	4655      	mov	r5, sl
10005142:	469b      	mov	fp, r3
10005144:	46a2      	mov	sl, r4
10005146:	0022      	movs	r2, r4
10005148:	464b      	mov	r3, r9
1000514a:	3401      	adds	r4, #1
1000514c:	0039      	movs	r1, r7
1000514e:	2020      	movs	r0, #32
10005150:	47b0      	blx	r6
10005152:	42ac      	cmp	r4, r5
10005154:	d1f7      	bne.n	10005146 <_vsnprintf+0x61a>
10005156:	0035      	movs	r5, r6
10005158:	465e      	mov	r6, fp
1000515a:	46bb      	mov	fp, r7
1000515c:	464f      	mov	r7, r9
1000515e:	46a1      	mov	r9, r4
10005160:	4654      	mov	r4, sl
10005162:	9b0c      	ldr	r3, [sp, #48]	@ 0x30
10005164:	464a      	mov	r2, r9
10005166:	7818      	ldrb	r0, [r3, #0]
10005168:	4659      	mov	r1, fp
1000516a:	003b      	movs	r3, r7
1000516c:	4444      	add	r4, r8
1000516e:	47a8      	blx	r5
10005170:	e6d7      	b.n	10004f22 <_vsnprintf+0x3f6>
10005172:	46a1      	mov	r9, r4
10005174:	9b0f      	ldr	r3, [sp, #60]	@ 0x3c
10005176:	4598      	cmp	r8, r3
10005178:	d800      	bhi.n	1000517c <_vsnprintf+0x650>
1000517a:	e632      	b.n	10004de2 <_vsnprintf+0x2b6>
1000517c:	4444      	add	r4, r8
1000517e:	1ae4      	subs	r4, r4, r3
10005180:	0033      	movs	r3, r6
10005182:	46b8      	mov	r8, r7
10005184:	002e      	movs	r6, r5
10005186:	465f      	mov	r7, fp
10005188:	0025      	movs	r5, r4
1000518a:	464c      	mov	r4, r9
1000518c:	4699      	mov	r9, r3
1000518e:	0022      	movs	r2, r4
10005190:	4643      	mov	r3, r8
10005192:	3401      	adds	r4, #1
10005194:	0039      	movs	r1, r7
10005196:	2020      	movs	r0, #32
10005198:	47b0      	blx	r6
1000519a:	42ac      	cmp	r4, r5
1000519c:	d1f7      	bne.n	1000518e <_vsnprintf+0x662>
1000519e:	002c      	movs	r4, r5
100051a0:	46bb      	mov	fp, r7
100051a2:	0035      	movs	r5, r6
100051a4:	4647      	mov	r7, r8
100051a6:	464e      	mov	r6, r9
100051a8:	e61b      	b.n	10004de2 <_vsnprintf+0x2b6>
100051aa:	2380      	movs	r3, #128	@ 0x80
100051ac:	0010      	movs	r0, r2
100051ae:	00db      	lsls	r3, r3, #3
100051b0:	4018      	ands	r0, r3
100051b2:	421a      	tst	r2, r3
100051b4:	d100      	bne.n	100051b8 <_vsnprintf+0x68c>
100051b6:	e10f      	b.n	100053d8 <_vsnprintf+0x8ac>
100051b8:	2111      	movs	r1, #17
100051ba:	0018      	movs	r0, r3
100051bc:	438a      	bics	r2, r1
100051be:	920d      	str	r2, [sp, #52]	@ 0x34
100051c0:	9a0d      	ldr	r2, [sp, #52]	@ 0x34
100051c2:	2380      	movs	r3, #128	@ 0x80
100051c4:	0011      	movs	r1, r2
100051c6:	009b      	lsls	r3, r3, #2
100051c8:	4019      	ands	r1, r3
100051ca:	468c      	mov	ip, r1
100051cc:	421a      	tst	r2, r3
100051ce:	d169      	bne.n	100052a4 <_vsnprintf+0x778>
100051d0:	2380      	movs	r3, #128	@ 0x80
100051d2:	0011      	movs	r1, r2
100051d4:	005b      	lsls	r3, r3, #1
100051d6:	4019      	ands	r1, r3
100051d8:	4689      	mov	r9, r1
100051da:	990c      	ldr	r1, [sp, #48]	@ 0x30
100051dc:	3104      	adds	r1, #4
100051de:	910f      	str	r1, [sp, #60]	@ 0x3c
100051e0:	421a      	tst	r2, r3
100051e2:	d000      	beq.n	100051e6 <_vsnprintf+0x6ba>
100051e4:	e1ca      	b.n	1000557c <_vsnprintf+0xa50>
100051e6:	0013      	movs	r3, r2
100051e8:	065b      	lsls	r3, r3, #25
100051ea:	d500      	bpl.n	100051ee <_vsnprintf+0x6c2>
100051ec:	e0f0      	b.n	100053d0 <_vsnprintf+0x8a4>
100051ee:	0013      	movs	r3, r2
100051f0:	061b      	lsls	r3, r3, #24
100051f2:	d400      	bmi.n	100051f6 <_vsnprintf+0x6ca>
100051f4:	e259      	b.n	100056aa <_vsnprintf+0xb7e>
100051f6:	9b0c      	ldr	r3, [sp, #48]	@ 0x30
100051f8:	2200      	movs	r2, #0
100051fa:	5e9b      	ldrsh	r3, [r3, r2]
100051fc:	17d9      	asrs	r1, r3, #31
100051fe:	185a      	adds	r2, r3, r1
10005200:	404a      	eors	r2, r1
10005202:	b292      	uxth	r2, r2
10005204:	0fd9      	lsrs	r1, r3, #31
10005206:	910c      	str	r1, [sp, #48]	@ 0x30
10005208:	2b00      	cmp	r3, #0
1000520a:	d100      	bne.n	1000520e <_vsnprintf+0x6e2>
1000520c:	e1f9      	b.n	10005602 <_vsnprintf+0xad6>
1000520e:	0010      	movs	r0, r2
10005210:	aa14      	add	r2, sp, #80	@ 0x50
10005212:	4694      	mov	ip, r2
10005214:	4642      	mov	r2, r8
10005216:	231f      	movs	r3, #31
10005218:	9214      	str	r2, [sp, #80]	@ 0x50
1000521a:	4652      	mov	r2, sl
1000521c:	4463      	add	r3, ip
1000521e:	46a8      	mov	r8, r5
10005220:	9416      	str	r4, [sp, #88]	@ 0x58
10005222:	464d      	mov	r5, r9
10005224:	0004      	movs	r4, r0
10005226:	46b9      	mov	r9, r7
10005228:	46b2      	mov	sl, r6
1000522a:	001f      	movs	r7, r3
1000522c:	9215      	str	r2, [sp, #84]	@ 0x54
1000522e:	e001      	b.n	10005234 <_vsnprintf+0x708>
10005230:	2d20      	cmp	r5, #32
10005232:	d00f      	beq.n	10005254 <_vsnprintf+0x728>
10005234:	0020      	movs	r0, r4
10005236:	210a      	movs	r1, #10
10005238:	f000 fb14 	bl	10005864 <__wrap___aeabi_uidiv>
1000523c:	3501      	adds	r5, #1
1000523e:	197e      	adds	r6, r7, r5
10005240:	3130      	adds	r1, #48	@ 0x30
10005242:	7031      	strb	r1, [r6, #0]
10005244:	0020      	movs	r0, r4
10005246:	210a      	movs	r1, #10
10005248:	f000 fb0c 	bl	10005864 <__wrap___aeabi_uidiv>
1000524c:	0026      	movs	r6, r4
1000524e:	0004      	movs	r4, r0
10005250:	2e09      	cmp	r6, #9
10005252:	d8ed      	bhi.n	10005230 <_vsnprintf+0x704>
10005254:	9b14      	ldr	r3, [sp, #80]	@ 0x50
10005256:	464f      	mov	r7, r9
10005258:	46a9      	mov	r9, r5
1000525a:	4645      	mov	r5, r8
1000525c:	4698      	mov	r8, r3
1000525e:	9b15      	ldr	r3, [sp, #84]	@ 0x54
10005260:	4656      	mov	r6, sl
10005262:	469a      	mov	sl, r3
10005264:	9c16      	ldr	r4, [sp, #88]	@ 0x58
10005266:	9b0d      	ldr	r3, [sp, #52]	@ 0x34
10005268:	9306      	str	r3, [sp, #24]
1000526a:	4643      	mov	r3, r8
1000526c:	9305      	str	r3, [sp, #20]
1000526e:	4653      	mov	r3, sl
10005270:	9304      	str	r3, [sp, #16]
10005272:	230a      	movs	r3, #10
10005274:	9303      	str	r3, [sp, #12]
10005276:	9b0c      	ldr	r3, [sp, #48]	@ 0x30
10005278:	9302      	str	r3, [sp, #8]
1000527a:	464b      	mov	r3, r9
1000527c:	9301      	str	r3, [sp, #4]
1000527e:	ab1c      	add	r3, sp, #112	@ 0x70
10005280:	0022      	movs	r2, r4
10005282:	9300      	str	r3, [sp, #0]
10005284:	4659      	mov	r1, fp
10005286:	003b      	movs	r3, r7
10005288:	0028      	movs	r0, r5
1000528a:	f7fe fe47 	bl	10003f1c <_ntoa_format>
1000528e:	9b0f      	ldr	r3, [sp, #60]	@ 0x3c
10005290:	0004      	movs	r4, r0
10005292:	930c      	str	r3, [sp, #48]	@ 0x30
10005294:	e472      	b.n	10004b7c <_vsnprintf+0x50>
10005296:	46c0      	nop			@ (mov r8, r8)
10005298:	10003e6d 	.word	0x10003e6d
1000529c:	230c      	movs	r3, #12
1000529e:	439a      	bics	r2, r3
100052a0:	0010      	movs	r0, r2
100052a2:	e6e7      	b.n	10005074 <_vsnprintf+0x548>
100052a4:	2207      	movs	r2, #7
100052a6:	9b0c      	ldr	r3, [sp, #48]	@ 0x30
100052a8:	3307      	adds	r3, #7
100052aa:	4393      	bics	r3, r2
100052ac:	3201      	adds	r2, #1
100052ae:	4694      	mov	ip, r2
100052b0:	449c      	add	ip, r3
100052b2:	4662      	mov	r2, ip
100052b4:	920c      	str	r2, [sp, #48]	@ 0x30
100052b6:	cb0c      	ldmia	r3, {r2, r3}
100052b8:	0fd9      	lsrs	r1, r3, #31
100052ba:	910f      	str	r1, [sp, #60]	@ 0x3c
100052bc:	0011      	movs	r1, r2
100052be:	4319      	orrs	r1, r3
100052c0:	d100      	bne.n	100052c4 <_vsnprintf+0x798>
100052c2:	e091      	b.n	100053e8 <_vsnprintf+0x8bc>
100052c4:	17d9      	asrs	r1, r3, #31
100052c6:	9113      	str	r1, [sp, #76]	@ 0x4c
100052c8:	9112      	str	r1, [sp, #72]	@ 0x48
100052ca:	4051      	eors	r1, r2
100052cc:	9110      	str	r1, [sp, #64]	@ 0x40
100052ce:	9913      	ldr	r1, [sp, #76]	@ 0x4c
100052d0:	4059      	eors	r1, r3
100052d2:	9111      	str	r1, [sp, #68]	@ 0x44
100052d4:	9810      	ldr	r0, [sp, #64]	@ 0x40
100052d6:	9911      	ldr	r1, [sp, #68]	@ 0x44
100052d8:	9a12      	ldr	r2, [sp, #72]	@ 0x48
100052da:	9b13      	ldr	r3, [sp, #76]	@ 0x4c
100052dc:	1a80      	subs	r0, r0, r2
100052de:	4199      	sbcs	r1, r3
100052e0:	9010      	str	r0, [sp, #64]	@ 0x40
100052e2:	9111      	str	r1, [sp, #68]	@ 0x44
100052e4:	aa14      	add	r2, sp, #80	@ 0x50
100052e6:	2300      	movs	r3, #0
100052e8:	4694      	mov	ip, r2
100052ea:	4642      	mov	r2, r8
100052ec:	4699      	mov	r9, r3
100052ee:	9214      	str	r2, [sp, #80]	@ 0x50
100052f0:	4652      	mov	r2, sl
100052f2:	331f      	adds	r3, #31
100052f4:	4463      	add	r3, ip
100052f6:	46a8      	mov	r8, r5
100052f8:	46b2      	mov	sl, r6
100052fa:	9416      	str	r4, [sp, #88]	@ 0x58
100052fc:	464e      	mov	r6, r9
100052fe:	9c10      	ldr	r4, [sp, #64]	@ 0x40
10005300:	9d11      	ldr	r5, [sp, #68]	@ 0x44
10005302:	46b9      	mov	r9, r7
10005304:	9215      	str	r2, [sp, #84]	@ 0x54
10005306:	001f      	movs	r7, r3
10005308:	e001      	b.n	1000530e <_vsnprintf+0x7e2>
1000530a:	2e20      	cmp	r6, #32
1000530c:	d010      	beq.n	10005330 <_vsnprintf+0x804>
1000530e:	0020      	movs	r0, r4
10005310:	0029      	movs	r1, r5
10005312:	220a      	movs	r2, #10
10005314:	2300      	movs	r3, #0
10005316:	f000 fae3 	bl	100058e0 <__wrap___aeabi_uldivmod>
1000531a:	3601      	adds	r6, #1
1000531c:	3230      	adds	r2, #48	@ 0x30
1000531e:	002b      	movs	r3, r5
10005320:	55ba      	strb	r2, [r7, r6]
10005322:	000d      	movs	r5, r1
10005324:	0022      	movs	r2, r4
10005326:	0004      	movs	r4, r0
10005328:	2b00      	cmp	r3, #0
1000532a:	d1ee      	bne.n	1000530a <_vsnprintf+0x7de>
1000532c:	2a09      	cmp	r2, #9
1000532e:	d8ec      	bhi.n	1000530a <_vsnprintf+0x7de>
10005330:	9b14      	ldr	r3, [sp, #80]	@ 0x50
10005332:	9410      	str	r4, [sp, #64]	@ 0x40
10005334:	9511      	str	r5, [sp, #68]	@ 0x44
10005336:	4645      	mov	r5, r8
10005338:	4698      	mov	r8, r3
1000533a:	9b15      	ldr	r3, [sp, #84]	@ 0x54
1000533c:	464f      	mov	r7, r9
1000533e:	46b1      	mov	r9, r6
10005340:	4656      	mov	r6, sl
10005342:	469a      	mov	sl, r3
10005344:	9c16      	ldr	r4, [sp, #88]	@ 0x58
10005346:	9b0d      	ldr	r3, [sp, #52]	@ 0x34
10005348:	9306      	str	r3, [sp, #24]
1000534a:	4643      	mov	r3, r8
1000534c:	9305      	str	r3, [sp, #20]
1000534e:	4653      	mov	r3, sl
10005350:	9304      	str	r3, [sp, #16]
10005352:	230a      	movs	r3, #10
10005354:	9303      	str	r3, [sp, #12]
10005356:	9b0f      	ldr	r3, [sp, #60]	@ 0x3c
10005358:	9302      	str	r3, [sp, #8]
1000535a:	464b      	mov	r3, r9
1000535c:	9301      	str	r3, [sp, #4]
1000535e:	ab1c      	add	r3, sp, #112	@ 0x70
10005360:	0022      	movs	r2, r4
10005362:	9300      	str	r3, [sp, #0]
10005364:	4659      	mov	r1, fp
10005366:	003b      	movs	r3, r7
10005368:	0028      	movs	r0, r5
1000536a:	f7fe fdd7 	bl	10003f1c <_ntoa_format>
1000536e:	0004      	movs	r4, r0
10005370:	f7ff fc04 	bl	10004b7c <_vsnprintf+0x50>
10005374:	9b0f      	ldr	r3, [sp, #60]	@ 0x3c
10005376:	4598      	cmp	r8, r3
10005378:	d800      	bhi.n	1000537c <_vsnprintf+0x850>
1000537a:	e1c1      	b.n	10005700 <_vsnprintf+0xbd4>
1000537c:	2380      	movs	r3, #128	@ 0x80
1000537e:	00db      	lsls	r3, r3, #3
10005380:	930d      	str	r3, [sp, #52]	@ 0x34
10005382:	4643      	mov	r3, r8
10005384:	9a0f      	ldr	r2, [sp, #60]	@ 0x3c
10005386:	191b      	adds	r3, r3, r4
10005388:	1a9b      	subs	r3, r3, r2
1000538a:	4699      	mov	r9, r3
1000538c:	0033      	movs	r3, r6
1000538e:	002e      	movs	r6, r5
10005390:	464d      	mov	r5, r9
10005392:	46b9      	mov	r9, r7
10005394:	465f      	mov	r7, fp
10005396:	469b      	mov	fp, r3
10005398:	910c      	str	r1, [sp, #48]	@ 0x30
1000539a:	0022      	movs	r2, r4
1000539c:	464b      	mov	r3, r9
1000539e:	3401      	adds	r4, #1
100053a0:	0039      	movs	r1, r7
100053a2:	2020      	movs	r0, #32
100053a4:	47b0      	blx	r6
100053a6:	42ac      	cmp	r4, r5
100053a8:	d1f7      	bne.n	1000539a <_vsnprintf+0x86e>
100053aa:	4643      	mov	r3, r8
100053ac:	990c      	ldr	r1, [sp, #48]	@ 0x30
100053ae:	3301      	adds	r3, #1
100053b0:	930f      	str	r3, [sp, #60]	@ 0x3c
100053b2:	780b      	ldrb	r3, [r1, #0]
100053b4:	0035      	movs	r5, r6
100053b6:	930c      	str	r3, [sp, #48]	@ 0x30
100053b8:	465e      	mov	r6, fp
100053ba:	46bb      	mov	fp, r7
100053bc:	464f      	mov	r7, r9
100053be:	2b00      	cmp	r3, #0
100053c0:	d100      	bne.n	100053c4 <_vsnprintf+0x898>
100053c2:	e50e      	b.n	10004de2 <_vsnprintf+0x2b6>
100053c4:	9b0d      	ldr	r3, [sp, #52]	@ 0x34
100053c6:	2b00      	cmp	r3, #0
100053c8:	d100      	bne.n	100053cc <_vsnprintf+0x8a0>
100053ca:	e4f6      	b.n	10004dba <_vsnprintf+0x28e>
100053cc:	2300      	movs	r3, #0
100053ce:	e619      	b.n	10005004 <_vsnprintf+0x4d8>
100053d0:	9b0c      	ldr	r3, [sp, #48]	@ 0x30
100053d2:	781b      	ldrb	r3, [r3, #0]
100053d4:	001a      	movs	r2, r3
100053d6:	e715      	b.n	10005204 <_vsnprintf+0x6d8>
100053d8:	2310      	movs	r3, #16
100053da:	439a      	bics	r2, r3
100053dc:	920d      	str	r2, [sp, #52]	@ 0x34
100053de:	e6ef      	b.n	100051c0 <_vsnprintf+0x694>
100053e0:	9b0c      	ldr	r3, [sp, #48]	@ 0x30
100053e2:	781b      	ldrb	r3, [r3, #0]
100053e4:	9309      	str	r3, [sp, #36]	@ 0x24
100053e6:	e661      	b.n	100050ac <_vsnprintf+0x580>
100053e8:	2300      	movs	r3, #0
100053ea:	4699      	mov	r9, r3
100053ec:	2800      	cmp	r0, #0
100053ee:	d1aa      	bne.n	10005346 <_vsnprintf+0x81a>
100053f0:	2200      	movs	r2, #0
100053f2:	2300      	movs	r3, #0
100053f4:	9210      	str	r2, [sp, #64]	@ 0x40
100053f6:	9311      	str	r3, [sp, #68]	@ 0x44
100053f8:	e774      	b.n	100052e4 <_vsnprintf+0x7b8>
100053fa:	9b0c      	ldr	r3, [sp, #48]	@ 0x30
100053fc:	0022      	movs	r2, r4
100053fe:	7818      	ldrb	r0, [r3, #0]
10005400:	4659      	mov	r1, fp
10005402:	003b      	movs	r3, r7
10005404:	47a8      	blx	r5
10005406:	464c      	mov	r4, r9
10005408:	e58b      	b.n	10004f22 <_vsnprintf+0x3f6>
1000540a:	9a0c      	ldr	r2, [sp, #48]	@ 0x30
1000540c:	3bfa      	subs	r3, #250	@ 0xfa
1000540e:	3bff      	subs	r3, #255	@ 0xff
10005410:	3207      	adds	r2, #7
10005412:	439a      	bics	r2, r3
10005414:	3301      	adds	r3, #1
10005416:	4699      	mov	r9, r3
10005418:	4491      	add	r9, r2
1000541a:	464b      	mov	r3, r9
1000541c:	930c      	str	r3, [sp, #48]	@ 0x30
1000541e:	6813      	ldr	r3, [r2, #0]
10005420:	6852      	ldr	r2, [r2, #4]
10005422:	9215      	str	r2, [sp, #84]	@ 0x54
10005424:	431a      	orrs	r2, r3
10005426:	d106      	bne.n	10005436 <_vsnprintf+0x90a>
10005428:	3210      	adds	r2, #16
1000542a:	4390      	bics	r0, r2
1000542c:	2200      	movs	r2, #0
1000542e:	9209      	str	r2, [sp, #36]	@ 0x24
10005430:	2900      	cmp	r1, #0
10005432:	d000      	beq.n	10005436 <_vsnprintf+0x90a>
10005434:	e081      	b.n	1000553a <_vsnprintf+0xa0e>
10005436:	2261      	movs	r2, #97	@ 0x61
10005438:	0681      	lsls	r1, r0, #26
1000543a:	d500      	bpl.n	1000543e <_vsnprintf+0x912>
1000543c:	2241      	movs	r2, #65	@ 0x41
1000543e:	b2d2      	uxtb	r2, r2
10005440:	920a      	str	r2, [sp, #40]	@ 0x28
10005442:	aa14      	add	r2, sp, #80	@ 0x50
10005444:	4691      	mov	r9, r2
10005446:	9a0a      	ldr	r2, [sp, #40]	@ 0x28
10005448:	2100      	movs	r1, #0
1000544a:	3a0a      	subs	r2, #10
1000544c:	9214      	str	r2, [sp, #80]	@ 0x50
1000544e:	4642      	mov	r2, r8
10005450:	9217      	str	r2, [sp, #92]	@ 0x5c
10005452:	4652      	mov	r2, sl
10005454:	9218      	str	r2, [sp, #96]	@ 0x60
10005456:	465a      	mov	r2, fp
10005458:	9109      	str	r1, [sp, #36]	@ 0x24
1000545a:	46b3      	mov	fp, r6
1000545c:	311f      	adds	r1, #31
1000545e:	001e      	movs	r6, r3
10005460:	9b0f      	ldr	r3, [sp, #60]	@ 0x3c
10005462:	4449      	add	r1, r9
10005464:	46ba      	mov	sl, r7
10005466:	9419      	str	r4, [sp, #100]	@ 0x64
10005468:	951a      	str	r5, [sp, #104]	@ 0x68
1000546a:	2400      	movs	r4, #0
1000546c:	4667      	mov	r7, ip
1000546e:	4698      	mov	r8, r3
10005470:	4689      	mov	r9, r1
10005472:	9d15      	ldr	r5, [sp, #84]	@ 0x54
10005474:	9016      	str	r0, [sp, #88]	@ 0x58
10005476:	921b      	str	r2, [sp, #108]	@ 0x6c
10005478:	e00a      	b.n	10005490 <_vsnprintf+0x964>
1000547a:	3230      	adds	r2, #48	@ 0x30
1000547c:	b2d2      	uxtb	r2, r2
1000547e:	464b      	mov	r3, r9
10005480:	3401      	adds	r4, #1
10005482:	551a      	strb	r2, [r3, r4]
10005484:	45a8      	cmp	r8, r5
10005486:	d04a      	beq.n	1000551e <_vsnprintf+0x9f2>
10005488:	2c20      	cmp	r4, #32
1000548a:	d04a      	beq.n	10005522 <_vsnprintf+0x9f6>
1000548c:	0006      	movs	r6, r0
1000548e:	000d      	movs	r5, r1
10005490:	003a      	movs	r2, r7
10005492:	2300      	movs	r3, #0
10005494:	0030      	movs	r0, r6
10005496:	0029      	movs	r1, r5
10005498:	f000 fa22 	bl	100058e0 <__wrap___aeabi_uldivmod>
1000549c:	b2d2      	uxtb	r2, r2
1000549e:	2a09      	cmp	r2, #9
100054a0:	d9eb      	bls.n	1000547a <_vsnprintf+0x94e>
100054a2:	9b14      	ldr	r3, [sp, #80]	@ 0x50
100054a4:	469c      	mov	ip, r3
100054a6:	4462      	add	r2, ip
100054a8:	b2d2      	uxtb	r2, r2
100054aa:	e7e8      	b.n	1000547e <_vsnprintf+0x952>
100054ac:	2361      	movs	r3, #97	@ 0x61
100054ae:	0682      	lsls	r2, r0, #26
100054b0:	d500      	bpl.n	100054b4 <_vsnprintf+0x988>
100054b2:	2341      	movs	r3, #65	@ 0x41
100054b4:	b2db      	uxtb	r3, r3
100054b6:	3b0a      	subs	r3, #10
100054b8:	930c      	str	r3, [sp, #48]	@ 0x30
100054ba:	4643      	mov	r3, r8
100054bc:	a914      	add	r1, sp, #80	@ 0x50
100054be:	221f      	movs	r2, #31
100054c0:	468c      	mov	ip, r1
100054c2:	9315      	str	r3, [sp, #84]	@ 0x54
100054c4:	4653      	mov	r3, sl
100054c6:	4462      	add	r2, ip
100054c8:	46a0      	mov	r8, r4
100054ca:	46b2      	mov	sl, r6
100054cc:	464c      	mov	r4, r9
100054ce:	9717      	str	r7, [sp, #92]	@ 0x5c
100054d0:	46a9      	mov	r9, r5
100054d2:	0017      	movs	r7, r2
100054d4:	9d09      	ldr	r5, [sp, #36]	@ 0x24
100054d6:	9e0d      	ldr	r6, [sp, #52]	@ 0x34
100054d8:	9014      	str	r0, [sp, #80]	@ 0x50
100054da:	9316      	str	r3, [sp, #88]	@ 0x58
100054dc:	e008      	b.n	100054f0 <_vsnprintf+0x9c4>
100054de:	3330      	adds	r3, #48	@ 0x30
100054e0:	b2db      	uxtb	r3, r3
100054e2:	3401      	adds	r4, #1
100054e4:	553b      	strb	r3, [r7, r4]
100054e6:	42b5      	cmp	r5, r6
100054e8:	d30e      	bcc.n	10005508 <_vsnprintf+0x9dc>
100054ea:	2c20      	cmp	r4, #32
100054ec:	d00c      	beq.n	10005508 <_vsnprintf+0x9dc>
100054ee:	0005      	movs	r5, r0
100054f0:	0031      	movs	r1, r6
100054f2:	0028      	movs	r0, r5
100054f4:	f000 f9b6 	bl	10005864 <__wrap___aeabi_uidiv>
100054f8:	b2cb      	uxtb	r3, r1
100054fa:	2909      	cmp	r1, #9
100054fc:	d9ef      	bls.n	100054de <_vsnprintf+0x9b2>
100054fe:	9a0c      	ldr	r2, [sp, #48]	@ 0x30
10005500:	4694      	mov	ip, r2
10005502:	4463      	add	r3, ip
10005504:	b2db      	uxtb	r3, r3
10005506:	e7ec      	b.n	100054e2 <_vsnprintf+0x9b6>
10005508:	9b15      	ldr	r3, [sp, #84]	@ 0x54
1000550a:	464d      	mov	r5, r9
1000550c:	46a1      	mov	r9, r4
1000550e:	4644      	mov	r4, r8
10005510:	4698      	mov	r8, r3
10005512:	9b16      	ldr	r3, [sp, #88]	@ 0x58
10005514:	4656      	mov	r6, sl
10005516:	9814      	ldr	r0, [sp, #80]	@ 0x50
10005518:	469a      	mov	sl, r3
1000551a:	9f17      	ldr	r7, [sp, #92]	@ 0x5c
1000551c:	e5d0      	b.n	100050c0 <_vsnprintf+0x594>
1000551e:	42b7      	cmp	r7, r6
10005520:	d9b2      	bls.n	10005488 <_vsnprintf+0x95c>
10005522:	9b17      	ldr	r3, [sp, #92]	@ 0x5c
10005524:	4657      	mov	r7, sl
10005526:	4698      	mov	r8, r3
10005528:	9b18      	ldr	r3, [sp, #96]	@ 0x60
1000552a:	465e      	mov	r6, fp
1000552c:	469a      	mov	sl, r3
1000552e:	9b1b      	ldr	r3, [sp, #108]	@ 0x6c
10005530:	9409      	str	r4, [sp, #36]	@ 0x24
10005532:	469b      	mov	fp, r3
10005534:	9816      	ldr	r0, [sp, #88]	@ 0x58
10005536:	9c19      	ldr	r4, [sp, #100]	@ 0x64
10005538:	9d1a      	ldr	r5, [sp, #104]	@ 0x68
1000553a:	4643      	mov	r3, r8
1000553c:	9305      	str	r3, [sp, #20]
1000553e:	4653      	mov	r3, sl
10005540:	9304      	str	r3, [sp, #16]
10005542:	9b0d      	ldr	r3, [sp, #52]	@ 0x34
10005544:	9006      	str	r0, [sp, #24]
10005546:	9303      	str	r3, [sp, #12]
10005548:	2300      	movs	r3, #0
1000554a:	9302      	str	r3, [sp, #8]
1000554c:	9b09      	ldr	r3, [sp, #36]	@ 0x24
1000554e:	e705      	b.n	1000535c <_vsnprintf+0x830>
10005550:	9b0f      	ldr	r3, [sp, #60]	@ 0x3c
10005552:	4598      	cmp	r8, r3
10005554:	d900      	bls.n	10005558 <_vsnprintf+0xa2c>
10005556:	e714      	b.n	10005382 <_vsnprintf+0x856>
10005558:	3301      	adds	r3, #1
1000555a:	930f      	str	r3, [sp, #60]	@ 0x3c
1000555c:	e42d      	b.n	10004dba <_vsnprintf+0x28e>
1000555e:	2310      	movs	r3, #16
10005560:	0011      	movs	r1, r2
10005562:	4399      	bics	r1, r3
10005564:	910d      	str	r1, [sp, #52]	@ 0x34
10005566:	2869      	cmp	r0, #105	@ 0x69
10005568:	d000      	beq.n	1000556c <_vsnprintf+0xa40>
1000556a:	e0ba      	b.n	100056e2 <_vsnprintf+0xbb6>
1000556c:	2380      	movs	r3, #128	@ 0x80
1000556e:	0010      	movs	r0, r2
10005570:	00db      	lsls	r3, r3, #3
10005572:	4018      	ands	r0, r3
10005574:	421a      	tst	r2, r3
10005576:	d100      	bne.n	1000557a <_vsnprintf+0xa4e>
10005578:	e622      	b.n	100051c0 <_vsnprintf+0x694>
1000557a:	e61d      	b.n	100051b8 <_vsnprintf+0x68c>
1000557c:	9b0c      	ldr	r3, [sp, #48]	@ 0x30
1000557e:	681b      	ldr	r3, [r3, #0]
10005580:	0fda      	lsrs	r2, r3, #31
10005582:	0011      	movs	r1, r2
10005584:	2b00      	cmp	r3, #0
10005586:	d100      	bne.n	1000558a <_vsnprintf+0xa5e>
10005588:	e08c      	b.n	100056a4 <_vsnprintf+0xb78>
1000558a:	17da      	asrs	r2, r3, #31
1000558c:	1898      	adds	r0, r3, r2
1000558e:	4050      	eors	r0, r2
10005590:	aa14      	add	r2, sp, #80	@ 0x50
10005592:	4691      	mov	r9, r2
10005594:	4642      	mov	r2, r8
10005596:	231f      	movs	r3, #31
10005598:	9214      	str	r2, [sp, #80]	@ 0x50
1000559a:	4652      	mov	r2, sl
1000559c:	444b      	add	r3, r9
1000559e:	46a0      	mov	r8, r4
100055a0:	46a9      	mov	r9, r5
100055a2:	9716      	str	r7, [sp, #88]	@ 0x58
100055a4:	0004      	movs	r4, r0
100055a6:	4665      	mov	r5, ip
100055a8:	46b2      	mov	sl, r6
100055aa:	001f      	movs	r7, r3
100055ac:	910c      	str	r1, [sp, #48]	@ 0x30
100055ae:	9215      	str	r2, [sp, #84]	@ 0x54
100055b0:	e001      	b.n	100055b6 <_vsnprintf+0xa8a>
100055b2:	2d20      	cmp	r5, #32
100055b4:	d00f      	beq.n	100055d6 <_vsnprintf+0xaaa>
100055b6:	0020      	movs	r0, r4
100055b8:	210a      	movs	r1, #10
100055ba:	f000 f953 	bl	10005864 <__wrap___aeabi_uidiv>
100055be:	3501      	adds	r5, #1
100055c0:	197e      	adds	r6, r7, r5
100055c2:	3130      	adds	r1, #48	@ 0x30
100055c4:	7031      	strb	r1, [r6, #0]
100055c6:	0020      	movs	r0, r4
100055c8:	210a      	movs	r1, #10
100055ca:	f000 f94b 	bl	10005864 <__wrap___aeabi_uidiv>
100055ce:	0026      	movs	r6, r4
100055d0:	0004      	movs	r4, r0
100055d2:	2e09      	cmp	r6, #9
100055d4:	d8ed      	bhi.n	100055b2 <_vsnprintf+0xa86>
100055d6:	9b14      	ldr	r3, [sp, #80]	@ 0x50
100055d8:	4644      	mov	r4, r8
100055da:	4698      	mov	r8, r3
100055dc:	9b0c      	ldr	r3, [sp, #48]	@ 0x30
100055de:	46ac      	mov	ip, r5
100055e0:	0019      	movs	r1, r3
100055e2:	9b15      	ldr	r3, [sp, #84]	@ 0x54
100055e4:	4656      	mov	r6, sl
100055e6:	464d      	mov	r5, r9
100055e8:	469a      	mov	sl, r3
100055ea:	9f16      	ldr	r7, [sp, #88]	@ 0x58
100055ec:	9b0d      	ldr	r3, [sp, #52]	@ 0x34
100055ee:	9102      	str	r1, [sp, #8]
100055f0:	9306      	str	r3, [sp, #24]
100055f2:	4643      	mov	r3, r8
100055f4:	9305      	str	r3, [sp, #20]
100055f6:	4653      	mov	r3, sl
100055f8:	9304      	str	r3, [sp, #16]
100055fa:	230a      	movs	r3, #10
100055fc:	9303      	str	r3, [sp, #12]
100055fe:	4663      	mov	r3, ip
10005600:	e63c      	b.n	1000527c <_vsnprintf+0x750>
10005602:	2800      	cmp	r0, #0
10005604:	d000      	beq.n	10005608 <_vsnprintf+0xadc>
10005606:	e62e      	b.n	10005266 <_vsnprintf+0x73a>
10005608:	e602      	b.n	10005210 <_vsnprintf+0x6e4>
1000560a:	9b0c      	ldr	r3, [sp, #48]	@ 0x30
1000560c:	681b      	ldr	r3, [r3, #0]
1000560e:	4699      	mov	r9, r3
10005610:	2b00      	cmp	r3, #0
10005612:	d103      	bne.n	1000561c <_vsnprintf+0xaf0>
10005614:	3310      	adds	r3, #16
10005616:	4398      	bics	r0, r3
10005618:	2900      	cmp	r1, #0
1000561a:	d138      	bne.n	1000568e <_vsnprintf+0xb62>
1000561c:	2361      	movs	r3, #97	@ 0x61
1000561e:	0682      	lsls	r2, r0, #26
10005620:	d500      	bpl.n	10005624 <_vsnprintf+0xaf8>
10005622:	2341      	movs	r3, #65	@ 0x41
10005624:	b2db      	uxtb	r3, r3
10005626:	3b0a      	subs	r3, #10
10005628:	930c      	str	r3, [sp, #48]	@ 0x30
1000562a:	4643      	mov	r3, r8
1000562c:	9316      	str	r3, [sp, #88]	@ 0x58
1000562e:	4653      	mov	r3, sl
10005630:	a914      	add	r1, sp, #80	@ 0x50
10005632:	221f      	movs	r2, #31
10005634:	468c      	mov	ip, r1
10005636:	9317      	str	r3, [sp, #92]	@ 0x5c
10005638:	002b      	movs	r3, r5
1000563a:	4462      	add	r2, ip
1000563c:	46a0      	mov	r8, r4
1000563e:	464d      	mov	r5, r9
10005640:	46b2      	mov	sl, r6
10005642:	9718      	str	r7, [sp, #96]	@ 0x60
10005644:	4699      	mov	r9, r3
10005646:	0017      	movs	r7, r2
10005648:	9c14      	ldr	r4, [sp, #80]	@ 0x50
1000564a:	9e0d      	ldr	r6, [sp, #52]	@ 0x34
1000564c:	9015      	str	r0, [sp, #84]	@ 0x54
1000564e:	e008      	b.n	10005662 <_vsnprintf+0xb36>
10005650:	3330      	adds	r3, #48	@ 0x30
10005652:	b2db      	uxtb	r3, r3
10005654:	3401      	adds	r4, #1
10005656:	553b      	strb	r3, [r7, r4]
10005658:	42b5      	cmp	r5, r6
1000565a:	d30e      	bcc.n	1000567a <_vsnprintf+0xb4e>
1000565c:	2c20      	cmp	r4, #32
1000565e:	d00c      	beq.n	1000567a <_vsnprintf+0xb4e>
10005660:	0005      	movs	r5, r0
10005662:	0031      	movs	r1, r6
10005664:	0028      	movs	r0, r5
10005666:	f000 f8fd 	bl	10005864 <__wrap___aeabi_uidiv>
1000566a:	b2cb      	uxtb	r3, r1
1000566c:	2909      	cmp	r1, #9
1000566e:	d9ef      	bls.n	10005650 <_vsnprintf+0xb24>
10005670:	9a0c      	ldr	r2, [sp, #48]	@ 0x30
10005672:	4694      	mov	ip, r2
10005674:	4463      	add	r3, ip
10005676:	b2db      	uxtb	r3, r3
10005678:	e7ec      	b.n	10005654 <_vsnprintf+0xb28>
1000567a:	9b16      	ldr	r3, [sp, #88]	@ 0x58
1000567c:	9414      	str	r4, [sp, #80]	@ 0x50
1000567e:	4644      	mov	r4, r8
10005680:	4698      	mov	r8, r3
10005682:	9b17      	ldr	r3, [sp, #92]	@ 0x5c
10005684:	4656      	mov	r6, sl
10005686:	464d      	mov	r5, r9
10005688:	469a      	mov	sl, r3
1000568a:	9815      	ldr	r0, [sp, #84]	@ 0x54
1000568c:	9f18      	ldr	r7, [sp, #96]	@ 0x60
1000568e:	4643      	mov	r3, r8
10005690:	9305      	str	r3, [sp, #20]
10005692:	4653      	mov	r3, sl
10005694:	9304      	str	r3, [sp, #16]
10005696:	9b0d      	ldr	r3, [sp, #52]	@ 0x34
10005698:	9006      	str	r0, [sp, #24]
1000569a:	9303      	str	r3, [sp, #12]
1000569c:	2300      	movs	r3, #0
1000569e:	9302      	str	r3, [sp, #8]
100056a0:	9b14      	ldr	r3, [sp, #80]	@ 0x50
100056a2:	e5eb      	b.n	1000527c <_vsnprintf+0x750>
100056a4:	2800      	cmp	r0, #0
100056a6:	d1a1      	bne.n	100055ec <_vsnprintf+0xac0>
100056a8:	e772      	b.n	10005590 <_vsnprintf+0xa64>
100056aa:	9b0c      	ldr	r3, [sp, #48]	@ 0x30
100056ac:	681b      	ldr	r3, [r3, #0]
100056ae:	17d9      	asrs	r1, r3, #31
100056b0:	185a      	adds	r2, r3, r1
100056b2:	404a      	eors	r2, r1
100056b4:	e5a6      	b.n	10005204 <_vsnprintf+0x6d8>
100056b6:	2380      	movs	r3, #128	@ 0x80
100056b8:	0010      	movs	r0, r2
100056ba:	00db      	lsls	r3, r3, #3
100056bc:	4018      	ands	r0, r3
100056be:	469c      	mov	ip, r3
100056c0:	900f      	str	r0, [sp, #60]	@ 0x3c
100056c2:	421a      	tst	r2, r3
100056c4:	d00f      	beq.n	100056e6 <_vsnprintf+0xbba>
100056c6:	2002      	movs	r0, #2
100056c8:	0003      	movs	r3, r0
100056ca:	4013      	ands	r3, r2
100056cc:	930f      	str	r3, [sp, #60]	@ 0x3c
100056ce:	4210      	tst	r0, r2
100056d0:	d019      	beq.n	10005706 <_vsnprintf+0xbda>
100056d2:	2300      	movs	r3, #0
100056d4:	46a1      	mov	r9, r4
100056d6:	930f      	str	r3, [sp, #60]	@ 0x3c
100056d8:	e54c      	b.n	10005174 <_vsnprintf+0x648>
100056da:	9b0c      	ldr	r3, [sp, #48]	@ 0x30
100056dc:	681b      	ldr	r3, [r3, #0]
100056de:	9309      	str	r3, [sp, #36]	@ 0x24
100056e0:	e4e4      	b.n	100050ac <_vsnprintf+0x580>
100056e2:	000a      	movs	r2, r1
100056e4:	e434      	b.n	10004f50 <_vsnprintf+0x424>
100056e6:	2302      	movs	r3, #2
100056e8:	0018      	movs	r0, r3
100056ea:	4010      	ands	r0, r2
100056ec:	900d      	str	r0, [sp, #52]	@ 0x34
100056ee:	4213      	tst	r3, r2
100056f0:	d000      	beq.n	100056f4 <_vsnprintf+0xbc8>
100056f2:	e53e      	b.n	10005172 <_vsnprintf+0x646>
100056f4:	4643      	mov	r3, r8
100056f6:	2b00      	cmp	r3, #0
100056f8:	d000      	beq.n	100056fc <_vsnprintf+0xbd0>
100056fa:	e642      	b.n	10005382 <_vsnprintf+0x856>
100056fc:	f7ff fb71 	bl	10004de2 <_vsnprintf+0x2b6>
10005700:	3301      	adds	r3, #1
10005702:	930f      	str	r3, [sp, #60]	@ 0x3c
10005704:	e47f      	b.n	10005006 <_vsnprintf+0x4da>
10005706:	4663      	mov	r3, ip
10005708:	930d      	str	r3, [sp, #52]	@ 0x34
1000570a:	e7f3      	b.n	100056f4 <_vsnprintf+0xbc8>

1000570c <vfctprintf>:
1000570c:	b510      	push	{r4, lr}
1000570e:	000c      	movs	r4, r1
10005710:	b084      	sub	sp, #16
10005712:	9403      	str	r4, [sp, #12]
10005714:	2401      	movs	r4, #1
10005716:	a902      	add	r1, sp, #8
10005718:	9002      	str	r0, [sp, #8]
1000571a:	9300      	str	r3, [sp, #0]
1000571c:	4803      	ldr	r0, [pc, #12]	@ (1000572c <vfctprintf+0x20>)
1000571e:	0013      	movs	r3, r2
10005720:	4262      	negs	r2, r4
10005722:	f7ff fa03 	bl	10004b2c <_vsnprintf>
10005726:	b004      	add	sp, #16
10005728:	bd10      	pop	{r4, pc}
1000572a:	46c0      	nop			@ (mov r8, r8)
1000572c:	100040f9 	.word	0x100040f9

10005730 <weak_raw_printf>:
10005730:	b40f      	push	{r0, r1, r2, r3}
10005732:	b530      	push	{r4, r5, lr}
10005734:	490c      	ldr	r1, [pc, #48]	@ (10005768 <weak_raw_printf+0x38>)
10005736:	b085      	sub	sp, #20
10005738:	aa08      	add	r2, sp, #32
1000573a:	ca08      	ldmia	r2!, {r3}
1000573c:	680d      	ldr	r5, [r1, #0]
1000573e:	9203      	str	r2, [sp, #12]
10005740:	2d00      	cmp	r5, #0
10005742:	d00c      	beq.n	1000575e <weak_raw_printf+0x2e>
10005744:	9200      	str	r2, [sp, #0]
10005746:	2201      	movs	r2, #1
10005748:	4c08      	ldr	r4, [pc, #32]	@ (1000576c <weak_raw_printf+0x3c>)
1000574a:	4252      	negs	r2, r2
1000574c:	0020      	movs	r0, r4
1000574e:	a902      	add	r1, sp, #8
10005750:	47a8      	blx	r5
10005752:	2001      	movs	r0, #1
10005754:	b005      	add	sp, #20
10005756:	bc30      	pop	{r4, r5}
10005758:	bc08      	pop	{r3}
1000575a:	b004      	add	sp, #16
1000575c:	4718      	bx	r3
1000575e:	0018      	movs	r0, r3
10005760:	f001 fd70 	bl	10007244 <__wrap_puts>
10005764:	2000      	movs	r0, #0
10005766:	e7f5      	b.n	10005754 <weak_raw_printf+0x24>
10005768:	20000f34 	.word	0x20000f34
1000576c:	100040e9 	.word	0x100040e9

10005770 <weak_raw_vprintf>:
10005770:	b510      	push	{r4, lr}
10005772:	4a09      	ldr	r2, [pc, #36]	@ (10005798 <weak_raw_vprintf+0x28>)
10005774:	0003      	movs	r3, r0
10005776:	6814      	ldr	r4, [r2, #0]
10005778:	b084      	sub	sp, #16
1000577a:	2c00      	cmp	r4, #0
1000577c:	d008      	beq.n	10005790 <weak_raw_vprintf+0x20>
1000577e:	2201      	movs	r2, #1
10005780:	9100      	str	r1, [sp, #0]
10005782:	4806      	ldr	r0, [pc, #24]	@ (1000579c <weak_raw_vprintf+0x2c>)
10005784:	4252      	negs	r2, r2
10005786:	a903      	add	r1, sp, #12
10005788:	47a0      	blx	r4
1000578a:	2001      	movs	r0, #1
1000578c:	b004      	add	sp, #16
1000578e:	bd10      	pop	{r4, pc}
10005790:	f001 fd58 	bl	10007244 <__wrap_puts>
10005794:	2000      	movs	r0, #0
10005796:	e7f9      	b.n	1000578c <weak_raw_vprintf+0x1c>
10005798:	20000f34 	.word	0x20000f34
1000579c:	100040e9 	.word	0x100040e9

100057a0 <__aeabi_bits_init>:
100057a0:	4801      	ldr	r0, [pc, #4]	@ (100057a8 <__aeabi_bits_init+0x8>)
100057a2:	2104      	movs	r1, #4
100057a4:	4b01      	ldr	r3, [pc, #4]	@ (100057ac <__aeabi_bits_init+0xc>)
100057a6:	4718      	bx	r3
100057a8:	20000210 	.word	0x20000210
100057ac:	100057d1 	.word	0x100057d1

100057b0 <rom_func_lookup>:
100057b0:	2300      	movs	r3, #0
100057b2:	b510      	push	{r4, lr}
100057b4:	0001      	movs	r1, r0
100057b6:	8a98      	ldrh	r0, [r3, #20]
100057b8:	8b1b      	ldrh	r3, [r3, #24]
100057ba:	4798      	blx	r3
100057bc:	bd10      	pop	{r4, pc}
100057be:	46c0      	nop			@ (mov r8, r8)

100057c0 <rom_data_lookup>:
100057c0:	2316      	movs	r3, #22
100057c2:	b510      	push	{r4, lr}
100057c4:	0001      	movs	r1, r0
100057c6:	8818      	ldrh	r0, [r3, #0]
100057c8:	3302      	adds	r3, #2
100057ca:	881b      	ldrh	r3, [r3, #0]
100057cc:	4798      	blx	r3
100057ce:	bd10      	pop	{r4, pc}

100057d0 <rom_funcs_lookup>:
100057d0:	b5f8      	push	{r3, r4, r5, r6, r7, lr}
100057d2:	4647      	mov	r7, r8
100057d4:	46ce      	mov	lr, r9
100057d6:	b580      	push	{r7, lr}
100057d8:	1e0f      	subs	r7, r1, #0
100057da:	d018      	beq.n	1000580e <rom_funcs_lookup+0x3e>
100057dc:	2314      	movs	r3, #20
100057de:	4699      	mov	r9, r3
100057e0:	3304      	adds	r3, #4
100057e2:	0004      	movs	r4, r0
100057e4:	2500      	movs	r5, #0
100057e6:	2601      	movs	r6, #1
100057e8:	4698      	mov	r8, r3
100057ea:	464b      	mov	r3, r9
100057ec:	8818      	ldrh	r0, [r3, #0]
100057ee:	4643      	mov	r3, r8
100057f0:	6821      	ldr	r1, [r4, #0]
100057f2:	881b      	ldrh	r3, [r3, #0]
100057f4:	4798      	blx	r3
100057f6:	c401      	stmia	r4!, {r0}
100057f8:	1e43      	subs	r3, r0, #1
100057fa:	4198      	sbcs	r0, r3
100057fc:	3501      	adds	r5, #1
100057fe:	4006      	ands	r6, r0
10005800:	42af      	cmp	r7, r5
10005802:	d1f2      	bne.n	100057ea <rom_funcs_lookup+0x1a>
10005804:	0030      	movs	r0, r6
10005806:	bcc0      	pop	{r6, r7}
10005808:	46b9      	mov	r9, r7
1000580a:	46b0      	mov	r8, r6
1000580c:	bdf8      	pop	{r3, r4, r5, r6, r7, pc}
1000580e:	2601      	movs	r6, #1
10005810:	e7f8      	b.n	10005804 <rom_funcs_lookup+0x34>
10005812:	46c0      	nop			@ (mov r8, r8)

10005814 <__wrap___aeabi_idiv>:
10005814:	4a12      	ldr	r2, [pc, #72]	@ (10005860 <divmod_s32s32_savestate+0x18>)
10005816:	6f93      	ldr	r3, [r2, #120]	@ 0x78
10005818:	089b      	lsrs	r3, r3, #2
1000581a:	d215      	bcs.n	10005848 <divmod_s32s32_savestate>

1000581c <divmod_s32s32_unsafe>:
1000581c:	6690      	str	r0, [r2, #104]	@ 0x68
1000581e:	66d1      	str	r1, [r2, #108]	@ 0x6c
10005820:	2900      	cmp	r1, #0
10005822:	d005      	beq.n	10005830 <divmod_s32s32_unsafe+0x14>
10005824:	e7ff      	b.n	10005826 <divmod_s32s32_unsafe+0xa>
10005826:	e7ff      	b.n	10005828 <divmod_s32s32_unsafe+0xc>
10005828:	e7ff      	b.n	1000582a <divmod_s32s32_unsafe+0xe>
1000582a:	6f51      	ldr	r1, [r2, #116]	@ 0x74
1000582c:	6f10      	ldr	r0, [r2, #112]	@ 0x70
1000582e:	4770      	bx	lr
10005830:	b504      	push	{r2, lr}
10005832:	2180      	movs	r1, #128	@ 0x80
10005834:	0609      	lsls	r1, r1, #24
10005836:	17c2      	asrs	r2, r0, #31
10005838:	4051      	eors	r1, r2
1000583a:	2800      	cmp	r0, #0
1000583c:	d000      	beq.n	10005840 <divmod_s32s32_unsafe+0x24>
1000583e:	43c8      	mvns	r0, r1
10005840:	f005 f876 	bl	1000a930 <____aeabi_idiv0_veneer>
10005844:	2100      	movs	r1, #0
10005846:	bd04      	pop	{r2, pc}

10005848 <divmod_s32s32_savestate>:
10005848:	b5f0      	push	{r4, r5, r6, r7, lr}
1000584a:	6e14      	ldr	r4, [r2, #96]	@ 0x60
1000584c:	6e55      	ldr	r5, [r2, #100]	@ 0x64
1000584e:	6f57      	ldr	r7, [r2, #116]	@ 0x74
10005850:	6f16      	ldr	r6, [r2, #112]	@ 0x70
10005852:	f7ff ffe3 	bl	1000581c <divmod_s32s32_unsafe>
10005856:	6614      	str	r4, [r2, #96]	@ 0x60
10005858:	6655      	str	r5, [r2, #100]	@ 0x64
1000585a:	6757      	str	r7, [r2, #116]	@ 0x74
1000585c:	6716      	str	r6, [r2, #112]	@ 0x70
1000585e:	bdf0      	pop	{r4, r5, r6, r7, pc}
10005860:	d0000000 	.word	0xd0000000

10005864 <__wrap___aeabi_uidiv>:
10005864:	4a11      	ldr	r2, [pc, #68]	@ (100058ac <divmod_u32u32_savestate+0x18>)
10005866:	6f93      	ldr	r3, [r2, #120]	@ 0x78
10005868:	089b      	lsrs	r3, r3, #2
1000586a:	d213      	bcs.n	10005894 <divmod_u32u32_savestate>

1000586c <divmod_u32u32_unsafe>:
1000586c:	6610      	str	r0, [r2, #96]	@ 0x60
1000586e:	6651      	str	r1, [r2, #100]	@ 0x64
10005870:	2900      	cmp	r1, #0
10005872:	d005      	beq.n	10005880 <divmod_u32u32_unsafe+0x14>
10005874:	e7ff      	b.n	10005876 <divmod_u32u32_unsafe+0xa>
10005876:	e7ff      	b.n	10005878 <divmod_u32u32_unsafe+0xc>
10005878:	e7ff      	b.n	1000587a <divmod_u32u32_unsafe+0xe>
1000587a:	6f51      	ldr	r1, [r2, #116]	@ 0x74
1000587c:	6f10      	ldr	r0, [r2, #112]	@ 0x70
1000587e:	4770      	bx	lr
10005880:	b504      	push	{r2, lr}
10005882:	2800      	cmp	r0, #0
10005884:	d001      	beq.n	1000588a <divmod_u32u32_unsafe+0x1e>
10005886:	2000      	movs	r0, #0
10005888:	43c0      	mvns	r0, r0
1000588a:	f005 f851 	bl	1000a930 <____aeabi_idiv0_veneer>
1000588e:	2100      	movs	r1, #0
10005890:	bd04      	pop	{r2, pc}
10005892:	46c0      	nop			@ (mov r8, r8)

10005894 <divmod_u32u32_savestate>:
10005894:	b5f0      	push	{r4, r5, r6, r7, lr}
10005896:	6e14      	ldr	r4, [r2, #96]	@ 0x60
10005898:	6e55      	ldr	r5, [r2, #100]	@ 0x64
1000589a:	6f57      	ldr	r7, [r2, #116]	@ 0x74
1000589c:	6f16      	ldr	r6, [r2, #112]	@ 0x70
1000589e:	f7ff ffe5 	bl	1000586c <divmod_u32u32_unsafe>
100058a2:	6614      	str	r4, [r2, #96]	@ 0x60
100058a4:	6655      	str	r5, [r2, #100]	@ 0x64
100058a6:	6757      	str	r7, [r2, #116]	@ 0x74
100058a8:	6716      	str	r6, [r2, #112]	@ 0x70
100058aa:	bdf0      	pop	{r4, r5, r6, r7, pc}
100058ac:	d0000000 	.word	0xd0000000

100058b0 <__wrap___aeabi_ldivmod>:
100058b0:	4694      	mov	ip, r2
100058b2:	4a4a      	ldr	r2, [pc, #296]	@ (100059dc <udiv0+0x1a>)
100058b4:	6f92      	ldr	r2, [r2, #120]	@ 0x78
100058b6:	0892      	lsrs	r2, r2, #2
100058b8:	4662      	mov	r2, ip
100058ba:	d201      	bcs.n	100058c0 <divmod_s64s64_savestate>
100058bc:	e028      	b.n	10005910 <divmod_s64s64_unsafe>
100058be:	46c0      	nop			@ (mov r8, r8)

100058c0 <divmod_s64s64_savestate>:
100058c0:	b5f0      	push	{r4, r5, r6, r7, lr}
100058c2:	4e46      	ldr	r6, [pc, #280]	@ (100059dc <udiv0+0x1a>)
100058c4:	6e34      	ldr	r4, [r6, #96]	@ 0x60
100058c6:	6e75      	ldr	r5, [r6, #100]	@ 0x64
100058c8:	6f77      	ldr	r7, [r6, #116]	@ 0x74
100058ca:	6f36      	ldr	r6, [r6, #112]	@ 0x70
100058cc:	f000 f820 	bl	10005910 <divmod_s64s64_unsafe>
100058d0:	4694      	mov	ip, r2
100058d2:	4a42      	ldr	r2, [pc, #264]	@ (100059dc <udiv0+0x1a>)
100058d4:	6614      	str	r4, [r2, #96]	@ 0x60
100058d6:	6655      	str	r5, [r2, #100]	@ 0x64
100058d8:	6757      	str	r7, [r2, #116]	@ 0x74
100058da:	6716      	str	r6, [r2, #112]	@ 0x70
100058dc:	4662      	mov	r2, ip
100058de:	bdf0      	pop	{r4, r5, r6, r7, pc}

100058e0 <__wrap___aeabi_uldivmod>:
100058e0:	4694      	mov	ip, r2
100058e2:	4a3e      	ldr	r2, [pc, #248]	@ (100059dc <udiv0+0x1a>)
100058e4:	6f92      	ldr	r2, [r2, #120]	@ 0x78
100058e6:	0892      	lsrs	r2, r2, #2
100058e8:	4662      	mov	r2, ip
100058ea:	d201      	bcs.n	100058f0 <divmod_u64u64_savestate>
100058ec:	e054      	b.n	10005998 <divmod_u64u64_unsafe>
100058ee:	46c0      	nop			@ (mov r8, r8)

100058f0 <divmod_u64u64_savestate>:
100058f0:	b5f0      	push	{r4, r5, r6, r7, lr}
100058f2:	4e3a      	ldr	r6, [pc, #232]	@ (100059dc <udiv0+0x1a>)
100058f4:	6e34      	ldr	r4, [r6, #96]	@ 0x60
100058f6:	6e75      	ldr	r5, [r6, #100]	@ 0x64
100058f8:	6f77      	ldr	r7, [r6, #116]	@ 0x74
100058fa:	6f36      	ldr	r6, [r6, #112]	@ 0x70
100058fc:	f000 f84c 	bl	10005998 <divmod_u64u64_unsafe>
10005900:	4694      	mov	ip, r2
10005902:	4a36      	ldr	r2, [pc, #216]	@ (100059dc <udiv0+0x1a>)
10005904:	6614      	str	r4, [r2, #96]	@ 0x60
10005906:	6655      	str	r5, [r2, #100]	@ 0x64
10005908:	6757      	str	r7, [r2, #116]	@ 0x74
1000590a:	6716      	str	r6, [r2, #112]	@ 0x70
1000590c:	4662      	mov	r2, ip
1000590e:	bdf0      	pop	{r4, r5, r6, r7, pc}

10005910 <divmod_s64s64_unsafe>:
10005910:	2b00      	cmp	r3, #0
10005912:	db24      	blt.n	1000595e <l42_1+0x26>
10005914:	d011      	beq.n	1000593a <l42_1+0x2>
10005916:	2900      	cmp	r1, #0
10005918:	da3e      	bge.n	10005998 <divmod_u64u64_unsafe>
1000591a:	b500      	push	{lr}
1000591c:	43c9      	mvns	r1, r1
1000591e:	4240      	negs	r0, r0
10005920:	d100      	bne.n	10005924 <l40_1>
10005922:	3101      	adds	r1, #1

10005924 <l40_1>:
10005924:	f000 f838 	bl	10005998 <divmod_u64u64_unsafe>
10005928:	43c9      	mvns	r1, r1
1000592a:	4240      	negs	r0, r0
1000592c:	d100      	bne.n	10005930 <l41_1>
1000592e:	3101      	adds	r1, #1

10005930 <l41_1>:
10005930:	43db      	mvns	r3, r3
10005932:	4252      	negs	r2, r2
10005934:	d100      	bne.n	10005938 <l42_1>
10005936:	3301      	adds	r3, #1

10005938 <l42_1>:
10005938:	bd00      	pop	{pc}
1000593a:	2a00      	cmp	r2, #0
1000593c:	d1eb      	bne.n	10005916 <divmod_s64s64_unsafe+0x6>
1000593e:	2800      	cmp	r0, #0
10005940:	d101      	bne.n	10005946 <l42_1+0xe>
10005942:	2900      	cmp	r1, #0
10005944:	d005      	beq.n	10005952 <l42_1+0x1a>
10005946:	2000      	movs	r0, #0
10005948:	0fc9      	lsrs	r1, r1, #31
1000594a:	07c9      	lsls	r1, r1, #31
1000594c:	d101      	bne.n	10005952 <l42_1+0x1a>
1000594e:	43c0      	mvns	r0, r0
10005950:	0841      	lsrs	r1, r0, #1
10005952:	b500      	push	{lr}
10005954:	f004 ffe4 	bl	1000a920 <____aeabi_ldiv0_veneer>
10005958:	2200      	movs	r2, #0
1000595a:	2300      	movs	r3, #0
1000595c:	bd00      	pop	{pc}
1000595e:	b500      	push	{lr}
10005960:	2900      	cmp	r1, #0
10005962:	db0a      	blt.n	1000597a <l44_1+0x2>
10005964:	43db      	mvns	r3, r3
10005966:	4252      	negs	r2, r2
10005968:	d100      	bne.n	1000596c <l43_1>
1000596a:	3301      	adds	r3, #1

1000596c <l43_1>:
1000596c:	f000 f814 	bl	10005998 <divmod_u64u64_unsafe>
10005970:	43c9      	mvns	r1, r1
10005972:	4240      	negs	r0, r0
10005974:	d100      	bne.n	10005978 <l44_1>
10005976:	3101      	adds	r1, #1

10005978 <l44_1>:
10005978:	bd00      	pop	{pc}
1000597a:	43c9      	mvns	r1, r1
1000597c:	4240      	negs	r0, r0
1000597e:	d100      	bne.n	10005982 <l45_1>
10005980:	3101      	adds	r1, #1

10005982 <l45_1>:
10005982:	43db      	mvns	r3, r3
10005984:	4252      	negs	r2, r2
10005986:	d100      	bne.n	1000598a <l46_1>
10005988:	3301      	adds	r3, #1

1000598a <l46_1>:
1000598a:	f000 f805 	bl	10005998 <divmod_u64u64_unsafe>
1000598e:	43db      	mvns	r3, r3
10005990:	4252      	negs	r2, r2
10005992:	d100      	bne.n	10005996 <l47_1>
10005994:	3301      	adds	r3, #1

10005996 <l47_1>:
10005996:	bd00      	pop	{pc}

10005998 <divmod_u64u64_unsafe>:
10005998:	2900      	cmp	r1, #0
1000599a:	d123      	bne.n	100059e4 <y64>
1000599c:	2b00      	cmp	r3, #0
1000599e:	d118      	bne.n	100059d2 <udiv0+0x10>
100059a0:	2a00      	cmp	r2, #0
100059a2:	d00c      	beq.n	100059be <divmod_u64u64_unsafe+0x26>
100059a4:	46bc      	mov	ip, r7
100059a6:	4f0d      	ldr	r7, [pc, #52]	@ (100059dc <udiv0+0x1a>)
100059a8:	6638      	str	r0, [r7, #96]	@ 0x60
100059aa:	667a      	str	r2, [r7, #100]	@ 0x64
100059ac:	2100      	movs	r1, #0
100059ae:	2300      	movs	r3, #0
100059b0:	e7ff      	b.n	100059b2 <divmod_u64u64_unsafe+0x1a>
100059b2:	e7ff      	b.n	100059b4 <divmod_u64u64_unsafe+0x1c>
100059b4:	e7ff      	b.n	100059b6 <divmod_u64u64_unsafe+0x1e>
100059b6:	6f7a      	ldr	r2, [r7, #116]	@ 0x74
100059b8:	6f38      	ldr	r0, [r7, #112]	@ 0x70
100059ba:	4667      	mov	r7, ip
100059bc:	4770      	bx	lr
100059be:	2800      	cmp	r0, #0
100059c0:	d001      	beq.n	100059c6 <udiv0+0x4>

100059c2 <udiv0>:
100059c2:	4807      	ldr	r0, [pc, #28]	@ (100059e0 <udiv0+0x1e>)
100059c4:	0001      	movs	r1, r0
100059c6:	b500      	push	{lr}
100059c8:	f004 ffaa 	bl	1000a920 <____aeabi_ldiv0_veneer>
100059cc:	2200      	movs	r2, #0
100059ce:	2300      	movs	r3, #0
100059d0:	bd00      	pop	{pc}
100059d2:	0002      	movs	r2, r0
100059d4:	000b      	movs	r3, r1
100059d6:	2000      	movs	r0, #0
100059d8:	2100      	movs	r1, #0
100059da:	4770      	bx	lr
100059dc:	d0000000 	.word	0xd0000000
100059e0:	ffffffff 	.word	0xffffffff

100059e4 <y64>:
100059e4:	2b00      	cmp	r3, #0
100059e6:	d000      	beq.n	100059ea <y64+0x6>
100059e8:	e0bf      	b.n	10005b6a <y64_x48>
100059ea:	0c13      	lsrs	r3, r2, #16
100059ec:	d128      	bne.n	10005a40 <y64_x32>
100059ee:	2a00      	cmp	r2, #0
100059f0:	d0e7      	beq.n	100059c2 <udiv0>
100059f2:	b480      	push	{r7}
100059f4:	4f11      	ldr	r7, [pc, #68]	@ (10005a3c <y64+0x58>)
100059f6:	6639      	str	r1, [r7, #96]	@ 0x60
100059f8:	667a      	str	r2, [r7, #100]	@ 0x64
100059fa:	e7ff      	b.n	100059fc <y64+0x18>
100059fc:	e7ff      	b.n	100059fe <y64+0x1a>
100059fe:	b430      	push	{r4, r5}
10005a00:	0c04      	lsrs	r4, r0, #16
10005a02:	6f7b      	ldr	r3, [r7, #116]	@ 0x74
10005a04:	6f39      	ldr	r1, [r7, #112]	@ 0x70
10005a06:	041b      	lsls	r3, r3, #16
10005a08:	4323      	orrs	r3, r4
10005a0a:	663b      	str	r3, [r7, #96]	@ 0x60
10005a0c:	667a      	str	r2, [r7, #100]	@ 0x64
10005a0e:	e7ff      	b.n	10005a10 <y64+0x2c>
10005a10:	e7ff      	b.n	10005a12 <y64+0x2e>
10005a12:	e7ff      	b.n	10005a14 <y64+0x30>
10005a14:	46c0      	nop			@ (mov r8, r8)
10005a16:	b284      	uxth	r4, r0
10005a18:	6f7b      	ldr	r3, [r7, #116]	@ 0x74
10005a1a:	6f3d      	ldr	r5, [r7, #112]	@ 0x70
10005a1c:	041b      	lsls	r3, r3, #16
10005a1e:	4323      	orrs	r3, r4
10005a20:	663b      	str	r3, [r7, #96]	@ 0x60
10005a22:	667a      	str	r2, [r7, #100]	@ 0x64
10005a24:	e7ff      	b.n	10005a26 <y64+0x42>
10005a26:	e7ff      	b.n	10005a28 <y64+0x44>
10005a28:	46c0      	nop			@ (mov r8, r8)
10005a2a:	2300      	movs	r3, #0
10005a2c:	042c      	lsls	r4, r5, #16
10005a2e:	0c2d      	lsrs	r5, r5, #16
10005a30:	6f7a      	ldr	r2, [r7, #116]	@ 0x74
10005a32:	6f38      	ldr	r0, [r7, #112]	@ 0x70
10005a34:	1900      	adds	r0, r0, r4
10005a36:	4169      	adcs	r1, r5
10005a38:	bcb0      	pop	{r4, r5, r7}
10005a3a:	4770      	bx	lr
10005a3c:	d0000000 	.word	0xd0000000

10005a40 <y64_x32>:
10005a40:	b5f0      	push	{r4, r5, r6, r7, lr}
10005a42:	4694      	mov	ip, r2
10005a44:	2500      	movs	r5, #0
10005a46:	0e14      	lsrs	r4, r2, #24
10005a48:	d101      	bne.n	10005a4e <y64_x32+0xe>
10005a4a:	0212      	lsls	r2, r2, #8
10005a4c:	3508      	adds	r5, #8
10005a4e:	0f14      	lsrs	r4, r2, #28
10005a50:	d101      	bne.n	10005a56 <y64_x32+0x16>
10005a52:	0112      	lsls	r2, r2, #4
10005a54:	3504      	adds	r5, #4
10005a56:	0f94      	lsrs	r4, r2, #30
10005a58:	d101      	bne.n	10005a5e <y64_x32+0x1e>
10005a5a:	0092      	lsls	r2, r2, #2
10005a5c:	3502      	adds	r5, #2
10005a5e:	0fd4      	lsrs	r4, r2, #31
10005a60:	d101      	bne.n	10005a66 <y64_x32+0x26>
10005a62:	0052      	lsls	r2, r2, #1
10005a64:	3501      	adds	r5, #1
10005a66:	0bd4      	lsrs	r4, r2, #15
10005a68:	3401      	adds	r4, #1
10005a6a:	4f25      	ldr	r7, [pc, #148]	@ (10005b00 <y64_x32+0xc0>)
10005a6c:	667c      	str	r4, [r7, #100]	@ 0x64
10005a6e:	4c25      	ldr	r4, [pc, #148]	@ (10005b04 <y64_x32+0xc4>)
10005a70:	663c      	str	r4, [r7, #96]	@ 0x60
10005a72:	0c0e      	lsrs	r6, r1, #16
10005a74:	b293      	uxth	r3, r2
10005a76:	e7ff      	b.n	10005a78 <y64_x32+0x38>
10005a78:	e7ff      	b.n	10005a7a <y64_x32+0x3a>
10005a7a:	e7ff      	b.n	10005a7c <y64_x32+0x3c>
10005a7c:	6f3c      	ldr	r4, [r7, #112]	@ 0x70
10005a7e:	4366      	muls	r6, r4
10005a80:	0c36      	lsrs	r6, r6, #16
10005a82:	0377      	lsls	r7, r6, #13
10005a84:	46be      	mov	lr, r7
10005a86:	4373      	muls	r3, r6
10005a88:	0bdf      	lsrs	r7, r3, #15
10005a8a:	045b      	lsls	r3, r3, #17
10005a8c:	1ac0      	subs	r0, r0, r3
10005a8e:	41b9      	sbcs	r1, r7
10005a90:	0c13      	lsrs	r3, r2, #16
10005a92:	4373      	muls	r3, r6
10005a94:	18db      	adds	r3, r3, r3
10005a96:	1ac9      	subs	r1, r1, r3
10005a98:	08ce      	lsrs	r6, r1, #3
10005a9a:	4366      	muls	r6, r4
10005a9c:	0c36      	lsrs	r6, r6, #16
10005a9e:	44b6      	add	lr, r6
10005aa0:	b293      	uxth	r3, r2
10005aa2:	4373      	muls	r3, r6
10005aa4:	0f1f      	lsrs	r7, r3, #28
10005aa6:	011b      	lsls	r3, r3, #4
10005aa8:	1ac0      	subs	r0, r0, r3
10005aaa:	41b9      	sbcs	r1, r7
10005aac:	0c13      	lsrs	r3, r2, #16
10005aae:	4373      	muls	r3, r6
10005ab0:	0b1f      	lsrs	r7, r3, #12
10005ab2:	051b      	lsls	r3, r3, #20
10005ab4:	1ac0      	subs	r0, r0, r3
10005ab6:	41b9      	sbcs	r1, r7
10005ab8:	0d86      	lsrs	r6, r0, #22
10005aba:	028f      	lsls	r7, r1, #10
10005abc:	433e      	orrs	r6, r7
10005abe:	4366      	muls	r6, r4
10005ac0:	0c36      	lsrs	r6, r6, #16
10005ac2:	2d09      	cmp	r5, #9
10005ac4:	db24      	blt.n	10005b10 <last0>
10005ac6:	0a52      	lsrs	r2, r2, #9
10005ac8:	4372      	muls	r2, r6
10005aca:	1a80      	subs	r0, r0, r2
10005acc:	0377      	lsls	r7, r6, #13
10005ace:	0a46      	lsrs	r6, r0, #9
10005ad0:	4366      	muls	r6, r4
10005ad2:	0c36      	lsrs	r6, r6, #16
10005ad4:	2316      	movs	r3, #22
10005ad6:	1b5b      	subs	r3, r3, r5
10005ad8:	40de      	lsrs	r6, r3
10005ada:	40df      	lsrs	r7, r3
10005adc:	19bf      	adds	r7, r7, r6
10005ade:	4664      	mov	r4, ip
10005ae0:	4366      	muls	r6, r4
10005ae2:	1b82      	subs	r2, r0, r6
10005ae4:	4670      	mov	r0, lr
10005ae6:	3504      	adds	r5, #4
10005ae8:	3306      	adds	r3, #6
10005aea:	0001      	movs	r1, r0
10005aec:	40d9      	lsrs	r1, r3
10005aee:	40a8      	lsls	r0, r5
10005af0:	19c0      	adds	r0, r0, r7
10005af2:	d300      	bcc.n	10005af6 <y64_x32+0xb6>
10005af4:	3101      	adds	r1, #1
10005af6:	42a2      	cmp	r2, r4
10005af8:	d206      	bcs.n	10005b08 <y64_x32+0xc8>
10005afa:	2300      	movs	r3, #0
10005afc:	bdf0      	pop	{r4, r5, r6, r7, pc}
10005afe:	0000      	.short	0x0000
10005b00:	d0000000 	.word	0xd0000000
10005b04:	ffffffff 	.word	0xffffffff
10005b08:	1b12      	subs	r2, r2, r4
10005b0a:	3001      	adds	r0, #1
10005b0c:	d3f3      	bcc.n	10005af6 <y64_x32+0xb6>
10005b0e:	e7f1      	b.n	10005af4 <y64_x32+0xb4>

10005b10 <last0>:
10005b10:	2709      	movs	r7, #9
10005b12:	1b7f      	subs	r7, r7, r5
10005b14:	40fe      	lsrs	r6, r7
10005b16:	4664      	mov	r4, ip
10005b18:	b2a2      	uxth	r2, r4
10005b1a:	4372      	muls	r2, r6
10005b1c:	1a80      	subs	r0, r0, r2
10005b1e:	d200      	bcs.n	10005b22 <last0+0x12>
10005b20:	3901      	subs	r1, #1
10005b22:	0c22      	lsrs	r2, r4, #16
10005b24:	4372      	muls	r2, r6
10005b26:	0c13      	lsrs	r3, r2, #16
10005b28:	0412      	lsls	r2, r2, #16
10005b2a:	1a82      	subs	r2, r0, r2
10005b2c:	4199      	sbcs	r1, r3
10005b2e:	000b      	movs	r3, r1
10005b30:	4670      	mov	r0, lr
10005b32:	3504      	adds	r5, #4
10005b34:	3713      	adds	r7, #19
10005b36:	0001      	movs	r1, r0
10005b38:	40f9      	lsrs	r1, r7
10005b3a:	40a8      	lsls	r0, r5
10005b3c:	1980      	adds	r0, r0, r6
10005b3e:	d300      	bcc.n	10005b42 <last0+0x32>
10005b40:	3101      	adds	r1, #1
10005b42:	2b00      	cmp	r3, #0
10005b44:	d102      	bne.n	10005b4c <last0+0x3c>
10005b46:	42a2      	cmp	r2, r4
10005b48:	d20a      	bcs.n	10005b60 <last0+0x50>
10005b4a:	bdf0      	pop	{r4, r5, r6, r7, pc}
10005b4c:	3001      	adds	r0, #1
10005b4e:	d300      	bcc.n	10005b52 <last0+0x42>
10005b50:	3101      	adds	r1, #1
10005b52:	1b12      	subs	r2, r2, r4
10005b54:	d2fa      	bcs.n	10005b4c <last0+0x3c>
10005b56:	3b01      	subs	r3, #1
10005b58:	d1f8      	bne.n	10005b4c <last0+0x3c>
10005b5a:	42a2      	cmp	r2, r4
10005b5c:	d200      	bcs.n	10005b60 <last0+0x50>
10005b5e:	bdf0      	pop	{r4, r5, r6, r7, pc}
10005b60:	3001      	adds	r0, #1
10005b62:	d300      	bcc.n	10005b66 <last0+0x56>
10005b64:	3101      	adds	r1, #1
10005b66:	1b12      	subs	r2, r2, r4
10005b68:	e7f7      	b.n	10005b5a <last0+0x4a>

10005b6a <y64_x48>:
10005b6a:	b5f0      	push	{r4, r5, r6, r7, lr}
10005b6c:	0c1c      	lsrs	r4, r3, #16
10005b6e:	d000      	beq.n	10005b72 <y64_x48+0x8>
10005b70:	e080      	b.n	10005c74 <y64_x64>
10005b72:	b40c      	push	{r2, r3}
10005b74:	2500      	movs	r5, #0
10005b76:	0a1c      	lsrs	r4, r3, #8
10005b78:	d104      	bne.n	10005b84 <y64_x48+0x1a>
10005b7a:	021b      	lsls	r3, r3, #8
10005b7c:	0e16      	lsrs	r6, r2, #24
10005b7e:	4333      	orrs	r3, r6
10005b80:	0212      	lsls	r2, r2, #8
10005b82:	3508      	adds	r5, #8
10005b84:	0b1c      	lsrs	r4, r3, #12
10005b86:	d104      	bne.n	10005b92 <y64_x48+0x28>
10005b88:	011b      	lsls	r3, r3, #4
10005b8a:	0f16      	lsrs	r6, r2, #28
10005b8c:	4333      	orrs	r3, r6
10005b8e:	0112      	lsls	r2, r2, #4
10005b90:	3504      	adds	r5, #4
10005b92:	0b9c      	lsrs	r4, r3, #14
10005b94:	d104      	bne.n	10005ba0 <y64_x48+0x36>
10005b96:	009b      	lsls	r3, r3, #2
10005b98:	0f96      	lsrs	r6, r2, #30
10005b9a:	4333      	orrs	r3, r6
10005b9c:	0092      	lsls	r2, r2, #2
10005b9e:	3502      	adds	r5, #2
10005ba0:	0bdc      	lsrs	r4, r3, #15
10005ba2:	d102      	bne.n	10005baa <y64_x48+0x40>
10005ba4:	1892      	adds	r2, r2, r2
10005ba6:	415b      	adcs	r3, r3
10005ba8:	3501      	adds	r5, #1
10005baa:	001c      	movs	r4, r3
10005bac:	1897      	adds	r7, r2, r2
10005bae:	4164      	adcs	r4, r4
10005bb0:	3401      	adds	r4, #1
10005bb2:	4f46      	ldr	r7, [pc, #280]	@ (10005ccc <y64_x64+0x58>)
10005bb4:	667c      	str	r4, [r7, #100]	@ 0x64
10005bb6:	4c46      	ldr	r4, [pc, #280]	@ (10005cd0 <y64_x64+0x5c>)
10005bb8:	663c      	str	r4, [r7, #96]	@ 0x60
10005bba:	0c0e      	lsrs	r6, r1, #16
10005bbc:	e7ff      	b.n	10005bbe <y64_x48+0x54>
10005bbe:	e7ff      	b.n	10005bc0 <y64_x48+0x56>
10005bc0:	e7ff      	b.n	10005bc2 <y64_x48+0x58>
10005bc2:	46c0      	nop			@ (mov r8, r8)
10005bc4:	6f3c      	ldr	r4, [r7, #112]	@ 0x70
10005bc6:	4366      	muls	r6, r4
10005bc8:	0c36      	lsrs	r6, r6, #16
10005bca:	0377      	lsls	r7, r6, #13
10005bcc:	46be      	mov	lr, r7
10005bce:	b297      	uxth	r7, r2
10005bd0:	4377      	muls	r7, r6
10005bd2:	1bc0      	subs	r0, r0, r7
10005bd4:	d200      	bcs.n	10005bd8 <y64_x48+0x6e>
10005bd6:	3901      	subs	r1, #1
10005bd8:	1bc0      	subs	r0, r0, r7
10005bda:	d200      	bcs.n	10005bde <y64_x48+0x74>
10005bdc:	3901      	subs	r1, #1
10005bde:	b29f      	uxth	r7, r3
10005be0:	4377      	muls	r7, r6
10005be2:	1bc9      	subs	r1, r1, r7
10005be4:	1bc9      	subs	r1, r1, r7
10005be6:	0c17      	lsrs	r7, r2, #16
10005be8:	4377      	muls	r7, r6
10005bea:	047e      	lsls	r6, r7, #17
10005bec:	0bff      	lsrs	r7, r7, #15
10005bee:	1b80      	subs	r0, r0, r6
10005bf0:	41b9      	sbcs	r1, r7
10005bf2:	08ce      	lsrs	r6, r1, #3
10005bf4:	4366      	muls	r6, r4
10005bf6:	0c36      	lsrs	r6, r6, #16
10005bf8:	2d0c      	cmp	r5, #12
10005bfa:	db33      	blt.n	10005c64 <last1>
10005bfc:	44b6      	add	lr, r6
10005bfe:	0b12      	lsrs	r2, r2, #12
10005c00:	051f      	lsls	r7, r3, #20
10005c02:	433a      	orrs	r2, r7
10005c04:	0b1b      	lsrs	r3, r3, #12
10005c06:	b297      	uxth	r7, r2
10005c08:	4377      	muls	r7, r6
10005c0a:	1bc0      	subs	r0, r0, r7
10005c0c:	d200      	bcs.n	10005c10 <y64_x48+0xa6>
10005c0e:	3901      	subs	r1, #1
10005c10:	b29f      	uxth	r7, r3
10005c12:	4377      	muls	r7, r6
10005c14:	1bc9      	subs	r1, r1, r7
10005c16:	0c17      	lsrs	r7, r2, #16
10005c18:	4377      	muls	r7, r6
10005c1a:	043e      	lsls	r6, r7, #16
10005c1c:	0c3f      	lsrs	r7, r7, #16
10005c1e:	1b80      	subs	r0, r0, r6
10005c20:	41b9      	sbcs	r1, r7
10005c22:	0d86      	lsrs	r6, r0, #22
10005c24:	028f      	lsls	r7, r1, #10
10005c26:	433e      	orrs	r6, r7
10005c28:	4366      	muls	r6, r4
10005c2a:	2729      	movs	r7, #41	@ 0x29
10005c2c:	1b7f      	subs	r7, r7, r5
10005c2e:	40fe      	lsrs	r6, r7
10005c30:	3d0c      	subs	r5, #12
10005c32:	4677      	mov	r7, lr
10005c34:	40af      	lsls	r7, r5
10005c36:	19bf      	adds	r7, r7, r6
10005c38:	bc30      	pop	{r4, r5}
10005c3a:	b2a2      	uxth	r2, r4
10005c3c:	b2ab      	uxth	r3, r5
10005c3e:	4372      	muls	r2, r6
10005c40:	4373      	muls	r3, r6
10005c42:	1a80      	subs	r0, r0, r2
10005c44:	4199      	sbcs	r1, r3
10005c46:	0c22      	lsrs	r2, r4, #16
10005c48:	4372      	muls	r2, r6
10005c4a:	0c13      	lsrs	r3, r2, #16
10005c4c:	0412      	lsls	r2, r2, #16
10005c4e:	1a80      	subs	r0, r0, r2
10005c50:	4199      	sbcs	r1, r3
10005c52:	0002      	movs	r2, r0
10005c54:	000b      	movs	r3, r1
10005c56:	3701      	adds	r7, #1
10005c58:	1b00      	subs	r0, r0, r4
10005c5a:	41a9      	sbcs	r1, r5
10005c5c:	d2f9      	bcs.n	10005c52 <y64_x48+0xe8>
10005c5e:	1e78      	subs	r0, r7, #1
10005c60:	2100      	movs	r1, #0
10005c62:	bdf0      	pop	{r4, r5, r6, r7, pc}

10005c64 <last1>:
10005c64:	270c      	movs	r7, #12
10005c66:	1b7f      	subs	r7, r7, r5
10005c68:	40fe      	lsrs	r6, r7
10005c6a:	4677      	mov	r7, lr
10005c6c:	0b7f      	lsrs	r7, r7, #13
10005c6e:	40af      	lsls	r7, r5
10005c70:	19ff      	adds	r7, r7, r7
10005c72:	e7e0      	b.n	10005c36 <y64_x48+0xcc>

10005c74 <y64_x64>:
10005c74:	2400      	movs	r4, #0
10005c76:	1c5d      	adds	r5, r3, #1
10005c78:	d007      	beq.n	10005c8a <y64_x64+0x16>
10005c7a:	4f14      	ldr	r7, [pc, #80]	@ (10005ccc <y64_x64+0x58>)
10005c7c:	667d      	str	r5, [r7, #100]	@ 0x64
10005c7e:	6639      	str	r1, [r7, #96]	@ 0x60
10005c80:	e7ff      	b.n	10005c82 <y64_x64+0xe>
10005c82:	e7ff      	b.n	10005c84 <y64_x64+0x10>
10005c84:	e7ff      	b.n	10005c86 <y64_x64+0x12>
10005c86:	e7ff      	b.n	10005c88 <y64_x64+0x14>
10005c88:	6f3c      	ldr	r4, [r7, #112]	@ 0x70
10005c8a:	b295      	uxth	r5, r2
10005c8c:	b29e      	uxth	r6, r3
10005c8e:	4365      	muls	r5, r4
10005c90:	4366      	muls	r6, r4
10005c92:	1b40      	subs	r0, r0, r5
10005c94:	41b1      	sbcs	r1, r6
10005c96:	0c15      	lsrs	r5, r2, #16
10005c98:	0c1e      	lsrs	r6, r3, #16
10005c9a:	4365      	muls	r5, r4
10005c9c:	4366      	muls	r6, r4
10005c9e:	0436      	lsls	r6, r6, #16
10005ca0:	0c2f      	lsrs	r7, r5, #16
10005ca2:	433e      	orrs	r6, r7
10005ca4:	042d      	lsls	r5, r5, #16
10005ca6:	1b40      	subs	r0, r0, r5
10005ca8:	41b1      	sbcs	r1, r6
10005caa:	4299      	cmp	r1, r3
10005cac:	d204      	bcs.n	10005cb8 <y64_x64+0x44>
10005cae:	0002      	movs	r2, r0
10005cb0:	000b      	movs	r3, r1
10005cb2:	0020      	movs	r0, r4
10005cb4:	2100      	movs	r1, #0
10005cb6:	bdf0      	pop	{r4, r5, r6, r7, pc}
10005cb8:	d101      	bne.n	10005cbe <y64_x64+0x4a>
10005cba:	4290      	cmp	r0, r2
10005cbc:	d3f7      	bcc.n	10005cae <y64_x64+0x3a>
10005cbe:	1a80      	subs	r0, r0, r2
10005cc0:	4199      	sbcs	r1, r3
10005cc2:	3401      	adds	r4, #1
10005cc4:	4299      	cmp	r1, r3
10005cc6:	d3f2      	bcc.n	10005cae <y64_x64+0x3a>
10005cc8:	e7f6      	b.n	10005cb8 <y64_x64+0x44>
10005cca:	0000      	.short	0x0000
10005ccc:	d0000000 	.word	0xd0000000
10005cd0:	ffffffff 	.word	0xffffffff

10005cd4 <__wrap___aeabi_drsub>:
10005cd4:	4048      	eors	r0, r1
10005cd6:	4041      	eors	r1, r0
10005cd8:	4048      	eors	r0, r1

10005cda <__wrap___aeabi_dsub>:
10005cda:	b418      	push	{r3, r4}
10005cdc:	4b1b      	ldr	r3, [pc, #108]	@ (10005d4c <__wrap___aeabi_dmul+0x12>)
10005cde:	685b      	ldr	r3, [r3, #4]
10005ce0:	46fc      	mov	ip, pc
10005ce2:	9301      	str	r3, [sp, #4]
10005ce4:	bd08      	pop	{r3, pc}
10005ce6:	df04      	.short	0xdf04
10005ce8:	1000603f 	.word	0x1000603f

10005cec <__wrap___aeabi_dadd>:
10005cec:	b418      	push	{r3, r4}
10005cee:	4b17      	ldr	r3, [pc, #92]	@ (10005d4c <__wrap___aeabi_dmul+0x12>)
10005cf0:	681b      	ldr	r3, [r3, #0]
10005cf2:	46fc      	mov	ip, pc
10005cf4:	9301      	str	r3, [sp, #4]
10005cf6:	bd08      	pop	{r3, pc}
10005cf8:	6049df00 	.word	0x6049df00
10005cfc:	1000      	.short	0x1000

10005cfe <__wrap___aeabi_ddiv>:
10005cfe:	4694      	mov	ip, r2
10005d00:	4a13      	ldr	r2, [pc, #76]	@ (10005d50 <__wrap___aeabi_dmul+0x16>)
10005d02:	6f92      	ldr	r2, [r2, #120]	@ 0x78
10005d04:	0892      	lsrs	r2, r2, #2
10005d06:	d209      	bcs.n	10005d1c <ddiv_save_state>
10005d08:	4662      	mov	r2, ip

10005d0a <ddiv_shim_call>:
10005d0a:	b418      	push	{r3, r4}
10005d0c:	4b0f      	ldr	r3, [pc, #60]	@ (10005d4c <__wrap___aeabi_dmul+0x12>)
10005d0e:	68db      	ldr	r3, [r3, #12]
10005d10:	46fc      	mov	ip, pc
10005d12:	9301      	str	r3, [sp, #4]
10005d14:	bd08      	pop	{r3, pc}
10005d16:	df0c      	.short	0xdf0c
10005d18:	10006301 	.word	0x10006301

10005d1c <ddiv_save_state>:
10005d1c:	4a0c      	ldr	r2, [pc, #48]	@ (10005d50 <__wrap___aeabi_dmul+0x16>)
10005d1e:	b5f0      	push	{r4, r5, r6, r7, lr}
10005d20:	6e14      	ldr	r4, [r2, #96]	@ 0x60
10005d22:	6e55      	ldr	r5, [r2, #100]	@ 0x64
10005d24:	6f57      	ldr	r7, [r2, #116]	@ 0x74
10005d26:	6f16      	ldr	r6, [r2, #112]	@ 0x70
10005d28:	4662      	mov	r2, ip
10005d2a:	f7ff ffee 	bl	10005d0a <ddiv_shim_call>
10005d2e:	4a08      	ldr	r2, [pc, #32]	@ (10005d50 <__wrap___aeabi_dmul+0x16>)
10005d30:	6614      	str	r4, [r2, #96]	@ 0x60
10005d32:	6655      	str	r5, [r2, #100]	@ 0x64
10005d34:	6757      	str	r7, [r2, #116]	@ 0x74
10005d36:	6716      	str	r6, [r2, #112]	@ 0x70
10005d38:	bdf0      	pop	{r4, r5, r6, r7, pc}

10005d3a <__wrap___aeabi_dmul>:
10005d3a:	b418      	push	{r3, r4}
10005d3c:	4b03      	ldr	r3, [pc, #12]	@ (10005d4c <__wrap___aeabi_dmul+0x12>)
10005d3e:	689b      	ldr	r3, [r3, #8]
10005d40:	46fc      	mov	ip, pc
10005d42:	9301      	str	r3, [sp, #4]
10005d44:	bd08      	pop	{r3, pc}
10005d46:	df08      	.short	0xdf08
10005d48:	100061a5 	.word	0x100061a5
10005d4c:	20000a50 	.word	0x20000a50
10005d50:	d0000000 	.word	0xd0000000

10005d54 <__wrap___aeabi_cdrcmple>:
10005d54:	b5ff      	push	{r0, r1, r2, r3, r4, r5, r6, r7, lr}
10005d56:	4050      	eors	r0, r2
10005d58:	4042      	eors	r2, r0
10005d5a:	4050      	eors	r0, r2
10005d5c:	4059      	eors	r1, r3
10005d5e:	404b      	eors	r3, r1
10005d60:	4059      	eors	r1, r3
10005d62:	e000      	b.n	10005d66 <__aeabi_dfcmple_guts>

10005d64 <__wrap___aeabi_cdcmpeq>:
10005d64:	b5ff      	push	{r0, r1, r2, r3, r4, r5, r6, r7, lr}

10005d66 <__aeabi_dfcmple_guts>:
10005d66:	4f15      	ldr	r7, [pc, #84]	@ (10005dbc <__aeabi_dfcmple_guts+0x56>)
10005d68:	004c      	lsls	r4, r1, #1
10005d6a:	0d64      	lsrs	r4, r4, #21
10005d6c:	d003      	beq.n	10005d76 <__aeabi_dfcmple_guts+0x10>
10005d6e:	42bc      	cmp	r4, r7
10005d70:	d104      	bne.n	10005d7c <__aeabi_dfcmple_guts+0x16>
10005d72:	030c      	lsls	r4, r1, #12
10005d74:	d814      	bhi.n	10005da0 <__aeabi_dfcmple_guts+0x3a>
10005d76:	2000      	movs	r0, #0
10005d78:	0d09      	lsrs	r1, r1, #20
10005d7a:	0509      	lsls	r1, r1, #20
10005d7c:	005c      	lsls	r4, r3, #1
10005d7e:	0d64      	lsrs	r4, r4, #21
10005d80:	d003      	beq.n	10005d8a <__aeabi_dfcmple_guts+0x24>
10005d82:	42bc      	cmp	r4, r7
10005d84:	d104      	bne.n	10005d90 <__aeabi_dfcmple_guts+0x2a>
10005d86:	031c      	lsls	r4, r3, #12
10005d88:	d80a      	bhi.n	10005da0 <__aeabi_dfcmple_guts+0x3a>
10005d8a:	2200      	movs	r2, #0
10005d8c:	0d1b      	lsrs	r3, r3, #20
10005d8e:	051b      	lsls	r3, r3, #20
10005d90:	2601      	movs	r6, #1
10005d92:	404b      	eors	r3, r1
10005d94:	d409      	bmi.n	10005daa <__aeabi_dfcmple_guts+0x44>
10005d96:	404b      	eors	r3, r1
10005d98:	d503      	bpl.n	10005da2 <__aeabi_dfcmple_guts+0x3c>
10005d9a:	428b      	cmp	r3, r1
10005d9c:	d100      	bne.n	10005da0 <__aeabi_dfcmple_guts+0x3a>
10005d9e:	4282      	cmp	r2, r0
10005da0:	bdff      	pop	{r0, r1, r2, r3, r4, r5, r6, r7, pc}
10005da2:	4299      	cmp	r1, r3
10005da4:	d1fc      	bne.n	10005da0 <__aeabi_dfcmple_guts+0x3a>
10005da6:	4290      	cmp	r0, r2
10005da8:	bdff      	pop	{r0, r1, r2, r3, r4, r5, r6, r7, pc}
10005daa:	430b      	orrs	r3, r1
10005dac:	18db      	adds	r3, r3, r3
10005dae:	4303      	orrs	r3, r0
10005db0:	4313      	orrs	r3, r2
10005db2:	d0f5      	beq.n	10005da0 <__aeabi_dfcmple_guts+0x3a>
10005db4:	43c9      	mvns	r1, r1
10005db6:	1849      	adds	r1, r1, r1
10005db8:	bdff      	pop	{r0, r1, r2, r3, r4, r5, r6, r7, pc}
10005dba:	0000      	.short	0x0000
10005dbc:	000007ff 	.word	0x000007ff

10005dc0 <__wrap___aeabi_dcmpeq>:
10005dc0:	b500      	push	{lr}
10005dc2:	f7ff ffcf 	bl	10005d64 <__wrap___aeabi_cdcmpeq>
10005dc6:	d001      	beq.n	10005dcc <__wrap___aeabi_dcmpeq+0xc>
10005dc8:	2000      	movs	r0, #0
10005dca:	bd00      	pop	{pc}
10005dcc:	2001      	movs	r0, #1
10005dce:	bd00      	pop	{pc}

10005dd0 <__wrap___aeabi_dcmplt>:
10005dd0:	b500      	push	{lr}
10005dd2:	f7ff ffc7 	bl	10005d64 <__wrap___aeabi_cdcmpeq>
10005dd6:	4180      	sbcs	r0, r0
10005dd8:	bd00      	pop	{pc}
10005dda:	46c0      	nop			@ (mov r8, r8)

10005ddc <__wrap___aeabi_dcmple>:
10005ddc:	b500      	push	{lr}
10005dde:	f7ff ffc1 	bl	10005d64 <__wrap___aeabi_cdcmpeq>
10005de2:	d901      	bls.n	10005de8 <__wrap___aeabi_dcmple+0xc>
10005de4:	2000      	movs	r0, #0
10005de6:	bd00      	pop	{pc}
10005de8:	2001      	movs	r0, #1
10005dea:	bd00      	pop	{pc}

10005dec <__wrap___aeabi_dcmpge>:
10005dec:	b500      	push	{lr}
10005dee:	f7ff ffb1 	bl	10005d54 <__wrap___aeabi_cdrcmple>
10005df2:	d901      	bls.n	10005df8 <__wrap___aeabi_dcmpge+0xc>
10005df4:	2000      	movs	r0, #0
10005df6:	bd00      	pop	{pc}
10005df8:	2001      	movs	r0, #1
10005dfa:	bd00      	pop	{pc}

10005dfc <__wrap___aeabi_dcmpgt>:
10005dfc:	b500      	push	{lr}
10005dfe:	f7ff ffa9 	bl	10005d54 <__wrap___aeabi_cdrcmple>
10005e02:	4180      	sbcs	r0, r0
10005e04:	bd00      	pop	{pc}

10005e06 <__wrap___aeabi_dcmpun>:
10005e06:	2001      	movs	r0, #1
10005e08:	0540      	lsls	r0, r0, #21
10005e0a:	004a      	lsls	r2, r1, #1
10005e0c:	1812      	adds	r2, r2, r0
10005e0e:	d804      	bhi.n	10005e1a <__wrap___aeabi_dcmpun+0x14>
10005e10:	005a      	lsls	r2, r3, #1
10005e12:	1812      	adds	r2, r2, r0
10005e14:	d801      	bhi.n	10005e1a <__wrap___aeabi_dcmpun+0x14>
10005e16:	2000      	movs	r0, #0
10005e18:	4770      	bx	lr
10005e1a:	2001      	movs	r0, #1
10005e1c:	4770      	bx	lr
10005e1e:	2000      	movs	r0, #0
10005e20:	4770      	bx	lr
	...

10005e24 <__wrap___aeabi_ui2d>:
10005e24:	2100      	movs	r1, #0
10005e26:	2800      	cmp	r0, #0
10005e28:	d105      	bne.n	10005e36 <__wrap___aeabi_i2d+0xa>
10005e2a:	4770      	bx	lr

10005e2c <__wrap___aeabi_i2d>:
10005e2c:	17c1      	asrs	r1, r0, #31
10005e2e:	4048      	eors	r0, r1
10005e30:	1a40      	subs	r0, r0, r1
10005e32:	d0fa      	beq.n	10005e2a <__wrap___aeabi_ui2d+0x6>
10005e34:	07c9      	lsls	r1, r1, #31
10005e36:	b513      	push	{r0, r1, r4, lr}
10005e38:	4b06      	ldr	r3, [pc, #24]	@ (10005e54 <__wrap___aeabi_i2d+0x28>)
10005e3a:	681b      	ldr	r3, [r3, #0]
10005e3c:	4798      	blx	r3
10005e3e:	bc0c      	pop	{r2, r3}
10005e40:	1c44      	adds	r4, r0, #1
10005e42:	40a2      	lsls	r2, r4
10005e44:	0510      	lsls	r0, r2, #20
10005e46:	0b12      	lsrs	r2, r2, #12
10005e48:	4903      	ldr	r1, [pc, #12]	@ (10005e58 <__wrap___aeabi_i2d+0x2c>)
10005e4a:	1b09      	subs	r1, r1, r4
10005e4c:	0509      	lsls	r1, r1, #20
10005e4e:	4319      	orrs	r1, r3
10005e50:	4311      	orrs	r1, r2
10005e52:	bd10      	pop	{r4, pc}
10005e54:	200010a0 	.word	0x200010a0
10005e58:	0000041f 	.word	0x0000041f

10005e5c <__wrap___aeabi_d2iz>:
10005e5c:	b510      	push	{r4, lr}
10005e5e:	004c      	lsls	r4, r1, #1
10005e60:	0d62      	lsrs	r2, r4, #21
10005e62:	2380      	movs	r3, #128	@ 0x80
10005e64:	18d2      	adds	r2, r2, r3
10005e66:	00db      	lsls	r3, r3, #3
10005e68:	1ad2      	subs	r2, r2, r3
10005e6a:	055b      	lsls	r3, r3, #21
10005e6c:	2a7e      	cmp	r2, #126	@ 0x7e
10005e6e:	dd10      	ble.n	10005e92 <__wrap___aeabi_d2iz+0x36>
10005e70:	3a9e      	subs	r2, #158	@ 0x9e
10005e72:	da13      	bge.n	10005e9c <__wrap___aeabi_d2iz+0x40>
10005e74:	17cc      	asrs	r4, r1, #31
10005e76:	0309      	lsls	r1, r1, #12
10005e78:	0849      	lsrs	r1, r1, #1
10005e7a:	4319      	orrs	r1, r3
10005e7c:	4252      	negs	r2, r2
10005e7e:	40d1      	lsrs	r1, r2
10005e80:	0064      	lsls	r4, r4, #1
10005e82:	3401      	adds	r4, #1
10005e84:	3215      	adds	r2, #21
10005e86:	2a20      	cmp	r2, #32
10005e88:	da05      	bge.n	10005e96 <__wrap___aeabi_d2iz+0x3a>
10005e8a:	40d0      	lsrs	r0, r2
10005e8c:	4308      	orrs	r0, r1
10005e8e:	4360      	muls	r0, r4
10005e90:	bd10      	pop	{r4, pc}
10005e92:	2000      	movs	r0, #0
10005e94:	bd10      	pop	{r4, pc}
10005e96:	4608      	mov	r0, r1
10005e98:	4360      	muls	r0, r4
10005e9a:	bd10      	pop	{r4, pc}
10005e9c:	0fc8      	lsrs	r0, r1, #31
10005e9e:	18c0      	adds	r0, r0, r3
10005ea0:	3801      	subs	r0, #1
10005ea2:	bd10      	pop	{r4, pc}

10005ea4 <__wrap___aeabi_d2uiz>:
10005ea4:	b418      	push	{r3, r4}
10005ea6:	4b04      	ldr	r3, [pc, #16]	@ (10005eb8 <__wrap___aeabi_d2uiz+0x14>)
10005ea8:	6a5b      	ldr	r3, [r3, #36]	@ 0x24
10005eaa:	46fc      	mov	ip, pc
10005eac:	9301      	str	r3, [sp, #4]
10005eae:	bd08      	pop	{r3, pc}
10005eb0:	64b1df24 	.word	0x64b1df24
10005eb4:	00001000 	.word	0x00001000
10005eb8:	20000a50 	.word	0x20000a50

10005ebc <__wrap___aeabi_l2d>:
10005ebc:	b418      	push	{r3, r4}
10005ebe:	4b04      	ldr	r3, [pc, #16]	@ (10005ed0 <__wrap___aeabi_l2d+0x14>)
10005ec0:	6ddb      	ldr	r3, [r3, #92]	@ 0x5c
10005ec2:	46fc      	mov	ip, pc
10005ec4:	9301      	str	r3, [sp, #4]
10005ec6:	bd08      	pop	{r3, pc}
10005ec8:	65bddf5c 	.word	0x65bddf5c
10005ecc:	00001000 	.word	0x00001000
10005ed0:	20000a50 	.word	0x20000a50

10005ed4 <__wrap___aeabi_d2lz>:
10005ed4:	42c9      	cmn	r1, r1
10005ed6:	d311      	bcc.n	10005efc <double2int64>
10005ed8:	b500      	push	{lr}
10005eda:	0049      	lsls	r1, r1, #1
10005edc:	0849      	lsrs	r1, r1, #1
10005ede:	2200      	movs	r2, #0
10005ee0:	f000 f818 	bl	10005f14 <double2ufix64>
10005ee4:	2900      	cmp	r1, #0
10005ee6:	d404      	bmi.n	10005ef2 <__wrap___aeabi_d2lz+0x1e>
10005ee8:	2200      	movs	r2, #0
10005eea:	4240      	negs	r0, r0
10005eec:	418a      	sbcs	r2, r1
10005eee:	4611      	mov	r1, r2
10005ef0:	bd00      	pop	{pc}
10005ef2:	2180      	movs	r1, #128	@ 0x80
10005ef4:	0609      	lsls	r1, r1, #24
10005ef6:	2000      	movs	r0, #0
10005ef8:	bd00      	pop	{pc}
	...

10005efc <double2int64>:
10005efc:	b418      	push	{r3, r4}
10005efe:	4b04      	ldr	r3, [pc, #16]	@ (10005f10 <double2int64+0x14>)
10005f00:	6edb      	ldr	r3, [r3, #108]	@ 0x6c
10005f02:	46fc      	mov	ip, pc
10005f04:	9301      	str	r3, [sp, #4]
10005f06:	bd08      	pop	{r3, pc}
10005f08:	64bfdf6c 	.word	0x64bfdf6c
10005f0c:	00001000 	.word	0x00001000
10005f10:	20000a50 	.word	0x20000a50

10005f14 <double2ufix64>:
10005f14:	b418      	push	{r3, r4}
10005f16:	4b04      	ldr	r3, [pc, #16]	@ (10005f28 <double2ufix64+0x14>)
10005f18:	6f9b      	ldr	r3, [r3, #120]	@ 0x78
10005f1a:	46fc      	mov	ip, pc
10005f1c:	9301      	str	r3, [sp, #4]
10005f1e:	bd08      	pop	{r3, pc}
10005f20:	64dbdf78 	.word	0x64dbdf78
10005f24:	00001000 	.word	0x00001000
10005f28:	20000a50 	.word	0x20000a50

10005f2c <__wrap___aeabi_d2f>:
10005f2c:	b418      	push	{r3, r4}
10005f2e:	4b04      	ldr	r3, [pc, #16]	@ (10005f40 <__wrap___aeabi_d2f+0x14>)
10005f30:	6fdb      	ldr	r3, [r3, #124]	@ 0x7c
10005f32:	46fc      	mov	ip, pc
10005f34:	9301      	str	r3, [sp, #4]
10005f36:	bd08      	pop	{r3, pc}
10005f38:	6549df7c 	.word	0x6549df7c
10005f3c:	00001000 	.word	0x00001000
10005f40:	20000a50 	.word	0x20000a50

10005f44 <__wrap_exp>:
10005f44:	b418      	push	{r3, r4}
10005f46:	4b04      	ldr	r3, [pc, #16]	@ (10005f58 <__wrap_exp+0x14>)
10005f48:	6cdb      	ldr	r3, [r3, #76]	@ 0x4c
10005f4a:	46fc      	mov	ip, pc
10005f4c:	9301      	str	r3, [sp, #4]
10005f4e:	bd08      	pop	{r3, pc}
10005f50:	66f5df4c 	.word	0x66f5df4c
10005f54:	00001000 	.word	0x00001000
10005f58:	20000a50 	.word	0x20000a50

10005f5c <__wrap_log>:
10005f5c:	b418      	push	{r3, r4}
10005f5e:	4b04      	ldr	r3, [pc, #16]	@ (10005f70 <__wrap_log+0x14>)
10005f60:	6d1b      	ldr	r3, [r3, #80]	@ 0x50
10005f62:	46fc      	mov	ip, pc
10005f64:	9301      	str	r3, [sp, #4]
10005f66:	bd08      	pop	{r3, pc}
10005f68:	6791df50 	.word	0x6791df50
10005f6c:	00001000 	.word	0x00001000
10005f70:	20000a50 	.word	0x20000a50

10005f74 <__aeabi_double_init>:
10005f74:	2313      	movs	r3, #19
10005f76:	b570      	push	{r4, r5, r6, lr}
10005f78:	781d      	ldrb	r5, [r3, #0]
10005f7a:	2d01      	cmp	r5, #1
10005f7c:	d015      	beq.n	10005faa <__aeabi_double_init+0x36>
10005f7e:	dd10      	ble.n	10005fa2 <__aeabi_double_init+0x2e>
10005f80:	481d      	ldr	r0, [pc, #116]	@ (10005ff8 <__aeabi_double_init+0x84>)
10005f82:	f7ff fc1d 	bl	100057c0 <rom_data_lookup>
10005f86:	4c1d      	ldr	r4, [pc, #116]	@ (10005ffc <__aeabi_double_init+0x88>)
10005f88:	0001      	movs	r1, r0
10005f8a:	2280      	movs	r2, #128	@ 0x80
10005f8c:	0020      	movs	r0, r4
10005f8e:	f001 f87f 	bl	10007090 <__wrap___aeabi_memcpy>
10005f92:	2d02      	cmp	r5, #2
10005f94:	d02d      	beq.n	10005ff2 <__aeabi_double_init+0x7e>
10005f96:	481a      	ldr	r0, [pc, #104]	@ (10006000 <__aeabi_double_init+0x8c>)
10005f98:	f7ff fc0a 	bl	100057b0 <rom_func_lookup>
10005f9c:	4b19      	ldr	r3, [pc, #100]	@ (10006004 <__aeabi_double_init+0x90>)
10005f9e:	6018      	str	r0, [r3, #0]
10005fa0:	bd70      	pop	{r4, r5, r6, pc}
10005fa2:	4b19      	ldr	r3, [pc, #100]	@ (10006008 <__aeabi_double_init+0x94>)
10005fa4:	4c15      	ldr	r4, [pc, #84]	@ (10005ffc <__aeabi_double_init+0x88>)
10005fa6:	64a3      	str	r3, [r4, #72]	@ 0x48
10005fa8:	e7f5      	b.n	10005f96 <__aeabi_double_init+0x22>
10005faa:	4b17      	ldr	r3, [pc, #92]	@ (10006008 <__aeabi_double_init+0x94>)
10005fac:	4c13      	ldr	r4, [pc, #76]	@ (10005ffc <__aeabi_double_init+0x88>)
10005fae:	6023      	str	r3, [r4, #0]
10005fb0:	6063      	str	r3, [r4, #4]
10005fb2:	60a3      	str	r3, [r4, #8]
10005fb4:	60e3      	str	r3, [r4, #12]
10005fb6:	6123      	str	r3, [r4, #16]
10005fb8:	6163      	str	r3, [r4, #20]
10005fba:	61a3      	str	r3, [r4, #24]
10005fbc:	61e3      	str	r3, [r4, #28]
10005fbe:	6223      	str	r3, [r4, #32]
10005fc0:	6263      	str	r3, [r4, #36]	@ 0x24
10005fc2:	62a3      	str	r3, [r4, #40]	@ 0x28
10005fc4:	62e3      	str	r3, [r4, #44]	@ 0x2c
10005fc6:	6323      	str	r3, [r4, #48]	@ 0x30
10005fc8:	6363      	str	r3, [r4, #52]	@ 0x34
10005fca:	63a3      	str	r3, [r4, #56]	@ 0x38
10005fcc:	63e3      	str	r3, [r4, #60]	@ 0x3c
10005fce:	6423      	str	r3, [r4, #64]	@ 0x40
10005fd0:	6463      	str	r3, [r4, #68]	@ 0x44
10005fd2:	64a3      	str	r3, [r4, #72]	@ 0x48
10005fd4:	64e3      	str	r3, [r4, #76]	@ 0x4c
10005fd6:	6523      	str	r3, [r4, #80]	@ 0x50
10005fd8:	6563      	str	r3, [r4, #84]	@ 0x54
10005fda:	65a3      	str	r3, [r4, #88]	@ 0x58
10005fdc:	65e3      	str	r3, [r4, #92]	@ 0x5c
10005fde:	6623      	str	r3, [r4, #96]	@ 0x60
10005fe0:	6663      	str	r3, [r4, #100]	@ 0x64
10005fe2:	66a3      	str	r3, [r4, #104]	@ 0x68
10005fe4:	66e3      	str	r3, [r4, #108]	@ 0x6c
10005fe6:	6723      	str	r3, [r4, #112]	@ 0x70
10005fe8:	6763      	str	r3, [r4, #116]	@ 0x74
10005fea:	67a3      	str	r3, [r4, #120]	@ 0x78
10005fec:	67e3      	str	r3, [r4, #124]	@ 0x7c
10005fee:	64a3      	str	r3, [r4, #72]	@ 0x48
10005ff0:	e7d1      	b.n	10005f96 <__aeabi_double_init+0x22>
10005ff2:	4b05      	ldr	r3, [pc, #20]	@ (10006008 <__aeabi_double_init+0x94>)
10005ff4:	64a3      	str	r3, [r4, #72]	@ 0x48
10005ff6:	e7ce      	b.n	10005f96 <__aeabi_double_init+0x22>
10005ff8:	00004453 	.word	0x00004453
10005ffc:	20000a50 	.word	0x20000a50
10006000:	0000334c 	.word	0x0000334c
10006004:	200010a0 	.word	0x200010a0
10006008:	1000600d 	.word	0x1000600d

1000600c <double_table_shim_on_use_helper>:
1000600c:	b507      	push	{r0, r1, r2, lr}
1000600e:	4660      	mov	r0, ip
10006010:	8801      	ldrh	r1, [r0, #0]
10006012:	0a0a      	lsrs	r2, r1, #8
10006014:	3002      	adds	r0, #2
10006016:	2adf      	cmp	r2, #223	@ 0xdf
10006018:	d1fa      	bne.n	10006010 <double_table_shim_on_use_helper+0x4>
1000601a:	b2c9      	uxtb	r1, r1
1000601c:	0882      	lsrs	r2, r0, #2
1000601e:	d304      	bcc.n	1000602a <double_table_shim_on_use_helper+0x1e>
10006020:	8802      	ldrh	r2, [r0, #0]
10006022:	8840      	ldrh	r0, [r0, #2]
10006024:	0400      	lsls	r0, r0, #16
10006026:	4310      	orrs	r0, r2
10006028:	e000      	b.n	1000602c <double_table_shim_on_use_helper+0x20>
1000602a:	6800      	ldr	r0, [r0, #0]
1000602c:	4a01      	ldr	r2, [pc, #4]	@ (10006034 <double_table_shim_on_use_helper+0x28>)
1000602e:	5050      	str	r0, [r2, r1]
10006030:	9003      	str	r0, [sp, #12]
10006032:	bd07      	pop	{r0, r1, r2, pc}
10006034:	20000a50 	.word	0x20000a50

10006038 <drsub_shim>:
10006038:	b40f      	push	{r0, r1, r2, r3}
1000603a:	bc03      	pop	{r0, r1}
1000603c:	bc0c      	pop	{r2, r3}

1000603e <dsub_shim>:
1000603e:	b5f0      	push	{r4, r5, r6, r7, lr}
10006040:	2401      	movs	r4, #1
10006042:	07e4      	lsls	r4, r4, #31
10006044:	4063      	eors	r3, r4
10006046:	e000      	b.n	1000604a <da_entry>

10006048 <dadd_shim>:
10006048:	b5f0      	push	{r4, r5, r6, r7, lr}

1000604a <da_entry>:
1000604a:	0d0c      	lsrs	r4, r1, #20
1000604c:	0fcf      	lsrs	r7, r1, #31
1000604e:	1e66      	subs	r6, r4, #1
10006050:	0536      	lsls	r6, r6, #20
10006052:	1b89      	subs	r1, r1, r6
10006054:	0564      	lsls	r4, r4, #21
10006056:	d303      	bcc.n	10006060 <l8_1>
10006058:	43c9      	mvns	r1, r1
1000605a:	4240      	negs	r0, r0
1000605c:	d300      	bcc.n	10006060 <l8_1>
1000605e:	3101      	adds	r1, #1

10006060 <l8_1>:
10006060:	0d64      	lsrs	r4, r4, #21
10006062:	d003      	beq.n	1000606c <l8_2>
10006064:	1c66      	adds	r6, r4, #1
10006066:	0af6      	lsrs	r6, r6, #11
10006068:	d007      	beq.n	1000607a <l8_3>
1000606a:	1be4      	subs	r4, r4, r7

1000606c <l8_2>:
1000606c:	2000      	movs	r0, #0
1000606e:	007f      	lsls	r7, r7, #1
10006070:	1c79      	adds	r1, r7, #1
10006072:	0789      	lsls	r1, r1, #30
10006074:	1289      	asrs	r1, r1, #10
10006076:	3c80      	subs	r4, #128	@ 0x80
10006078:	0324      	lsls	r4, r4, #12

1000607a <l8_3>:
1000607a:	0d1d      	lsrs	r5, r3, #20
1000607c:	0fdf      	lsrs	r7, r3, #31
1000607e:	1e6e      	subs	r6, r5, #1
10006080:	0536      	lsls	r6, r6, #20
10006082:	1b9b      	subs	r3, r3, r6
10006084:	056d      	lsls	r5, r5, #21
10006086:	d303      	bcc.n	10006090 <l9_1>
10006088:	43db      	mvns	r3, r3
1000608a:	4252      	negs	r2, r2
1000608c:	d300      	bcc.n	10006090 <l9_1>
1000608e:	3301      	adds	r3, #1

10006090 <l9_1>:
10006090:	0d6d      	lsrs	r5, r5, #21
10006092:	d003      	beq.n	1000609c <l9_2>
10006094:	1c6e      	adds	r6, r5, #1
10006096:	0af6      	lsrs	r6, r6, #11
10006098:	d007      	beq.n	100060aa <l9_3>
1000609a:	1bed      	subs	r5, r5, r7

1000609c <l9_2>:
1000609c:	2200      	movs	r2, #0
1000609e:	007f      	lsls	r7, r7, #1
100060a0:	1c7b      	adds	r3, r7, #1
100060a2:	079b      	lsls	r3, r3, #30
100060a4:	129b      	asrs	r3, r3, #10
100060a6:	3d80      	subs	r5, #128	@ 0x80
100060a8:	032d      	lsls	r5, r5, #12

100060aa <l9_3>:
100060aa:	1b2f      	subs	r7, r5, r4
100060ac:	1b66      	subs	r6, r4, r5
100060ae:	d458      	bmi.n	10006162 <da_ygtx>
100060b0:	46a4      	mov	ip, r4
100060b2:	2e20      	cmp	r6, #32
100060b4:	da46      	bge.n	10006144 <da_xrgty>
100060b6:	3720      	adds	r7, #32
100060b8:	0014      	movs	r4, r2
100060ba:	40bc      	lsls	r4, r7

100060bc <da_xgty0>:
100060bc:	001d      	movs	r5, r3
100060be:	40bd      	lsls	r5, r7
100060c0:	40f2      	lsrs	r2, r6
100060c2:	4133      	asrs	r3, r6
100060c4:	432a      	orrs	r2, r5

100060c6 <da_add>:
100060c6:	1880      	adds	r0, r0, r2
100060c8:	4159      	adcs	r1, r3

100060ca <da_pack>:
100060ca:	0fcb      	lsrs	r3, r1, #31
100060cc:	d005      	beq.n	100060da <da_pack+0x10>
100060ce:	43c9      	mvns	r1, r1
100060d0:	43c0      	mvns	r0, r0
100060d2:	2200      	movs	r2, #0
100060d4:	4264      	negs	r4, r4
100060d6:	4150      	adcs	r0, r2
100060d8:	4151      	adcs	r1, r2
100060da:	4662      	mov	r2, ip
100060dc:	0d4d      	lsrs	r5, r1, #21
100060de:	d128      	bne.n	10006132 <da_0>
100060e0:	0d0d      	lsrs	r5, r1, #20
100060e2:	d107      	bne.n	100060f4 <da_1>
100060e4:	2800      	cmp	r0, #0
100060e6:	d01f      	beq.n	10006128 <da_5>

100060e8 <da_2>:
100060e8:	1924      	adds	r4, r4, r4
100060ea:	4140      	adcs	r0, r0
100060ec:	4149      	adcs	r1, r1
100060ee:	3a01      	subs	r2, #1
100060f0:	0d0d      	lsrs	r5, r1, #20
100060f2:	d0f9      	beq.n	100060e8 <da_2>

100060f4 <da_1>:
100060f4:	0064      	lsls	r4, r4, #1
100060f6:	d306      	bcc.n	10006106 <da_3>

100060f8 <da_4>:
100060f8:	3001      	adds	r0, #1
100060fa:	d300      	bcc.n	100060fe <da_4+0x6>
100060fc:	3101      	adds	r1, #1
100060fe:	2c00      	cmp	r4, #0
10006100:	d101      	bne.n	10006106 <da_3>
10006102:	0840      	lsrs	r0, r0, #1
10006104:	0040      	lsls	r0, r0, #1

10006106 <da_3>:
10006106:	3a01      	subs	r2, #1
10006108:	d40b      	bmi.n	10006122 <da_6>
1000610a:	1c94      	adds	r4, r2, #2
1000610c:	0ae4      	lsrs	r4, r4, #11
1000610e:	d104      	bne.n	1000611a <da_7>
10006110:	0512      	lsls	r2, r2, #20
10006112:	4411      	add	r1, r2
10006114:	07db      	lsls	r3, r3, #31
10006116:	4419      	add	r1, r3
10006118:	bdf0      	pop	{r4, r5, r6, r7, pc}

1000611a <da_7>:
1000611a:	07d9      	lsls	r1, r3, #31
1000611c:	4b20      	ldr	r3, [pc, #128]	@ (100061a0 <da_xmgty+0x4>)
1000611e:	4319      	orrs	r1, r3
10006120:	e000      	b.n	10006124 <da_6+0x2>

10006122 <da_6>:
10006122:	07d9      	lsls	r1, r3, #31
10006124:	2000      	movs	r0, #0
10006126:	bdf0      	pop	{r4, r5, r6, r7, pc}

10006128 <da_5>:
10006128:	2900      	cmp	r1, #0
1000612a:	d1dd      	bne.n	100060e8 <da_2>
1000612c:	2c00      	cmp	r4, #0
1000612e:	d1db      	bne.n	100060e8 <da_2>
10006130:	bdf0      	pop	{r4, r5, r6, r7, pc}

10006132 <da_0>:
10006132:	3201      	adds	r2, #1
10006134:	07c6      	lsls	r6, r0, #31
10006136:	0840      	lsrs	r0, r0, #1
10006138:	07cd      	lsls	r5, r1, #31
1000613a:	4328      	orrs	r0, r5
1000613c:	0849      	lsrs	r1, r1, #1
1000613e:	2e00      	cmp	r6, #0
10006140:	d0e1      	beq.n	10006106 <da_3>
10006142:	e7d9      	b.n	100060f8 <da_4>

10006144 <da_xrgty>:
10006144:	2e3c      	cmp	r6, #60	@ 0x3c
10006146:	da29      	bge.n	1000619c <da_xmgty>
10006148:	3e20      	subs	r6, #32
1000614a:	3740      	adds	r7, #64	@ 0x40
1000614c:	0014      	movs	r4, r2
1000614e:	40bc      	lsls	r4, r7
10006150:	d000      	beq.n	10006154 <da_xrgty+0x10>
10006152:	2401      	movs	r4, #1
10006154:	40f2      	lsrs	r2, r6
10006156:	4314      	orrs	r4, r2
10006158:	001a      	movs	r2, r3
1000615a:	40bb      	lsls	r3, r7
1000615c:	431c      	orrs	r4, r3
1000615e:	17d3      	asrs	r3, r2, #31
10006160:	e7ac      	b.n	100060bc <da_xgty0>

10006162 <da_ygtx>:
10006162:	46ac      	mov	ip, r5
10006164:	2f20      	cmp	r7, #32
10006166:	da08      	bge.n	1000617a <da_yrgtx>
10006168:	3620      	adds	r6, #32
1000616a:	0004      	movs	r4, r0
1000616c:	40b4      	lsls	r4, r6

1000616e <da_ygtx0>:
1000616e:	000d      	movs	r5, r1
10006170:	40b5      	lsls	r5, r6
10006172:	40f8      	lsrs	r0, r7
10006174:	4139      	asrs	r1, r7
10006176:	4328      	orrs	r0, r5
10006178:	e7a5      	b.n	100060c6 <da_add>

1000617a <da_yrgtx>:
1000617a:	2f3c      	cmp	r7, #60	@ 0x3c
1000617c:	da0c      	bge.n	10006198 <da_ymgtx>
1000617e:	3f20      	subs	r7, #32
10006180:	3640      	adds	r6, #64	@ 0x40
10006182:	0004      	movs	r4, r0
10006184:	40b4      	lsls	r4, r6
10006186:	d000      	beq.n	1000618a <da_yrgtx+0x10>
10006188:	2401      	movs	r4, #1
1000618a:	40f8      	lsrs	r0, r7
1000618c:	4304      	orrs	r4, r0
1000618e:	0008      	movs	r0, r1
10006190:	40b1      	lsls	r1, r6
10006192:	430c      	orrs	r4, r1
10006194:	17c1      	asrs	r1, r0, #31
10006196:	e7ea      	b.n	1000616e <da_ygtx0>

10006198 <da_ymgtx>:
10006198:	0010      	movs	r0, r2
1000619a:	0019      	movs	r1, r3

1000619c <da_xmgty>:
1000619c:	2400      	movs	r4, #0
1000619e:	e794      	b.n	100060ca <da_pack>
100061a0:	7ff00000 	.word	0x7ff00000

100061a4 <dmul_shim>:
100061a4:	b5f0      	push	{r4, r5, r6, r7, lr}
100061a6:	0d0c      	lsrs	r4, r1, #20
100061a8:	1e66      	subs	r6, r4, #1
100061aa:	0536      	lsls	r6, r6, #20
100061ac:	1b89      	subs	r1, r1, r6
100061ae:	0ae6      	lsrs	r6, r4, #11
100061b0:	0564      	lsls	r4, r4, #21
100061b2:	0d64      	lsrs	r4, r4, #21
100061b4:	d002      	beq.n	100061bc <l12_1>
100061b6:	1c65      	adds	r5, r4, #1
100061b8:	0aed      	lsrs	r5, r5, #11
100061ba:	d004      	beq.n	100061c6 <l12_2>

100061bc <l12_1>:
100061bc:	2000      	movs	r0, #0
100061be:	2101      	movs	r1, #1
100061c0:	0509      	lsls	r1, r1, #20
100061c2:	3c80      	subs	r4, #128	@ 0x80
100061c4:	0324      	lsls	r4, r4, #12

100061c6 <l12_2>:
100061c6:	46a4      	mov	ip, r4
100061c8:	0d1c      	lsrs	r4, r3, #20
100061ca:	1e67      	subs	r7, r4, #1
100061cc:	053f      	lsls	r7, r7, #20
100061ce:	1bdb      	subs	r3, r3, r7
100061d0:	0ae7      	lsrs	r7, r4, #11
100061d2:	0564      	lsls	r4, r4, #21
100061d4:	0d64      	lsrs	r4, r4, #21
100061d6:	d002      	beq.n	100061de <l13_1>
100061d8:	1c65      	adds	r5, r4, #1
100061da:	0aed      	lsrs	r5, r5, #11
100061dc:	d004      	beq.n	100061e8 <l13_2>

100061de <l13_1>:
100061de:	2200      	movs	r2, #0
100061e0:	2301      	movs	r3, #1
100061e2:	051b      	lsls	r3, r3, #20
100061e4:	3c80      	subs	r4, #128	@ 0x80
100061e6:	0324      	lsls	r4, r4, #12

100061e8 <l13_2>:
100061e8:	4077      	eors	r7, r6
100061ea:	4464      	add	r4, ip
100061ec:	b497      	push	{r0, r1, r2, r4, r7}
100061ee:	b284      	uxth	r4, r0
100061f0:	b296      	uxth	r6, r2
100061f2:	4374      	muls	r4, r6
100061f4:	0c07      	lsrs	r7, r0, #16
100061f6:	437e      	muls	r6, r7
100061f8:	0c15      	lsrs	r5, r2, #16
100061fa:	436f      	muls	r7, r5
100061fc:	b280      	uxth	r0, r0
100061fe:	4368      	muls	r0, r5
10006200:	1836      	adds	r6, r6, r0
10006202:	d302      	bcc.n	1000620a <l14_1>
10006204:	2001      	movs	r0, #1
10006206:	0400      	lsls	r0, r0, #16
10006208:	183f      	adds	r7, r7, r0

1000620a <l14_1>:
1000620a:	0430      	lsls	r0, r6, #16
1000620c:	0c35      	lsrs	r5, r6, #16
1000620e:	1900      	adds	r0, r0, r4
10006210:	417d      	adcs	r5, r7
10006212:	4684      	mov	ip, r0
10006214:	b288      	uxth	r0, r1
10006216:	b29a      	uxth	r2, r3
10006218:	4350      	muls	r0, r2
1000621a:	0c0c      	lsrs	r4, r1, #16
1000621c:	4362      	muls	r2, r4
1000621e:	0c1f      	lsrs	r7, r3, #16
10006220:	437c      	muls	r4, r7
10006222:	b28e      	uxth	r6, r1
10006224:	437e      	muls	r6, r7
10006226:	1992      	adds	r2, r2, r6
10006228:	d302      	bcc.n	10006230 <l15_1>
1000622a:	2601      	movs	r6, #1
1000622c:	0436      	lsls	r6, r6, #16
1000622e:	19a4      	adds	r4, r4, r6

10006230 <l15_1>:
10006230:	0416      	lsls	r6, r2, #16
10006232:	0c17      	lsrs	r7, r2, #16
10006234:	1836      	adds	r6, r6, r0
10006236:	4167      	adcs	r7, r4
10006238:	bc01      	pop	{r0}
1000623a:	b281      	uxth	r1, r0
1000623c:	b29a      	uxth	r2, r3
1000623e:	4351      	muls	r1, r2
10006240:	0c04      	lsrs	r4, r0, #16
10006242:	4362      	muls	r2, r4
10006244:	0c1b      	lsrs	r3, r3, #16
10006246:	435c      	muls	r4, r3
10006248:	b280      	uxth	r0, r0
1000624a:	4358      	muls	r0, r3
1000624c:	1812      	adds	r2, r2, r0
1000624e:	d302      	bcc.n	10006256 <l16_1>
10006250:	2001      	movs	r0, #1
10006252:	0400      	lsls	r0, r0, #16
10006254:	1824      	adds	r4, r4, r0

10006256 <l16_1>:
10006256:	0410      	lsls	r0, r2, #16
10006258:	0c13      	lsrs	r3, r2, #16
1000625a:	1840      	adds	r0, r0, r1
1000625c:	4163      	adcs	r3, r4
1000625e:	182d      	adds	r5, r5, r0
10006260:	415e      	adcs	r6, r3
10006262:	2000      	movs	r0, #0
10006264:	4147      	adcs	r7, r0
10006266:	bc06      	pop	{r1, r2}
10006268:	b288      	uxth	r0, r1
1000626a:	b293      	uxth	r3, r2
1000626c:	4358      	muls	r0, r3
1000626e:	0c0c      	lsrs	r4, r1, #16
10006270:	4363      	muls	r3, r4
10006272:	0c12      	lsrs	r2, r2, #16
10006274:	4354      	muls	r4, r2
10006276:	b289      	uxth	r1, r1
10006278:	4351      	muls	r1, r2
1000627a:	185b      	adds	r3, r3, r1
1000627c:	d302      	bcc.n	10006284 <l17_1>
1000627e:	2101      	movs	r1, #1
10006280:	0409      	lsls	r1, r1, #16
10006282:	1864      	adds	r4, r4, r1

10006284 <l17_1>:
10006284:	0419      	lsls	r1, r3, #16
10006286:	0c1a      	lsrs	r2, r3, #16
10006288:	1809      	adds	r1, r1, r0
1000628a:	4162      	adcs	r2, r4
1000628c:	186d      	adds	r5, r5, r1
1000628e:	4156      	adcs	r6, r2
10006290:	2000      	movs	r0, #0
10006292:	4147      	adcs	r7, r0
10006294:	bc18      	pop	{r3, r4}
10006296:	02f9      	lsls	r1, r7, #11
10006298:	0d72      	lsrs	r2, r6, #21
1000629a:	4311      	orrs	r1, r2
1000629c:	02f0      	lsls	r0, r6, #11
1000629e:	0d6a      	lsrs	r2, r5, #21
100062a0:	4310      	orrs	r0, r2
100062a2:	02ed      	lsls	r5, r5, #11
100062a4:	0d0a      	lsrs	r2, r1, #20
100062a6:	d103      	bne.n	100062b0 <l17_1+0x2c>
100062a8:	196d      	adds	r5, r5, r5
100062aa:	4140      	adcs	r0, r0
100062ac:	4149      	adcs	r1, r1
100062ae:	3b01      	subs	r3, #1
100062b0:	4e12      	ldr	r6, [pc, #72]	@ (100062fc <dm_1+0xa>)
100062b2:	1b9b      	subs	r3, r3, r6
100062b4:	0076      	lsls	r6, r6, #1
100062b6:	42b3      	cmp	r3, r6
100062b8:	d20e      	bcs.n	100062d8 <dm_0>
100062ba:	006d      	lsls	r5, r5, #1
100062bc:	d307      	bcc.n	100062ce <l17_1+0x4a>
100062be:	3001      	adds	r0, #1
100062c0:	2600      	movs	r6, #0
100062c2:	4171      	adcs	r1, r6
100062c4:	4666      	mov	r6, ip
100062c6:	4335      	orrs	r5, r6
100062c8:	d101      	bne.n	100062ce <l17_1+0x4a>
100062ca:	0840      	lsrs	r0, r0, #1
100062cc:	0040      	lsls	r0, r0, #1
100062ce:	051b      	lsls	r3, r3, #20
100062d0:	18c9      	adds	r1, r1, r3

100062d2 <dm_2>:
100062d2:	07e4      	lsls	r4, r4, #31
100062d4:	4421      	add	r1, r4
100062d6:	bdf0      	pop	{r4, r5, r6, r7, pc}

100062d8 <dm_0>:
100062d8:	da0b      	bge.n	100062f2 <dm_1>
100062da:	3301      	adds	r3, #1
100062dc:	d106      	bne.n	100062ec <dm_0+0x14>
100062de:	3001      	adds	r0, #1
100062e0:	d104      	bne.n	100062ec <dm_0+0x14>
100062e2:	3101      	adds	r1, #1
100062e4:	0d4f      	lsrs	r7, r1, #21
100062e6:	d001      	beq.n	100062ec <dm_0+0x14>
100062e8:	0849      	lsrs	r1, r1, #1
100062ea:	e7f2      	b.n	100062d2 <dm_2>
100062ec:	07e1      	lsls	r1, r4, #31
100062ee:	2000      	movs	r0, #0
100062f0:	bdf0      	pop	{r4, r5, r6, r7, pc}

100062f2 <dm_1>:
100062f2:	3601      	adds	r6, #1
100062f4:	0531      	lsls	r1, r6, #20
100062f6:	2000      	movs	r0, #0
100062f8:	e7eb      	b.n	100062d2 <dm_2>
100062fa:	0000      	.short	0x0000
100062fc:	000003ff 	.word	0x000003ff

10006300 <ddiv_shim>:
10006300:	b5f0      	push	{r4, r5, r6, r7, lr}

10006302 <ddiv0>:
10006302:	0d1c      	lsrs	r4, r3, #20
10006304:	1e67      	subs	r7, r4, #1
10006306:	053f      	lsls	r7, r7, #20
10006308:	1bdb      	subs	r3, r3, r7
1000630a:	0ae7      	lsrs	r7, r4, #11
1000630c:	0564      	lsls	r4, r4, #21
1000630e:	0d64      	lsrs	r4, r4, #21
10006310:	d002      	beq.n	10006318 <l20_1>
10006312:	1c66      	adds	r6, r4, #1
10006314:	0af6      	lsrs	r6, r6, #11
10006316:	d004      	beq.n	10006322 <l20_2>

10006318 <l20_1>:
10006318:	2200      	movs	r2, #0
1000631a:	2301      	movs	r3, #1
1000631c:	051b      	lsls	r3, r3, #20
1000631e:	3c80      	subs	r4, #128	@ 0x80
10006320:	0324      	lsls	r4, r4, #12

10006322 <l20_2>:
10006322:	25d0      	movs	r5, #208	@ 0xd0
10006324:	062d      	lsls	r5, r5, #24
10006326:	2600      	movs	r6, #0
10006328:	43f6      	mvns	r6, r6
1000632a:	662e      	str	r6, [r5, #96]	@ 0x60
1000632c:	091e      	lsrs	r6, r3, #4
1000632e:	666e      	str	r6, [r5, #100]	@ 0x64
10006330:	0fce      	lsrs	r6, r1, #31
10006332:	19f6      	adds	r6, r6, r7
10006334:	46b4      	mov	ip, r6
10006336:	0049      	lsls	r1, r1, #1
10006338:	0d4f      	lsrs	r7, r1, #21
1000633a:	d002      	beq.n	10006342 <l20_2+0x20>
1000633c:	1c7e      	adds	r6, r7, #1
1000633e:	0af6      	lsrs	r6, r6, #11
10006340:	d003      	beq.n	1000634a <l20_2+0x28>
10006342:	2000      	movs	r0, #0
10006344:	2100      	movs	r1, #0
10006346:	3f40      	subs	r7, #64	@ 0x40
10006348:	033f      	lsls	r7, r7, #12
1000634a:	1b3e      	subs	r6, r7, r4
1000634c:	00b6      	lsls	r6, r6, #2
1000634e:	44b4      	add	ip, r6
10006350:	3f01      	subs	r7, #1
10006352:	057f      	lsls	r7, r7, #21
10006354:	1bc9      	subs	r1, r1, r7
10006356:	0849      	lsrs	r1, r1, #1
10006358:	6f2e      	ldr	r6, [r5, #112]	@ 0x70
1000635a:	3601      	adds	r6, #1
1000635c:	0876      	lsrs	r6, r6, #1
1000635e:	029c      	lsls	r4, r3, #10
10006360:	0d95      	lsrs	r5, r2, #22
10006362:	4325      	orrs	r5, r4
10006364:	4375      	muls	r5, r6
10006366:	13ed      	asrs	r5, r5, #15
10006368:	4375      	muls	r5, r6
1000636a:	13ad      	asrs	r5, r5, #14
1000636c:	3501      	adds	r5, #1
1000636e:	106d      	asrs	r5, r5, #1
10006370:	03f6      	lsls	r6, r6, #15
10006372:	1b76      	subs	r6, r6, r5
10006374:	b40c      	push	{r2, r3}
10006376:	02cc      	lsls	r4, r1, #11
10006378:	0d45      	lsrs	r5, r0, #21
1000637a:	432c      	orrs	r4, r5
1000637c:	b2a2      	uxth	r2, r4
1000637e:	b2b3      	uxth	r3, r6
10006380:	435a      	muls	r2, r3
10006382:	0c27      	lsrs	r7, r4, #16
10006384:	437b      	muls	r3, r7
10006386:	0c35      	lsrs	r5, r6, #16
10006388:	436f      	muls	r7, r5
1000638a:	b2a4      	uxth	r4, r4
1000638c:	436c      	muls	r4, r5
1000638e:	191b      	adds	r3, r3, r4
10006390:	d302      	bcc.n	10006398 <l21_1>
10006392:	2401      	movs	r4, #1
10006394:	0424      	lsls	r4, r4, #16
10006396:	193f      	adds	r7, r7, r4

10006398 <l21_1>:
10006398:	041c      	lsls	r4, r3, #16
1000639a:	0c1d      	lsrs	r5, r3, #16
1000639c:	18a4      	adds	r4, r4, r2
1000639e:	417d      	adcs	r5, r7
100063a0:	1924      	adds	r4, r4, r4
100063a2:	416d      	adcs	r5, r5
100063a4:	9a00      	ldr	r2, [sp, #0]
100063a6:	b291      	uxth	r1, r2
100063a8:	b2ac      	uxth	r4, r5
100063aa:	4361      	muls	r1, r4
100063ac:	0c17      	lsrs	r7, r2, #16
100063ae:	437c      	muls	r4, r7
100063b0:	0c2b      	lsrs	r3, r5, #16
100063b2:	435f      	muls	r7, r3
100063b4:	b292      	uxth	r2, r2
100063b6:	435a      	muls	r2, r3
100063b8:	18a4      	adds	r4, r4, r2
100063ba:	d302      	bcc.n	100063c2 <l22_1>
100063bc:	2201      	movs	r2, #1
100063be:	0412      	lsls	r2, r2, #16
100063c0:	18bf      	adds	r7, r7, r2

100063c2 <l22_1>:
100063c2:	0422      	lsls	r2, r4, #16
100063c4:	0c23      	lsrs	r3, r4, #16
100063c6:	1852      	adds	r2, r2, r1
100063c8:	417b      	adcs	r3, r7
100063ca:	9c01      	ldr	r4, [sp, #4]
100063cc:	436c      	muls	r4, r5
100063ce:	191b      	adds	r3, r3, r4
100063d0:	0e52      	lsrs	r2, r2, #25
100063d2:	01d9      	lsls	r1, r3, #7
100063d4:	430a      	orrs	r2, r1
100063d6:	0144      	lsls	r4, r0, #5
100063d8:	1aa0      	subs	r0, r4, r2
100063da:	b281      	uxth	r1, r0
100063dc:	b2b2      	uxth	r2, r6
100063de:	4351      	muls	r1, r2
100063e0:	1403      	asrs	r3, r0, #16
100063e2:	435a      	muls	r2, r3
100063e4:	0c36      	lsrs	r6, r6, #16
100063e6:	4373      	muls	r3, r6
100063e8:	b287      	uxth	r7, r0
100063ea:	4377      	muls	r7, r6
100063ec:	17d6      	asrs	r6, r2, #31
100063ee:	19d2      	adds	r2, r2, r7
100063f0:	2700      	movs	r7, #0
100063f2:	417e      	adcs	r6, r7
100063f4:	0436      	lsls	r6, r6, #16
100063f6:	199b      	adds	r3, r3, r6
100063f8:	0417      	lsls	r7, r2, #16
100063fa:	0c16      	lsrs	r6, r2, #16
100063fc:	187f      	adds	r7, r7, r1
100063fe:	415e      	adcs	r6, r3
10006400:	1673      	asrs	r3, r6, #25
10006402:	18ed      	adds	r5, r5, r3
10006404:	01f3      	lsls	r3, r6, #7
10006406:	2600      	movs	r6, #0
10006408:	3380      	adds	r3, #128	@ 0x80
1000640a:	4175      	adcs	r5, r6
1000640c:	0fa9      	lsrs	r1, r5, #30
1000640e:	d106      	bne.n	1000641e <dd_0>
10006410:	0064      	lsls	r4, r4, #1
10006412:	0a69      	lsrs	r1, r5, #9
10006414:	05e8      	lsls	r0, r5, #23
10006416:	0a5b      	lsrs	r3, r3, #9
10006418:	4318      	orrs	r0, r3
1000641a:	d209      	bcs.n	10006430 <dd_1>
1000641c:	e02f      	b.n	1000647e <dd_2>

1000641e <dd_0>:
1000641e:	2204      	movs	r2, #4
10006420:	4494      	add	ip, r2
10006422:	3380      	adds	r3, #128	@ 0x80
10006424:	4175      	adcs	r5, r6
10006426:	0aa9      	lsrs	r1, r5, #10
10006428:	05a8      	lsls	r0, r5, #22
1000642a:	0a9b      	lsrs	r3, r3, #10
1000642c:	4318      	orrs	r0, r3
1000642e:	d326      	bcc.n	1000647e <dd_2>

10006430 <dd_1>:
10006430:	4140      	adcs	r0, r0
10006432:	4149      	adcs	r1, r1
10006434:	0424      	lsls	r4, r4, #16
10006436:	9a00      	ldr	r2, [sp, #0]
10006438:	9b01      	ldr	r3, [sp, #4]
1000643a:	000d      	movs	r5, r1
1000643c:	4355      	muls	r5, r2
1000643e:	1b64      	subs	r4, r4, r5
10006440:	4343      	muls	r3, r0
10006442:	1ae4      	subs	r4, r4, r3
10006444:	b295      	uxth	r5, r2
10006446:	b286      	uxth	r6, r0
10006448:	4375      	muls	r5, r6
1000644a:	0c17      	lsrs	r7, r2, #16
1000644c:	437e      	muls	r6, r7
1000644e:	0c03      	lsrs	r3, r0, #16
10006450:	435f      	muls	r7, r3
10006452:	b292      	uxth	r2, r2
10006454:	435a      	muls	r2, r3
10006456:	18b6      	adds	r6, r6, r2
10006458:	d302      	bcc.n	10006460 <l24_1>
1000645a:	2201      	movs	r2, #1
1000645c:	0412      	lsls	r2, r2, #16
1000645e:	18bf      	adds	r7, r7, r2

10006460 <l24_1>:
10006460:	0432      	lsls	r2, r6, #16
10006462:	0c33      	lsrs	r3, r6, #16
10006464:	1952      	adds	r2, r2, r5
10006466:	417b      	adcs	r3, r7
10006468:	4252      	negs	r2, r2
1000646a:	419c      	sbcs	r4, r3
1000646c:	2c00      	cmp	r4, #0
1000646e:	d402      	bmi.n	10006476 <l24_1+0x16>
10006470:	2200      	movs	r2, #0
10006472:	3001      	adds	r0, #1
10006474:	4151      	adcs	r1, r2
10006476:	0840      	lsrs	r0, r0, #1
10006478:	07ca      	lsls	r2, r1, #31
1000647a:	4310      	orrs	r0, r2
1000647c:	0849      	lsrs	r1, r1, #1

1000647e <dd_2>:
1000647e:	b002      	add	sp, #8
10006480:	4662      	mov	r2, ip
10006482:	07d7      	lsls	r7, r2, #31
10006484:	1092      	asrs	r2, r2, #2
10006486:	4b08      	ldr	r3, [pc, #32]	@ (100064a8 <dd_4+0x6>)
10006488:	18d2      	adds	r2, r2, r3
1000648a:	4b08      	ldr	r3, [pc, #32]	@ (100064ac <dd_4+0xa>)
1000648c:	429a      	cmp	r2, r3
1000648e:	d203      	bcs.n	10006498 <dd_3>
10006490:	0512      	lsls	r2, r2, #20
10006492:	1889      	adds	r1, r1, r2

10006494 <dd_5>:
10006494:	19c9      	adds	r1, r1, r7
10006496:	bdf0      	pop	{r4, r5, r6, r7, pc}

10006498 <dd_3>:
10006498:	2000      	movs	r0, #0
1000649a:	2a00      	cmp	r2, #0
1000649c:	dc01      	bgt.n	100064a2 <dd_4>
1000649e:	0039      	movs	r1, r7
100064a0:	bdf0      	pop	{r4, r5, r6, r7, pc}

100064a2 <dd_4>:
100064a2:	3301      	adds	r3, #1
100064a4:	0519      	lsls	r1, r3, #20
100064a6:	e7f5      	b.n	10006494 <dd_5>
100064a8:	000003fd 	.word	0x000003fd
100064ac:	000007fe 	.word	0x000007fe

100064b0 <double2uint_shim>:
100064b0:	2200      	movs	r2, #0

100064b2 <double2ufix_shim>:
100064b2:	b500      	push	{lr}
100064b4:	3220      	adds	r2, #32
100064b6:	f000 f810 	bl	100064da <double2ufix64_shim>
100064ba:	0008      	movs	r0, r1
100064bc:	bd00      	pop	{pc}

100064be <double2int64_shim>:
100064be:	2200      	movs	r2, #0

100064c0 <double2fix64_shim>:
100064c0:	b500      	push	{lr}
100064c2:	f000 f80c 	bl	100064de <d2fix>
100064c6:	17ca      	asrs	r2, r1, #31
100064c8:	429a      	cmp	r2, r3
100064ca:	d100      	bne.n	100064ce <double2fix64_shim+0xe>
100064cc:	bd00      	pop	{pc}
100064ce:	43d8      	mvns	r0, r3
100064d0:	2101      	movs	r1, #1
100064d2:	07c9      	lsls	r1, r1, #31
100064d4:	4041      	eors	r1, r0
100064d6:	bd00      	pop	{pc}

100064d8 <double2uint64_shim>:
100064d8:	2200      	movs	r2, #0

100064da <double2ufix64_shim>:
100064da:	150b      	asrs	r3, r1, #20
100064dc:	d40a      	bmi.n	100064f4 <ret_dzero>

100064de <d2fix>:
100064de:	b510      	push	{r4, lr}
100064e0:	4694      	mov	ip, r2
100064e2:	f000 f8a7 	bl	10006634 <dunpacks>
100064e6:	1414      	asrs	r4, r2, #16
100064e8:	3401      	adds	r4, #1
100064ea:	da00      	bge.n	100064ee <d2fix+0x10>
100064ec:	2100      	movs	r1, #0
100064ee:	17cb      	asrs	r3, r1, #31
100064f0:	4c14      	ldr	r4, [pc, #80]	@ (10006544 <d2fix_a+0x4a>)
100064f2:	4720      	bx	r4

100064f4 <ret_dzero>:
100064f4:	2000      	movs	r0, #0
100064f6:	2100      	movs	r1, #0
100064f8:	4770      	bx	lr

100064fa <d2fix_a>:
100064fa:	4462      	add	r2, ip
100064fc:	3a34      	subs	r2, #52	@ 0x34
100064fe:	d40c      	bmi.n	1000651a <d2fix_a+0x20>
10006500:	2a0c      	cmp	r2, #12
10006502:	da07      	bge.n	10006514 <d2fix_a+0x1a>
10006504:	0004      	movs	r4, r0
10006506:	4091      	lsls	r1, r2
10006508:	4090      	lsls	r0, r2
1000650a:	4252      	negs	r2, r2
1000650c:	3220      	adds	r2, #32
1000650e:	40d4      	lsrs	r4, r2
10006510:	4321      	orrs	r1, r4
10006512:	bd10      	pop	{r4, pc}
10006514:	43d8      	mvns	r0, r3
10006516:	43d9      	mvns	r1, r3
10006518:	bd10      	pop	{r4, pc}
1000651a:	3220      	adds	r2, #32
1000651c:	d407      	bmi.n	1000652e <d2fix_a+0x34>
1000651e:	460c      	mov	r4, r1
10006520:	4094      	lsls	r4, r2
10006522:	4252      	negs	r2, r2
10006524:	3220      	adds	r2, #32
10006526:	4111      	asrs	r1, r2
10006528:	40d0      	lsrs	r0, r2
1000652a:	4320      	orrs	r0, r4
1000652c:	bd10      	pop	{r4, pc}
1000652e:	0008      	movs	r0, r1
10006530:	17c9      	asrs	r1, r1, #31
10006532:	3220      	adds	r2, #32
10006534:	d403      	bmi.n	1000653e <d2fix_a+0x44>
10006536:	4252      	negs	r2, r2
10006538:	3220      	adds	r2, #32
1000653a:	4110      	asrs	r0, r2
1000653c:	bd10      	pop	{r4, pc}
1000653e:	0018      	movs	r0, r3
10006540:	0019      	movs	r1, r3
10006542:	bd10      	pop	{r4, pc}
10006544:	100064fb 	.word	0x100064fb

10006548 <double2float_shim>:
10006548:	004a      	lsls	r2, r1, #1
1000654a:	0d52      	lsrs	r2, r2, #21
1000654c:	4b14      	ldr	r3, [pc, #80]	@ (100065a0 <double2float_shim+0x58>)
1000654e:	1ad2      	subs	r2, r2, r3
10006550:	dd13      	ble.n	1000657a <double2float_shim+0x32>
10006552:	2aff      	cmp	r2, #255	@ 0xff
10006554:	da1e      	bge.n	10006594 <double2float_shim+0x4c>
10006556:	05d2      	lsls	r2, r2, #23
10006558:	0fcb      	lsrs	r3, r1, #31
1000655a:	07db      	lsls	r3, r3, #31
1000655c:	431a      	orrs	r2, r3
1000655e:	00c3      	lsls	r3, r0, #3
10006560:	0f40      	lsrs	r0, r0, #29
10006562:	0309      	lsls	r1, r1, #12
10006564:	0a49      	lsrs	r1, r1, #9
10006566:	4308      	orrs	r0, r1
10006568:	4310      	orrs	r0, r2
1000656a:	005b      	lsls	r3, r3, #1
1000656c:	d301      	bcc.n	10006572 <double2float_shim+0x2a>
1000656e:	d001      	beq.n	10006574 <double2float_shim+0x2c>
10006570:	3001      	adds	r0, #1
10006572:	4770      	bx	lr
10006574:	0843      	lsrs	r3, r0, #1
10006576:	d2fb      	bcs.n	10006570 <double2float_shim+0x28>
10006578:	4770      	bx	lr
1000657a:	d002      	beq.n	10006582 <double2float_shim+0x3a>
1000657c:	0fc8      	lsrs	r0, r1, #31
1000657e:	07c0      	lsls	r0, r0, #31
10006580:	4770      	bx	lr
10006582:	030a      	lsls	r2, r1, #12
10006584:	1312      	asrs	r2, r2, #12
10006586:	3201      	adds	r2, #1
10006588:	d1f8      	bne.n	1000657c <double2float_shim+0x34>
1000658a:	0f42      	lsrs	r2, r0, #29
1000658c:	2a07      	cmp	r2, #7
1000658e:	d1f5      	bne.n	1000657c <double2float_shim+0x34>
10006590:	2201      	movs	r2, #1
10006592:	e000      	b.n	10006596 <double2float_shim+0x4e>
10006594:	22ff      	movs	r2, #255	@ 0xff
10006596:	0fc8      	lsrs	r0, r1, #31
10006598:	0200      	lsls	r0, r0, #8
1000659a:	1880      	adds	r0, r0, r2
1000659c:	05c0      	lsls	r0, r0, #23
1000659e:	4770      	bx	lr
100065a0:	00000380 	.word	0x00000380

100065a4 <uint2double_shim>:
100065a4:	2100      	movs	r1, #0

100065a6 <ufix2double_shim>:
100065a6:	000a      	movs	r2, r1
100065a8:	2100      	movs	r1, #0
100065aa:	e004      	b.n	100065b6 <ufix642double_shim>

100065ac <int2double_shim>:
100065ac:	2100      	movs	r1, #0

100065ae <fix2double_shim>:
100065ae:	000a      	movs	r2, r1
100065b0:	17c1      	asrs	r1, r0, #31
100065b2:	e004      	b.n	100065be <fix642double_shim>

100065b4 <uint642double_shim>:
100065b4:	2200      	movs	r2, #0

100065b6 <ufix642double_shim>:
100065b6:	2300      	movs	r3, #0
100065b8:	e006      	b.n	100065c8 <uf2d>
100065ba:	46c0      	nop			@ (mov r8, r8)

100065bc <int642double_shim>:
100065bc:	2200      	movs	r2, #0

100065be <fix642double_shim>:
100065be:	17cb      	asrs	r3, r1, #31
100065c0:	4058      	eors	r0, r3
100065c2:	4059      	eors	r1, r3
100065c4:	1ac0      	subs	r0, r0, r3
100065c6:	4199      	sbcs	r1, r3

100065c8 <uf2d>:
100065c8:	b530      	push	{r4, r5, lr}
100065ca:	4c18      	ldr	r4, [pc, #96]	@ (1000662c <uf2d+0x64>)
100065cc:	1aa2      	subs	r2, r4, r2
100065ce:	2900      	cmp	r1, #0
100065d0:	d103      	bne.n	100065da <uf2d+0x12>
100065d2:	0001      	movs	r1, r0
100065d4:	d010      	beq.n	100065f8 <uf2d+0x30>
100065d6:	2000      	movs	r0, #0
100065d8:	3a20      	subs	r2, #32
100065da:	154c      	asrs	r4, r1, #21
100065dc:	d112      	bne.n	10006604 <uf2d+0x3c>
100065de:	d204      	bcs.n	100065ea <uf2d+0x22>
100065e0:	3a01      	subs	r2, #1
100065e2:	1800      	adds	r0, r0, r0
100065e4:	4149      	adcs	r1, r1
100065e6:	0d4c      	lsrs	r4, r1, #21
100065e8:	d3fa      	bcc.n	100065e0 <uf2d+0x18>
100065ea:	4c11      	ldr	r4, [pc, #68]	@ (10006630 <uf2d+0x68>)
100065ec:	42a2      	cmp	r2, r4
100065ee:	d204      	bcs.n	100065fa <uf2d+0x32>
100065f0:	0512      	lsls	r2, r2, #20
100065f2:	1889      	adds	r1, r1, r2
100065f4:	07db      	lsls	r3, r3, #31
100065f6:	18c9      	adds	r1, r1, r3
100065f8:	bd30      	pop	{r4, r5, pc}
100065fa:	43d2      	mvns	r2, r2
100065fc:	0d52      	lsrs	r2, r2, #21
100065fe:	2000      	movs	r0, #0
10006600:	2100      	movs	r1, #0
10006602:	e7f5      	b.n	100065f0 <uf2d+0x28>
10006604:	d403      	bmi.n	1000660e <uf2d+0x46>
10006606:	3a01      	subs	r2, #1
10006608:	1800      	adds	r0, r0, r0
1000660a:	4149      	adcs	r1, r1
1000660c:	d5fb      	bpl.n	10006606 <uf2d+0x3e>
1000660e:	320b      	adds	r2, #11
10006610:	0544      	lsls	r4, r0, #21
10006612:	0ac0      	lsrs	r0, r0, #11
10006614:	054d      	lsls	r5, r1, #21
10006616:	4328      	orrs	r0, r5
10006618:	0ac9      	lsrs	r1, r1, #11
1000661a:	0064      	lsls	r4, r4, #1
1000661c:	d003      	beq.n	10006626 <uf2d+0x5e>
1000661e:	2400      	movs	r4, #0
10006620:	4160      	adcs	r0, r4
10006622:	4161      	adcs	r1, r4
10006624:	e7e1      	b.n	100065ea <uf2d+0x22>
10006626:	d3e0      	bcc.n	100065ea <uf2d+0x22>
10006628:	0844      	lsrs	r4, r0, #1
1000662a:	e7f8      	b.n	1000661e <uf2d+0x56>
1000662c:	00000432 	.word	0x00000432
10006630:	000007fe 	.word	0x000007fe

10006634 <dunpacks>:
10006634:	0d0a      	lsrs	r2, r1, #20
10006636:	0fcc      	lsrs	r4, r1, #31
10006638:	1e53      	subs	r3, r2, #1
1000663a:	051b      	lsls	r3, r3, #20
1000663c:	1ac9      	subs	r1, r1, r3
1000663e:	0552      	lsls	r2, r2, #21
10006640:	d303      	bcc.n	1000664a <l60_1>
10006642:	43c9      	mvns	r1, r1
10006644:	4240      	negs	r0, r0
10006646:	d300      	bcc.n	1000664a <l60_1>
10006648:	3101      	adds	r1, #1

1000664a <l60_1>:
1000664a:	0d52      	lsrs	r2, r2, #21
1000664c:	d003      	beq.n	10006656 <l60_2>
1000664e:	1c53      	adds	r3, r2, #1
10006650:	0adb      	lsrs	r3, r3, #11
10006652:	d007      	beq.n	10006664 <l60_3>
10006654:	1b12      	subs	r2, r2, r4

10006656 <l60_2>:
10006656:	2000      	movs	r0, #0
10006658:	0064      	lsls	r4, r4, #1
1000665a:	1c61      	adds	r1, r4, #1
1000665c:	0789      	lsls	r1, r1, #30
1000665e:	1289      	asrs	r1, r1, #10
10006660:	3a80      	subs	r2, #128	@ 0x80
10006662:	0312      	lsls	r2, r2, #12

10006664 <l60_3>:
10006664:	4b01      	ldr	r3, [pc, #4]	@ (1000666c <l60_3+0x8>)
10006666:	1ad2      	subs	r2, r2, r3
10006668:	4770      	bx	lr
1000666a:	0000      	.short	0x0000
1000666c:	000003ff 	.word	0x000003ff

10006670 <dreduce>:
10006670:	3202      	adds	r2, #2
10006672:	d425      	bmi.n	100066c0 <dreduce+0x50>
10006674:	2a0c      	cmp	r2, #12
10006676:	da1c      	bge.n	100066b2 <dreduce+0x42>
10006678:	2511      	movs	r5, #17
1000667a:	1aad      	subs	r5, r5, r2
1000667c:	000b      	movs	r3, r1
1000667e:	412b      	asrs	r3, r5
10006680:	3208      	adds	r2, #8
10006682:	3507      	adds	r5, #7
10006684:	0006      	movs	r6, r0
10006686:	40ee      	lsrs	r6, r5
10006688:	4090      	lsls	r0, r2
1000668a:	4091      	lsls	r1, r2
1000668c:	4331      	orrs	r1, r6
1000668e:	ccf0      	ldmia	r4, {r4, r5, r6, r7}
10006690:	4363      	muls	r3, r4
10006692:	151a      	asrs	r2, r3, #20
10006694:	2300      	movs	r3, #0
10006696:	415a      	adcs	r2, r3
10006698:	4355      	muls	r5, r2
1000669a:	4356      	muls	r6, r2
1000669c:	4357      	muls	r7, r2
1000669e:	02bf      	lsls	r7, r7, #10
100066a0:	12f4      	asrs	r4, r6, #11
100066a2:	0576      	lsls	r6, r6, #21
100066a4:	1976      	adds	r6, r6, r5
100066a6:	4167      	adcs	r7, r4
100066a8:	17ed      	asrs	r5, r5, #31
100066aa:	197f      	adds	r7, r7, r5
100066ac:	1b80      	subs	r0, r0, r6
100066ae:	41b9      	sbcs	r1, r7
100066b0:	4770      	bx	lr
100066b2:	220c      	movs	r2, #12
100066b4:	2000      	movs	r0, #0
100066b6:	17c9      	asrs	r1, r1, #31
100066b8:	0049      	lsls	r1, r1, #1
100066ba:	3101      	adds	r1, #1
100066bc:	0509      	lsls	r1, r1, #20
100066be:	e7db      	b.n	10006678 <dreduce+0x8>
100066c0:	0209      	lsls	r1, r1, #8
100066c2:	0e03      	lsrs	r3, r0, #24
100066c4:	4319      	orrs	r1, r3
100066c6:	0200      	lsls	r0, r0, #8
100066c8:	4253      	negs	r3, r2
100066ca:	3220      	adds	r2, #32
100066cc:	d408      	bmi.n	100066e0 <dreduce+0x70>
100066ce:	000c      	movs	r4, r1
100066d0:	4119      	asrs	r1, r3
100066d2:	4094      	lsls	r4, r2
100066d4:	40d8      	lsrs	r0, r3
100066d6:	4320      	orrs	r0, r4
100066d8:	2200      	movs	r2, #0
100066da:	4150      	adcs	r0, r2
100066dc:	4151      	adcs	r1, r2
100066de:	4770      	bx	lr
100066e0:	0008      	movs	r0, r1
100066e2:	17c9      	asrs	r1, r1, #31
100066e4:	3b20      	subs	r3, #32
100066e6:	3220      	adds	r2, #32
100066e8:	d5f1      	bpl.n	100066ce <dreduce+0x5e>
100066ea:	2000      	movs	r0, #0
100066ec:	2100      	movs	r1, #0
100066ee:	2200      	movs	r2, #0
100066f0:	4770      	bx	lr
	...

100066f4 <dexp_shim>:
100066f4:	b5f0      	push	{r4, r5, r6, r7, lr}
100066f6:	f7ff ff9d 	bl	10006634 <dunpacks>
100066fa:	a454      	add	r4, pc, #336	@ (adr r4, 1000684c <dreddata1>)
100066fc:	f7ff ffb8 	bl	10006670 <dreduce>
10006700:	2900      	cmp	r1, #0
10006702:	da04      	bge.n	1000670e <dexp_shim+0x1a>
10006704:	4c20      	ldr	r4, [pc, #128]	@ (10006788 <dexp_shim+0x94>)
10006706:	4d21      	ldr	r5, [pc, #132]	@ (1000678c <dexp_shim+0x98>)
10006708:	1900      	adds	r0, r0, r4
1000670a:	4169      	adcs	r1, r5
1000670c:	3a01      	subs	r2, #1
1000670e:	b404      	push	{r2}
10006710:	2701      	movs	r7, #1
10006712:	a652      	add	r6, pc, #328	@ (adr r6, 1000685c <dtab_exp>)
10006714:	2200      	movs	r2, #0
10006716:	2301      	movs	r3, #1
10006718:	079b      	lsls	r3, r3, #30
1000671a:	ce30      	ldmia	r6!, {r4, r5}
1000671c:	46b4      	mov	ip, r6
1000671e:	1b00      	subs	r0, r0, r4
10006720:	41a9      	sbcs	r1, r5
10006722:	d40b      	bmi.n	1000673c <dexp_shim+0x48>
10006724:	427e      	negs	r6, r7
10006726:	3620      	adds	r6, #32
10006728:	001d      	movs	r5, r3
1000672a:	413d      	asrs	r5, r7
1000672c:	001c      	movs	r4, r3
1000672e:	40b4      	lsls	r4, r6
10006730:	0016      	movs	r6, r2
10006732:	40fe      	lsrs	r6, r7
10006734:	4334      	orrs	r4, r6
10006736:	4162      	adcs	r2, r4
10006738:	416b      	adcs	r3, r5
1000673a:	e001      	b.n	10006740 <dexp_shim+0x4c>
1000673c:	1900      	adds	r0, r0, r4
1000673e:	4169      	adcs	r1, r5
10006740:	4666      	mov	r6, ip
10006742:	3701      	adds	r7, #1
10006744:	2f21      	cmp	r7, #33	@ 0x21
10006746:	d1e8      	bne.n	1000671a <dexp_shim+0x26>
10006748:	b285      	uxth	r5, r0
1000674a:	b29e      	uxth	r6, r3
1000674c:	4375      	muls	r5, r6
1000674e:	1407      	asrs	r7, r0, #16
10006750:	437e      	muls	r6, r7
10006752:	0c19      	lsrs	r1, r3, #16
10006754:	434f      	muls	r7, r1
10006756:	b284      	uxth	r4, r0
10006758:	434c      	muls	r4, r1
1000675a:	17f1      	asrs	r1, r6, #31
1000675c:	1936      	adds	r6, r6, r4
1000675e:	2400      	movs	r4, #0
10006760:	4161      	adcs	r1, r4
10006762:	0409      	lsls	r1, r1, #16
10006764:	187f      	adds	r7, r7, r1
10006766:	0434      	lsls	r4, r6, #16
10006768:	0c31      	lsrs	r1, r6, #16
1000676a:	1964      	adds	r4, r4, r5
1000676c:	4179      	adcs	r1, r7
1000676e:	0fa4      	lsrs	r4, r4, #30
10006770:	0088      	lsls	r0, r1, #2
10006772:	4320      	orrs	r0, r4
10006774:	1789      	asrs	r1, r1, #30
10006776:	1880      	adds	r0, r0, r2
10006778:	4159      	adcs	r1, r3
1000677a:	bc04      	pop	{r2}
1000677c:	4252      	negs	r2, r2
1000677e:	323e      	adds	r2, #62	@ 0x3e
10006780:	f7ff ff1d 	bl	100065be <fix642double_shim>
10006784:	bdf0      	pop	{r4, r5, r6, r7, pc}
10006786:	0000      	.short	0x0000
10006788:	f473de6b 	.word	0xf473de6b
1000678c:	2c5c85fd 	.word	0x2c5c85fd

10006790 <dln_shim>:
10006790:	b5f0      	push	{r4, r5, r6, r7, lr}
10006792:	004f      	lsls	r7, r1, #1
10006794:	d250      	bcs.n	10006838 <dln_shim+0xa8>
10006796:	157f      	asrs	r7, r7, #21
10006798:	d04e      	beq.n	10006838 <dln_shim+0xa8>
1000679a:	3701      	adds	r7, #1
1000679c:	d04f      	beq.n	1000683e <dln_shim+0xae>
1000679e:	f7ff ff49 	bl	10006634 <dunpacks>
100067a2:	b404      	push	{r2}
100067a4:	0249      	lsls	r1, r1, #9
100067a6:	0dc2      	lsrs	r2, r0, #23
100067a8:	4311      	orrs	r1, r2
100067aa:	0240      	lsls	r0, r0, #9
100067ac:	2701      	movs	r7, #1
100067ae:	a62b      	add	r6, pc, #172	@ (adr r6, 1000685c <dtab_exp>)
100067b0:	46b4      	mov	ip, r6
100067b2:	2200      	movs	r2, #0
100067b4:	2300      	movs	r3, #0
100067b6:	427e      	negs	r6, r7
100067b8:	3620      	adds	r6, #32
100067ba:	000d      	movs	r5, r1
100067bc:	413d      	asrs	r5, r7
100067be:	000c      	movs	r4, r1
100067c0:	40b4      	lsls	r4, r6
100067c2:	0006      	movs	r6, r0
100067c4:	40fe      	lsrs	r6, r7
100067c6:	4334      	orrs	r4, r6
100067c8:	4144      	adcs	r4, r0
100067ca:	414d      	adcs	r5, r1
100067cc:	0fae      	lsrs	r6, r5, #30
100067ce:	d105      	bne.n	100067dc <dln_shim+0x4c>
100067d0:	0020      	movs	r0, r4
100067d2:	0029      	movs	r1, r5
100067d4:	4666      	mov	r6, ip
100067d6:	ce30      	ldmia	r6!, {r4, r5}
100067d8:	1b12      	subs	r2, r2, r4
100067da:	41ab      	sbcs	r3, r5
100067dc:	2408      	movs	r4, #8
100067de:	44a4      	add	ip, r4
100067e0:	3701      	adds	r7, #1
100067e2:	2f21      	cmp	r7, #33	@ 0x21
100067e4:	d1e7      	bne.n	100067b6 <dln_shim+0x26>
100067e6:	0089      	lsls	r1, r1, #2
100067e8:	1089      	asrs	r1, r1, #2
100067ea:	1812      	adds	r2, r2, r0
100067ec:	414b      	adcs	r3, r1
100067ee:	bc80      	pop	{r7}
100067f0:	a417      	add	r4, pc, #92	@ (adr r4, 10006850 <dreddata1_plus_4>)
100067f2:	cc13      	ldmia	r4, {r0, r1, r4}
100067f4:	3701      	adds	r7, #1
100067f6:	4378      	muls	r0, r7
100067f8:	4379      	muls	r1, r7
100067fa:	437c      	muls	r4, r7
100067fc:	054f      	lsls	r7, r1, #21
100067fe:	12c9      	asrs	r1, r1, #11
10006800:	17cd      	asrs	r5, r1, #31
10006802:	19c0      	adds	r0, r0, r7
10006804:	4169      	adcs	r1, r5
10006806:	02a7      	lsls	r7, r4, #10
10006808:	15a4      	asrs	r4, r4, #22
1000680a:	17cd      	asrs	r5, r1, #31
1000680c:	19c9      	adds	r1, r1, r7
1000680e:	416c      	adcs	r4, r5
10006810:	17dd      	asrs	r5, r3, #31
10006812:	1880      	adds	r0, r0, r2
10006814:	4159      	adcs	r1, r3
10006816:	416c      	adcs	r4, r5
10006818:	223e      	movs	r2, #62	@ 0x3e
1000681a:	17cd      	asrs	r5, r1, #31
1000681c:	42ac      	cmp	r4, r5
1000681e:	d008      	beq.n	10006832 <dln_shim+0xa2>
10006820:	0900      	lsrs	r0, r0, #4
10006822:	070e      	lsls	r6, r1, #28
10006824:	4330      	orrs	r0, r6
10006826:	0909      	lsrs	r1, r1, #4
10006828:	0726      	lsls	r6, r4, #28
1000682a:	4331      	orrs	r1, r6
1000682c:	1124      	asrs	r4, r4, #4
1000682e:	3a04      	subs	r2, #4
10006830:	e7f3      	b.n	1000681a <dln_shim+0x8a>
10006832:	f7ff fec4 	bl	100065be <fix642double_shim>
10006836:	bdf0      	pop	{r4, r5, r6, r7, pc}
10006838:	4902      	ldr	r1, [pc, #8]	@ (10006844 <dln_shim+0xb4>)
1000683a:	2000      	movs	r0, #0
1000683c:	bdf0      	pop	{r4, r5, r6, r7, pc}
1000683e:	4902      	ldr	r1, [pc, #8]	@ (10006848 <dln_shim+0xb8>)
10006840:	2000      	movs	r0, #0
10006842:	bdf0      	pop	{r4, r5, r6, r7, pc}
10006844:	fff00000 	.word	0xfff00000
10006848:	7ff00000 	.word	0x7ff00000

1000684c <dreddata1>:
1000684c:	0000b8aa 	.word	0x0000b8aa

10006850 <dreddata1_plus_4>:
10006850:	0013de6b 	.word	0x0013de6b
10006854:	000fefa3 	.word	0x000fefa3
10006858:	000b1721 	.word	0x000b1721

1000685c <dtab_exp>:
1000685c:	bf984bf3 	.word	0xbf984bf3
10006860:	19f323ec 	.word	0x19f323ec
10006864:	cd4d10d6 	.word	0xcd4d10d6
10006868:	0e47fbe3 	.word	0x0e47fbe3
1000686c:	8abcb97a 	.word	0x8abcb97a
10006870:	0789c1db 	.word	0x0789c1db
10006874:	022c54cc 	.word	0x022c54cc
10006878:	03e14618 	.word	0x03e14618
1000687c:	e7833005 	.word	0xe7833005
10006880:	01f829b0 	.word	0x01f829b0
10006884:	87e01f1e 	.word	0x87e01f1e
10006888:	00fe0545 	.word	0x00fe0545
1000688c:	ac419e24 	.word	0xac419e24
10006890:	007f80a9 	.word	0x007f80a9
10006894:	45621781 	.word	0x45621781
10006898:	003fe015 	.word	0x003fe015
1000689c:	a9ab10e6 	.word	0xa9ab10e6
100068a0:	001ff802 	.word	0x001ff802
100068a4:	55455888 	.word	0x55455888
100068a8:	000ffe00 	.word	0x000ffe00
100068ac:	0aa9aac4 	.word	0x0aa9aac4
100068b0:	0007ff80 	.word	0x0007ff80
100068b4:	01554556 	.word	0x01554556
100068b8:	0003ffe0 	.word	0x0003ffe0
100068bc:	002aa9ab 	.word	0x002aa9ab
100068c0:	0001fff8 	.word	0x0001fff8
100068c4:	00055545 	.word	0x00055545
100068c8:	0000fffe 	.word	0x0000fffe
100068cc:	8000aaaa 	.word	0x8000aaaa
100068d0:	00007fff 	.word	0x00007fff
100068d4:	e0001555 	.word	0xe0001555
100068d8:	00003fff 	.word	0x00003fff
100068dc:	f80002ab 	.word	0xf80002ab
100068e0:	00001fff 	.word	0x00001fff
100068e4:	fe000055 	.word	0xfe000055
100068e8:	00000fff 	.word	0x00000fff
100068ec:	ff80000b 	.word	0xff80000b
100068f0:	000007ff 	.word	0x000007ff
100068f4:	ffe00001 	.word	0xffe00001
100068f8:	000003ff 	.word	0x000003ff
100068fc:	fff80000 	.word	0xfff80000
10006900:	000001ff 	.word	0x000001ff
10006904:	fffe0000 	.word	0xfffe0000
10006908:	000000ff 	.word	0x000000ff
1000690c:	ffff8000 	.word	0xffff8000
10006910:	0000007f 	.word	0x0000007f
10006914:	ffffe000 	.word	0xffffe000
10006918:	0000003f 	.word	0x0000003f
1000691c:	fffff800 	.word	0xfffff800
10006920:	0000001f 	.word	0x0000001f
10006924:	fffffe00 	.word	0xfffffe00
10006928:	0000000f 	.word	0x0000000f
1000692c:	ffffff80 	.word	0xffffff80
10006930:	00000007 	.word	0x00000007
10006934:	ffffffe0 	.word	0xffffffe0
10006938:	00000003 	.word	0x00000003
1000693c:	fffffff8 	.word	0xfffffff8
10006940:	00000001 	.word	0x00000001
10006944:	fffffffe 	.word	0xfffffffe
10006948:	00000000 	.word	0x00000000
1000694c:	80000000 	.word	0x80000000
10006950:	00000000 	.word	0x00000000
10006954:	40000000 	.word	0x40000000
10006958:	00000000 	.word	0x00000000

1000695c <__wrap___aeabi_lmul>:
1000695c:	4351      	muls	r1, r2
1000695e:	4343      	muls	r3, r0
10006960:	18c9      	adds	r1, r1, r3
10006962:	468c      	mov	ip, r1
10006964:	0c11      	lsrs	r1, r2, #16
10006966:	b283      	uxth	r3, r0
10006968:	434b      	muls	r3, r1
1000696a:	b410      	push	{r4}
1000696c:	0c04      	lsrs	r4, r0, #16
1000696e:	4361      	muls	r1, r4
10006970:	b292      	uxth	r2, r2
10006972:	b280      	uxth	r0, r0
10006974:	4350      	muls	r0, r2
10006976:	4362      	muls	r2, r4
10006978:	041c      	lsls	r4, r3, #16
1000697a:	0c1b      	lsrs	r3, r3, #16
1000697c:	1900      	adds	r0, r0, r4
1000697e:	bc10      	pop	{r4}
10006980:	4159      	adcs	r1, r3
10006982:	0413      	lsls	r3, r2, #16
10006984:	0c12      	lsrs	r2, r2, #16
10006986:	18c0      	adds	r0, r0, r3
10006988:	4151      	adcs	r1, r2
1000698a:	4461      	add	r1, ip
1000698c:	4770      	bx	lr
	...

10006990 <__wrap___aeabi_frsub>:
10006990:	4048      	eors	r0, r1
10006992:	4041      	eors	r1, r0
10006994:	4048      	eors	r0, r1

10006996 <__wrap___aeabi_fsub>:
10006996:	4b0e      	ldr	r3, [pc, #56]	@ (100069d0 <__wrap___aeabi_fmul+0x6>)
10006998:	685b      	ldr	r3, [r3, #4]
1000699a:	4718      	bx	r3

1000699c <__wrap___aeabi_fadd>:
1000699c:	4b0c      	ldr	r3, [pc, #48]	@ (100069d0 <__wrap___aeabi_fmul+0x6>)
1000699e:	681b      	ldr	r3, [r3, #0]
100069a0:	4718      	bx	r3

100069a2 <__wrap___aeabi_fdiv>:
100069a2:	4a0c      	ldr	r2, [pc, #48]	@ (100069d4 <__wrap___aeabi_fmul+0xa>)
100069a4:	6f93      	ldr	r3, [r2, #120]	@ 0x78
100069a6:	089b      	lsrs	r3, r3, #2
100069a8:	d202      	bcs.n	100069b0 <fdiv_save_state>

100069aa <fdiv_shim_call>:
100069aa:	4b09      	ldr	r3, [pc, #36]	@ (100069d0 <__wrap___aeabi_fmul+0x6>)
100069ac:	68db      	ldr	r3, [r3, #12]
100069ae:	4718      	bx	r3

100069b0 <fdiv_save_state>:
100069b0:	b5f0      	push	{r4, r5, r6, r7, lr}
100069b2:	6e14      	ldr	r4, [r2, #96]	@ 0x60
100069b4:	6e55      	ldr	r5, [r2, #100]	@ 0x64
100069b6:	6f57      	ldr	r7, [r2, #116]	@ 0x74
100069b8:	6f16      	ldr	r6, [r2, #112]	@ 0x70
100069ba:	f7ff fff6 	bl	100069aa <fdiv_shim_call>
100069be:	4a05      	ldr	r2, [pc, #20]	@ (100069d4 <__wrap___aeabi_fmul+0xa>)
100069c0:	6614      	str	r4, [r2, #96]	@ 0x60
100069c2:	6655      	str	r5, [r2, #100]	@ 0x64
100069c4:	6757      	str	r7, [r2, #116]	@ 0x74
100069c6:	6716      	str	r6, [r2, #112]	@ 0x70
100069c8:	bdf0      	pop	{r4, r5, r6, r7, pc}

100069ca <__wrap___aeabi_fmul>:
100069ca:	4b01      	ldr	r3, [pc, #4]	@ (100069d0 <__wrap___aeabi_fmul+0x6>)
100069cc:	689b      	ldr	r3, [r3, #8]
100069ce:	4718      	bx	r3
100069d0:	20000b50 	.word	0x20000b50
100069d4:	d0000000 	.word	0xd0000000

100069d8 <__wrap___aeabi_cfrcmple>:
100069d8:	b507      	push	{r0, r1, r2, lr}
100069da:	4048      	eors	r0, r1
100069dc:	4041      	eors	r1, r0
100069de:	4048      	eors	r0, r1
100069e0:	e001      	b.n	100069e6 <__aeabi_cfcmple_guts>
100069e2:	46c0      	nop			@ (mov r8, r8)

100069e4 <__wrap___aeabi_cfcmpeq>:
100069e4:	b507      	push	{r0, r1, r2, lr}

100069e6 <__aeabi_cfcmple_guts>:
100069e6:	0042      	lsls	r2, r0, #1
100069e8:	0e12      	lsrs	r2, r2, #24
100069ea:	d003      	beq.n	100069f4 <__aeabi_cfcmple_guts+0xe>
100069ec:	2aff      	cmp	r2, #255	@ 0xff
100069ee:	d103      	bne.n	100069f8 <__aeabi_cfcmple_guts+0x12>
100069f0:	0242      	lsls	r2, r0, #9
100069f2:	d818      	bhi.n	10006a26 <__aeabi_cfcmple_guts+0x40>
100069f4:	0dc0      	lsrs	r0, r0, #23
100069f6:	05c0      	lsls	r0, r0, #23
100069f8:	004a      	lsls	r2, r1, #1
100069fa:	0e12      	lsrs	r2, r2, #24
100069fc:	d003      	beq.n	10006a06 <__aeabi_cfcmple_guts+0x20>
100069fe:	2aff      	cmp	r2, #255	@ 0xff
10006a00:	d103      	bne.n	10006a0a <__aeabi_cfcmple_guts+0x24>
10006a02:	024a      	lsls	r2, r1, #9
10006a04:	d80f      	bhi.n	10006a26 <__aeabi_cfcmple_guts+0x40>
10006a06:	0dc9      	lsrs	r1, r1, #23
10006a08:	05c9      	lsls	r1, r1, #23
10006a0a:	2201      	movs	r2, #1
10006a0c:	4041      	eors	r1, r0
10006a0e:	d405      	bmi.n	10006a1c <__aeabi_cfcmple_guts+0x36>
10006a10:	4041      	eors	r1, r0
10006a12:	d501      	bpl.n	10006a18 <__aeabi_cfcmple_guts+0x32>
10006a14:	4281      	cmp	r1, r0
10006a16:	bd07      	pop	{r0, r1, r2, pc}
10006a18:	4288      	cmp	r0, r1
10006a1a:	bd07      	pop	{r0, r1, r2, pc}
10006a1c:	4301      	orrs	r1, r0
10006a1e:	1849      	adds	r1, r1, r1
10006a20:	d001      	beq.n	10006a26 <__aeabi_cfcmple_guts+0x40>
10006a22:	43c0      	mvns	r0, r0
10006a24:	1800      	adds	r0, r0, r0
10006a26:	bd07      	pop	{r0, r1, r2, pc}

10006a28 <__wrap___aeabi_fcmpeq>:
10006a28:	b500      	push	{lr}
10006a2a:	f7ff ffdb 	bl	100069e4 <__wrap___aeabi_cfcmpeq>
10006a2e:	d001      	beq.n	10006a34 <__wrap___aeabi_fcmpeq+0xc>
10006a30:	2000      	movs	r0, #0
10006a32:	bd00      	pop	{pc}
10006a34:	2001      	movs	r0, #1
10006a36:	bd00      	pop	{pc}

10006a38 <__wrap___aeabi_fcmplt>:
10006a38:	b500      	push	{lr}
10006a3a:	f7ff ffd3 	bl	100069e4 <__wrap___aeabi_cfcmpeq>
10006a3e:	4180      	sbcs	r0, r0
10006a40:	bd00      	pop	{pc}
10006a42:	46c0      	nop			@ (mov r8, r8)

10006a44 <__wrap___aeabi_fcmple>:
10006a44:	b500      	push	{lr}
10006a46:	f7ff ffcd 	bl	100069e4 <__wrap___aeabi_cfcmpeq>
10006a4a:	d901      	bls.n	10006a50 <__wrap___aeabi_fcmple+0xc>
10006a4c:	2000      	movs	r0, #0
10006a4e:	bd00      	pop	{pc}
10006a50:	2001      	movs	r0, #1
10006a52:	bd00      	pop	{pc}

10006a54 <__wrap___aeabi_fcmpgt>:
10006a54:	b500      	push	{lr}
10006a56:	f7ff ffbf 	bl	100069d8 <__wrap___aeabi_cfrcmple>
10006a5a:	4180      	sbcs	r0, r0
10006a5c:	bd00      	pop	{pc}

10006a5e <__wrap___aeabi_ui2f>:
10006a5e:	1a49      	subs	r1, r1, r1
10006a60:	2800      	cmp	r0, #0
10006a62:	d107      	bne.n	10006a74 <__aeabi_i2f_main>
10006a64:	4608      	mov	r0, r1
10006a66:	4770      	bx	lr

10006a68 <__wrap___aeabi_i2f>:
10006a68:	0fc1      	lsrs	r1, r0, #31
10006a6a:	07c9      	lsls	r1, r1, #31
10006a6c:	d500      	bpl.n	10006a70 <__wrap___aeabi_i2f+0x8>
10006a6e:	4240      	negs	r0, r0
10006a70:	2800      	cmp	r0, #0
10006a72:	d017      	beq.n	10006aa4 <__aeabi_i2f_main+0x30>

10006a74 <__aeabi_i2f_main>:
10006a74:	46f4      	mov	ip, lr
10006a76:	b403      	push	{r0, r1}
10006a78:	4b0b      	ldr	r3, [pc, #44]	@ (10006aa8 <__aeabi_i2f_main+0x34>)
10006a7a:	681b      	ldr	r3, [r3, #0]
10006a7c:	4798      	blx	r3
10006a7e:	bc06      	pop	{r1, r2}
10006a80:	4081      	lsls	r1, r0
10006a82:	389e      	subs	r0, #158	@ 0x9e
10006a84:	4240      	negs	r0, r0
10006a86:	3180      	adds	r1, #128	@ 0x80
10006a88:	d207      	bcs.n	10006a9a <__aeabi_i2f_main+0x26>
10006a8a:	060b      	lsls	r3, r1, #24
10006a8c:	d007      	beq.n	10006a9e <__aeabi_i2f_main+0x2a>
10006a8e:	0049      	lsls	r1, r1, #1
10006a90:	0a49      	lsrs	r1, r1, #9
10006a92:	05c0      	lsls	r0, r0, #23
10006a94:	4310      	orrs	r0, r2
10006a96:	4308      	orrs	r0, r1
10006a98:	4760      	bx	ip
10006a9a:	3001      	adds	r0, #1
10006a9c:	e7f8      	b.n	10006a90 <__aeabi_i2f_main+0x1c>
10006a9e:	0a49      	lsrs	r1, r1, #9
10006aa0:	0289      	lsls	r1, r1, #10
10006aa2:	e7f5      	b.n	10006a90 <__aeabi_i2f_main+0x1c>
10006aa4:	4770      	bx	lr
10006aa6:	0000      	.short	0x0000
10006aa8:	200010a0 	.word	0x200010a0

10006aac <__wrap___aeabi_f2iz>:
10006aac:	0041      	lsls	r1, r0, #1
10006aae:	0e0a      	lsrs	r2, r1, #24
10006ab0:	2380      	movs	r3, #128	@ 0x80
10006ab2:	061b      	lsls	r3, r3, #24
10006ab4:	2a7e      	cmp	r2, #126	@ 0x7e
10006ab6:	dd0b      	ble.n	10006ad0 <__wrap___aeabi_f2iz+0x24>
10006ab8:	3a9e      	subs	r2, #158	@ 0x9e
10006aba:	da0b      	bge.n	10006ad4 <__wrap___aeabi_f2iz+0x28>
10006abc:	17c1      	asrs	r1, r0, #31
10006abe:	0240      	lsls	r0, r0, #9
10006ac0:	0840      	lsrs	r0, r0, #1
10006ac2:	4318      	orrs	r0, r3
10006ac4:	4252      	negs	r2, r2
10006ac6:	40d0      	lsrs	r0, r2
10006ac8:	0049      	lsls	r1, r1, #1
10006aca:	3101      	adds	r1, #1
10006acc:	4348      	muls	r0, r1
10006ace:	4770      	bx	lr
10006ad0:	2000      	movs	r0, #0
10006ad2:	4770      	bx	lr
10006ad4:	0fc0      	lsrs	r0, r0, #31
10006ad6:	18c0      	adds	r0, r0, r3
10006ad8:	3801      	subs	r0, #1
10006ada:	4770      	bx	lr
10006adc:	42c0      	cmn	r0, r0
10006ade:	d30d      	bcc.n	10006afc <float2int>
10006ae0:	b500      	push	{lr}
10006ae2:	0040      	lsls	r0, r0, #1
10006ae4:	0840      	lsrs	r0, r0, #1
10006ae6:	2100      	movs	r1, #0
10006ae8:	f000 f812 	bl	10006b10 <__wrap___aeabi_f2uiz>
10006aec:	2800      	cmp	r0, #0
10006aee:	d401      	bmi.n	10006af4 <__wrap___aeabi_f2iz+0x48>
10006af0:	4240      	negs	r0, r0
10006af2:	bd00      	pop	{pc}
10006af4:	2080      	movs	r0, #128	@ 0x80
10006af6:	0600      	lsls	r0, r0, #24
10006af8:	bd00      	pop	{pc}
	...

10006afc <float2int>:
10006afc:	4b03      	ldr	r3, [pc, #12]	@ (10006b0c <float2int+0x10>)
10006afe:	69db      	ldr	r3, [r3, #28]
10006b00:	46fc      	mov	ip, pc
10006b02:	4718      	bx	r3
10006b04:	702ddf1c 	.word	0x702ddf1c
10006b08:	00001000 	.word	0x00001000
10006b0c:	20000b50 	.word	0x20000b50

10006b10 <__wrap___aeabi_f2uiz>:
10006b10:	4b01      	ldr	r3, [pc, #4]	@ (10006b18 <__wrap___aeabi_f2uiz+0x8>)
10006b12:	6a5b      	ldr	r3, [r3, #36]	@ 0x24
10006b14:	4718      	bx	r3
10006b16:	0000      	.short	0x0000
10006b18:	20000b50 	.word	0x20000b50
10006b1c:	4a05      	ldr	r2, [pc, #20]	@ (10006b34 <__wrap___aeabi_l2f+0x14>)
10006b1e:	4710      	bx	r2

10006b20 <__wrap___aeabi_l2f>:
10006b20:	17c2      	asrs	r2, r0, #31
10006b22:	4291      	cmp	r1, r2
10006b24:	d0fa      	beq.n	10006b1c <__wrap___aeabi_f2uiz+0xc>
10006b26:	4b04      	ldr	r3, [pc, #16]	@ (10006b38 <__wrap___aeabi_l2f+0x18>)
10006b28:	6ddb      	ldr	r3, [r3, #92]	@ 0x5c
10006b2a:	46fc      	mov	ip, pc
10006b2c:	4718      	bx	r3
10006b2e:	df5c      	.short	0xdf5c
10006b30:	10006f73 	.word	0x10006f73
10006b34:	10006a69 	.word	0x10006a69
10006b38:	20000b50 	.word	0x20000b50

10006b3c <__wrap___aeabi_f2d>:
10006b3c:	4b03      	ldr	r3, [pc, #12]	@ (10006b4c <__wrap___aeabi_f2d+0x10>)
10006b3e:	6fdb      	ldr	r3, [r3, #124]	@ 0x7c
10006b40:	46fc      	mov	ip, pc
10006b42:	4718      	bx	r3
10006b44:	7045df7c 	.word	0x7045df7c
10006b48:	00001000 	.word	0x00001000
10006b4c:	20000b50 	.word	0x20000b50

10006b50 <__wrap_sqrtf>:
10006b50:	15c1      	asrs	r1, r0, #23
10006b52:	d402      	bmi.n	10006b5a <__wrap_sqrtf+0xa>
10006b54:	4b05      	ldr	r3, [pc, #20]	@ (10006b6c <__wrap_sqrtf+0x1c>)
10006b56:	699b      	ldr	r3, [r3, #24]
10006b58:	4718      	bx	r3
10006b5a:	43c8      	mvns	r0, r1
10006b5c:	28ff      	cmp	r0, #255	@ 0xff
10006b5e:	d101      	bne.n	10006b64 <__wrap_sqrtf+0x14>
10006b60:	07c0      	lsls	r0, r0, #31
10006b62:	4770      	bx	lr
10006b64:	17c8      	asrs	r0, r1, #31
10006b66:	05c0      	lsls	r0, r0, #23
10006b68:	4770      	bx	lr
10006b6a:	0000      	.short	0x0000
10006b6c:	20000b50 	.word	0x20000b50

10006b70 <__wrap_atan2f>:
10006b70:	4b03      	ldr	r3, [pc, #12]	@ (10006b80 <__wrap_atan2f+0x10>)
10006b72:	6d9b      	ldr	r3, [r3, #88]	@ 0x58
10006b74:	46fc      	mov	ip, pc
10006b76:	4718      	bx	r3
10006b78:	6fa5df58 	.word	0x6fa5df58
10006b7c:	00001000 	.word	0x00001000
10006b80:	20000b50 	.word	0x20000b50

10006b84 <__aeabi_float_init>:
10006b84:	2313      	movs	r3, #19
10006b86:	b510      	push	{r4, lr}
10006b88:	4812      	ldr	r0, [pc, #72]	@ (10006bd4 <__aeabi_float_init+0x50>)
10006b8a:	781c      	ldrb	r4, [r3, #0]
10006b8c:	f7fe fe18 	bl	100057c0 <rom_data_lookup>
10006b90:	0001      	movs	r1, r0
10006b92:	2c01      	cmp	r4, #1
10006b94:	d00a      	beq.n	10006bac <__aeabi_float_init+0x28>
10006b96:	dd03      	ble.n	10006ba0 <__aeabi_float_init+0x1c>
10006b98:	2280      	movs	r2, #128	@ 0x80
10006b9a:	480f      	ldr	r0, [pc, #60]	@ (10006bd8 <__aeabi_float_init+0x54>)
10006b9c:	f000 fa78 	bl	10007090 <__wrap___aeabi_memcpy>
10006ba0:	480e      	ldr	r0, [pc, #56]	@ (10006bdc <__aeabi_float_init+0x58>)
10006ba2:	f7fe fe05 	bl	100057b0 <rom_func_lookup>
10006ba6:	4b0e      	ldr	r3, [pc, #56]	@ (10006be0 <__aeabi_float_init+0x5c>)
10006ba8:	6018      	str	r0, [r3, #0]
10006baa:	bd10      	pop	{r4, pc}
10006bac:	4c0a      	ldr	r4, [pc, #40]	@ (10006bd8 <__aeabi_float_init+0x54>)
10006bae:	2254      	movs	r2, #84	@ 0x54
10006bb0:	0020      	movs	r0, r4
10006bb2:	f000 fa6d 	bl	10007090 <__wrap___aeabi_memcpy>
10006bb6:	4b0b      	ldr	r3, [pc, #44]	@ (10006be4 <__aeabi_float_init+0x60>)
10006bb8:	6563      	str	r3, [r4, #84]	@ 0x54
10006bba:	65a3      	str	r3, [r4, #88]	@ 0x58
10006bbc:	65e3      	str	r3, [r4, #92]	@ 0x5c
10006bbe:	6623      	str	r3, [r4, #96]	@ 0x60
10006bc0:	6663      	str	r3, [r4, #100]	@ 0x64
10006bc2:	66a3      	str	r3, [r4, #104]	@ 0x68
10006bc4:	66e3      	str	r3, [r4, #108]	@ 0x6c
10006bc6:	6723      	str	r3, [r4, #112]	@ 0x70
10006bc8:	6763      	str	r3, [r4, #116]	@ 0x74
10006bca:	67a3      	str	r3, [r4, #120]	@ 0x78
10006bcc:	67e3      	str	r3, [r4, #124]	@ 0x7c
10006bce:	6223      	str	r3, [r4, #32]
10006bd0:	61e3      	str	r3, [r4, #28]
10006bd2:	e7e5      	b.n	10006ba0 <__aeabi_float_init+0x1c>
10006bd4:	00004653 	.word	0x00004653
10006bd8:	20000b50 	.word	0x20000b50
10006bdc:	0000334c 	.word	0x0000334c
10006be0:	200010a0 	.word	0x200010a0
10006be4:	10006f35 	.word	0x10006f35

10006be8 <fpow_int2>:
10006be8:	b5f8      	push	{r3, r4, r5, r6, r7, lr}
10006bea:	46ce      	mov	lr, r9
10006bec:	4647      	mov	r7, r8
10006bee:	000c      	movs	r4, r1
10006bf0:	b580      	push	{r7, lr}
10006bf2:	1c05      	adds	r5, r0, #0
10006bf4:	2901      	cmp	r1, #1
10006bf6:	d04a      	beq.n	10006c8e <fpow_int2+0xa6>
10006bf8:	0fce      	lsrs	r6, r1, #31
10006bfa:	1876      	adds	r6, r6, r1
10006bfc:	1076      	asrs	r6, r6, #1
10006bfe:	2e01      	cmp	r6, #1
10006c00:	d03d      	beq.n	10006c7e <fpow_int2+0x96>
10006c02:	2703      	movs	r7, #3
10006c04:	17ca      	asrs	r2, r1, #31
10006c06:	4017      	ands	r7, r2
10006c08:	187f      	adds	r7, r7, r1
10006c0a:	10bf      	asrs	r7, r7, #2
10006c0c:	2f01      	cmp	r7, #1
10006c0e:	d02e      	beq.n	10006c6e <fpow_int2+0x86>
10006c10:	2307      	movs	r3, #7
10006c12:	4013      	ands	r3, r2
10006c14:	185b      	adds	r3, r3, r1
10006c16:	10db      	asrs	r3, r3, #3
10006c18:	4698      	mov	r8, r3
10006c1a:	2b01      	cmp	r3, #1
10006c1c:	d022      	beq.n	10006c64 <fpow_int2+0x7c>
10006c1e:	230f      	movs	r3, #15
10006c20:	4013      	ands	r3, r2
10006c22:	185b      	adds	r3, r3, r1
10006c24:	111b      	asrs	r3, r3, #4
10006c26:	4699      	mov	r9, r3
10006c28:	2b01      	cmp	r3, #1
10006c2a:	d012      	beq.n	10006c52 <fpow_int2+0x6a>
10006c2c:	000b      	movs	r3, r1
10006c2e:	3b20      	subs	r3, #32
10006c30:	2b1f      	cmp	r3, #31
10006c32:	d905      	bls.n	10006c40 <fpow_int2+0x58>
10006c34:	2100      	movs	r1, #0
10006c36:	f7ff ffd7 	bl	10006be8 <fpow_int2>
10006c3a:	1c01      	adds	r1, r0, #0
10006c3c:	f7ff fec5 	bl	100069ca <__wrap___aeabi_fmul>
10006c40:	1c01      	adds	r1, r0, #0
10006c42:	f7ff fec2 	bl	100069ca <__wrap___aeabi_fmul>
10006c46:	464b      	mov	r3, r9
10006c48:	07db      	lsls	r3, r3, #31
10006c4a:	d502      	bpl.n	10006c52 <fpow_int2+0x6a>
10006c4c:	1c29      	adds	r1, r5, #0
10006c4e:	f7ff febc 	bl	100069ca <__wrap___aeabi_fmul>
10006c52:	1c01      	adds	r1, r0, #0
10006c54:	f7ff feb9 	bl	100069ca <__wrap___aeabi_fmul>
10006c58:	4643      	mov	r3, r8
10006c5a:	07db      	lsls	r3, r3, #31
10006c5c:	d502      	bpl.n	10006c64 <fpow_int2+0x7c>
10006c5e:	1c29      	adds	r1, r5, #0
10006c60:	f7ff feb3 	bl	100069ca <__wrap___aeabi_fmul>
10006c64:	1c01      	adds	r1, r0, #0
10006c66:	f7ff feb0 	bl	100069ca <__wrap___aeabi_fmul>
10006c6a:	07ff      	lsls	r7, r7, #31
10006c6c:	d413      	bmi.n	10006c96 <fpow_int2+0xae>
10006c6e:	1c01      	adds	r1, r0, #0
10006c70:	f7ff feab 	bl	100069ca <__wrap___aeabi_fmul>
10006c74:	07f6      	lsls	r6, r6, #31
10006c76:	d502      	bpl.n	10006c7e <fpow_int2+0x96>
10006c78:	1c29      	adds	r1, r5, #0
10006c7a:	f7ff fea6 	bl	100069ca <__wrap___aeabi_fmul>
10006c7e:	1c01      	adds	r1, r0, #0
10006c80:	f7ff fea3 	bl	100069ca <__wrap___aeabi_fmul>
10006c84:	07e4      	lsls	r4, r4, #31
10006c86:	d502      	bpl.n	10006c8e <fpow_int2+0xa6>
10006c88:	1c29      	adds	r1, r5, #0
10006c8a:	f7ff fe9e 	bl	100069ca <__wrap___aeabi_fmul>
10006c8e:	bcc0      	pop	{r6, r7}
10006c90:	46b9      	mov	r9, r7
10006c92:	46b0      	mov	r8, r6
10006c94:	bdf8      	pop	{r3, r4, r5, r6, r7, pc}
10006c96:	1c29      	adds	r1, r5, #0
10006c98:	f7ff fe97 	bl	100069ca <__wrap___aeabi_fmul>
10006c9c:	e7e7      	b.n	10006c6e <fpow_int2+0x86>
10006c9e:	46c0      	nop			@ (mov r8, r8)

10006ca0 <fpow_0>:
10006ca0:	b5f8      	push	{r3, r4, r5, r6, r7, lr}
10006ca2:	0004      	movs	r4, r0
10006ca4:	1c06      	adds	r6, r0, #0
10006ca6:	1c0d      	adds	r5, r1, #0
10006ca8:	2800      	cmp	r0, #0
10006caa:	da17      	bge.n	10006cdc <fpow_0+0x3c>
10006cac:	004b      	lsls	r3, r1, #1
10006cae:	0e1b      	lsrs	r3, r3, #24
10006cb0:	3b7f      	subs	r3, #127	@ 0x7f
10006cb2:	d40e      	bmi.n	10006cd2 <fpow_0+0x32>
10006cb4:	2217      	movs	r2, #23
10006cb6:	1ad3      	subs	r3, r2, r3
10006cb8:	d40b      	bmi.n	10006cd2 <fpow_0+0x32>
10006cba:	2101      	movs	r1, #1
10006cbc:	000a      	movs	r2, r1
10006cbe:	409a      	lsls	r2, r3
10006cc0:	3a01      	subs	r2, #1
10006cc2:	422a      	tst	r2, r5
10006cc4:	d105      	bne.n	10006cd2 <fpow_0+0x32>
10006cc6:	2b17      	cmp	r3, #23
10006cc8:	d02b      	beq.n	10006d22 <fpow_0+0x82>
10006cca:	002a      	movs	r2, r5
10006ccc:	40da      	lsrs	r2, r3
10006cce:	4211      	tst	r1, r2
10006cd0:	d127      	bne.n	10006d22 <fpow_0+0x82>
10006cd2:	2380      	movs	r3, #128	@ 0x80
10006cd4:	061b      	lsls	r3, r3, #24
10006cd6:	469c      	mov	ip, r3
10006cd8:	4464      	add	r4, ip
10006cda:	1c26      	adds	r6, r4, #0
10006cdc:	1c28      	adds	r0, r5, #0
10006cde:	f7ff fee5 	bl	10006aac <__wrap___aeabi_f2iz>
10006ce2:	23ff      	movs	r3, #255	@ 0xff
10006ce4:	0022      	movs	r2, r4
10006ce6:	05db      	lsls	r3, r3, #23
10006ce8:	0007      	movs	r7, r0
10006cea:	0001      	movs	r1, r0
10006cec:	401a      	ands	r2, r3
10006cee:	421c      	tst	r4, r3
10006cf0:	d022      	beq.n	10006d38 <fpow_0+0x98>
10006cf2:	429a      	cmp	r2, r3
10006cf4:	d020      	beq.n	10006d38 <fpow_0+0x98>
10006cf6:	0263      	lsls	r3, r4, #9
10006cf8:	d11e      	bne.n	10006d38 <fpow_0+0x98>
10006cfa:	4b27      	ldr	r3, [pc, #156]	@ (10006d98 <fpow_0+0xf8>)
10006cfc:	4298      	cmp	r0, r3
10006cfe:	db46      	blt.n	10006d8e <fpow_0+0xee>
10006d00:	28ff      	cmp	r0, #255	@ 0xff
10006d02:	dc42      	bgt.n	10006d8a <fpow_0+0xea>
10006d04:	0de4      	lsrs	r4, r4, #23
10006d06:	3c7f      	subs	r4, #127	@ 0x7f
10006d08:	4367      	muls	r7, r4
10006d0a:	003b      	movs	r3, r7
10006d0c:	337f      	adds	r3, #127	@ 0x7f
10006d0e:	2000      	movs	r0, #0
10006d10:	2b00      	cmp	r3, #0
10006d12:	dd10      	ble.n	10006d36 <fpow_0+0x96>
10006d14:	2bfe      	cmp	r3, #254	@ 0xfe
10006d16:	dc3c      	bgt.n	10006d92 <fpow_0+0xf2>
10006d18:	23fe      	movs	r3, #254	@ 0xfe
10006d1a:	05ff      	lsls	r7, r7, #23
10006d1c:	059b      	lsls	r3, r3, #22
10006d1e:	18f8      	adds	r0, r7, r3
10006d20:	e009      	b.n	10006d36 <fpow_0+0x96>
10006d22:	2380      	movs	r3, #128	@ 0x80
10006d24:	061b      	lsls	r3, r3, #24
10006d26:	18e0      	adds	r0, r4, r3
10006d28:	1c29      	adds	r1, r5, #0
10006d2a:	f7ff ffb9 	bl	10006ca0 <fpow_0>
10006d2e:	2380      	movs	r3, #128	@ 0x80
10006d30:	061b      	lsls	r3, r3, #24
10006d32:	469c      	mov	ip, r3
10006d34:	4460      	add	r0, ip
10006d36:	bdf8      	pop	{r3, r4, r5, r6, r7, pc}
10006d38:	2f00      	cmp	r7, #0
10006d3a:	d010      	beq.n	10006d5e <fpow_0+0xbe>
10006d3c:	003b      	movs	r3, r7
10006d3e:	3320      	adds	r3, #32
10006d40:	2b40      	cmp	r3, #64	@ 0x40
10006d42:	d80f      	bhi.n	10006d64 <fpow_0+0xc4>
10006d44:	2f00      	cmp	r7, #0
10006d46:	da06      	bge.n	10006d56 <fpow_0+0xb6>
10006d48:	20fe      	movs	r0, #254	@ 0xfe
10006d4a:	1c31      	adds	r1, r6, #0
10006d4c:	0580      	lsls	r0, r0, #22
10006d4e:	f7ff fe28 	bl	100069a2 <__wrap___aeabi_fdiv>
10006d52:	4279      	negs	r1, r7
10006d54:	1c06      	adds	r6, r0, #0
10006d56:	1c30      	adds	r0, r6, #0
10006d58:	f7ff ff46 	bl	10006be8 <fpow_int2>
10006d5c:	e7eb      	b.n	10006d36 <fpow_0+0x96>
10006d5e:	20fe      	movs	r0, #254	@ 0xfe
10006d60:	0580      	lsls	r0, r0, #22
10006d62:	e7e8      	b.n	10006d36 <fpow_0+0x96>
10006d64:	1c30      	adds	r0, r6, #0
10006d66:	f7ff fee9 	bl	10006b3c <__wrap___aeabi_f2d>
10006d6a:	f7ff f8f7 	bl	10005f5c <__wrap_log>
10006d6e:	0006      	movs	r6, r0
10006d70:	000f      	movs	r7, r1
10006d72:	1c28      	adds	r0, r5, #0
10006d74:	f7ff fee2 	bl	10006b3c <__wrap___aeabi_f2d>
10006d78:	0032      	movs	r2, r6
10006d7a:	003b      	movs	r3, r7
10006d7c:	f7fe ffdd 	bl	10005d3a <__wrap___aeabi_dmul>
10006d80:	f7ff f8e0 	bl	10005f44 <__wrap_exp>
10006d84:	f7ff f8d2 	bl	10005f2c <__wrap___aeabi_d2f>
10006d88:	e7d5      	b.n	10006d36 <fpow_0+0x96>
10006d8a:	27ff      	movs	r7, #255	@ 0xff
10006d8c:	e7ba      	b.n	10006d04 <fpow_0+0x64>
10006d8e:	001f      	movs	r7, r3
10006d90:	e7b8      	b.n	10006d04 <fpow_0+0x64>
10006d92:	20ff      	movs	r0, #255	@ 0xff
10006d94:	05c0      	lsls	r0, r0, #23
10006d96:	e7ce      	b.n	10006d36 <fpow_0+0x96>
10006d98:	ffffff00 	.word	0xffffff00

10006d9c <__wrap_powf>:
10006d9c:	b5f0      	push	{r4, r5, r6, r7, lr}
10006d9e:	46c6      	mov	lr, r8
10006da0:	1c0c      	adds	r4, r1, #0
10006da2:	21fe      	movs	r1, #254	@ 0xfe
10006da4:	b500      	push	{lr}
10006da6:	0589      	lsls	r1, r1, #22
10006da8:	1c07      	adds	r7, r0, #0
10006daa:	f7ff fe3d 	bl	10006a28 <__wrap___aeabi_fcmpeq>
10006dae:	1c3d      	adds	r5, r7, #0
10006db0:	2800      	cmp	r0, #0
10006db2:	d12d      	bne.n	10006e10 <__wrap_powf+0x74>
10006db4:	26ff      	movs	r6, #255	@ 0xff
10006db6:	05f6      	lsls	r6, r6, #23
10006db8:	0033      	movs	r3, r6
10006dba:	4023      	ands	r3, r4
10006dbc:	4698      	mov	r8, r3
10006dbe:	4226      	tst	r6, r4
10006dc0:	d02a      	beq.n	10006e18 <__wrap_powf+0x7c>
10006dc2:	4959      	ldr	r1, [pc, #356]	@ (10006f28 <__wrap_powf+0x18c>)
10006dc4:	1c38      	adds	r0, r7, #0
10006dc6:	f7ff fe2f 	bl	10006a28 <__wrap___aeabi_fcmpeq>
10006dca:	2800      	cmp	r0, #0
10006dcc:	d027      	beq.n	10006e1e <__wrap_powf+0x82>
10006dce:	45b0      	cmp	r8, r6
10006dd0:	d022      	beq.n	10006e18 <__wrap_powf+0x7c>
10006dd2:	2580      	movs	r5, #128	@ 0x80
10006dd4:	4a54      	ldr	r2, [pc, #336]	@ (10006f28 <__wrap_powf+0x18c>)
10006dd6:	0de3      	lsrs	r3, r4, #23
10006dd8:	35ff      	adds	r5, #255	@ 0xff
10006dda:	2bff      	cmp	r3, #255	@ 0xff
10006ddc:	d05c      	beq.n	10006e98 <__wrap_powf+0xfc>
10006dde:	4953      	ldr	r1, [pc, #332]	@ (10006f2c <__wrap_powf+0x190>)
10006de0:	428b      	cmp	r3, r1
10006de2:	d054      	beq.n	10006e8e <__wrap_powf+0xf2>
10006de4:	20ff      	movs	r0, #255	@ 0xff
10006de6:	0001      	movs	r1, r0
10006de8:	4019      	ands	r1, r3
10006dea:	4218      	tst	r0, r3
10006dec:	d00b      	beq.n	10006e06 <__wrap_powf+0x6a>
10006dee:	397f      	subs	r1, #127	@ 0x7f
10006df0:	d457      	bmi.n	10006ea2 <__wrap_powf+0x106>
10006df2:	2317      	movs	r3, #23
10006df4:	1a5b      	subs	r3, r3, r1
10006df6:	2b00      	cmp	r3, #0
10006df8:	dd05      	ble.n	10006e06 <__wrap_powf+0x6a>
10006dfa:	2101      	movs	r1, #1
10006dfc:	4099      	lsls	r1, r3
10006dfe:	000b      	movs	r3, r1
10006e00:	3b01      	subs	r3, #1
10006e02:	4223      	tst	r3, r4
10006e04:	d14d      	bne.n	10006ea2 <__wrap_powf+0x106>
10006e06:	1c21      	adds	r1, r4, #0
10006e08:	1c38      	adds	r0, r7, #0
10006e0a:	f7ff ff49 	bl	10006ca0 <fpow_0>
10006e0e:	1c05      	adds	r5, r0, #0
10006e10:	1c28      	adds	r0, r5, #0
10006e12:	bc80      	pop	{r7}
10006e14:	46b8      	mov	r8, r7
10006e16:	bdf0      	pop	{r4, r5, r6, r7, pc}
10006e18:	25fe      	movs	r5, #254	@ 0xfe
10006e1a:	05ad      	lsls	r5, r5, #22
10006e1c:	e7f8      	b.n	10006e10 <__wrap_powf+0x74>
10006e1e:	003a      	movs	r2, r7
10006e20:	423e      	tst	r6, r7
10006e22:	d114      	bne.n	10006e4e <__wrap_powf+0xb2>
10006e24:	0de3      	lsrs	r3, r4, #23
10006e26:	2c00      	cmp	r4, #0
10006e28:	db19      	blt.n	10006e5e <__wrap_powf+0xc2>
10006e2a:	3b7f      	subs	r3, #127	@ 0x7f
10006e2c:	d40d      	bmi.n	10006e4a <__wrap_powf+0xae>
10006e2e:	2217      	movs	r2, #23
10006e30:	1ad3      	subs	r3, r2, r3
10006e32:	d40a      	bmi.n	10006e4a <__wrap_powf+0xae>
10006e34:	2101      	movs	r1, #1
10006e36:	000a      	movs	r2, r1
10006e38:	409a      	lsls	r2, r3
10006e3a:	3a01      	subs	r2, #1
10006e3c:	4222      	tst	r2, r4
10006e3e:	d104      	bne.n	10006e4a <__wrap_powf+0xae>
10006e40:	2b17      	cmp	r3, #23
10006e42:	d0e5      	beq.n	10006e10 <__wrap_powf+0x74>
10006e44:	40dc      	lsrs	r4, r3
10006e46:	4221      	tst	r1, r4
10006e48:	d1e2      	bne.n	10006e10 <__wrap_powf+0x74>
10006e4a:	2500      	movs	r5, #0
10006e4c:	e7e0      	b.n	10006e10 <__wrap_powf+0x74>
10006e4e:	0dfd      	lsrs	r5, r7, #23
10006e50:	2dff      	cmp	r5, #255	@ 0xff
10006e52:	d13c      	bne.n	10006ece <__wrap_powf+0x132>
10006e54:	2c00      	cmp	r4, #0
10006e56:	dbf8      	blt.n	10006e4a <__wrap_powf+0xae>
10006e58:	25ff      	movs	r5, #255	@ 0xff
10006e5a:	05ed      	lsls	r5, r5, #23
10006e5c:	e7d8      	b.n	10006e10 <__wrap_powf+0x74>
10006e5e:	22ff      	movs	r2, #255	@ 0xff
10006e60:	4013      	ands	r3, r2
10006e62:	3b7f      	subs	r3, #127	@ 0x7f
10006e64:	d4f8      	bmi.n	10006e58 <__wrap_powf+0xbc>
10006e66:	3ae8      	subs	r2, #232	@ 0xe8
10006e68:	1ad3      	subs	r3, r2, r3
10006e6a:	d4f5      	bmi.n	10006e58 <__wrap_powf+0xbc>
10006e6c:	2101      	movs	r1, #1
10006e6e:	000a      	movs	r2, r1
10006e70:	409a      	lsls	r2, r3
10006e72:	3a01      	subs	r2, #1
10006e74:	4222      	tst	r2, r4
10006e76:	d1ef      	bne.n	10006e58 <__wrap_powf+0xbc>
10006e78:	2b17      	cmp	r3, #23
10006e7a:	d002      	beq.n	10006e82 <__wrap_powf+0xe6>
10006e7c:	40dc      	lsrs	r4, r3
10006e7e:	4221      	tst	r1, r4
10006e80:	d0ea      	beq.n	10006e58 <__wrap_powf+0xbc>
10006e82:	25ff      	movs	r5, #255	@ 0xff
10006e84:	0fff      	lsrs	r7, r7, #31
10006e86:	07ff      	lsls	r7, r7, #31
10006e88:	05ed      	lsls	r5, r5, #23
10006e8a:	433d      	orrs	r5, r7
10006e8c:	e7c0      	b.n	10006e10 <__wrap_powf+0x74>
10006e8e:	23ff      	movs	r3, #255	@ 0xff
10006e90:	402b      	ands	r3, r5
10006e92:	2b7e      	cmp	r3, #126	@ 0x7e
10006e94:	d9e0      	bls.n	10006e58 <__wrap_powf+0xbc>
10006e96:	e7d8      	b.n	10006e4a <__wrap_powf+0xae>
10006e98:	402b      	ands	r3, r5
10006e9a:	2b7e      	cmp	r3, #126	@ 0x7e
10006e9c:	d8dc      	bhi.n	10006e58 <__wrap_powf+0xbc>
10006e9e:	2500      	movs	r5, #0
10006ea0:	e7b6      	b.n	10006e10 <__wrap_powf+0x74>
10006ea2:	2a00      	cmp	r2, #0
10006ea4:	dbd8      	blt.n	10006e58 <__wrap_powf+0xbc>
10006ea6:	1c38      	adds	r0, r7, #0
10006ea8:	f7ff fe48 	bl	10006b3c <__wrap___aeabi_f2d>
10006eac:	f7ff f856 	bl	10005f5c <__wrap_log>
10006eb0:	0006      	movs	r6, r0
10006eb2:	000f      	movs	r7, r1
10006eb4:	1c20      	adds	r0, r4, #0
10006eb6:	f7ff fe41 	bl	10006b3c <__wrap___aeabi_f2d>
10006eba:	0032      	movs	r2, r6
10006ebc:	003b      	movs	r3, r7
10006ebe:	f7fe ff3c 	bl	10005d3a <__wrap___aeabi_dmul>
10006ec2:	f7ff f83f 	bl	10005f44 <__wrap_exp>
10006ec6:	f7ff f831 	bl	10005f2c <__wrap___aeabi_d2f>
10006eca:	1c05      	adds	r5, r0, #0
10006ecc:	e7a0      	b.n	10006e10 <__wrap_powf+0x74>
10006ece:	4917      	ldr	r1, [pc, #92]	@ (10006f2c <__wrap_powf+0x190>)
10006ed0:	0de3      	lsrs	r3, r4, #23
10006ed2:	428d      	cmp	r5, r1
10006ed4:	d000      	beq.n	10006ed8 <__wrap_powf+0x13c>
10006ed6:	e780      	b.n	10006dda <__wrap_powf+0x3e>
10006ed8:	2c00      	cmp	r4, #0
10006eda:	db10      	blt.n	10006efe <__wrap_powf+0x162>
10006edc:	3b7f      	subs	r3, #127	@ 0x7f
10006ede:	d4bb      	bmi.n	10006e58 <__wrap_powf+0xbc>
10006ee0:	2217      	movs	r2, #23
10006ee2:	1ad3      	subs	r3, r2, r3
10006ee4:	d4b8      	bmi.n	10006e58 <__wrap_powf+0xbc>
10006ee6:	3a16      	subs	r2, #22
10006ee8:	409a      	lsls	r2, r3
10006eea:	3a01      	subs	r2, #1
10006eec:	4222      	tst	r2, r4
10006eee:	d1b3      	bne.n	10006e58 <__wrap_powf+0xbc>
10006ef0:	2b17      	cmp	r3, #23
10006ef2:	d002      	beq.n	10006efa <__wrap_powf+0x15e>
10006ef4:	40dc      	lsrs	r4, r3
10006ef6:	07e4      	lsls	r4, r4, #31
10006ef8:	d5ae      	bpl.n	10006e58 <__wrap_powf+0xbc>
10006efa:	4d0d      	ldr	r5, [pc, #52]	@ (10006f30 <__wrap_powf+0x194>)
10006efc:	e788      	b.n	10006e10 <__wrap_powf+0x74>
10006efe:	22ff      	movs	r2, #255	@ 0xff
10006f00:	4013      	ands	r3, r2
10006f02:	3b7f      	subs	r3, #127	@ 0x7f
10006f04:	d4a1      	bmi.n	10006e4a <__wrap_powf+0xae>
10006f06:	3ae8      	subs	r2, #232	@ 0xe8
10006f08:	1ad3      	subs	r3, r2, r3
10006f0a:	d49e      	bmi.n	10006e4a <__wrap_powf+0xae>
10006f0c:	3a16      	subs	r2, #22
10006f0e:	409a      	lsls	r2, r3
10006f10:	3a01      	subs	r2, #1
10006f12:	4222      	tst	r2, r4
10006f14:	d199      	bne.n	10006e4a <__wrap_powf+0xae>
10006f16:	2b17      	cmp	r3, #23
10006f18:	d002      	beq.n	10006f20 <__wrap_powf+0x184>
10006f1a:	40dc      	lsrs	r4, r3
10006f1c:	07e4      	lsls	r4, r4, #31
10006f1e:	d594      	bpl.n	10006e4a <__wrap_powf+0xae>
10006f20:	2580      	movs	r5, #128	@ 0x80
10006f22:	062d      	lsls	r5, r5, #24
10006f24:	e774      	b.n	10006e10 <__wrap_powf+0x74>
10006f26:	46c0      	nop			@ (mov r8, r8)
10006f28:	bf800000 	.word	0xbf800000
10006f2c:	000001ff 	.word	0x000001ff
10006f30:	ff800000 	.word	0xff800000

10006f34 <float_table_shim_on_use_helper>:
10006f34:	b507      	push	{r0, r1, r2, lr}
10006f36:	4660      	mov	r0, ip
10006f38:	8801      	ldrh	r1, [r0, #0]
10006f3a:	0a0a      	lsrs	r2, r1, #8
10006f3c:	3002      	adds	r0, #2
10006f3e:	2adf      	cmp	r2, #223	@ 0xdf
10006f40:	d1fa      	bne.n	10006f38 <float_table_shim_on_use_helper+0x4>
10006f42:	b2c9      	uxtb	r1, r1
10006f44:	0882      	lsrs	r2, r0, #2
10006f46:	d304      	bcc.n	10006f52 <float_table_shim_on_use_helper+0x1e>
10006f48:	8802      	ldrh	r2, [r0, #0]
10006f4a:	8840      	ldrh	r0, [r0, #2]
10006f4c:	0400      	lsls	r0, r0, #16
10006f4e:	4310      	orrs	r0, r2
10006f50:	e000      	b.n	10006f54 <float_table_shim_on_use_helper+0x20>
10006f52:	6800      	ldr	r0, [r0, #0]
10006f54:	4a01      	ldr	r2, [pc, #4]	@ (10006f5c <float_table_shim_on_use_helper+0x28>)
10006f56:	5050      	str	r0, [r2, r1]
10006f58:	9003      	str	r0, [sp, #12]
10006f5a:	bd07      	pop	{r0, r1, r2, pc}
10006f5c:	20000b50 	.word	0x20000b50

10006f60 <uint642float_shim>:
10006f60:	2200      	movs	r2, #0

10006f62 <ufix642float_shim>:
10006f62:	b530      	push	{r4, r5, lr}
10006f64:	2900      	cmp	r1, #0
10006f66:	d506      	bpl.n	10006f76 <fix642float_shim+0x2>
10006f68:	07cd      	lsls	r5, r1, #31
10006f6a:	4305      	orrs	r5, r0
10006f6c:	0848      	lsrs	r0, r1, #1
10006f6e:	3a01      	subs	r2, #1
10006f70:	e010      	b.n	10006f94 <fix642float_shim+0x20>

10006f72 <int642float_shim>:
10006f72:	2200      	movs	r2, #0

10006f74 <fix642float_shim>:
10006f74:	b530      	push	{r4, r5, lr}
10006f76:	0005      	movs	r5, r0
10006f78:	430d      	orrs	r5, r1
10006f7a:	d00f      	beq.n	10006f9c <ret_pop45>
10006f7c:	17cd      	asrs	r5, r1, #31
10006f7e:	160c      	asrs	r4, r1, #24
10006f80:	42ac      	cmp	r4, r5
10006f82:	d105      	bne.n	10006f90 <fix642float_shim+0x1c>
10006f84:	01c9      	lsls	r1, r1, #7
10006f86:	0e44      	lsrs	r4, r0, #25
10006f88:	4321      	orrs	r1, r4
10006f8a:	01c0      	lsls	r0, r0, #7
10006f8c:	3207      	adds	r2, #7
10006f8e:	e7f6      	b.n	10006f7e <fix642float_shim+0xa>
10006f90:	0005      	movs	r5, r0
10006f92:	0008      	movs	r0, r1
10006f94:	4252      	negs	r2, r2
10006f96:	323d      	adds	r2, #61	@ 0x3d
10006f98:	4901      	ldr	r1, [pc, #4]	@ (10006fa0 <ret_pop45+0x4>)
10006f9a:	4788      	blx	r1

10006f9c <ret_pop45>:
10006f9c:	bd30      	pop	{r4, r5, pc}
10006f9e:	0000      	.short	0x0000
10006fa0:	000029ef 	.word	0x000029ef

10006fa4 <fatan2_shim>:
10006fa4:	b530      	push	{r4, r5, lr}
10006fa6:	4c1d      	ldr	r4, [pc, #116]	@ (1000701c <fatan2_shim+0x78>)
10006fa8:	46a4      	mov	ip, r4
10006faa:	47e0      	blx	ip
10006fac:	4604      	mov	r4, r0
10006fae:	4608      	mov	r0, r1
10006fb0:	4621      	mov	r1, r4
10006fb2:	4614      	mov	r4, r2
10006fb4:	461a      	mov	r2, r3
10006fb6:	4623      	mov	r3, r4
10006fb8:	47e0      	blx	ip
10006fba:	0140      	lsls	r0, r0, #5
10006fbc:	0149      	lsls	r1, r1, #5
10006fbe:	18d4      	adds	r4, r2, r3
10006fc0:	1264      	asrs	r4, r4, #9
10006fc2:	3401      	adds	r4, #1
10006fc4:	d40a      	bmi.n	10006fdc <fatan2_shim+0x38>
10006fc6:	1ad4      	subs	r4, r2, r3
10006fc8:	da05      	bge.n	10006fd6 <fatan2_shim+0x32>
10006fca:	4264      	negs	r4, r4
10006fcc:	4120      	asrs	r0, r4
10006fce:	2c1c      	cmp	r4, #28
10006fd0:	d30d      	bcc.n	10006fee <fatan2_shim+0x4a>
10006fd2:	17c0      	asrs	r0, r0, #31
10006fd4:	e00b      	b.n	10006fee <fatan2_shim+0x4a>
10006fd6:	4121      	asrs	r1, r4
10006fd8:	2c1c      	cmp	r4, #28
10006fda:	d308      	bcc.n	10006fee <fatan2_shim+0x4a>
10006fdc:	2800      	cmp	r0, #0
10006fde:	da04      	bge.n	10006fea <fatan2_shim+0x46>
10006fe0:	4b0f      	ldr	r3, [pc, #60]	@ (10007020 <fatan2_shim+0x7c>)
10006fe2:	6818      	ldr	r0, [r3, #0]
10006fe4:	17c9      	asrs	r1, r1, #31
10006fe6:	4048      	eors	r0, r1
10006fe8:	e014      	b.n	10007014 <fatan2_shim+0x70>
10006fea:	17c8      	asrs	r0, r1, #31
10006fec:	e012      	b.n	10007014 <fatan2_shim+0x70>
10006fee:	2200      	movs	r2, #0
10006ff0:	4b0b      	ldr	r3, [pc, #44]	@ (10007020 <fatan2_shim+0x7c>)
10006ff2:	2800      	cmp	r0, #0
10006ff4:	da02      	bge.n	10006ffc <fatan2_shim+0x58>
10006ff6:	4240      	negs	r0, r0
10006ff8:	4249      	negs	r1, r1
10006ffa:	681a      	ldr	r2, [r3, #0]
10006ffc:	2401      	movs	r4, #1
10006ffe:	4d09      	ldr	r5, [pc, #36]	@ (10007024 <fatan2_shim+0x80>)
10007000:	47a8      	blx	r5
10007002:	4610      	mov	r0, r2
10007004:	4b06      	ldr	r3, [pc, #24]	@ (10007020 <fatan2_shim+0x7c>)
10007006:	681a      	ldr	r2, [r3, #0]
10007008:	1884      	adds	r4, r0, r2
1000700a:	d202      	bcs.n	10007012 <fatan2_shim+0x6e>
1000700c:	1a84      	subs	r4, r0, r2
1000700e:	d400      	bmi.n	10007012 <fatan2_shim+0x6e>
10007010:	1aa0      	subs	r0, r4, r2
10007012:	3801      	subs	r0, #1
10007014:	2200      	movs	r2, #0
10007016:	4b04      	ldr	r3, [pc, #16]	@ (10007028 <fatan2_shim+0x84>)
10007018:	4718      	bx	r3
1000701a:	0000      	.short	0x0000
1000701c:	000029c1 	.word	0x000029c1
10007020:	00002cfc 	.word	0x00002cfc
10007024:	00002b97 	.word	0x00002b97
10007028:	00002b19 	.word	0x00002b19

1000702c <float2int_shim>:
1000702c:	2100      	movs	r1, #0

1000702e <float2fix_shim>:
1000702e:	15c2      	asrs	r2, r0, #23
10007030:	3280      	adds	r2, #128	@ 0x80
10007032:	3280      	adds	r2, #128	@ 0x80
10007034:	d001      	beq.n	1000703a <float2fix_shim+0xc>
10007036:	4a02      	ldr	r2, [pc, #8]	@ (10007040 <float2fix_shim+0x12>)
10007038:	4710      	bx	r2
1000703a:	2000      	movs	r0, #0
1000703c:	4770      	bx	lr
1000703e:	0000      	.short	0x0000
10007040:	00002acd 	.word	0x00002acd

10007044 <float2double_shim>:
10007044:	0fc3      	lsrs	r3, r0, #31
10007046:	07db      	lsls	r3, r3, #31
10007048:	0041      	lsls	r1, r0, #1
1000704a:	0e0a      	lsrs	r2, r1, #24
1000704c:	d007      	beq.n	1000705e <float2double_shim+0x1a>
1000704e:	2aff      	cmp	r2, #255	@ 0xff
10007050:	d008      	beq.n	10007064 <float2double_shim+0x20>
10007052:	0909      	lsrs	r1, r1, #4
10007054:	4a05      	ldr	r2, [pc, #20]	@ (1000706c <float2double_shim+0x28>)
10007056:	1889      	adds	r1, r1, r2
10007058:	4319      	orrs	r1, r3
1000705a:	0740      	lsls	r0, r0, #29
1000705c:	4770      	bx	lr
1000705e:	0019      	movs	r1, r3
10007060:	2000      	movs	r0, #0
10007062:	4770      	bx	lr
10007064:	4902      	ldr	r1, [pc, #8]	@ (10007070 <float2double_shim+0x2c>)
10007066:	18c9      	adds	r1, r1, r3
10007068:	e7fa      	b.n	10007060 <float2double_shim+0x1c>
1000706a:	0000      	.short	0x0000
1000706c:	38000000 	.word	0x38000000
10007070:	7ff00000 	.word	0x7ff00000

10007074 <__aeabi_mem_init>:
10007074:	4801      	ldr	r0, [pc, #4]	@ (1000707c <__aeabi_mem_init+0x8>)
10007076:	2104      	movs	r1, #4
10007078:	4b01      	ldr	r3, [pc, #4]	@ (10007080 <__aeabi_mem_init+0xc>)
1000707a:	4718      	bx	r3
1000707c:	20000220 	.word	0x20000220
10007080:	100057d1 	.word	0x100057d1

10007084 <__wrap_memset>:
10007084:	4b01      	ldr	r3, [pc, #4]	@ (1000708c <__wrap_memset+0x8>)
10007086:	681b      	ldr	r3, [r3, #0]
10007088:	4718      	bx	r3
1000708a:	0000      	.short	0x0000
1000708c:	20000220 	.word	0x20000220

10007090 <__wrap___aeabi_memcpy>:
10007090:	4b01      	ldr	r3, [pc, #4]	@ (10007098 <__wrap___aeabi_memcpy+0x8>)
10007092:	685b      	ldr	r3, [r3, #4]
10007094:	4718      	bx	r3
10007096:	0000      	.short	0x0000
10007098:	20000220 	.word	0x20000220

1000709c <stdio_out_chars_crlf>:
1000709c:	b5f0      	push	{r4, r5, r6, r7, lr}
1000709e:	46c6      	mov	lr, r8
100070a0:	b500      	push	{lr}
100070a2:	7d43      	ldrb	r3, [r0, #21]
100070a4:	0007      	movs	r7, r0
100070a6:	000c      	movs	r4, r1
100070a8:	0016      	movs	r6, r2
100070aa:	2b00      	cmp	r3, #0
100070ac:	d046      	beq.n	1000713c <stdio_out_chars_crlf+0xa0>
100070ae:	2a00      	cmp	r2, #0
100070b0:	dd17      	ble.n	100070e2 <stdio_out_chars_crlf+0x46>
100070b2:	780b      	ldrb	r3, [r1, #0]
100070b4:	2b0a      	cmp	r3, #10
100070b6:	d024      	beq.n	10007102 <stdio_out_chars_crlf+0x66>
100070b8:	2300      	movs	r3, #0
100070ba:	4698      	mov	r8, r3
100070bc:	2e01      	cmp	r6, #1
100070be:	d013      	beq.n	100070e8 <stdio_out_chars_crlf+0x4c>
100070c0:	2501      	movs	r5, #1
100070c2:	0029      	movs	r1, r5
100070c4:	5c63      	ldrb	r3, [r4, r1]
100070c6:	3501      	adds	r5, #1
100070c8:	2b0a      	cmp	r3, #10
100070ca:	d026      	beq.n	1000711a <stdio_out_chars_crlf+0x7e>
100070cc:	42b5      	cmp	r5, r6
100070ce:	d1f8      	bne.n	100070c2 <stdio_out_chars_crlf+0x26>
100070d0:	4546      	cmp	r6, r8
100070d2:	dc09      	bgt.n	100070e8 <stdio_out_chars_crlf+0x4c>
100070d4:	19a4      	adds	r4, r4, r6
100070d6:	3c01      	subs	r4, #1
100070d8:	7823      	ldrb	r3, [r4, #0]
100070da:	3b0d      	subs	r3, #13
100070dc:	425a      	negs	r2, r3
100070de:	4153      	adcs	r3, r2
100070e0:	753b      	strb	r3, [r7, #20]
100070e2:	bc80      	pop	{r7}
100070e4:	46b8      	mov	r8, r7
100070e6:	bdf0      	pop	{r4, r5, r6, r7, pc}
100070e8:	4643      	mov	r3, r8
100070ea:	18e0      	adds	r0, r4, r3
100070ec:	19a4      	adds	r4, r4, r6
100070ee:	1af1      	subs	r1, r6, r3
100070f0:	3c01      	subs	r4, #1
100070f2:	683b      	ldr	r3, [r7, #0]
100070f4:	4798      	blx	r3
100070f6:	7823      	ldrb	r3, [r4, #0]
100070f8:	3b0d      	subs	r3, #13
100070fa:	425a      	negs	r2, r3
100070fc:	4153      	adcs	r3, r2
100070fe:	753b      	strb	r3, [r7, #20]
10007100:	e7ef      	b.n	100070e2 <stdio_out_chars_crlf+0x46>
10007102:	7d03      	ldrb	r3, [r0, #20]
10007104:	2b00      	cmp	r3, #0
10007106:	d1d7      	bne.n	100070b8 <stdio_out_chars_crlf+0x1c>
10007108:	2102      	movs	r1, #2
1000710a:	480f      	ldr	r0, [pc, #60]	@ (10007148 <stdio_out_chars_crlf+0xac>)
1000710c:	683b      	ldr	r3, [r7, #0]
1000710e:	4798      	blx	r3
10007110:	2e01      	cmp	r6, #1
10007112:	d0df      	beq.n	100070d4 <stdio_out_chars_crlf+0x38>
10007114:	2301      	movs	r3, #1
10007116:	4698      	mov	r8, r3
10007118:	e7d2      	b.n	100070c0 <stdio_out_chars_crlf+0x24>
1000711a:	1e63      	subs	r3, r4, #1
1000711c:	5c5b      	ldrb	r3, [r3, r1]
1000711e:	2b0d      	cmp	r3, #13
10007120:	d0d4      	beq.n	100070cc <stdio_out_chars_crlf+0x30>
10007122:	4588      	cmp	r8, r1
10007124:	da04      	bge.n	10007130 <stdio_out_chars_crlf+0x94>
10007126:	4643      	mov	r3, r8
10007128:	1ac9      	subs	r1, r1, r3
1000712a:	18e0      	adds	r0, r4, r3
1000712c:	683b      	ldr	r3, [r7, #0]
1000712e:	4798      	blx	r3
10007130:	2102      	movs	r1, #2
10007132:	4805      	ldr	r0, [pc, #20]	@ (10007148 <stdio_out_chars_crlf+0xac>)
10007134:	683b      	ldr	r3, [r7, #0]
10007136:	46a8      	mov	r8, r5
10007138:	4798      	blx	r3
1000713a:	e7c7      	b.n	100070cc <stdio_out_chars_crlf+0x30>
1000713c:	6803      	ldr	r3, [r0, #0]
1000713e:	0011      	movs	r1, r2
10007140:	0020      	movs	r0, r4
10007142:	4798      	blx	r3
10007144:	e7cd      	b.n	100070e2 <stdio_out_chars_crlf+0x46>
10007146:	46c0      	nop			@ (mov r8, r8)
10007148:	1000b2a4 	.word	0x1000b2a4

1000714c <stdio_buffered_printer>:
1000714c:	b5f0      	push	{r4, r5, r6, r7, lr}
1000714e:	46c6      	mov	lr, r8
10007150:	680b      	ldr	r3, [r1, #0]
10007152:	0006      	movs	r6, r0
10007154:	000c      	movs	r4, r1
10007156:	b500      	push	{lr}
10007158:	2b80      	cmp	r3, #128	@ 0x80
1000715a:	d006      	beq.n	1000716a <stdio_buffered_printer+0x1e>
1000715c:	1c5a      	adds	r2, r3, #1
1000715e:	6022      	str	r2, [r4, #0]
10007160:	18e4      	adds	r4, r4, r3
10007162:	7126      	strb	r6, [r4, #4]
10007164:	bc80      	pop	{r7}
10007166:	46b8      	mov	r8, r7
10007168:	bdf0      	pop	{r4, r5, r6, r7, pc}
1000716a:	4b0f      	ldr	r3, [pc, #60]	@ (100071a8 <stdio_buffered_printer+0x5c>)
1000716c:	681d      	ldr	r5, [r3, #0]
1000716e:	2d00      	cmp	r5, #0
10007170:	d016      	beq.n	100071a0 <stdio_buffered_printer+0x54>
10007172:	1d0b      	adds	r3, r1, #4
10007174:	4698      	mov	r8, r3
10007176:	4f0d      	ldr	r7, [pc, #52]	@ (100071ac <stdio_buffered_printer+0x60>)
10007178:	e002      	b.n	10007180 <stdio_buffered_printer+0x34>
1000717a:	692d      	ldr	r5, [r5, #16]
1000717c:	2d00      	cmp	r5, #0
1000717e:	d00f      	beq.n	100071a0 <stdio_buffered_printer+0x54>
10007180:	682b      	ldr	r3, [r5, #0]
10007182:	2b00      	cmp	r3, #0
10007184:	d0f9      	beq.n	1000717a <stdio_buffered_printer+0x2e>
10007186:	683b      	ldr	r3, [r7, #0]
10007188:	2b00      	cmp	r3, #0
1000718a:	d001      	beq.n	10007190 <stdio_buffered_printer+0x44>
1000718c:	42ab      	cmp	r3, r5
1000718e:	d1f4      	bne.n	1000717a <stdio_buffered_printer+0x2e>
10007190:	0028      	movs	r0, r5
10007192:	4641      	mov	r1, r8
10007194:	6822      	ldr	r2, [r4, #0]
10007196:	f7ff ff81 	bl	1000709c <stdio_out_chars_crlf>
1000719a:	692d      	ldr	r5, [r5, #16]
1000719c:	2d00      	cmp	r5, #0
1000719e:	d1ef      	bne.n	10007180 <stdio_buffered_printer+0x34>
100071a0:	2201      	movs	r2, #1
100071a2:	2300      	movs	r3, #0
100071a4:	e7db      	b.n	1000715e <stdio_buffered_printer+0x12>
100071a6:	46c0      	nop			@ (mov r8, r8)
100071a8:	20000e60 	.word	0x20000e60
100071ac:	20000e78 	.word	0x20000e78

100071b0 <__wrap_putchar>:
100071b0:	b5f0      	push	{r4, r5, r6, r7, lr}
100071b2:	46ce      	mov	lr, r9
100071b4:	4647      	mov	r7, r8
100071b6:	b580      	push	{r7, lr}
100071b8:	b083      	sub	sp, #12
100071ba:	466b      	mov	r3, sp
100071bc:	0006      	movs	r6, r0
100071be:	1ddd      	adds	r5, r3, #7
100071c0:	7028      	strb	r0, [r5, #0]
100071c2:	f7fb ff6d 	bl	100030a0 <time_us_64>
100071c6:	2300      	movs	r3, #0
100071c8:	4a19      	ldr	r2, [pc, #100]	@ (10007230 <__wrap_putchar+0x80>)
100071ca:	1812      	adds	r2, r2, r0
100071cc:	414b      	adcs	r3, r1
100071ce:	2b00      	cmp	r3, #0
100071d0:	da02      	bge.n	100071d8 <__wrap_putchar+0x28>
100071d2:	2201      	movs	r2, #1
100071d4:	4b17      	ldr	r3, [pc, #92]	@ (10007234 <__wrap_putchar+0x84>)
100071d6:	4252      	negs	r2, r2
100071d8:	4917      	ldr	r1, [pc, #92]	@ (10007238 <__wrap_putchar+0x88>)
100071da:	0008      	movs	r0, r1
100071dc:	4688      	mov	r8, r1
100071de:	f003 fbaf 	bl	1000a940 <__mutex_try_enter_block_until_veneer>
100071e2:	4b16      	ldr	r3, [pc, #88]	@ (1000723c <__wrap_putchar+0x8c>)
100071e4:	4681      	mov	r9, r0
100071e6:	681c      	ldr	r4, [r3, #0]
100071e8:	2c00      	cmp	r4, #0
100071ea:	d014      	beq.n	10007216 <__wrap_putchar+0x66>
100071ec:	4f14      	ldr	r7, [pc, #80]	@ (10007240 <__wrap_putchar+0x90>)
100071ee:	e002      	b.n	100071f6 <__wrap_putchar+0x46>
100071f0:	6924      	ldr	r4, [r4, #16]
100071f2:	2c00      	cmp	r4, #0
100071f4:	d00f      	beq.n	10007216 <__wrap_putchar+0x66>
100071f6:	6823      	ldr	r3, [r4, #0]
100071f8:	2b00      	cmp	r3, #0
100071fa:	d0f9      	beq.n	100071f0 <__wrap_putchar+0x40>
100071fc:	683b      	ldr	r3, [r7, #0]
100071fe:	2b00      	cmp	r3, #0
10007200:	d001      	beq.n	10007206 <__wrap_putchar+0x56>
10007202:	429c      	cmp	r4, r3
10007204:	d1f4      	bne.n	100071f0 <__wrap_putchar+0x40>
10007206:	0020      	movs	r0, r4
10007208:	2201      	movs	r2, #1
1000720a:	0029      	movs	r1, r5
1000720c:	f7ff ff46 	bl	1000709c <stdio_out_chars_crlf>
10007210:	6924      	ldr	r4, [r4, #16]
10007212:	2c00      	cmp	r4, #0
10007214:	d1ef      	bne.n	100071f6 <__wrap_putchar+0x46>
10007216:	464b      	mov	r3, r9
10007218:	2b00      	cmp	r3, #0
1000721a:	d105      	bne.n	10007228 <__wrap_putchar+0x78>
1000721c:	0030      	movs	r0, r6
1000721e:	b003      	add	sp, #12
10007220:	bcc0      	pop	{r6, r7}
10007222:	46b9      	mov	r9, r7
10007224:	46b0      	mov	r8, r6
10007226:	bdf0      	pop	{r4, r5, r6, r7, pc}
10007228:	4640      	mov	r0, r8
1000722a:	f003 fb71 	bl	1000a910 <__mutex_exit_veneer>
1000722e:	e7f5      	b.n	1000721c <__wrap_putchar+0x6c>
10007230:	000f4240 	.word	0x000f4240
10007234:	7fffffff 	.word	0x7fffffff
10007238:	200008f8 	.word	0x200008f8
1000723c:	20000e60 	.word	0x20000e60
10007240:	20000e78 	.word	0x20000e78

10007244 <__wrap_puts>:
10007244:	b5f0      	push	{r4, r5, r6, r7, lr}
10007246:	46de      	mov	lr, fp
10007248:	464e      	mov	r6, r9
1000724a:	4645      	mov	r5, r8
1000724c:	4657      	mov	r7, sl
1000724e:	b5e0      	push	{r5, r6, r7, lr}
10007250:	b083      	sub	sp, #12
10007252:	0006      	movs	r6, r0
10007254:	f001 ffb4 	bl	100091c0 <strlen>
10007258:	0005      	movs	r5, r0
1000725a:	f7fb ff21 	bl	100030a0 <time_us_64>
1000725e:	2300      	movs	r3, #0
10007260:	4a28      	ldr	r2, [pc, #160]	@ (10007304 <__wrap_puts+0xc0>)
10007262:	1812      	adds	r2, r2, r0
10007264:	414b      	adcs	r3, r1
10007266:	2b00      	cmp	r3, #0
10007268:	da02      	bge.n	10007270 <__wrap_puts+0x2c>
1000726a:	2201      	movs	r2, #1
1000726c:	4b26      	ldr	r3, [pc, #152]	@ (10007308 <__wrap_puts+0xc4>)
1000726e:	4252      	negs	r2, r2
10007270:	4926      	ldr	r1, [pc, #152]	@ (1000730c <__wrap_puts+0xc8>)
10007272:	0008      	movs	r0, r1
10007274:	468b      	mov	fp, r1
10007276:	f003 fb63 	bl	1000a940 <__mutex_try_enter_block_until_veneer>
1000727a:	4b25      	ldr	r3, [pc, #148]	@ (10007310 <__wrap_puts+0xcc>)
1000727c:	4681      	mov	r9, r0
1000727e:	681c      	ldr	r4, [r3, #0]
10007280:	469a      	mov	sl, r3
10007282:	2c00      	cmp	r4, #0
10007284:	d038      	beq.n	100072f8 <__wrap_puts+0xb4>
10007286:	230a      	movs	r3, #10
10007288:	4f22      	ldr	r7, [pc, #136]	@ (10007314 <__wrap_puts+0xd0>)
1000728a:	4698      	mov	r8, r3
1000728c:	e002      	b.n	10007294 <__wrap_puts+0x50>
1000728e:	6924      	ldr	r4, [r4, #16]
10007290:	2c00      	cmp	r4, #0
10007292:	d017      	beq.n	100072c4 <__wrap_puts+0x80>
10007294:	6823      	ldr	r3, [r4, #0]
10007296:	2b00      	cmp	r3, #0
10007298:	d0f9      	beq.n	1000728e <__wrap_puts+0x4a>
1000729a:	683b      	ldr	r3, [r7, #0]
1000729c:	2b00      	cmp	r3, #0
1000729e:	d001      	beq.n	100072a4 <__wrap_puts+0x60>
100072a0:	429c      	cmp	r4, r3
100072a2:	d1f4      	bne.n	1000728e <__wrap_puts+0x4a>
100072a4:	0020      	movs	r0, r4
100072a6:	002a      	movs	r2, r5
100072a8:	0031      	movs	r1, r6
100072aa:	f7ff fef7 	bl	1000709c <stdio_out_chars_crlf>
100072ae:	466b      	mov	r3, sp
100072b0:	4642      	mov	r2, r8
100072b2:	0020      	movs	r0, r4
100072b4:	71da      	strb	r2, [r3, #7]
100072b6:	1dd9      	adds	r1, r3, #7
100072b8:	2201      	movs	r2, #1
100072ba:	f7ff feef 	bl	1000709c <stdio_out_chars_crlf>
100072be:	6924      	ldr	r4, [r4, #16]
100072c0:	2c00      	cmp	r4, #0
100072c2:	d1e7      	bne.n	10007294 <__wrap_puts+0x50>
100072c4:	464b      	mov	r3, r9
100072c6:	2b00      	cmp	r3, #0
100072c8:	d118      	bne.n	100072fc <__wrap_puts+0xb8>
100072ca:	4653      	mov	r3, sl
100072cc:	681c      	ldr	r4, [r3, #0]
100072ce:	2c00      	cmp	r4, #0
100072d0:	d006      	beq.n	100072e0 <__wrap_puts+0x9c>
100072d2:	6863      	ldr	r3, [r4, #4]
100072d4:	2b00      	cmp	r3, #0
100072d6:	d00b      	beq.n	100072f0 <__wrap_puts+0xac>
100072d8:	4798      	blx	r3
100072da:	6924      	ldr	r4, [r4, #16]
100072dc:	2c00      	cmp	r4, #0
100072de:	d1f8      	bne.n	100072d2 <__wrap_puts+0x8e>
100072e0:	0028      	movs	r0, r5
100072e2:	b003      	add	sp, #12
100072e4:	bcf0      	pop	{r4, r5, r6, r7}
100072e6:	46bb      	mov	fp, r7
100072e8:	46b2      	mov	sl, r6
100072ea:	46a9      	mov	r9, r5
100072ec:	46a0      	mov	r8, r4
100072ee:	bdf0      	pop	{r4, r5, r6, r7, pc}
100072f0:	6924      	ldr	r4, [r4, #16]
100072f2:	2c00      	cmp	r4, #0
100072f4:	d1ed      	bne.n	100072d2 <__wrap_puts+0x8e>
100072f6:	e7f3      	b.n	100072e0 <__wrap_puts+0x9c>
100072f8:	2800      	cmp	r0, #0
100072fa:	d0f1      	beq.n	100072e0 <__wrap_puts+0x9c>
100072fc:	4658      	mov	r0, fp
100072fe:	f003 fb07 	bl	1000a910 <__mutex_exit_veneer>
10007302:	e7e2      	b.n	100072ca <__wrap_puts+0x86>
10007304:	000f4240 	.word	0x000f4240
10007308:	7fffffff 	.word	0x7fffffff
1000730c:	200008f8 	.word	0x200008f8
10007310:	20000e60 	.word	0x20000e60
10007314:	20000e78 	.word	0x20000e78

10007318 <__wrap_vprintf>:
10007318:	b5f0      	push	{r4, r5, r6, r7, lr}
1000731a:	46ce      	mov	lr, r9
1000731c:	4647      	mov	r7, r8
1000731e:	b580      	push	{r7, lr}
10007320:	b0a3      	sub	sp, #140	@ 0x8c
10007322:	0004      	movs	r4, r0
10007324:	000d      	movs	r5, r1
10007326:	f7fb febb 	bl	100030a0 <time_us_64>
1000732a:	2300      	movs	r3, #0
1000732c:	4a27      	ldr	r2, [pc, #156]	@ (100073cc <__wrap_vprintf+0xb4>)
1000732e:	1812      	adds	r2, r2, r0
10007330:	414b      	adcs	r3, r1
10007332:	2b00      	cmp	r3, #0
10007334:	da02      	bge.n	1000733c <__wrap_vprintf+0x24>
10007336:	2201      	movs	r2, #1
10007338:	4b25      	ldr	r3, [pc, #148]	@ (100073d0 <__wrap_vprintf+0xb8>)
1000733a:	4252      	negs	r2, r2
1000733c:	4e25      	ldr	r6, [pc, #148]	@ (100073d4 <__wrap_vprintf+0xbc>)
1000733e:	0030      	movs	r0, r6
10007340:	f003 fafe 	bl	1000a940 <__mutex_try_enter_block_until_veneer>
10007344:	2300      	movs	r3, #0
10007346:	0022      	movs	r2, r4
10007348:	9301      	str	r3, [sp, #4]
1000734a:	0007      	movs	r7, r0
1000734c:	002b      	movs	r3, r5
1000734e:	4822      	ldr	r0, [pc, #136]	@ (100073d8 <__wrap_vprintf+0xc0>)
10007350:	a901      	add	r1, sp, #4
10007352:	f7fe f9db 	bl	1000570c <vfctprintf>
10007356:	4b21      	ldr	r3, [pc, #132]	@ (100073dc <__wrap_vprintf+0xc4>)
10007358:	4680      	mov	r8, r0
1000735a:	4699      	mov	r9, r3
1000735c:	681c      	ldr	r4, [r3, #0]
1000735e:	9b01      	ldr	r3, [sp, #4]
10007360:	2b00      	cmp	r3, #0
10007362:	d01a      	beq.n	1000739a <__wrap_vprintf+0x82>
10007364:	2c00      	cmp	r4, #0
10007366:	d02f      	beq.n	100073c8 <__wrap_vprintf+0xb0>
10007368:	4d1d      	ldr	r5, [pc, #116]	@ (100073e0 <__wrap_vprintf+0xc8>)
1000736a:	e002      	b.n	10007372 <__wrap_vprintf+0x5a>
1000736c:	6924      	ldr	r4, [r4, #16]
1000736e:	2c00      	cmp	r4, #0
10007370:	d00f      	beq.n	10007392 <__wrap_vprintf+0x7a>
10007372:	6823      	ldr	r3, [r4, #0]
10007374:	2b00      	cmp	r3, #0
10007376:	d0f9      	beq.n	1000736c <__wrap_vprintf+0x54>
10007378:	682b      	ldr	r3, [r5, #0]
1000737a:	2b00      	cmp	r3, #0
1000737c:	d001      	beq.n	10007382 <__wrap_vprintf+0x6a>
1000737e:	42a3      	cmp	r3, r4
10007380:	d1f4      	bne.n	1000736c <__wrap_vprintf+0x54>
10007382:	0020      	movs	r0, r4
10007384:	9a01      	ldr	r2, [sp, #4]
10007386:	a902      	add	r1, sp, #8
10007388:	f7ff fe88 	bl	1000709c <stdio_out_chars_crlf>
1000738c:	6924      	ldr	r4, [r4, #16]
1000738e:	2c00      	cmp	r4, #0
10007390:	d1ef      	bne.n	10007372 <__wrap_vprintf+0x5a>
10007392:	464b      	mov	r3, r9
10007394:	681c      	ldr	r4, [r3, #0]
10007396:	2300      	movs	r3, #0
10007398:	9301      	str	r3, [sp, #4]
1000739a:	2c00      	cmp	r4, #0
1000739c:	d006      	beq.n	100073ac <__wrap_vprintf+0x94>
1000739e:	6863      	ldr	r3, [r4, #4]
100073a0:	2b00      	cmp	r3, #0
100073a2:	d00b      	beq.n	100073bc <__wrap_vprintf+0xa4>
100073a4:	4798      	blx	r3
100073a6:	6924      	ldr	r4, [r4, #16]
100073a8:	2c00      	cmp	r4, #0
100073aa:	d1f8      	bne.n	1000739e <__wrap_vprintf+0x86>
100073ac:	2f00      	cmp	r7, #0
100073ae:	d107      	bne.n	100073c0 <__wrap_vprintf+0xa8>
100073b0:	4640      	mov	r0, r8
100073b2:	b023      	add	sp, #140	@ 0x8c
100073b4:	bcc0      	pop	{r6, r7}
100073b6:	46b9      	mov	r9, r7
100073b8:	46b0      	mov	r8, r6
100073ba:	bdf0      	pop	{r4, r5, r6, r7, pc}
100073bc:	6924      	ldr	r4, [r4, #16]
100073be:	e7ec      	b.n	1000739a <__wrap_vprintf+0x82>
100073c0:	0030      	movs	r0, r6
100073c2:	f003 faa5 	bl	1000a910 <__mutex_exit_veneer>
100073c6:	e7f3      	b.n	100073b0 <__wrap_vprintf+0x98>
100073c8:	9401      	str	r4, [sp, #4]
100073ca:	e7ef      	b.n	100073ac <__wrap_vprintf+0x94>
100073cc:	000f4240 	.word	0x000f4240
100073d0:	7fffffff 	.word	0x7fffffff
100073d4:	200008f8 	.word	0x200008f8
100073d8:	1000714d 	.word	0x1000714d
100073dc:	20000e60 	.word	0x20000e60
100073e0:	20000e78 	.word	0x20000e78

100073e4 <__wrap_printf>:
100073e4:	b40f      	push	{r0, r1, r2, r3}
100073e6:	b500      	push	{lr}
100073e8:	b083      	sub	sp, #12
100073ea:	a904      	add	r1, sp, #16
100073ec:	c901      	ldmia	r1!, {r0}
100073ee:	9101      	str	r1, [sp, #4]
100073f0:	f7ff ff92 	bl	10007318 <__wrap_vprintf>
100073f4:	b003      	add	sp, #12
100073f6:	bc08      	pop	{r3}
100073f8:	b004      	add	sp, #16
100073fa:	4718      	bx	r3

100073fc <stdio_init_all>:
100073fc:	2000      	movs	r0, #0
100073fe:	4770      	bx	lr

10007400 <getchar_timeout_us>:
10007400:	b5f0      	push	{r4, r5, r6, r7, lr}
10007402:	46ce      	mov	lr, r9
10007404:	4647      	mov	r7, r8
10007406:	0004      	movs	r4, r0
10007408:	b580      	push	{r7, lr}
1000740a:	b083      	sub	sp, #12
1000740c:	f7fb fe48 	bl	100030a0 <time_us_64>
10007410:	0026      	movs	r6, r4
10007412:	2700      	movs	r7, #0
10007414:	1836      	adds	r6, r6, r0
10007416:	414f      	adcs	r7, r1
10007418:	2f00      	cmp	r7, #0
1000741a:	da02      	bge.n	10007422 <getchar_timeout_us+0x22>
1000741c:	2601      	movs	r6, #1
1000741e:	4f1a      	ldr	r7, [pc, #104]	@ (10007488 <getchar_timeout_us+0x88>)
10007420:	4276      	negs	r6, r6
10007422:	4b1a      	ldr	r3, [pc, #104]	@ (1000748c <getchar_timeout_us+0x8c>)
10007424:	4d1a      	ldr	r5, [pc, #104]	@ (10007490 <getchar_timeout_us+0x90>)
10007426:	4699      	mov	r9, r3
10007428:	ab01      	add	r3, sp, #4
1000742a:	4698      	mov	r8, r3
1000742c:	464b      	mov	r3, r9
1000742e:	681c      	ldr	r4, [r3, #0]
10007430:	2c00      	cmp	r4, #0
10007432:	d103      	bne.n	1000743c <getchar_timeout_us+0x3c>
10007434:	e016      	b.n	10007464 <getchar_timeout_us+0x64>
10007436:	6924      	ldr	r4, [r4, #16]
10007438:	2c00      	cmp	r4, #0
1000743a:	d013      	beq.n	10007464 <getchar_timeout_us+0x64>
1000743c:	682b      	ldr	r3, [r5, #0]
1000743e:	2b00      	cmp	r3, #0
10007440:	d001      	beq.n	10007446 <getchar_timeout_us+0x46>
10007442:	429c      	cmp	r4, r3
10007444:	d1f7      	bne.n	10007436 <getchar_timeout_us+0x36>
10007446:	68a3      	ldr	r3, [r4, #8]
10007448:	2b00      	cmp	r3, #0
1000744a:	d0f4      	beq.n	10007436 <getchar_timeout_us+0x36>
1000744c:	2101      	movs	r1, #1
1000744e:	4640      	mov	r0, r8
10007450:	4798      	blx	r3
10007452:	2800      	cmp	r0, #0
10007454:	ddef      	ble.n	10007436 <getchar_timeout_us+0x36>
10007456:	4643      	mov	r3, r8
10007458:	7818      	ldrb	r0, [r3, #0]
1000745a:	b003      	add	sp, #12
1000745c:	bcc0      	pop	{r6, r7}
1000745e:	46b9      	mov	r9, r7
10007460:	46b0      	mov	r8, r6
10007462:	bdf0      	pop	{r4, r5, r6, r7, pc}
10007464:	4b0b      	ldr	r3, [pc, #44]	@ (10007494 <getchar_timeout_us+0x94>)
10007466:	6a5a      	ldr	r2, [r3, #36]	@ 0x24
10007468:	4297      	cmp	r7, r2
1000746a:	d807      	bhi.n	1000747c <getchar_timeout_us+0x7c>
1000746c:	6a9b      	ldr	r3, [r3, #40]	@ 0x28
1000746e:	42b3      	cmp	r3, r6
10007470:	d302      	bcc.n	10007478 <getchar_timeout_us+0x78>
10007472:	2001      	movs	r0, #1
10007474:	4240      	negs	r0, r0
10007476:	e7f0      	b.n	1000745a <getchar_timeout_us+0x5a>
10007478:	4297      	cmp	r7, r2
1000747a:	d1fa      	bne.n	10007472 <getchar_timeout_us+0x72>
1000747c:	2001      	movs	r0, #1
1000747e:	2100      	movs	r1, #0
10007480:	f7fb fe18 	bl	100030b4 <busy_wait_us>
10007484:	e7d2      	b.n	1000742c <getchar_timeout_us+0x2c>
10007486:	46c0      	nop			@ (mov r8, r8)
10007488:	7fffffff 	.word	0x7fffffff
1000748c:	20000e60 	.word	0x20000e60
10007490:	20000e78 	.word	0x20000e78
10007494:	40054000 	.word	0x40054000

10007498 <i2c_set_baudrate>:
10007498:	b5f8      	push	{r3, r4, r5, r6, r7, lr}
1000749a:	46de      	mov	lr, fp
1000749c:	4657      	mov	r7, sl
1000749e:	464e      	mov	r6, r9
100074a0:	4645      	mov	r5, r8
100074a2:	4683      	mov	fp, r0
100074a4:	b5e0      	push	{r5, r6, r7, lr}
100074a6:	2005      	movs	r0, #5
100074a8:	000c      	movs	r4, r1
100074aa:	f7fc fb99 	bl	10003be0 <clock_get_hz>
100074ae:	0006      	movs	r6, r0
100074b0:	0860      	lsrs	r0, r4, #1
100074b2:	0021      	movs	r1, r4
100074b4:	1980      	adds	r0, r0, r6
100074b6:	f7fe f9d5 	bl	10005864 <__wrap___aeabi_uidiv>
100074ba:	0043      	lsls	r3, r0, #1
100074bc:	4698      	mov	r8, r3
100074be:	4480      	add	r8, r0
100074c0:	0007      	movs	r7, r0
100074c2:	2105      	movs	r1, #5
100074c4:	4640      	mov	r0, r8
100074c6:	f7fe f9cd 	bl	10005864 <__wrap___aeabi_uidiv>
100074ca:	1a3b      	subs	r3, r7, r0
100074cc:	469a      	mov	sl, r3
100074ce:	4b20      	ldr	r3, [pc, #128]	@ (10007550 <i2c_set_baudrate+0xb8>)
100074d0:	4681      	mov	r9, r0
100074d2:	0070      	lsls	r0, r6, #1
100074d4:	1980      	adds	r0, r0, r6
100074d6:	429c      	cmp	r4, r3
100074d8:	d834      	bhi.n	10007544 <i2c_set_baudrate+0xac>
100074da:	491e      	ldr	r1, [pc, #120]	@ (10007554 <i2c_set_baudrate+0xbc>)
100074dc:	f7fe f9c2 	bl	10005864 <__wrap___aeabi_uidiv>
100074e0:	1c45      	adds	r5, r0, #1
100074e2:	465b      	mov	r3, fp
100074e4:	681c      	ldr	r4, [r3, #0]
100074e6:	2300      	movs	r3, #0
100074e8:	2204      	movs	r2, #4
100074ea:	66e3      	str	r3, [r4, #108]	@ 0x6c
100074ec:	6823      	ldr	r3, [r4, #0]
100074ee:	2001      	movs	r0, #1
100074f0:	4053      	eors	r3, r2
100074f2:	3202      	adds	r2, #2
100074f4:	401a      	ands	r2, r3
100074f6:	2380      	movs	r3, #128	@ 0x80
100074f8:	015b      	lsls	r3, r3, #5
100074fa:	4323      	orrs	r3, r4
100074fc:	601a      	str	r2, [r3, #0]
100074fe:	4653      	mov	r3, sl
10007500:	61e3      	str	r3, [r4, #28]
10007502:	464b      	mov	r3, r9
10007504:	6223      	str	r3, [r4, #32]
10007506:	4643      	mov	r3, r8
10007508:	2b4f      	cmp	r3, #79	@ 0x4f
1000750a:	d903      	bls.n	10007514 <i2c_set_baudrate+0x7c>
1000750c:	2150      	movs	r1, #80	@ 0x50
1000750e:	4640      	mov	r0, r8
10007510:	f7fe f9a8 	bl	10005864 <__wrap___aeabi_uidiv>
10007514:	23a0      	movs	r3, #160	@ 0xa0
10007516:	50e0      	str	r0, [r4, r3]
10007518:	6fe3      	ldr	r3, [r4, #124]	@ 0x7c
1000751a:	0022      	movs	r2, r4
1000751c:	405d      	eors	r5, r3
1000751e:	2380      	movs	r3, #128	@ 0x80
10007520:	327c      	adds	r2, #124	@ 0x7c
10007522:	042d      	lsls	r5, r5, #16
10007524:	015b      	lsls	r3, r3, #5
10007526:	4313      	orrs	r3, r2
10007528:	0c2d      	lsrs	r5, r5, #16
1000752a:	601d      	str	r5, [r3, #0]
1000752c:	2301      	movs	r3, #1
1000752e:	0039      	movs	r1, r7
10007530:	0030      	movs	r0, r6
10007532:	66e3      	str	r3, [r4, #108]	@ 0x6c
10007534:	f7fe f996 	bl	10005864 <__wrap___aeabi_uidiv>
10007538:	bcf0      	pop	{r4, r5, r6, r7}
1000753a:	46bb      	mov	fp, r7
1000753c:	46b2      	mov	sl, r6
1000753e:	46a9      	mov	r9, r5
10007540:	46a0      	mov	r8, r4
10007542:	bdf8      	pop	{r3, r4, r5, r6, r7, pc}
10007544:	4904      	ldr	r1, [pc, #16]	@ (10007558 <i2c_set_baudrate+0xc0>)
10007546:	f7fe f98d 	bl	10005864 <__wrap___aeabi_uidiv>
1000754a:	1c45      	adds	r5, r0, #1
1000754c:	e7c9      	b.n	100074e2 <i2c_set_baudrate+0x4a>
1000754e:	46c0      	nop			@ (mov r8, r8)
10007550:	000f423f 	.word	0x000f423f
10007554:	00989680 	.word	0x00989680
10007558:	017d7840 	.word	0x017d7840

1000755c <i2c_init>:
1000755c:	4a0f      	ldr	r2, [pc, #60]	@ (1000759c <i2c_init+0x40>)
1000755e:	b570      	push	{r4, r5, r6, lr}
10007560:	1a82      	subs	r2, r0, r2
10007562:	1e53      	subs	r3, r2, #1
10007564:	419a      	sbcs	r2, r3
10007566:	4b0e      	ldr	r3, [pc, #56]	@ (100075a0 <i2c_init+0x44>)
10007568:	00d2      	lsls	r2, r2, #3
1000756a:	3208      	adds	r2, #8
1000756c:	601a      	str	r2, [r3, #0]
1000756e:	4b0d      	ldr	r3, [pc, #52]	@ (100075a4 <i2c_init+0x48>)
10007570:	4c0d      	ldr	r4, [pc, #52]	@ (100075a8 <i2c_init+0x4c>)
10007572:	601a      	str	r2, [r3, #0]
10007574:	0015      	movs	r5, r2
10007576:	68a3      	ldr	r3, [r4, #8]
10007578:	439d      	bics	r5, r3
1000757a:	1e2b      	subs	r3, r5, #0
1000757c:	d1fa      	bne.n	10007574 <i2c_init+0x18>
1000757e:	2466      	movs	r4, #102	@ 0x66
10007580:	6802      	ldr	r2, [r0, #0]
10007582:	34ff      	adds	r4, #255	@ 0xff
10007584:	7105      	strb	r5, [r0, #4]
10007586:	66d5      	str	r5, [r2, #108]	@ 0x6c
10007588:	6014      	str	r4, [r2, #0]
1000758a:	3c63      	subs	r4, #99	@ 0x63
1000758c:	3388      	adds	r3, #136	@ 0x88
1000758e:	3cff      	subs	r4, #255	@ 0xff
10007590:	63d5      	str	r5, [r2, #60]	@ 0x3c
10007592:	6395      	str	r5, [r2, #56]	@ 0x38
10007594:	50d4      	str	r4, [r2, r3]
10007596:	f7ff ff7f 	bl	10007498 <i2c_set_baudrate>
1000759a:	bd70      	pop	{r4, r5, r6, pc}
1000759c:	20000230 	.word	0x20000230
100075a0:	4000e000 	.word	0x4000e000
100075a4:	4000f000 	.word	0x4000f000
100075a8:	4000c000 	.word	0x4000c000

100075ac <i2c_write_blocking>:
100075ac:	b5f0      	push	{r4, r5, r6, r7, lr}
100075ae:	46de      	mov	lr, fp
100075b0:	4657      	mov	r7, sl
100075b2:	464e      	mov	r6, r9
100075b4:	4645      	mov	r5, r8
100075b6:	4690      	mov	r8, r2
100075b8:	2200      	movs	r2, #0
100075ba:	b5e0      	push	{r5, r6, r7, lr}
100075bc:	b083      	sub	sp, #12
100075be:	001e      	movs	r6, r3
100075c0:	ab0c      	add	r3, sp, #48	@ 0x30
100075c2:	781b      	ldrb	r3, [r3, #0]
100075c4:	0007      	movs	r7, r0
100075c6:	469b      	mov	fp, r3
100075c8:	6803      	ldr	r3, [r0, #0]
100075ca:	66da      	str	r2, [r3, #108]	@ 0x6c
100075cc:	3201      	adds	r2, #1
100075ce:	6059      	str	r1, [r3, #4]
100075d0:	66da      	str	r2, [r3, #108]	@ 0x6c
100075d2:	2e00      	cmp	r6, #0
100075d4:	dd5b      	ble.n	1000768e <i2c_write_blocking+0xe2>
100075d6:	7902      	ldrb	r2, [r0, #4]
100075d8:	4659      	mov	r1, fp
100075da:	0292      	lsls	r2, r2, #10
100075dc:	4692      	mov	sl, r2
100075de:	2201      	movs	r2, #1
100075e0:	404a      	eors	r2, r1
100075e2:	0252      	lsls	r2, r2, #9
100075e4:	4694      	mov	ip, r2
100075e6:	9101      	str	r1, [sp, #4]
100075e8:	4661      	mov	r1, ip
100075ea:	2280      	movs	r2, #128	@ 0x80
100075ec:	46bb      	mov	fp, r7
100075ee:	46b4      	mov	ip, r6
100075f0:	1e75      	subs	r5, r6, #1
100075f2:	2000      	movs	r0, #0
100075f4:	4647      	mov	r7, r8
100075f6:	000e      	movs	r6, r1
100075f8:	4691      	mov	r9, r2
100075fa:	3281      	adds	r2, #129	@ 0x81
100075fc:	32ff      	adds	r2, #255	@ 0xff
100075fe:	1b41      	subs	r1, r0, r5
10007600:	000c      	movs	r4, r1
10007602:	4261      	negs	r1, r4
10007604:	4161      	adcs	r1, r4
10007606:	5c3c      	ldrb	r4, [r7, r0]
10007608:	4249      	negs	r1, r1
1000760a:	46a0      	mov	r8, r4
1000760c:	4031      	ands	r1, r6
1000760e:	9100      	str	r1, [sp, #0]
10007610:	4654      	mov	r4, sl
10007612:	4641      	mov	r1, r8
10007614:	430c      	orrs	r4, r1
10007616:	0021      	movs	r1, r4
10007618:	9c00      	ldr	r4, [sp, #0]
1000761a:	430c      	orrs	r4, r1
1000761c:	611c      	str	r4, [r3, #16]
1000761e:	2410      	movs	r4, #16
10007620:	6b59      	ldr	r1, [r3, #52]	@ 0x34
10007622:	420c      	tst	r4, r1
10007624:	d0fb      	beq.n	1000761e <i2c_write_blocking+0x72>
10007626:	4649      	mov	r1, r9
10007628:	5859      	ldr	r1, [r3, r1]
1000762a:	468a      	mov	sl, r1
1000762c:	2900      	cmp	r1, #0
1000762e:	d10a      	bne.n	10007646 <i2c_write_blocking+0x9a>
10007630:	42a8      	cmp	r0, r5
10007632:	d027      	beq.n	10007684 <i2c_write_blocking+0xd8>
10007634:	2100      	movs	r1, #0
10007636:	3001      	adds	r0, #1
10007638:	468a      	mov	sl, r1
1000763a:	4584      	cmp	ip, r0
1000763c:	d1df      	bne.n	100075fe <i2c_write_blocking+0x52>
1000763e:	9b01      	ldr	r3, [sp, #4]
10007640:	465f      	mov	r7, fp
10007642:	469b      	mov	fp, r3
10007644:	e015      	b.n	10007672 <i2c_write_blocking+0xc6>
10007646:	6d59      	ldr	r1, [r3, #84]	@ 0x54
10007648:	2101      	movs	r1, #1
1000764a:	4688      	mov	r8, r1
1000764c:	6b59      	ldr	r1, [r3, #52]	@ 0x34
1000764e:	4211      	tst	r1, r2
10007650:	d0fc      	beq.n	1000764c <i2c_write_blocking+0xa0>
10007652:	6e19      	ldr	r1, [r3, #96]	@ 0x60
10007654:	4641      	mov	r1, r8
10007656:	2900      	cmp	r1, #0
10007658:	d0ec      	beq.n	10007634 <i2c_write_blocking+0x88>
1000765a:	9b01      	ldr	r3, [sp, #4]
1000765c:	465f      	mov	r7, fp
1000765e:	469b      	mov	fp, r3
10007660:	4653      	mov	r3, sl
10007662:	2b00      	cmp	r3, #0
10007664:	d015      	beq.n	10007692 <i2c_write_blocking+0xe6>
10007666:	4653      	mov	r3, sl
10007668:	07db      	lsls	r3, r3, #31
1000766a:	d412      	bmi.n	10007692 <i2c_write_blocking+0xe6>
1000766c:	4653      	mov	r3, sl
1000766e:	071b      	lsls	r3, r3, #28
10007670:	d50f      	bpl.n	10007692 <i2c_write_blocking+0xe6>
10007672:	465b      	mov	r3, fp
10007674:	713b      	strb	r3, [r7, #4]
10007676:	b003      	add	sp, #12
10007678:	bcf0      	pop	{r4, r5, r6, r7}
1000767a:	46bb      	mov	fp, r7
1000767c:	46b2      	mov	sl, r6
1000767e:	46a9      	mov	r9, r5
10007680:	46a0      	mov	r8, r4
10007682:	bdf0      	pop	{r4, r5, r6, r7, pc}
10007684:	9901      	ldr	r1, [sp, #4]
10007686:	2900      	cmp	r1, #0
10007688:	d1d4      	bne.n	10007634 <i2c_write_blocking+0x88>
1000768a:	4688      	mov	r8, r1
1000768c:	e7de      	b.n	1000764c <i2c_write_blocking+0xa0>
1000768e:	2000      	movs	r0, #0
10007690:	e7ef      	b.n	10007672 <i2c_write_blocking+0xc6>
10007692:	2002      	movs	r0, #2
10007694:	4240      	negs	r0, r0
10007696:	e7ec      	b.n	10007672 <i2c_write_blocking+0xc6>

10007698 <i2c_read_blocking>:
10007698:	b5f0      	push	{r4, r5, r6, r7, lr}
1000769a:	46de      	mov	lr, fp
1000769c:	464e      	mov	r6, r9
1000769e:	4645      	mov	r5, r8
100076a0:	4657      	mov	r7, sl
100076a2:	b5e0      	push	{r5, r6, r7, lr}
100076a4:	0006      	movs	r6, r0
100076a6:	a809      	add	r0, sp, #36	@ 0x24
100076a8:	7800      	ldrb	r0, [r0, #0]
100076aa:	6834      	ldr	r4, [r6, #0]
100076ac:	4680      	mov	r8, r0
100076ae:	2000      	movs	r0, #0
100076b0:	66e0      	str	r0, [r4, #108]	@ 0x6c
100076b2:	6061      	str	r1, [r4, #4]
100076b4:	2101      	movs	r1, #1
100076b6:	4693      	mov	fp, r2
100076b8:	66e1      	str	r1, [r4, #108]	@ 0x6c
100076ba:	2b00      	cmp	r3, #0
100076bc:	dd32      	ble.n	10007724 <i2c_read_blocking+0x8c>
100076be:	2280      	movs	r2, #128	@ 0x80
100076c0:	1e59      	subs	r1, r3, #1
100076c2:	0052      	lsls	r2, r2, #1
100076c4:	468c      	mov	ip, r1
100076c6:	4692      	mov	sl, r2
100076c8:	2580      	movs	r5, #128	@ 0x80
100076ca:	6f61      	ldr	r1, [r4, #116]	@ 0x74
100076cc:	2910      	cmp	r1, #16
100076ce:	d0fc      	beq.n	100076ca <i2c_read_blocking+0x32>
100076d0:	2100      	movs	r1, #0
100076d2:	2800      	cmp	r0, #0
100076d4:	d101      	bne.n	100076da <i2c_read_blocking+0x42>
100076d6:	7931      	ldrb	r1, [r6, #4]
100076d8:	0289      	lsls	r1, r1, #10
100076da:	4584      	cmp	ip, r0
100076dc:	d01c      	beq.n	10007718 <i2c_read_blocking+0x80>
100076de:	4652      	mov	r2, sl
100076e0:	4311      	orrs	r1, r2
100076e2:	6121      	str	r1, [r4, #16]
100076e4:	e002      	b.n	100076ec <i2c_read_blocking+0x54>
100076e6:	6fa1      	ldr	r1, [r4, #120]	@ 0x78
100076e8:	2900      	cmp	r1, #0
100076ea:	d10d      	bne.n	10007708 <i2c_read_blocking+0x70>
100076ec:	5961      	ldr	r1, [r4, r5]
100076ee:	6d61      	ldr	r1, [r4, #84]	@ 0x54
100076f0:	2900      	cmp	r1, #0
100076f2:	d0f8      	beq.n	100076e6 <i2c_read_blocking+0x4e>
100076f4:	2002      	movs	r0, #2
100076f6:	4240      	negs	r0, r0
100076f8:	4643      	mov	r3, r8
100076fa:	7133      	strb	r3, [r6, #4]
100076fc:	bcf0      	pop	{r4, r5, r6, r7}
100076fe:	46bb      	mov	fp, r7
10007700:	46b2      	mov	sl, r6
10007702:	46a9      	mov	r9, r5
10007704:	46a0      	mov	r8, r4
10007706:	bdf0      	pop	{r4, r5, r6, r7, pc}
10007708:	465a      	mov	r2, fp
1000770a:	6921      	ldr	r1, [r4, #16]
1000770c:	5411      	strb	r1, [r2, r0]
1000770e:	3001      	adds	r0, #1
10007710:	4283      	cmp	r3, r0
10007712:	d0f1      	beq.n	100076f8 <i2c_read_blocking+0x60>
10007714:	6834      	ldr	r4, [r6, #0]
10007716:	e7d8      	b.n	100076ca <i2c_read_blocking+0x32>
10007718:	4642      	mov	r2, r8
1000771a:	2701      	movs	r7, #1
1000771c:	4057      	eors	r7, r2
1000771e:	027a      	lsls	r2, r7, #9
10007720:	4311      	orrs	r1, r2
10007722:	e7dc      	b.n	100076de <i2c_read_blocking+0x46>
10007724:	2000      	movs	r0, #0
10007726:	e7e7      	b.n	100076f8 <i2c_read_blocking+0x60>

10007728 <atof>:
10007728:	b510      	push	{r4, lr}
1000772a:	2100      	movs	r1, #0
1000772c:	f001 fb58 	bl	10008de0 <strtod>
10007730:	bd10      	pop	{r4, pc}
10007732:	46c0      	nop			@ (mov r8, r8)

10007734 <atoi>:
10007734:	b510      	push	{r4, lr}
10007736:	220a      	movs	r2, #10
10007738:	2100      	movs	r1, #0
1000773a:	f001 fc0b 	bl	10008f54 <strtol>
1000773e:	bd10      	pop	{r4, pc}

10007740 <_calloc_r>:
10007740:	b570      	push	{r4, r5, r6, lr}
10007742:	0c0b      	lsrs	r3, r1, #16
10007744:	2400      	movs	r4, #0
10007746:	0c15      	lsrs	r5, r2, #16
10007748:	2b00      	cmp	r3, #0
1000774a:	d128      	bne.n	1000779e <_calloc_r+0x5e>
1000774c:	2d00      	cmp	r5, #0
1000774e:	d13c      	bne.n	100077ca <_calloc_r+0x8a>
10007750:	b28b      	uxth	r3, r1
10007752:	b291      	uxth	r1, r2
10007754:	4359      	muls	r1, r3
10007756:	f000 f847 	bl	100077e8 <_malloc_r>
1000775a:	1e05      	subs	r5, r0, #0
1000775c:	d033      	beq.n	100077c6 <_calloc_r+0x86>
1000775e:	0003      	movs	r3, r0
10007760:	3b08      	subs	r3, #8
10007762:	685a      	ldr	r2, [r3, #4]
10007764:	2303      	movs	r3, #3
10007766:	439a      	bics	r2, r3
10007768:	3a04      	subs	r2, #4
1000776a:	2a24      	cmp	r2, #36	@ 0x24
1000776c:	d812      	bhi.n	10007794 <_calloc_r+0x54>
1000776e:	0003      	movs	r3, r0
10007770:	2a13      	cmp	r2, #19
10007772:	d90a      	bls.n	1000778a <_calloc_r+0x4a>
10007774:	6004      	str	r4, [r0, #0]
10007776:	6044      	str	r4, [r0, #4]
10007778:	3308      	adds	r3, #8
1000777a:	2a1b      	cmp	r2, #27
1000777c:	d905      	bls.n	1000778a <_calloc_r+0x4a>
1000777e:	6084      	str	r4, [r0, #8]
10007780:	60c4      	str	r4, [r0, #12]
10007782:	2a24      	cmp	r2, #36	@ 0x24
10007784:	d02a      	beq.n	100077dc <_calloc_r+0x9c>
10007786:	0003      	movs	r3, r0
10007788:	3310      	adds	r3, #16
1000778a:	2200      	movs	r2, #0
1000778c:	601a      	str	r2, [r3, #0]
1000778e:	605a      	str	r2, [r3, #4]
10007790:	609a      	str	r2, [r3, #8]
10007792:	e002      	b.n	1000779a <_calloc_r+0x5a>
10007794:	2100      	movs	r1, #0
10007796:	f7ff fc75 	bl	10007084 <__wrap_memset>
1000779a:	0028      	movs	r0, r5
1000779c:	bd70      	pop	{r4, r5, r6, pc}
1000779e:	2d00      	cmp	r5, #0
100077a0:	d116      	bne.n	100077d0 <_calloc_r+0x90>
100077a2:	1c15      	adds	r5, r2, #0
100077a4:	b289      	uxth	r1, r1
100077a6:	b292      	uxth	r2, r2
100077a8:	434a      	muls	r2, r1
100077aa:	b2ad      	uxth	r5, r5
100077ac:	b29b      	uxth	r3, r3
100077ae:	436b      	muls	r3, r5
100077b0:	0c11      	lsrs	r1, r2, #16
100077b2:	185b      	adds	r3, r3, r1
100077b4:	0c19      	lsrs	r1, r3, #16
100077b6:	d10b      	bne.n	100077d0 <_calloc_r+0x90>
100077b8:	0419      	lsls	r1, r3, #16
100077ba:	b292      	uxth	r2, r2
100077bc:	4311      	orrs	r1, r2
100077be:	f000 f813 	bl	100077e8 <_malloc_r>
100077c2:	1e05      	subs	r5, r0, #0
100077c4:	d1cb      	bne.n	1000775e <_calloc_r+0x1e>
100077c6:	2500      	movs	r5, #0
100077c8:	e7e7      	b.n	1000779a <_calloc_r+0x5a>
100077ca:	1c2b      	adds	r3, r5, #0
100077cc:	1c0d      	adds	r5, r1, #0
100077ce:	e7e9      	b.n	100077a4 <_calloc_r+0x64>
100077d0:	f001 fcde 	bl	10009190 <__errno>
100077d4:	230c      	movs	r3, #12
100077d6:	2500      	movs	r5, #0
100077d8:	6003      	str	r3, [r0, #0]
100077da:	e7de      	b.n	1000779a <_calloc_r+0x5a>
100077dc:	0003      	movs	r3, r0
100077de:	6104      	str	r4, [r0, #16]
100077e0:	3318      	adds	r3, #24
100077e2:	6144      	str	r4, [r0, #20]
100077e4:	e7d1      	b.n	1000778a <_calloc_r+0x4a>
100077e6:	46c0      	nop			@ (mov r8, r8)

100077e8 <_malloc_r>:
100077e8:	b5f0      	push	{r4, r5, r6, r7, lr}
100077ea:	464e      	mov	r6, r9
100077ec:	4645      	mov	r5, r8
100077ee:	46de      	mov	lr, fp
100077f0:	4657      	mov	r7, sl
100077f2:	b5e0      	push	{r5, r6, r7, lr}
100077f4:	000d      	movs	r5, r1
100077f6:	350b      	adds	r5, #11
100077f8:	0006      	movs	r6, r0
100077fa:	b085      	sub	sp, #20
100077fc:	2d16      	cmp	r5, #22
100077fe:	d821      	bhi.n	10007844 <_malloc_r+0x5c>
10007800:	2910      	cmp	r1, #16
10007802:	d900      	bls.n	10007806 <_malloc_r+0x1e>
10007804:	e0d4      	b.n	100079b0 <_malloc_r+0x1c8>
10007806:	f000 fad5 	bl	10007db4 <__malloc_lock>
1000780a:	2510      	movs	r5, #16
1000780c:	2318      	movs	r3, #24
1000780e:	2102      	movs	r1, #2
10007810:	4fca      	ldr	r7, [pc, #808]	@ (10007b3c <_malloc_r+0x354>)
10007812:	18fb      	adds	r3, r7, r3
10007814:	001a      	movs	r2, r3
10007816:	685c      	ldr	r4, [r3, #4]
10007818:	3a08      	subs	r2, #8
1000781a:	4294      	cmp	r4, r2
1000781c:	d100      	bne.n	10007820 <_malloc_r+0x38>
1000781e:	e186      	b.n	10007b2e <_malloc_r+0x346>
10007820:	2203      	movs	r2, #3
10007822:	6863      	ldr	r3, [r4, #4]
10007824:	68a1      	ldr	r1, [r4, #8]
10007826:	4393      	bics	r3, r2
10007828:	68e2      	ldr	r2, [r4, #12]
1000782a:	60ca      	str	r2, [r1, #12]
1000782c:	6091      	str	r1, [r2, #8]
1000782e:	2101      	movs	r1, #1
10007830:	18e3      	adds	r3, r4, r3
10007832:	685a      	ldr	r2, [r3, #4]
10007834:	0030      	movs	r0, r6
10007836:	430a      	orrs	r2, r1
10007838:	605a      	str	r2, [r3, #4]
1000783a:	f000 fac3 	bl	10007dc4 <__malloc_unlock>
1000783e:	0020      	movs	r0, r4
10007840:	3008      	adds	r0, #8
10007842:	e0b8      	b.n	100079b6 <_malloc_r+0x1ce>
10007844:	2307      	movs	r3, #7
10007846:	439d      	bics	r5, r3
10007848:	d500      	bpl.n	1000784c <_malloc_r+0x64>
1000784a:	e0b1      	b.n	100079b0 <_malloc_r+0x1c8>
1000784c:	42a9      	cmp	r1, r5
1000784e:	d900      	bls.n	10007852 <_malloc_r+0x6a>
10007850:	e0ae      	b.n	100079b0 <_malloc_r+0x1c8>
10007852:	f000 faaf 	bl	10007db4 <__malloc_lock>
10007856:	23fc      	movs	r3, #252	@ 0xfc
10007858:	005b      	lsls	r3, r3, #1
1000785a:	429d      	cmp	r5, r3
1000785c:	d200      	bcs.n	10007860 <_malloc_r+0x78>
1000785e:	e1e0      	b.n	10007c22 <_malloc_r+0x43a>
10007860:	0a69      	lsrs	r1, r5, #9
10007862:	d100      	bne.n	10007866 <_malloc_r+0x7e>
10007864:	e0ae      	b.n	100079c4 <_malloc_r+0x1dc>
10007866:	2904      	cmp	r1, #4
10007868:	d900      	bls.n	1000786c <_malloc_r+0x84>
1000786a:	e1a1      	b.n	10007bb0 <_malloc_r+0x3c8>
1000786c:	2338      	movs	r3, #56	@ 0x38
1000786e:	4698      	mov	r8, r3
10007870:	09a9      	lsrs	r1, r5, #6
10007872:	4488      	add	r8, r1
10007874:	3139      	adds	r1, #57	@ 0x39
10007876:	00cb      	lsls	r3, r1, #3
10007878:	2208      	movs	r2, #8
1000787a:	4252      	negs	r2, r2
1000787c:	4694      	mov	ip, r2
1000787e:	4faf      	ldr	r7, [pc, #700]	@ (10007b3c <_malloc_r+0x354>)
10007880:	18fb      	adds	r3, r7, r3
10007882:	449c      	add	ip, r3
10007884:	4663      	mov	r3, ip
10007886:	68dc      	ldr	r4, [r3, #12]
10007888:	45a4      	cmp	ip, r4
1000788a:	d014      	beq.n	100078b6 <_malloc_r+0xce>
1000788c:	2303      	movs	r3, #3
1000788e:	4699      	mov	r9, r3
10007890:	000b      	movs	r3, r1
10007892:	4661      	mov	r1, ip
10007894:	469c      	mov	ip, r3
10007896:	e007      	b.n	100078a8 <_malloc_r+0xc0>
10007898:	68e0      	ldr	r0, [r4, #12]
1000789a:	2a00      	cmp	r2, #0
1000789c:	db00      	blt.n	100078a0 <_malloc_r+0xb8>
1000789e:	e140      	b.n	10007b22 <_malloc_r+0x33a>
100078a0:	4281      	cmp	r1, r0
100078a2:	d100      	bne.n	100078a6 <_malloc_r+0xbe>
100078a4:	e141      	b.n	10007b2a <_malloc_r+0x342>
100078a6:	0004      	movs	r4, r0
100078a8:	464a      	mov	r2, r9
100078aa:	6863      	ldr	r3, [r4, #4]
100078ac:	4393      	bics	r3, r2
100078ae:	1b5a      	subs	r2, r3, r5
100078b0:	2a0f      	cmp	r2, #15
100078b2:	ddf1      	ble.n	10007898 <_malloc_r+0xb0>
100078b4:	4641      	mov	r1, r8
100078b6:	003a      	movs	r2, r7
100078b8:	693c      	ldr	r4, [r7, #16]
100078ba:	3208      	adds	r2, #8
100078bc:	4294      	cmp	r4, r2
100078be:	d100      	bne.n	100078c2 <_malloc_r+0xda>
100078c0:	e11e      	b.n	10007b00 <_malloc_r+0x318>
100078c2:	2003      	movs	r0, #3
100078c4:	6863      	ldr	r3, [r4, #4]
100078c6:	4383      	bics	r3, r0
100078c8:	1b58      	subs	r0, r3, r5
100078ca:	280f      	cmp	r0, #15
100078cc:	dd00      	ble.n	100078d0 <_malloc_r+0xe8>
100078ce:	e1ac      	b.n	10007c2a <_malloc_r+0x442>
100078d0:	613a      	str	r2, [r7, #16]
100078d2:	617a      	str	r2, [r7, #20]
100078d4:	2800      	cmp	r0, #0
100078d6:	daaa      	bge.n	1000782e <_malloc_r+0x46>
100078d8:	687a      	ldr	r2, [r7, #4]
100078da:	4690      	mov	r8, r2
100078dc:	2280      	movs	r2, #128	@ 0x80
100078de:	0092      	lsls	r2, r2, #2
100078e0:	4293      	cmp	r3, r2
100078e2:	d300      	bcc.n	100078e6 <_malloc_r+0xfe>
100078e4:	e136      	b.n	10007b54 <_malloc_r+0x36c>
100078e6:	08da      	lsrs	r2, r3, #3
100078e8:	0958      	lsrs	r0, r3, #5
100078ea:	2301      	movs	r3, #1
100078ec:	4083      	lsls	r3, r0
100078ee:	4640      	mov	r0, r8
100078f0:	4318      	orrs	r0, r3
100078f2:	4680      	mov	r8, r0
100078f4:	00d3      	lsls	r3, r2, #3
100078f6:	19db      	adds	r3, r3, r7
100078f8:	689a      	ldr	r2, [r3, #8]
100078fa:	6078      	str	r0, [r7, #4]
100078fc:	60e3      	str	r3, [r4, #12]
100078fe:	60a2      	str	r2, [r4, #8]
10007900:	609c      	str	r4, [r3, #8]
10007902:	60d4      	str	r4, [r2, #12]
10007904:	2001      	movs	r0, #1
10007906:	108b      	asrs	r3, r1, #2
10007908:	4098      	lsls	r0, r3
1000790a:	4540      	cmp	r0, r8
1000790c:	d862      	bhi.n	100079d4 <_malloc_r+0x1ec>
1000790e:	4643      	mov	r3, r8
10007910:	4203      	tst	r3, r0
10007912:	d10a      	bne.n	1000792a <_malloc_r+0x142>
10007914:	2303      	movs	r3, #3
10007916:	4399      	bics	r1, r3
10007918:	4643      	mov	r3, r8
1000791a:	0040      	lsls	r0, r0, #1
1000791c:	3104      	adds	r1, #4
1000791e:	4203      	tst	r3, r0
10007920:	d103      	bne.n	1000792a <_malloc_r+0x142>
10007922:	0040      	lsls	r0, r0, #1
10007924:	3104      	adds	r1, #4
10007926:	4203      	tst	r3, r0
10007928:	d0fb      	beq.n	10007922 <_malloc_r+0x13a>
1000792a:	2303      	movs	r3, #3
1000792c:	46b3      	mov	fp, r6
1000792e:	469c      	mov	ip, r3
10007930:	000e      	movs	r6, r1
10007932:	46b8      	mov	r8, r7
10007934:	9001      	str	r0, [sp, #4]
10007936:	00f0      	lsls	r0, r6, #3
10007938:	4440      	add	r0, r8
1000793a:	0001      	movs	r1, r0
1000793c:	46b2      	mov	sl, r6
1000793e:	68cb      	ldr	r3, [r1, #12]
10007940:	e00b      	b.n	1000795a <_malloc_r+0x172>
10007942:	4664      	mov	r4, ip
10007944:	685a      	ldr	r2, [r3, #4]
10007946:	001f      	movs	r7, r3
10007948:	43a2      	bics	r2, r4
1000794a:	68db      	ldr	r3, [r3, #12]
1000794c:	1b54      	subs	r4, r2, r5
1000794e:	2c0f      	cmp	r4, #15
10007950:	dd00      	ble.n	10007954 <_malloc_r+0x16c>
10007952:	e139      	b.n	10007bc8 <_malloc_r+0x3e0>
10007954:	2c00      	cmp	r4, #0
10007956:	db00      	blt.n	1000795a <_malloc_r+0x172>
10007958:	e153      	b.n	10007c02 <_malloc_r+0x41a>
1000795a:	4299      	cmp	r1, r3
1000795c:	d1f1      	bne.n	10007942 <_malloc_r+0x15a>
1000795e:	2301      	movs	r3, #1
10007960:	4699      	mov	r9, r3
10007962:	44ca      	add	sl, r9
10007964:	4653      	mov	r3, sl
10007966:	3108      	adds	r1, #8
10007968:	079b      	lsls	r3, r3, #30
1000796a:	d1e8      	bne.n	1000793e <_malloc_r+0x156>
1000796c:	2203      	movs	r2, #3
1000796e:	e005      	b.n	1000797c <_malloc_r+0x194>
10007970:	6803      	ldr	r3, [r0, #0]
10007972:	3808      	subs	r0, #8
10007974:	3e01      	subs	r6, #1
10007976:	4283      	cmp	r3, r0
10007978:	d000      	beq.n	1000797c <_malloc_r+0x194>
1000797a:	e213      	b.n	10007da4 <_malloc_r+0x5bc>
1000797c:	4232      	tst	r2, r6
1000797e:	d1f7      	bne.n	10007970 <_malloc_r+0x188>
10007980:	4643      	mov	r3, r8
10007982:	9a01      	ldr	r2, [sp, #4]
10007984:	685b      	ldr	r3, [r3, #4]
10007986:	4393      	bics	r3, r2
10007988:	4642      	mov	r2, r8
1000798a:	6053      	str	r3, [r2, #4]
1000798c:	9a01      	ldr	r2, [sp, #4]
1000798e:	0052      	lsls	r2, r2, #1
10007990:	9201      	str	r2, [sp, #4]
10007992:	429a      	cmp	r2, r3
10007994:	d81c      	bhi.n	100079d0 <_malloc_r+0x1e8>
10007996:	2a00      	cmp	r2, #0
10007998:	d106      	bne.n	100079a8 <_malloc_r+0x1c0>
1000799a:	e019      	b.n	100079d0 <_malloc_r+0x1e8>
1000799c:	2204      	movs	r2, #4
1000799e:	4691      	mov	r9, r2
100079a0:	9a01      	ldr	r2, [sp, #4]
100079a2:	44ca      	add	sl, r9
100079a4:	0052      	lsls	r2, r2, #1
100079a6:	9201      	str	r2, [sp, #4]
100079a8:	4213      	tst	r3, r2
100079aa:	d0f7      	beq.n	1000799c <_malloc_r+0x1b4>
100079ac:	4656      	mov	r6, sl
100079ae:	e7c2      	b.n	10007936 <_malloc_r+0x14e>
100079b0:	230c      	movs	r3, #12
100079b2:	6033      	str	r3, [r6, #0]
100079b4:	2000      	movs	r0, #0
100079b6:	b005      	add	sp, #20
100079b8:	bcf0      	pop	{r4, r5, r6, r7}
100079ba:	46bb      	mov	fp, r7
100079bc:	46b2      	mov	sl, r6
100079be:	46a9      	mov	r9, r5
100079c0:	46a0      	mov	r8, r4
100079c2:	bdf0      	pop	{r4, r5, r6, r7, pc}
100079c4:	2380      	movs	r3, #128	@ 0x80
100079c6:	223f      	movs	r2, #63	@ 0x3f
100079c8:	2140      	movs	r1, #64	@ 0x40
100079ca:	4690      	mov	r8, r2
100079cc:	009b      	lsls	r3, r3, #2
100079ce:	e753      	b.n	10007878 <_malloc_r+0x90>
100079d0:	465e      	mov	r6, fp
100079d2:	4647      	mov	r7, r8
100079d4:	2203      	movs	r2, #3
100079d6:	68bc      	ldr	r4, [r7, #8]
100079d8:	6863      	ldr	r3, [r4, #4]
100079da:	4393      	bics	r3, r2
100079dc:	4698      	mov	r8, r3
100079de:	42ab      	cmp	r3, r5
100079e0:	d303      	bcc.n	100079ea <_malloc_r+0x202>
100079e2:	1b5b      	subs	r3, r3, r5
100079e4:	2b0f      	cmp	r3, #15
100079e6:	dd00      	ble.n	100079ea <_malloc_r+0x202>
100079e8:	e08d      	b.n	10007b06 <_malloc_r+0x31e>
100079ea:	0023      	movs	r3, r4
100079ec:	4443      	add	r3, r8
100079ee:	9302      	str	r3, [sp, #8]
100079f0:	4b53      	ldr	r3, [pc, #332]	@ (10007b40 <_malloc_r+0x358>)
100079f2:	2008      	movs	r0, #8
100079f4:	681b      	ldr	r3, [r3, #0]
100079f6:	3310      	adds	r3, #16
100079f8:	195b      	adds	r3, r3, r5
100079fa:	9301      	str	r3, [sp, #4]
100079fc:	f001 fbd2 	bl	100091a4 <sysconf>
10007a00:	4950      	ldr	r1, [pc, #320]	@ (10007b44 <_malloc_r+0x35c>)
10007a02:	9003      	str	r0, [sp, #12]
10007a04:	680b      	ldr	r3, [r1, #0]
10007a06:	468a      	mov	sl, r1
10007a08:	3301      	adds	r3, #1
10007a0a:	d006      	beq.n	10007a1a <_malloc_r+0x232>
10007a0c:	4684      	mov	ip, r0
10007a0e:	9b01      	ldr	r3, [sp, #4]
10007a10:	4242      	negs	r2, r0
10007a12:	3b01      	subs	r3, #1
10007a14:	4463      	add	r3, ip
10007a16:	4013      	ands	r3, r2
10007a18:	9301      	str	r3, [sp, #4]
10007a1a:	0030      	movs	r0, r6
10007a1c:	9901      	ldr	r1, [sp, #4]
10007a1e:	f001 fba5 	bl	1000916c <_sbrk_r>
10007a22:	0003      	movs	r3, r0
10007a24:	4681      	mov	r9, r0
10007a26:	3301      	adds	r3, #1
10007a28:	d100      	bne.n	10007a2c <_malloc_r+0x244>
10007a2a:	e11c      	b.n	10007c66 <_malloc_r+0x47e>
10007a2c:	9b02      	ldr	r3, [sp, #8]
10007a2e:	4283      	cmp	r3, r0
10007a30:	d900      	bls.n	10007a34 <_malloc_r+0x24c>
10007a32:	e116      	b.n	10007c62 <_malloc_r+0x47a>
10007a34:	4b44      	ldr	r3, [pc, #272]	@ (10007b48 <_malloc_r+0x360>)
10007a36:	9802      	ldr	r0, [sp, #8]
10007a38:	469b      	mov	fp, r3
10007a3a:	681a      	ldr	r2, [r3, #0]
10007a3c:	9b01      	ldr	r3, [sp, #4]
10007a3e:	4659      	mov	r1, fp
10007a40:	469c      	mov	ip, r3
10007a42:	4462      	add	r2, ip
10007a44:	600a      	str	r2, [r1, #0]
10007a46:	9903      	ldr	r1, [sp, #12]
10007a48:	3901      	subs	r1, #1
10007a4a:	4548      	cmp	r0, r9
10007a4c:	d100      	bne.n	10007a50 <_malloc_r+0x268>
10007a4e:	e157      	b.n	10007d00 <_malloc_r+0x518>
10007a50:	4653      	mov	r3, sl
10007a52:	681b      	ldr	r3, [r3, #0]
10007a54:	3301      	adds	r3, #1
10007a56:	d100      	bne.n	10007a5a <_malloc_r+0x272>
10007a58:	e15e      	b.n	10007d18 <_malloc_r+0x530>
10007a5a:	464b      	mov	r3, r9
10007a5c:	9802      	ldr	r0, [sp, #8]
10007a5e:	1a1b      	subs	r3, r3, r0
10007a60:	189b      	adds	r3, r3, r2
10007a62:	465a      	mov	r2, fp
10007a64:	6013      	str	r3, [r2, #0]
10007a66:	2307      	movs	r3, #7
10007a68:	464a      	mov	r2, r9
10007a6a:	4648      	mov	r0, r9
10007a6c:	401a      	ands	r2, r3
10007a6e:	9202      	str	r2, [sp, #8]
10007a70:	4218      	tst	r0, r3
10007a72:	d100      	bne.n	10007a76 <_malloc_r+0x28e>
10007a74:	e115      	b.n	10007ca2 <_malloc_r+0x4ba>
10007a76:	9803      	ldr	r0, [sp, #12]
10007a78:	3301      	adds	r3, #1
10007a7a:	4684      	mov	ip, r0
10007a7c:	1a9b      	subs	r3, r3, r2
10007a7e:	9a01      	ldr	r2, [sp, #4]
10007a80:	4499      	add	r9, r3
10007a82:	444a      	add	r2, r9
10007a84:	9201      	str	r2, [sp, #4]
10007a86:	4463      	add	r3, ip
10007a88:	400a      	ands	r2, r1
10007a8a:	1a9b      	subs	r3, r3, r2
10007a8c:	4019      	ands	r1, r3
10007a8e:	0030      	movs	r0, r6
10007a90:	468a      	mov	sl, r1
10007a92:	f001 fb6b 	bl	1000916c <_sbrk_r>
10007a96:	1c43      	adds	r3, r0, #1
10007a98:	d100      	bne.n	10007a9c <_malloc_r+0x2b4>
10007a9a:	e158      	b.n	10007d4e <_malloc_r+0x566>
10007a9c:	464b      	mov	r3, r9
10007a9e:	1ac0      	subs	r0, r0, r3
10007aa0:	0003      	movs	r3, r0
10007aa2:	4453      	add	r3, sl
10007aa4:	9301      	str	r3, [sp, #4]
10007aa6:	465b      	mov	r3, fp
10007aa8:	681a      	ldr	r2, [r3, #0]
10007aaa:	2001      	movs	r0, #1
10007aac:	4452      	add	r2, sl
10007aae:	601a      	str	r2, [r3, #0]
10007ab0:	464b      	mov	r3, r9
10007ab2:	4649      	mov	r1, r9
10007ab4:	60bb      	str	r3, [r7, #8]
10007ab6:	9b01      	ldr	r3, [sp, #4]
10007ab8:	4303      	orrs	r3, r0
10007aba:	604b      	str	r3, [r1, #4]
10007abc:	42bc      	cmp	r4, r7
10007abe:	d013      	beq.n	10007ae8 <_malloc_r+0x300>
10007ac0:	4643      	mov	r3, r8
10007ac2:	2b0f      	cmp	r3, #15
10007ac4:	d800      	bhi.n	10007ac8 <_malloc_r+0x2e0>
10007ac6:	e12b      	b.n	10007d20 <_malloc_r+0x538>
10007ac8:	2107      	movs	r1, #7
10007aca:	3b0c      	subs	r3, #12
10007acc:	438b      	bics	r3, r1
10007ace:	6861      	ldr	r1, [r4, #4]
10007ad0:	4001      	ands	r1, r0
10007ad2:	2005      	movs	r0, #5
10007ad4:	4319      	orrs	r1, r3
10007ad6:	6061      	str	r1, [r4, #4]
10007ad8:	18e1      	adds	r1, r4, r3
10007ada:	6048      	str	r0, [r1, #4]
10007adc:	6088      	str	r0, [r1, #8]
10007ade:	2b0f      	cmp	r3, #15
10007ae0:	d900      	bls.n	10007ae4 <_malloc_r+0x2fc>
10007ae2:	e13f      	b.n	10007d64 <_malloc_r+0x57c>
10007ae4:	464b      	mov	r3, r9
10007ae6:	685b      	ldr	r3, [r3, #4]
10007ae8:	4918      	ldr	r1, [pc, #96]	@ (10007b4c <_malloc_r+0x364>)
10007aea:	6808      	ldr	r0, [r1, #0]
10007aec:	4290      	cmp	r0, r2
10007aee:	d200      	bcs.n	10007af2 <_malloc_r+0x30a>
10007af0:	600a      	str	r2, [r1, #0]
10007af2:	4917      	ldr	r1, [pc, #92]	@ (10007b50 <_malloc_r+0x368>)
10007af4:	6808      	ldr	r0, [r1, #0]
10007af6:	4290      	cmp	r0, r2
10007af8:	d200      	bcs.n	10007afc <_malloc_r+0x314>
10007afa:	600a      	str	r2, [r1, #0]
10007afc:	464c      	mov	r4, r9
10007afe:	e0b4      	b.n	10007c6a <_malloc_r+0x482>
10007b00:	687b      	ldr	r3, [r7, #4]
10007b02:	4698      	mov	r8, r3
10007b04:	e6fe      	b.n	10007904 <_malloc_r+0x11c>
10007b06:	2201      	movs	r2, #1
10007b08:	0029      	movs	r1, r5
10007b0a:	4313      	orrs	r3, r2
10007b0c:	4311      	orrs	r1, r2
10007b0e:	1965      	adds	r5, r4, r5
10007b10:	6061      	str	r1, [r4, #4]
10007b12:	0030      	movs	r0, r6
10007b14:	60bd      	str	r5, [r7, #8]
10007b16:	606b      	str	r3, [r5, #4]
10007b18:	f000 f954 	bl	10007dc4 <__malloc_unlock>
10007b1c:	0020      	movs	r0, r4
10007b1e:	3008      	adds	r0, #8
10007b20:	e749      	b.n	100079b6 <_malloc_r+0x1ce>
10007b22:	68a2      	ldr	r2, [r4, #8]
10007b24:	60d0      	str	r0, [r2, #12]
10007b26:	6082      	str	r2, [r0, #8]
10007b28:	e681      	b.n	1000782e <_malloc_r+0x46>
10007b2a:	4661      	mov	r1, ip
10007b2c:	e6c3      	b.n	100078b6 <_malloc_r+0xce>
10007b2e:	68dc      	ldr	r4, [r3, #12]
10007b30:	3102      	adds	r1, #2
10007b32:	42a3      	cmp	r3, r4
10007b34:	d100      	bne.n	10007b38 <_malloc_r+0x350>
10007b36:	e6be      	b.n	100078b6 <_malloc_r+0xce>
10007b38:	e672      	b.n	10007820 <_malloc_r+0x38>
10007b3a:	46c0      	nop			@ (mov r8, r8)
10007b3c:	20000240 	.word	0x20000240
10007b40:	20000c84 	.word	0x20000c84
10007b44:	20000238 	.word	0x20000238
10007b48:	20000c54 	.word	0x20000c54
10007b4c:	20000c7c 	.word	0x20000c7c
10007b50:	20000c80 	.word	0x20000c80
10007b54:	0a5a      	lsrs	r2, r3, #9
10007b56:	2a04      	cmp	r2, #4
10007b58:	d97c      	bls.n	10007c54 <_malloc_r+0x46c>
10007b5a:	2a14      	cmp	r2, #20
10007b5c:	d900      	bls.n	10007b60 <_malloc_r+0x378>
10007b5e:	e0b0      	b.n	10007cc2 <_malloc_r+0x4da>
10007b60:	0010      	movs	r0, r2
10007b62:	305b      	adds	r0, #91	@ 0x5b
10007b64:	4682      	mov	sl, r0
10007b66:	325c      	adds	r2, #92	@ 0x5c
10007b68:	00d2      	lsls	r2, r2, #3
10007b6a:	2008      	movs	r0, #8
10007b6c:	4240      	negs	r0, r0
10007b6e:	4684      	mov	ip, r0
10007b70:	18ba      	adds	r2, r7, r2
10007b72:	4494      	add	ip, r2
10007b74:	4662      	mov	r2, ip
10007b76:	6892      	ldr	r2, [r2, #8]
10007b78:	300b      	adds	r0, #11
10007b7a:	4681      	mov	r9, r0
10007b7c:	4594      	cmp	ip, r2
10007b7e:	d100      	bne.n	10007b82 <_malloc_r+0x39a>
10007b80:	e086      	b.n	10007c90 <_malloc_r+0x4a8>
10007b82:	0008      	movs	r0, r1
10007b84:	46a2      	mov	sl, r4
10007b86:	4661      	mov	r1, ip
10007b88:	4684      	mov	ip, r0
10007b8a:	e002      	b.n	10007b92 <_malloc_r+0x3aa>
10007b8c:	6892      	ldr	r2, [r2, #8]
10007b8e:	4291      	cmp	r1, r2
10007b90:	d004      	beq.n	10007b9c <_malloc_r+0x3b4>
10007b92:	464c      	mov	r4, r9
10007b94:	6850      	ldr	r0, [r2, #4]
10007b96:	43a0      	bics	r0, r4
10007b98:	4298      	cmp	r0, r3
10007b9a:	d8f7      	bhi.n	10007b8c <_malloc_r+0x3a4>
10007b9c:	68d3      	ldr	r3, [r2, #12]
10007b9e:	4661      	mov	r1, ip
10007ba0:	4654      	mov	r4, sl
10007ba2:	469c      	mov	ip, r3
10007ba4:	4663      	mov	r3, ip
10007ba6:	60a2      	str	r2, [r4, #8]
10007ba8:	60e3      	str	r3, [r4, #12]
10007baa:	609c      	str	r4, [r3, #8]
10007bac:	60d4      	str	r4, [r2, #12]
10007bae:	e6a9      	b.n	10007904 <_malloc_r+0x11c>
10007bb0:	2914      	cmp	r1, #20
10007bb2:	d967      	bls.n	10007c84 <_malloc_r+0x49c>
10007bb4:	2954      	cmp	r1, #84	@ 0x54
10007bb6:	d900      	bls.n	10007bba <_malloc_r+0x3d2>
10007bb8:	e08c      	b.n	10007cd4 <_malloc_r+0x4ec>
10007bba:	236e      	movs	r3, #110	@ 0x6e
10007bbc:	4698      	mov	r8, r3
10007bbe:	0b29      	lsrs	r1, r5, #12
10007bc0:	4488      	add	r8, r1
10007bc2:	316f      	adds	r1, #111	@ 0x6f
10007bc4:	00cb      	lsls	r3, r1, #3
10007bc6:	e657      	b.n	10007878 <_malloc_r+0x90>
10007bc8:	46ba      	mov	sl, r7
10007bca:	2001      	movs	r0, #1
10007bcc:	4651      	mov	r1, sl
10007bce:	4684      	mov	ip, r0
10007bd0:	1949      	adds	r1, r1, r5
10007bd2:	4305      	orrs	r5, r0
10007bd4:	4650      	mov	r0, sl
10007bd6:	6045      	str	r5, [r0, #4]
10007bd8:	6885      	ldr	r5, [r0, #8]
10007bda:	4647      	mov	r7, r8
10007bdc:	4660      	mov	r0, ip
10007bde:	60eb      	str	r3, [r5, #12]
10007be0:	465e      	mov	r6, fp
10007be2:	609d      	str	r5, [r3, #8]
10007be4:	4653      	mov	r3, sl
10007be6:	6139      	str	r1, [r7, #16]
10007be8:	6179      	str	r1, [r7, #20]
10007bea:	4320      	orrs	r0, r4
10007bec:	3708      	adds	r7, #8
10007bee:	6048      	str	r0, [r1, #4]
10007bf0:	60cf      	str	r7, [r1, #12]
10007bf2:	0030      	movs	r0, r6
10007bf4:	608f      	str	r7, [r1, #8]
10007bf6:	509c      	str	r4, [r3, r2]
10007bf8:	f000 f8e4 	bl	10007dc4 <__malloc_unlock>
10007bfc:	4650      	mov	r0, sl
10007bfe:	3008      	adds	r0, #8
10007c00:	e6d9      	b.n	100079b6 <_malloc_r+0x1ce>
10007c02:	46ba      	mov	sl, r7
10007c04:	2001      	movs	r0, #1
10007c06:	465e      	mov	r6, fp
10007c08:	4452      	add	r2, sl
10007c0a:	6851      	ldr	r1, [r2, #4]
10007c0c:	4301      	orrs	r1, r0
10007c0e:	6051      	str	r1, [r2, #4]
10007c10:	68ba      	ldr	r2, [r7, #8]
10007c12:	0030      	movs	r0, r6
10007c14:	60d3      	str	r3, [r2, #12]
10007c16:	609a      	str	r2, [r3, #8]
10007c18:	f000 f8d4 	bl	10007dc4 <__malloc_unlock>
10007c1c:	0038      	movs	r0, r7
10007c1e:	3008      	adds	r0, #8
10007c20:	e6c9      	b.n	100079b6 <_malloc_r+0x1ce>
10007c22:	002b      	movs	r3, r5
10007c24:	08e9      	lsrs	r1, r5, #3
10007c26:	3308      	adds	r3, #8
10007c28:	e5f2      	b.n	10007810 <_malloc_r+0x28>
10007c2a:	1961      	adds	r1, r4, r5
10007c2c:	4688      	mov	r8, r1
10007c2e:	2101      	movs	r1, #1
10007c30:	468c      	mov	ip, r1
10007c32:	430d      	orrs	r5, r1
10007c34:	4641      	mov	r1, r8
10007c36:	6065      	str	r5, [r4, #4]
10007c38:	6139      	str	r1, [r7, #16]
10007c3a:	6179      	str	r1, [r7, #20]
10007c3c:	60ca      	str	r2, [r1, #12]
10007c3e:	608a      	str	r2, [r1, #8]
10007c40:	4662      	mov	r2, ip
10007c42:	4302      	orrs	r2, r0
10007c44:	604a      	str	r2, [r1, #4]
10007c46:	50e0      	str	r0, [r4, r3]
10007c48:	0030      	movs	r0, r6
10007c4a:	f000 f8bb 	bl	10007dc4 <__malloc_unlock>
10007c4e:	0020      	movs	r0, r4
10007c50:	3008      	adds	r0, #8
10007c52:	e6b0      	b.n	100079b6 <_malloc_r+0x1ce>
10007c54:	099a      	lsrs	r2, r3, #6
10007c56:	0010      	movs	r0, r2
10007c58:	3239      	adds	r2, #57	@ 0x39
10007c5a:	3038      	adds	r0, #56	@ 0x38
10007c5c:	4682      	mov	sl, r0
10007c5e:	00d2      	lsls	r2, r2, #3
10007c60:	e783      	b.n	10007b6a <_malloc_r+0x382>
10007c62:	42bc      	cmp	r4, r7
10007c64:	d041      	beq.n	10007cea <_malloc_r+0x502>
10007c66:	68bc      	ldr	r4, [r7, #8]
10007c68:	6863      	ldr	r3, [r4, #4]
10007c6a:	2203      	movs	r2, #3
10007c6c:	4393      	bics	r3, r2
10007c6e:	001a      	movs	r2, r3
10007c70:	1b5b      	subs	r3, r3, r5
10007c72:	42aa      	cmp	r2, r5
10007c74:	d302      	bcc.n	10007c7c <_malloc_r+0x494>
10007c76:	2b0f      	cmp	r3, #15
10007c78:	dd00      	ble.n	10007c7c <_malloc_r+0x494>
10007c7a:	e744      	b.n	10007b06 <_malloc_r+0x31e>
10007c7c:	0030      	movs	r0, r6
10007c7e:	f000 f8a1 	bl	10007dc4 <__malloc_unlock>
10007c82:	e697      	b.n	100079b4 <_malloc_r+0x1cc>
10007c84:	235b      	movs	r3, #91	@ 0x5b
10007c86:	4698      	mov	r8, r3
10007c88:	4488      	add	r8, r1
10007c8a:	315c      	adds	r1, #92	@ 0x5c
10007c8c:	00cb      	lsls	r3, r1, #3
10007c8e:	e5f3      	b.n	10007878 <_malloc_r+0x90>
10007c90:	4653      	mov	r3, sl
10007c92:	1098      	asrs	r0, r3, #2
10007c94:	2301      	movs	r3, #1
10007c96:	4083      	lsls	r3, r0
10007c98:	4640      	mov	r0, r8
10007c9a:	4318      	orrs	r0, r3
10007c9c:	4680      	mov	r8, r0
10007c9e:	6078      	str	r0, [r7, #4]
10007ca0:	e780      	b.n	10007ba4 <_malloc_r+0x3bc>
10007ca2:	9b01      	ldr	r3, [sp, #4]
10007ca4:	9a03      	ldr	r2, [sp, #12]
10007ca6:	444b      	add	r3, r9
10007ca8:	400b      	ands	r3, r1
10007caa:	1ad3      	subs	r3, r2, r3
10007cac:	4019      	ands	r1, r3
10007cae:	0030      	movs	r0, r6
10007cb0:	468a      	mov	sl, r1
10007cb2:	f001 fa5b 	bl	1000916c <_sbrk_r>
10007cb6:	1c43      	adds	r3, r0, #1
10007cb8:	d000      	beq.n	10007cbc <_malloc_r+0x4d4>
10007cba:	e6ef      	b.n	10007a9c <_malloc_r+0x2b4>
10007cbc:	2300      	movs	r3, #0
10007cbe:	469a      	mov	sl, r3
10007cc0:	e6f1      	b.n	10007aa6 <_malloc_r+0x2be>
10007cc2:	2a54      	cmp	r2, #84	@ 0x54
10007cc4:	d82e      	bhi.n	10007d24 <_malloc_r+0x53c>
10007cc6:	0b1a      	lsrs	r2, r3, #12
10007cc8:	0010      	movs	r0, r2
10007cca:	326f      	adds	r2, #111	@ 0x6f
10007ccc:	306e      	adds	r0, #110	@ 0x6e
10007cce:	4682      	mov	sl, r0
10007cd0:	00d2      	lsls	r2, r2, #3
10007cd2:	e74a      	b.n	10007b6a <_malloc_r+0x382>
10007cd4:	23aa      	movs	r3, #170	@ 0xaa
10007cd6:	005b      	lsls	r3, r3, #1
10007cd8:	4299      	cmp	r1, r3
10007cda:	d82e      	bhi.n	10007d3a <_malloc_r+0x552>
10007cdc:	3bdd      	subs	r3, #221	@ 0xdd
10007cde:	4698      	mov	r8, r3
10007ce0:	0be9      	lsrs	r1, r5, #15
10007ce2:	4488      	add	r8, r1
10007ce4:	3178      	adds	r1, #120	@ 0x78
10007ce6:	00cb      	lsls	r3, r1, #3
10007ce8:	e5c6      	b.n	10007878 <_malloc_r+0x90>
10007cea:	4b30      	ldr	r3, [pc, #192]	@ (10007dac <_malloc_r+0x5c4>)
10007cec:	469b      	mov	fp, r3
10007cee:	681a      	ldr	r2, [r3, #0]
10007cf0:	9b01      	ldr	r3, [sp, #4]
10007cf2:	469c      	mov	ip, r3
10007cf4:	465b      	mov	r3, fp
10007cf6:	4462      	add	r2, ip
10007cf8:	601a      	str	r2, [r3, #0]
10007cfa:	9b03      	ldr	r3, [sp, #12]
10007cfc:	1e59      	subs	r1, r3, #1
10007cfe:	e6a7      	b.n	10007a50 <_malloc_r+0x268>
10007d00:	4648      	mov	r0, r9
10007d02:	4208      	tst	r0, r1
10007d04:	d000      	beq.n	10007d08 <_malloc_r+0x520>
10007d06:	e6a3      	b.n	10007a50 <_malloc_r+0x268>
10007d08:	68b9      	ldr	r1, [r7, #8]
10007d0a:	4443      	add	r3, r8
10007d0c:	4689      	mov	r9, r1
10007d0e:	2101      	movs	r1, #1
10007d10:	430b      	orrs	r3, r1
10007d12:	4649      	mov	r1, r9
10007d14:	604b      	str	r3, [r1, #4]
10007d16:	e6e7      	b.n	10007ae8 <_malloc_r+0x300>
10007d18:	4653      	mov	r3, sl
10007d1a:	464a      	mov	r2, r9
10007d1c:	601a      	str	r2, [r3, #0]
10007d1e:	e6a2      	b.n	10007a66 <_malloc_r+0x27e>
10007d20:	6048      	str	r0, [r1, #4]
10007d22:	e7ab      	b.n	10007c7c <_malloc_r+0x494>
10007d24:	20aa      	movs	r0, #170	@ 0xaa
10007d26:	0040      	lsls	r0, r0, #1
10007d28:	4282      	cmp	r2, r0
10007d2a:	d826      	bhi.n	10007d7a <_malloc_r+0x592>
10007d2c:	0bda      	lsrs	r2, r3, #15
10007d2e:	0010      	movs	r0, r2
10007d30:	3278      	adds	r2, #120	@ 0x78
10007d32:	3077      	adds	r0, #119	@ 0x77
10007d34:	4682      	mov	sl, r0
10007d36:	00d2      	lsls	r2, r2, #3
10007d38:	e717      	b.n	10007b6a <_malloc_r+0x382>
10007d3a:	4b1d      	ldr	r3, [pc, #116]	@ (10007db0 <_malloc_r+0x5c8>)
10007d3c:	4299      	cmp	r1, r3
10007d3e:	d826      	bhi.n	10007d8e <_malloc_r+0x5a6>
10007d40:	237c      	movs	r3, #124	@ 0x7c
10007d42:	4698      	mov	r8, r3
10007d44:	0ca9      	lsrs	r1, r5, #18
10007d46:	4488      	add	r8, r1
10007d48:	317d      	adds	r1, #125	@ 0x7d
10007d4a:	00cb      	lsls	r3, r1, #3
10007d4c:	e594      	b.n	10007878 <_malloc_r+0x90>
10007d4e:	9a01      	ldr	r2, [sp, #4]
10007d50:	9b02      	ldr	r3, [sp, #8]
10007d52:	4694      	mov	ip, r2
10007d54:	464a      	mov	r2, r9
10007d56:	3b08      	subs	r3, #8
10007d58:	4463      	add	r3, ip
10007d5a:	1a9b      	subs	r3, r3, r2
10007d5c:	9301      	str	r3, [sp, #4]
10007d5e:	2300      	movs	r3, #0
10007d60:	469a      	mov	sl, r3
10007d62:	e6a0      	b.n	10007aa6 <_malloc_r+0x2be>
10007d64:	0021      	movs	r1, r4
10007d66:	0030      	movs	r0, r6
10007d68:	3108      	adds	r1, #8
10007d6a:	f001 fab7 	bl	100092dc <_free_r>
10007d6e:	465b      	mov	r3, fp
10007d70:	681a      	ldr	r2, [r3, #0]
10007d72:	68bb      	ldr	r3, [r7, #8]
10007d74:	4699      	mov	r9, r3
10007d76:	685b      	ldr	r3, [r3, #4]
10007d78:	e6b6      	b.n	10007ae8 <_malloc_r+0x300>
10007d7a:	480d      	ldr	r0, [pc, #52]	@ (10007db0 <_malloc_r+0x5c8>)
10007d7c:	4282      	cmp	r2, r0
10007d7e:	d80c      	bhi.n	10007d9a <_malloc_r+0x5b2>
10007d80:	0c9a      	lsrs	r2, r3, #18
10007d82:	0010      	movs	r0, r2
10007d84:	327d      	adds	r2, #125	@ 0x7d
10007d86:	307c      	adds	r0, #124	@ 0x7c
10007d88:	4682      	mov	sl, r0
10007d8a:	00d2      	lsls	r2, r2, #3
10007d8c:	e6ed      	b.n	10007b6a <_malloc_r+0x382>
10007d8e:	23fe      	movs	r3, #254	@ 0xfe
10007d90:	227e      	movs	r2, #126	@ 0x7e
10007d92:	217f      	movs	r1, #127	@ 0x7f
10007d94:	4690      	mov	r8, r2
10007d96:	009b      	lsls	r3, r3, #2
10007d98:	e56e      	b.n	10007878 <_malloc_r+0x90>
10007d9a:	22fe      	movs	r2, #254	@ 0xfe
10007d9c:	207e      	movs	r0, #126	@ 0x7e
10007d9e:	0092      	lsls	r2, r2, #2
10007da0:	4682      	mov	sl, r0
10007da2:	e6e2      	b.n	10007b6a <_malloc_r+0x382>
10007da4:	4643      	mov	r3, r8
10007da6:	685b      	ldr	r3, [r3, #4]
10007da8:	e5f0      	b.n	1000798c <_malloc_r+0x1a4>
10007daa:	46c0      	nop			@ (mov r8, r8)
10007dac:	20000c54 	.word	0x20000c54
10007db0:	00000554 	.word	0x00000554

10007db4 <__malloc_lock>:
10007db4:	b510      	push	{r4, lr}
10007db6:	4802      	ldr	r0, [pc, #8]	@ (10007dc0 <__malloc_lock+0xc>)
10007db8:	f001 f9f0 	bl	1000919c <__retarget_lock_acquire_recursive>
10007dbc:	bd10      	pop	{r4, pc}
10007dbe:	46c0      	nop			@ (mov r8, r8)
10007dc0:	20000c50 	.word	0x20000c50

10007dc4 <__malloc_unlock>:
10007dc4:	b510      	push	{r4, lr}
10007dc6:	4802      	ldr	r0, [pc, #8]	@ (10007dd0 <__malloc_unlock+0xc>)
10007dc8:	f001 f9ea 	bl	100091a0 <__retarget_lock_release_recursive>
10007dcc:	bd10      	pop	{r4, pc}
10007dce:	46c0      	nop			@ (mov r8, r8)
10007dd0:	20000c50 	.word	0x20000c50

10007dd4 <sulp>:
10007dd4:	b570      	push	{r4, r5, r6, lr}
10007dd6:	0016      	movs	r6, r2
10007dd8:	000d      	movs	r5, r1
10007dda:	f002 fc31 	bl	1000a640 <__ulp>
10007dde:	2e00      	cmp	r6, #0
10007de0:	d00d      	beq.n	10007dfe <sulp+0x2a>
10007de2:	236b      	movs	r3, #107	@ 0x6b
10007de4:	006a      	lsls	r2, r5, #1
10007de6:	0d52      	lsrs	r2, r2, #21
10007de8:	1a9b      	subs	r3, r3, r2
10007dea:	2b00      	cmp	r3, #0
10007dec:	dd07      	ble.n	10007dfe <sulp+0x2a>
10007dee:	2400      	movs	r4, #0
10007df0:	4a03      	ldr	r2, [pc, #12]	@ (10007e00 <sulp+0x2c>)
10007df2:	051b      	lsls	r3, r3, #20
10007df4:	189d      	adds	r5, r3, r2
10007df6:	002b      	movs	r3, r5
10007df8:	0022      	movs	r2, r4
10007dfa:	f7fd ff9e 	bl	10005d3a <__wrap___aeabi_dmul>
10007dfe:	bd70      	pop	{r4, r5, r6, pc}
10007e00:	3ff00000 	.word	0x3ff00000

10007e04 <_strtod_l>:
10007e04:	b5f0      	push	{r4, r5, r6, r7, lr}
10007e06:	4645      	mov	r5, r8
10007e08:	46de      	mov	lr, fp
10007e0a:	4657      	mov	r7, sl
10007e0c:	464e      	mov	r6, r9
10007e0e:	b5e0      	push	{r5, r6, r7, lr}
10007e10:	b09f      	sub	sp, #124	@ 0x7c
10007e12:	9206      	str	r2, [sp, #24]
10007e14:	2200      	movs	r2, #0
10007e16:	000c      	movs	r4, r1
10007e18:	921a      	str	r2, [sp, #104]	@ 0x68
10007e1a:	2100      	movs	r1, #0
10007e1c:	2200      	movs	r2, #0
10007e1e:	4680      	mov	r8, r0
10007e20:	9104      	str	r1, [sp, #16]
10007e22:	9205      	str	r2, [sp, #20]
10007e24:	0021      	movs	r1, r4
10007e26:	9119      	str	r1, [sp, #100]	@ 0x64
10007e28:	780a      	ldrb	r2, [r1, #0]
10007e2a:	000f      	movs	r7, r1
10007e2c:	2a2d      	cmp	r2, #45	@ 0x2d
10007e2e:	d803      	bhi.n	10007e38 <_strtod_l+0x34>
10007e30:	4daa      	ldr	r5, [pc, #680]	@ (100080dc <_strtod_l+0x2d8>)
10007e32:	0090      	lsls	r0, r2, #2
10007e34:	5828      	ldr	r0, [r5, r0]
10007e36:	4687      	mov	pc, r0
10007e38:	2100      	movs	r1, #0
10007e3a:	9107      	str	r1, [sp, #28]
10007e3c:	2100      	movs	r1, #0
10007e3e:	9108      	str	r1, [sp, #32]
10007e40:	2a30      	cmp	r2, #48	@ 0x30
10007e42:	d100      	bne.n	10007e46 <_strtod_l+0x42>
10007e44:	e0c4      	b.n	10007fd0 <_strtod_l+0x1cc>
10007e46:	2a2f      	cmp	r2, #47	@ 0x2f
10007e48:	d800      	bhi.n	10007e4c <_strtod_l+0x48>
10007e4a:	e289      	b.n	10008360 <_strtod_l+0x55c>
10007e4c:	2300      	movs	r3, #0
10007e4e:	469a      	mov	sl, r3
10007e50:	0019      	movs	r1, r3
10007e52:	0038      	movs	r0, r7
10007e54:	2600      	movs	r6, #0
10007e56:	0013      	movs	r3, r2
10007e58:	4655      	mov	r5, sl
10007e5a:	e00b      	b.n	10007e74 <_strtod_l+0x70>
10007e5c:	008b      	lsls	r3, r1, #2
10007e5e:	185b      	adds	r3, r3, r1
10007e60:	3001      	adds	r0, #1
10007e62:	005b      	lsls	r3, r3, #1
10007e64:	9019      	str	r0, [sp, #100]	@ 0x64
10007e66:	1899      	adds	r1, r3, r2
10007e68:	7802      	ldrb	r2, [r0, #0]
10007e6a:	3930      	subs	r1, #48	@ 0x30
10007e6c:	0013      	movs	r3, r2
10007e6e:	3601      	adds	r6, #1
10007e70:	2a2f      	cmp	r2, #47	@ 0x2f
10007e72:	dd0f      	ble.n	10007e94 <_strtod_l+0x90>
10007e74:	2a39      	cmp	r2, #57	@ 0x39
10007e76:	dc6f      	bgt.n	10007f58 <_strtod_l+0x154>
10007e78:	2e08      	cmp	r6, #8
10007e7a:	ddef      	ble.n	10007e5c <_strtod_l+0x58>
10007e7c:	00ab      	lsls	r3, r5, #2
10007e7e:	195b      	adds	r3, r3, r5
10007e80:	3001      	adds	r0, #1
10007e82:	005b      	lsls	r3, r3, #1
10007e84:	9019      	str	r0, [sp, #100]	@ 0x64
10007e86:	189d      	adds	r5, r3, r2
10007e88:	7802      	ldrb	r2, [r0, #0]
10007e8a:	3d30      	subs	r5, #48	@ 0x30
10007e8c:	0013      	movs	r3, r2
10007e8e:	3601      	adds	r6, #1
10007e90:	2a2f      	cmp	r2, #47	@ 0x2f
10007e92:	dcef      	bgt.n	10007e74 <_strtod_l+0x70>
10007e94:	4689      	mov	r9, r1
10007e96:	2201      	movs	r2, #1
10007e98:	4991      	ldr	r1, [pc, #580]	@ (100080e0 <_strtod_l+0x2dc>)
10007e9a:	46aa      	mov	sl, r5
10007e9c:	f001 f8c8 	bl	10009030 <strncmp>
10007ea0:	2800      	cmp	r0, #0
10007ea2:	d100      	bne.n	10007ea6 <_strtod_l+0xa2>
10007ea4:	e24a      	b.n	1000833c <_strtod_l+0x538>
10007ea6:	2300      	movs	r3, #0
10007ea8:	9608      	str	r6, [sp, #32]
10007eaa:	9312      	str	r3, [sp, #72]	@ 0x48
10007eac:	930a      	str	r3, [sp, #40]	@ 0x28
10007eae:	930b      	str	r3, [sp, #44]	@ 0x2c
10007eb0:	9b08      	ldr	r3, [sp, #32]
10007eb2:	001c      	movs	r4, r3
10007eb4:	2b10      	cmp	r3, #16
10007eb6:	dd00      	ble.n	10007eba <_strtod_l+0xb6>
10007eb8:	2410      	movs	r4, #16
10007eba:	4648      	mov	r0, r9
10007ebc:	f7fd ffb2 	bl	10005e24 <__wrap___aeabi_ui2d>
10007ec0:	9b08      	ldr	r3, [sp, #32]
10007ec2:	9004      	str	r0, [sp, #16]
10007ec4:	9105      	str	r1, [sp, #20]
10007ec6:	2b09      	cmp	r3, #9
10007ec8:	dd19      	ble.n	10007efe <_strtod_l+0xfa>
10007eca:	0022      	movs	r2, r4
10007ecc:	4b85      	ldr	r3, [pc, #532]	@ (100080e4 <_strtod_l+0x2e0>)
10007ece:	3a09      	subs	r2, #9
10007ed0:	00d2      	lsls	r2, r2, #3
10007ed2:	189b      	adds	r3, r3, r2
10007ed4:	681a      	ldr	r2, [r3, #0]
10007ed6:	685b      	ldr	r3, [r3, #4]
10007ed8:	f7fd ff2f 	bl	10005d3a <__wrap___aeabi_dmul>
10007edc:	9004      	str	r0, [sp, #16]
10007ede:	9105      	str	r1, [sp, #20]
10007ee0:	4650      	mov	r0, sl
10007ee2:	f7fd ff9f 	bl	10005e24 <__wrap___aeabi_ui2d>
10007ee6:	000b      	movs	r3, r1
10007ee8:	0002      	movs	r2, r0
10007eea:	9804      	ldr	r0, [sp, #16]
10007eec:	9905      	ldr	r1, [sp, #20]
10007eee:	f7fd fefd 	bl	10005cec <__wrap___aeabi_dadd>
10007ef2:	9b08      	ldr	r3, [sp, #32]
10007ef4:	9004      	str	r0, [sp, #16]
10007ef6:	9105      	str	r1, [sp, #20]
10007ef8:	2b0f      	cmp	r3, #15
10007efa:	dd00      	ble.n	10007efe <_strtod_l+0xfa>
10007efc:	e0af      	b.n	1000805e <_strtod_l+0x25a>
10007efe:	9b0a      	ldr	r3, [sp, #40]	@ 0x28
10007f00:	2b00      	cmp	r3, #0
10007f02:	d101      	bne.n	10007f08 <_strtod_l+0x104>
10007f04:	f000 fc66 	bl	100087d4 <_strtod_l+0x9d0>
10007f08:	9b0a      	ldr	r3, [sp, #40]	@ 0x28
10007f0a:	2b00      	cmp	r3, #0
10007f0c:	dc00      	bgt.n	10007f10 <_strtod_l+0x10c>
10007f0e:	e346      	b.n	1000859e <_strtod_l+0x79a>
10007f10:	2b16      	cmp	r3, #22
10007f12:	dc01      	bgt.n	10007f18 <_strtod_l+0x114>
10007f14:	f000 fd5f 	bl	100089d6 <_strtod_l+0xbd2>
10007f18:	2325      	movs	r3, #37	@ 0x25
10007f1a:	9a08      	ldr	r2, [sp, #32]
10007f1c:	1a9b      	subs	r3, r3, r2
10007f1e:	9a0a      	ldr	r2, [sp, #40]	@ 0x28
10007f20:	4293      	cmp	r3, r2
10007f22:	da00      	bge.n	10007f26 <_strtod_l+0x122>
10007f24:	e09b      	b.n	1000805e <_strtod_l+0x25a>
10007f26:	240f      	movs	r4, #15
10007f28:	9b08      	ldr	r3, [sp, #32]
10007f2a:	4d6e      	ldr	r5, [pc, #440]	@ (100080e4 <_strtod_l+0x2e0>)
10007f2c:	1ae4      	subs	r4, r4, r3
10007f2e:	00e1      	lsls	r1, r4, #3
10007f30:	1869      	adds	r1, r5, r1
10007f32:	9a04      	ldr	r2, [sp, #16]
10007f34:	9b05      	ldr	r3, [sp, #20]
10007f36:	6808      	ldr	r0, [r1, #0]
10007f38:	6849      	ldr	r1, [r1, #4]
10007f3a:	f7fd fefe 	bl	10005d3a <__wrap___aeabi_dmul>
10007f3e:	9b0a      	ldr	r3, [sp, #40]	@ 0x28
10007f40:	1b1c      	subs	r4, r3, r4
10007f42:	00e4      	lsls	r4, r4, #3
10007f44:	192d      	adds	r5, r5, r4
10007f46:	682a      	ldr	r2, [r5, #0]
10007f48:	686b      	ldr	r3, [r5, #4]
10007f4a:	f7fd fef6 	bl	10005d3a <__wrap___aeabi_dmul>
10007f4e:	0006      	movs	r6, r0
10007f50:	000f      	movs	r7, r1
10007f52:	e213      	b.n	1000837c <_strtod_l+0x578>
10007f54:	3101      	adds	r1, #1
10007f56:	e766      	b.n	10007e26 <_strtod_l+0x22>
10007f58:	4689      	mov	r9, r1
10007f5a:	2201      	movs	r2, #1
10007f5c:	4960      	ldr	r1, [pc, #384]	@ (100080e0 <_strtod_l+0x2dc>)
10007f5e:	46aa      	mov	sl, r5
10007f60:	001d      	movs	r5, r3
10007f62:	f001 f865 	bl	10009030 <strncmp>
10007f66:	2800      	cmp	r0, #0
10007f68:	d146      	bne.n	10007ff8 <_strtod_l+0x1f4>
10007f6a:	9d19      	ldr	r5, [sp, #100]	@ 0x64
10007f6c:	002b      	movs	r3, r5
10007f6e:	1c69      	adds	r1, r5, #1
10007f70:	9119      	str	r1, [sp, #100]	@ 0x64
10007f72:	785b      	ldrb	r3, [r3, #1]
10007f74:	000d      	movs	r5, r1
10007f76:	001a      	movs	r2, r3
10007f78:	2e00      	cmp	r6, #0
10007f7a:	d000      	beq.n	10007f7e <_strtod_l+0x17a>
10007f7c:	e1e2      	b.n	10008344 <_strtod_l+0x540>
10007f7e:	002b      	movs	r3, r5
10007f80:	2000      	movs	r0, #0
10007f82:	2a30      	cmp	r2, #48	@ 0x30
10007f84:	d107      	bne.n	10007f96 <_strtod_l+0x192>
10007f86:	0018      	movs	r0, r3
10007f88:	3301      	adds	r3, #1
10007f8a:	9319      	str	r3, [sp, #100]	@ 0x64
10007f8c:	781a      	ldrb	r2, [r3, #0]
10007f8e:	2a30      	cmp	r2, #48	@ 0x30
10007f90:	d0f9      	beq.n	10007f86 <_strtod_l+0x182>
10007f92:	1b40      	subs	r0, r0, r5
10007f94:	3001      	adds	r0, #1
10007f96:	0013      	movs	r3, r2
10007f98:	3b31      	subs	r3, #49	@ 0x31
10007f9a:	2b08      	cmp	r3, #8
10007f9c:	d800      	bhi.n	10007fa0 <_strtod_l+0x19c>
10007f9e:	e267      	b.n	10008470 <_strtod_l+0x66c>
10007fa0:	2320      	movs	r3, #32
10007fa2:	439a      	bics	r2, r3
10007fa4:	2a45      	cmp	r2, #69	@ 0x45
10007fa6:	d100      	bne.n	10007faa <_strtod_l+0x1a6>
10007fa8:	e318      	b.n	100085dc <_strtod_l+0x7d8>
10007faa:	9b08      	ldr	r3, [sp, #32]
10007fac:	4303      	orrs	r3, r0
10007fae:	d000      	beq.n	10007fb2 <_strtod_l+0x1ae>
10007fb0:	e1e2      	b.n	10008378 <_strtod_l+0x574>
10007fb2:	9b06      	ldr	r3, [sp, #24]
10007fb4:	2600      	movs	r6, #0
10007fb6:	2700      	movs	r7, #0
10007fb8:	2b00      	cmp	r3, #0
10007fba:	d000      	beq.n	10007fbe <_strtod_l+0x1ba>
10007fbc:	601c      	str	r4, [r3, #0]
10007fbe:	0030      	movs	r0, r6
10007fc0:	0039      	movs	r1, r7
10007fc2:	b01f      	add	sp, #124	@ 0x7c
10007fc4:	bcf0      	pop	{r4, r5, r6, r7}
10007fc6:	46bb      	mov	fp, r7
10007fc8:	46b2      	mov	sl, r6
10007fca:	46a9      	mov	r9, r5
10007fcc:	46a0      	mov	r8, r4
10007fce:	bdf0      	pop	{r4, r5, r6, r7, pc}
10007fd0:	787a      	ldrb	r2, [r7, #1]
10007fd2:	3120      	adds	r1, #32
10007fd4:	438a      	bics	r2, r1
10007fd6:	1c7d      	adds	r5, r7, #1
10007fd8:	2a58      	cmp	r2, #88	@ 0x58
10007fda:	d101      	bne.n	10007fe0 <_strtod_l+0x1dc>
10007fdc:	f000 fbfd 	bl	100087da <_strtod_l+0x9d6>
10007fe0:	002f      	movs	r7, r5
10007fe2:	9519      	str	r5, [sp, #100]	@ 0x64
10007fe4:	783a      	ldrb	r2, [r7, #0]
10007fe6:	3501      	adds	r5, #1
10007fe8:	2a30      	cmp	r2, #48	@ 0x30
10007fea:	d0f9      	beq.n	10007fe0 <_strtod_l+0x1dc>
10007fec:	2a00      	cmp	r2, #0
10007fee:	d100      	bne.n	10007ff2 <_strtod_l+0x1ee>
10007ff0:	e1c2      	b.n	10008378 <_strtod_l+0x574>
10007ff2:	2301      	movs	r3, #1
10007ff4:	9308      	str	r3, [sp, #32]
10007ff6:	e726      	b.n	10007e46 <_strtod_l+0x42>
10007ff8:	2300      	movs	r3, #0
10007ffa:	2000      	movs	r0, #0
10007ffc:	2200      	movs	r2, #0
10007ffe:	9609      	str	r6, [sp, #36]	@ 0x24
10008000:	9312      	str	r3, [sp, #72]	@ 0x48
10008002:	2d65      	cmp	r5, #101	@ 0x65
10008004:	d100      	bne.n	10008008 <_strtod_l+0x204>
10008006:	e1d2      	b.n	100083ae <_strtod_l+0x5aa>
10008008:	2300      	movs	r3, #0
1000800a:	930b      	str	r3, [sp, #44]	@ 0x2c
1000800c:	2d45      	cmp	r5, #69	@ 0x45
1000800e:	d100      	bne.n	10008012 <_strtod_l+0x20e>
10008010:	e1cd      	b.n	100083ae <_strtod_l+0x5aa>
10008012:	2e00      	cmp	r6, #0
10008014:	d000      	beq.n	10008018 <_strtod_l+0x214>
10008016:	e1bf      	b.n	10008398 <_strtod_l+0x594>
10008018:	9b08      	ldr	r3, [sp, #32]
1000801a:	4303      	orrs	r3, r0
1000801c:	d000      	beq.n	10008020 <_strtod_l+0x21c>
1000801e:	e1ab      	b.n	10008378 <_strtod_l+0x574>
10008020:	2a00      	cmp	r2, #0
10008022:	d1c6      	bne.n	10007fb2 <_strtod_l+0x1ae>
10008024:	2d69      	cmp	r5, #105	@ 0x69
10008026:	d100      	bne.n	1000802a <_strtod_l+0x226>
10008028:	e2e6      	b.n	100085f8 <_strtod_l+0x7f4>
1000802a:	dd01      	ble.n	10008030 <_strtod_l+0x22c>
1000802c:	f000 fcc2 	bl	100089b4 <_strtod_l+0xbb0>
10008030:	2d49      	cmp	r5, #73	@ 0x49
10008032:	d100      	bne.n	10008036 <_strtod_l+0x232>
10008034:	e2e0      	b.n	100085f8 <_strtod_l+0x7f4>
10008036:	2d4e      	cmp	r5, #78	@ 0x4e
10008038:	d1bb      	bne.n	10007fb2 <_strtod_l+0x1ae>
1000803a:	492b      	ldr	r1, [pc, #172]	@ (100080e8 <_strtod_l+0x2e4>)
1000803c:	a819      	add	r0, sp, #100	@ 0x64
1000803e:	f001 fd97 	bl	10009b70 <__match>
10008042:	2800      	cmp	r0, #0
10008044:	d0b5      	beq.n	10007fb2 <_strtod_l+0x1ae>
10008046:	9b19      	ldr	r3, [sp, #100]	@ 0x64
10008048:	781b      	ldrb	r3, [r3, #0]
1000804a:	2b28      	cmp	r3, #40	@ 0x28
1000804c:	d101      	bne.n	10008052 <_strtod_l+0x24e>
1000804e:	f000 fd79 	bl	10008b44 <_strtod_l+0xd40>
10008052:	4826      	ldr	r0, [pc, #152]	@ (100080ec <_strtod_l+0x2e8>)
10008054:	f001 f8e2 	bl	1000921c <nan>
10008058:	0006      	movs	r6, r0
1000805a:	000f      	movs	r7, r1
1000805c:	e18e      	b.n	1000837c <_strtod_l+0x578>
1000805e:	9a0a      	ldr	r2, [sp, #40]	@ 0x28
10008060:	9b08      	ldr	r3, [sp, #32]
10008062:	4694      	mov	ip, r2
10008064:	1b1b      	subs	r3, r3, r4
10008066:	4463      	add	r3, ip
10008068:	2b00      	cmp	r3, #0
1000806a:	dc00      	bgt.n	1000806e <_strtod_l+0x26a>
1000806c:	e270      	b.n	10008550 <_strtod_l+0x74c>
1000806e:	220f      	movs	r2, #15
10008070:	001c      	movs	r4, r3
10008072:	0011      	movs	r1, r2
10008074:	4394      	bics	r4, r2
10008076:	4019      	ands	r1, r3
10008078:	421a      	tst	r2, r3
1000807a:	d101      	bne.n	10008080 <_strtod_l+0x27c>
1000807c:	f000 fc2c 	bl	100088d8 <_strtod_l+0xad4>
10008080:	4b18      	ldr	r3, [pc, #96]	@ (100080e4 <_strtod_l+0x2e0>)
10008082:	00c9      	lsls	r1, r1, #3
10008084:	1859      	adds	r1, r3, r1
10008086:	6808      	ldr	r0, [r1, #0]
10008088:	6849      	ldr	r1, [r1, #4]
1000808a:	9a04      	ldr	r2, [sp, #16]
1000808c:	9b05      	ldr	r3, [sp, #20]
1000808e:	f7fd fe54 	bl	10005d3a <__wrap___aeabi_dmul>
10008092:	9004      	str	r0, [sp, #16]
10008094:	9105      	str	r1, [sp, #20]
10008096:	2c00      	cmp	r4, #0
10008098:	d001      	beq.n	1000809e <_strtod_l+0x29a>
1000809a:	f000 fc1d 	bl	100088d8 <_strtod_l+0xad4>
1000809e:	2300      	movs	r3, #0
100080a0:	9309      	str	r3, [sp, #36]	@ 0x24
100080a2:	464b      	mov	r3, r9
100080a4:	0032      	movs	r2, r6
100080a6:	9300      	str	r3, [sp, #0]
100080a8:	0039      	movs	r1, r7
100080aa:	4640      	mov	r0, r8
100080ac:	9b08      	ldr	r3, [sp, #32]
100080ae:	f001 ff13 	bl	10009ed8 <__s2b>
100080b2:	9013      	str	r0, [sp, #76]	@ 0x4c
100080b4:	2800      	cmp	r0, #0
100080b6:	d101      	bne.n	100080bc <_strtod_l+0x2b8>
100080b8:	f000 fc9a 	bl	100089f0 <_strtod_l+0xbec>
100080bc:	9b0a      	ldr	r3, [sp, #40]	@ 0x28
100080be:	9912      	ldr	r1, [sp, #72]	@ 0x48
100080c0:	43da      	mvns	r2, r3
100080c2:	980b      	ldr	r0, [sp, #44]	@ 0x2c
100080c4:	17d2      	asrs	r2, r2, #31
100080c6:	1a08      	subs	r0, r1, r0
100080c8:	17d9      	asrs	r1, r3, #31
100080ca:	4013      	ands	r3, r2
100080cc:	9314      	str	r3, [sp, #80]	@ 0x50
100080ce:	2300      	movs	r3, #0
100080d0:	4008      	ands	r0, r1
100080d2:	4699      	mov	r9, r3
100080d4:	469b      	mov	fp, r3
100080d6:	9012      	str	r0, [sp, #72]	@ 0x48
100080d8:	e0f0      	b.n	100082bc <_strtod_l+0x4b8>
100080da:	46c0      	nop			@ (mov r8, r8)
100080dc:	1000b2a8 	.word	0x1000b2a8
100080e0:	1000ae38 	.word	0x1000ae38
100080e4:	1000b600 	.word	0x1000b600
100080e8:	1000ae48 	.word	0x1000ae48
100080ec:	1000a9a0 	.word	0x1000a9a0
100080f0:	1ac9      	subs	r1, r1, r3
100080f2:	1a52      	subs	r2, r2, r1
100080f4:	291f      	cmp	r1, #31
100080f6:	dd00      	ble.n	100080fa <_strtod_l+0x2f6>
100080f8:	e326      	b.n	10008748 <_strtod_l+0x944>
100080fa:	2301      	movs	r3, #1
100080fc:	408b      	lsls	r3, r1
100080fe:	9310      	str	r3, [sp, #64]	@ 0x40
10008100:	2300      	movs	r3, #0
10008102:	9315      	str	r3, [sp, #84]	@ 0x54
10008104:	18ab      	adds	r3, r5, r2
10008106:	469a      	mov	sl, r3
10008108:	9b09      	ldr	r3, [sp, #36]	@ 0x24
1000810a:	18a4      	adds	r4, r4, r2
1000810c:	469c      	mov	ip, r3
1000810e:	002b      	movs	r3, r5
10008110:	4464      	add	r4, ip
10008112:	4555      	cmp	r5, sl
10008114:	dd00      	ble.n	10008118 <_strtod_l+0x314>
10008116:	4653      	mov	r3, sl
10008118:	42a3      	cmp	r3, r4
1000811a:	dd00      	ble.n	1000811e <_strtod_l+0x31a>
1000811c:	0023      	movs	r3, r4
1000811e:	2b00      	cmp	r3, #0
10008120:	dd04      	ble.n	1000812c <_strtod_l+0x328>
10008122:	4652      	mov	r2, sl
10008124:	1ad2      	subs	r2, r2, r3
10008126:	4692      	mov	sl, r2
10008128:	1ae4      	subs	r4, r4, r3
1000812a:	1aed      	subs	r5, r5, r3
1000812c:	9b12      	ldr	r3, [sp, #72]	@ 0x48
1000812e:	2b00      	cmp	r3, #0
10008130:	dd00      	ble.n	10008134 <_strtod_l+0x330>
10008132:	e2b0      	b.n	10008696 <_strtod_l+0x892>
10008134:	4653      	mov	r3, sl
10008136:	2b00      	cmp	r3, #0
10008138:	dd00      	ble.n	1000813c <_strtod_l+0x338>
1000813a:	e2c8      	b.n	100086ce <_strtod_l+0x8ca>
1000813c:	9b0a      	ldr	r3, [sp, #40]	@ 0x28
1000813e:	2b00      	cmp	r3, #0
10008140:	dd00      	ble.n	10008144 <_strtod_l+0x340>
10008142:	e2f3      	b.n	1000872c <_strtod_l+0x928>
10008144:	2c00      	cmp	r4, #0
10008146:	dd00      	ble.n	1000814a <_strtod_l+0x346>
10008148:	e2e4      	b.n	10008714 <_strtod_l+0x910>
1000814a:	2d00      	cmp	r5, #0
1000814c:	dd08      	ble.n	10008160 <_strtod_l+0x35c>
1000814e:	4649      	mov	r1, r9
10008150:	002a      	movs	r2, r5
10008152:	4640      	mov	r0, r8
10008154:	f002 f904 	bl	1000a360 <__lshift>
10008158:	4681      	mov	r9, r0
1000815a:	2800      	cmp	r0, #0
1000815c:	d100      	bne.n	10008160 <_strtod_l+0x35c>
1000815e:	e2e2      	b.n	10008726 <_strtod_l+0x922>
10008160:	4640      	mov	r0, r8
10008162:	991a      	ldr	r1, [sp, #104]	@ 0x68
10008164:	9a08      	ldr	r2, [sp, #32]
10008166:	f002 f997 	bl	1000a498 <__mdiff>
1000816a:	4683      	mov	fp, r0
1000816c:	2800      	cmp	r0, #0
1000816e:	d100      	bne.n	10008172 <_strtod_l+0x36e>
10008170:	e2d9      	b.n	10008726 <_strtod_l+0x922>
10008172:	68c3      	ldr	r3, [r0, #12]
10008174:	4649      	mov	r1, r9
10008176:	930e      	str	r3, [sp, #56]	@ 0x38
10008178:	2300      	movs	r3, #0
1000817a:	60c3      	str	r3, [r0, #12]
1000817c:	f002 f96e 	bl	1000a45c <__mcmp>
10008180:	2800      	cmp	r0, #0
10008182:	da01      	bge.n	10008188 <_strtod_l+0x384>
10008184:	f000 fd09 	bl	10008b9a <_strtod_l+0xd96>
10008188:	9b05      	ldr	r3, [sp, #20]
1000818a:	930b      	str	r3, [sp, #44]	@ 0x2c
1000818c:	d101      	bne.n	10008192 <_strtod_l+0x38e>
1000818e:	f000 fca2 	bl	10008ad6 <_strtod_l+0xcd2>
10008192:	4649      	mov	r1, r9
10008194:	4658      	mov	r0, fp
10008196:	f002 fb31 	bl	1000a7fc <__ratio>
1000819a:	2380      	movs	r3, #128	@ 0x80
1000819c:	2200      	movs	r2, #0
1000819e:	05db      	lsls	r3, r3, #23
100081a0:	0004      	movs	r4, r0
100081a2:	000d      	movs	r5, r1
100081a4:	f7fd fe1a 	bl	10005ddc <__wrap___aeabi_dcmple>
100081a8:	2800      	cmp	r0, #0
100081aa:	d100      	bne.n	100081ae <_strtod_l+0x3aa>
100081ac:	e265      	b.n	1000867a <_strtod_l+0x876>
100081ae:	9b0e      	ldr	r3, [sp, #56]	@ 0x38
100081b0:	2b00      	cmp	r3, #0
100081b2:	d000      	beq.n	100081b6 <_strtod_l+0x3b2>
100081b4:	e2d5      	b.n	10008762 <_strtod_l+0x95e>
100081b6:	9b04      	ldr	r3, [sp, #16]
100081b8:	2b00      	cmp	r3, #0
100081ba:	d000      	beq.n	100081be <_strtod_l+0x3ba>
100081bc:	e35a      	b.n	10008874 <_strtod_l+0xa70>
100081be:	9b0b      	ldr	r3, [sp, #44]	@ 0x2c
100081c0:	031b      	lsls	r3, r3, #12
100081c2:	d000      	beq.n	100081c6 <_strtod_l+0x3c2>
100081c4:	e2fd      	b.n	100087c2 <_strtod_l+0x9be>
100081c6:	2200      	movs	r2, #0
100081c8:	0020      	movs	r0, r4
100081ca:	0029      	movs	r1, r5
100081cc:	4bd7      	ldr	r3, [pc, #860]	@ (1000852c <_strtod_l+0x728>)
100081ce:	f7fd fdff 	bl	10005dd0 <__wrap___aeabi_dcmplt>
100081d2:	2800      	cmp	r0, #0
100081d4:	d001      	beq.n	100081da <_strtod_l+0x3d6>
100081d6:	f000 fc74 	bl	10008ac2 <_strtod_l+0xcbe>
100081da:	2200      	movs	r2, #0
100081dc:	4bd4      	ldr	r3, [pc, #848]	@ (10008530 <_strtod_l+0x72c>)
100081de:	0020      	movs	r0, r4
100081e0:	0029      	movs	r1, r5
100081e2:	f7fd fdaa 	bl	10005d3a <__wrap___aeabi_dmul>
100081e6:	000a      	movs	r2, r1
100081e8:	0001      	movs	r1, r0
100081ea:	0013      	movs	r3, r2
100081ec:	9110      	str	r1, [sp, #64]	@ 0x40
100081ee:	9211      	str	r2, [sp, #68]	@ 0x44
100081f0:	900c      	str	r0, [sp, #48]	@ 0x30
100081f2:	2280      	movs	r2, #128	@ 0x80
100081f4:	0612      	lsls	r2, r2, #24
100081f6:	4694      	mov	ip, r2
100081f8:	4463      	add	r3, ip
100081fa:	930d      	str	r3, [sp, #52]	@ 0x34
100081fc:	9b0b      	ldr	r3, [sp, #44]	@ 0x2c
100081fe:	4acd      	ldr	r2, [pc, #820]	@ (10008534 <_strtod_l+0x730>)
10008200:	9c0c      	ldr	r4, [sp, #48]	@ 0x30
10008202:	9d0d      	ldr	r5, [sp, #52]	@ 0x34
10008204:	4013      	ands	r3, r2
10008206:	469a      	mov	sl, r3
10008208:	4bcb      	ldr	r3, [pc, #812]	@ (10008538 <_strtod_l+0x734>)
1000820a:	459a      	cmp	sl, r3
1000820c:	d100      	bne.n	10008210 <_strtod_l+0x40c>
1000820e:	e2af      	b.n	10008770 <_strtod_l+0x96c>
10008210:	9b09      	ldr	r3, [sp, #36]	@ 0x24
10008212:	2b00      	cmp	r3, #0
10008214:	d029      	beq.n	1000826a <_strtod_l+0x466>
10008216:	23d4      	movs	r3, #212	@ 0xd4
10008218:	04db      	lsls	r3, r3, #19
1000821a:	459a      	cmp	sl, r3
1000821c:	d825      	bhi.n	1000826a <_strtod_l+0x466>
1000821e:	9810      	ldr	r0, [sp, #64]	@ 0x40
10008220:	9911      	ldr	r1, [sp, #68]	@ 0x44
10008222:	4ac6      	ldr	r2, [pc, #792]	@ (1000853c <_strtod_l+0x738>)
10008224:	4bc6      	ldr	r3, [pc, #792]	@ (10008540 <_strtod_l+0x73c>)
10008226:	f7fd fdd9 	bl	10005ddc <__wrap___aeabi_dcmple>
1000822a:	2800      	cmp	r0, #0
1000822c:	d018      	beq.n	10008260 <_strtod_l+0x45c>
1000822e:	9810      	ldr	r0, [sp, #64]	@ 0x40
10008230:	9911      	ldr	r1, [sp, #68]	@ 0x44
10008232:	f7fd fe37 	bl	10005ea4 <__wrap___aeabi_d2uiz>
10008236:	2800      	cmp	r0, #0
10008238:	d100      	bne.n	1000823c <_strtod_l+0x438>
1000823a:	3001      	adds	r0, #1
1000823c:	f7fd fdf2 	bl	10005e24 <__wrap___aeabi_ui2d>
10008240:	9b0e      	ldr	r3, [sp, #56]	@ 0x38
10008242:	9010      	str	r0, [sp, #64]	@ 0x40
10008244:	9111      	str	r1, [sp, #68]	@ 0x44
10008246:	2b00      	cmp	r3, #0
10008248:	d001      	beq.n	1000824e <_strtod_l+0x44a>
1000824a:	f000 fc24 	bl	10008a96 <_strtod_l+0xc92>
1000824e:	2280      	movs	r2, #128	@ 0x80
10008250:	0612      	lsls	r2, r2, #24
10008252:	000b      	movs	r3, r1
10008254:	4694      	mov	ip, r2
10008256:	4463      	add	r3, ip
10008258:	9016      	str	r0, [sp, #88]	@ 0x58
1000825a:	9317      	str	r3, [sp, #92]	@ 0x5c
1000825c:	9c16      	ldr	r4, [sp, #88]	@ 0x58
1000825e:	9d17      	ldr	r5, [sp, #92]	@ 0x5c
10008260:	23d6      	movs	r3, #214	@ 0xd6
10008262:	4652      	mov	r2, sl
10008264:	04db      	lsls	r3, r3, #19
10008266:	18eb      	adds	r3, r5, r3
10008268:	1a9d      	subs	r5, r3, r2
1000826a:	0030      	movs	r0, r6
1000826c:	0039      	movs	r1, r7
1000826e:	f002 f9e7 	bl	1000a640 <__ulp>
10008272:	0002      	movs	r2, r0
10008274:	000b      	movs	r3, r1
10008276:	0020      	movs	r0, r4
10008278:	0029      	movs	r1, r5
1000827a:	f7fd fd5e 	bl	10005d3a <__wrap___aeabi_dmul>
1000827e:	0032      	movs	r2, r6
10008280:	003b      	movs	r3, r7
10008282:	f7fd fd33 	bl	10005cec <__wrap___aeabi_dadd>
10008286:	000e      	movs	r6, r1
10008288:	9004      	str	r0, [sp, #16]
1000828a:	9105      	str	r1, [sp, #20]
1000828c:	9b09      	ldr	r3, [sp, #36]	@ 0x24
1000828e:	2b00      	cmp	r3, #0
10008290:	d104      	bne.n	1000829c <_strtod_l+0x498>
10008292:	4ba8      	ldr	r3, [pc, #672]	@ (10008534 <_strtod_l+0x730>)
10008294:	4033      	ands	r3, r6
10008296:	459a      	cmp	sl, r3
10008298:	d100      	bne.n	1000829c <_strtod_l+0x498>
1000829a:	e2b9      	b.n	10008810 <_strtod_l+0xa0c>
1000829c:	4640      	mov	r0, r8
1000829e:	991a      	ldr	r1, [sp, #104]	@ 0x68
100082a0:	f001 fdbe 	bl	10009e20 <_Bfree>
100082a4:	4640      	mov	r0, r8
100082a6:	9908      	ldr	r1, [sp, #32]
100082a8:	f001 fdba 	bl	10009e20 <_Bfree>
100082ac:	4649      	mov	r1, r9
100082ae:	4640      	mov	r0, r8
100082b0:	f001 fdb6 	bl	10009e20 <_Bfree>
100082b4:	4659      	mov	r1, fp
100082b6:	4640      	mov	r0, r8
100082b8:	f001 fdb2 	bl	10009e20 <_Bfree>
100082bc:	9c13      	ldr	r4, [sp, #76]	@ 0x4c
100082be:	4640      	mov	r0, r8
100082c0:	6861      	ldr	r1, [r4, #4]
100082c2:	f001 fd85 	bl	10009dd0 <_Balloc>
100082c6:	1e03      	subs	r3, r0, #0
100082c8:	9008      	str	r0, [sp, #32]
100082ca:	d100      	bne.n	100082ce <_strtod_l+0x4ca>
100082cc:	e22b      	b.n	10008726 <_strtod_l+0x922>
100082ce:	6922      	ldr	r2, [r4, #16]
100082d0:	330c      	adds	r3, #12
100082d2:	3202      	adds	r2, #2
100082d4:	340c      	adds	r4, #12
100082d6:	0021      	movs	r1, r4
100082d8:	0018      	movs	r0, r3
100082da:	0092      	lsls	r2, r2, #2
100082dc:	f7fe fed8 	bl	10007090 <__wrap___aeabi_memcpy>
100082e0:	9e04      	ldr	r6, [sp, #16]
100082e2:	9f05      	ldr	r7, [sp, #20]
100082e4:	ab1c      	add	r3, sp, #112	@ 0x70
100082e6:	9301      	str	r3, [sp, #4]
100082e8:	ab1b      	add	r3, sp, #108	@ 0x6c
100082ea:	9300      	str	r3, [sp, #0]
100082ec:	0032      	movs	r2, r6
100082ee:	003b      	movs	r3, r7
100082f0:	4640      	mov	r0, r8
100082f2:	f002 fa21 	bl	1000a738 <__d2b>
100082f6:	1e01      	subs	r1, r0, #0
100082f8:	901a      	str	r0, [sp, #104]	@ 0x68
100082fa:	d100      	bne.n	100082fe <_strtod_l+0x4fa>
100082fc:	e1f0      	b.n	100086e0 <_strtod_l+0x8dc>
100082fe:	2101      	movs	r1, #1
10008300:	4640      	mov	r0, r8
10008302:	f001 feb9 	bl	1000a078 <__i2b>
10008306:	4681      	mov	r9, r0
10008308:	2800      	cmp	r0, #0
1000830a:	d100      	bne.n	1000830e <_strtod_l+0x50a>
1000830c:	e20b      	b.n	10008726 <_strtod_l+0x922>
1000830e:	9b1b      	ldr	r3, [sp, #108]	@ 0x6c
10008310:	2b00      	cmp	r3, #0
10008312:	da00      	bge.n	10008316 <_strtod_l+0x512>
10008314:	e1d7      	b.n	100086c6 <_strtod_l+0x8c2>
10008316:	9a12      	ldr	r2, [sp, #72]	@ 0x48
10008318:	9c14      	ldr	r4, [sp, #80]	@ 0x50
1000831a:	189d      	adds	r5, r3, r2
1000831c:	9909      	ldr	r1, [sp, #36]	@ 0x24
1000831e:	9a1c      	ldr	r2, [sp, #112]	@ 0x70
10008320:	1a5b      	subs	r3, r3, r1
10008322:	2136      	movs	r1, #54	@ 0x36
10008324:	189b      	adds	r3, r3, r2
10008326:	1a8a      	subs	r2, r1, r2
10008328:	4986      	ldr	r1, [pc, #536]	@ (10008544 <_strtod_l+0x740>)
1000832a:	3b01      	subs	r3, #1
1000832c:	428b      	cmp	r3, r1
1000832e:	da00      	bge.n	10008332 <_strtod_l+0x52e>
10008330:	e6de      	b.n	100080f0 <_strtod_l+0x2ec>
10008332:	2300      	movs	r3, #0
10008334:	9315      	str	r3, [sp, #84]	@ 0x54
10008336:	3301      	adds	r3, #1
10008338:	9310      	str	r3, [sp, #64]	@ 0x40
1000833a:	e6e3      	b.n	10008104 <_strtod_l+0x300>
1000833c:	9b19      	ldr	r3, [sp, #100]	@ 0x64
1000833e:	1c59      	adds	r1, r3, #1
10008340:	9119      	str	r1, [sp, #100]	@ 0x64
10008342:	785b      	ldrb	r3, [r3, #1]
10008344:	001a      	movs	r2, r3
10008346:	3a30      	subs	r2, #48	@ 0x30
10008348:	2a09      	cmp	r2, #9
1000834a:	d900      	bls.n	1000834e <_strtod_l+0x54a>
1000834c:	e0d4      	b.n	100084f8 <_strtod_l+0x6f4>
1000834e:	1e15      	subs	r5, r2, #0
10008350:	d101      	bne.n	10008356 <_strtod_l+0x552>
10008352:	f000 fd37 	bl	10008dc4 <_strtod_l+0xfc0>
10008356:	2301      	movs	r3, #1
10008358:	0030      	movs	r0, r6
1000835a:	9609      	str	r6, [sp, #36]	@ 0x24
1000835c:	9312      	str	r3, [sp, #72]	@ 0x48
1000835e:	e315      	b.n	1000898c <_strtod_l+0xb88>
10008360:	2201      	movs	r2, #1
10008362:	0038      	movs	r0, r7
10008364:	4978      	ldr	r1, [pc, #480]	@ (10008548 <_strtod_l+0x744>)
10008366:	f000 fe63 	bl	10009030 <strncmp>
1000836a:	2800      	cmp	r0, #0
1000836c:	d100      	bne.n	10008370 <_strtod_l+0x56c>
1000836e:	e388      	b.n	10008a82 <_strtod_l+0xc7e>
10008370:	9b08      	ldr	r3, [sp, #32]
10008372:	2b00      	cmp	r3, #0
10008374:	d100      	bne.n	10008378 <_strtod_l+0x574>
10008376:	e61c      	b.n	10007fb2 <_strtod_l+0x1ae>
10008378:	2600      	movs	r6, #0
1000837a:	2700      	movs	r7, #0
1000837c:	9a06      	ldr	r2, [sp, #24]
1000837e:	2a00      	cmp	r2, #0
10008380:	d001      	beq.n	10008386 <_strtod_l+0x582>
10008382:	9b19      	ldr	r3, [sp, #100]	@ 0x64
10008384:	6013      	str	r3, [r2, #0]
10008386:	9b07      	ldr	r3, [sp, #28]
10008388:	2b00      	cmp	r3, #0
1000838a:	d100      	bne.n	1000838e <_strtod_l+0x58a>
1000838c:	e617      	b.n	10007fbe <_strtod_l+0x1ba>
1000838e:	2180      	movs	r1, #128	@ 0x80
10008390:	0609      	lsls	r1, r1, #24
10008392:	187b      	adds	r3, r7, r1
10008394:	001f      	movs	r7, r3
10008396:	e612      	b.n	10007fbe <_strtod_l+0x1ba>
10008398:	9b0b      	ldr	r3, [sp, #44]	@ 0x2c
1000839a:	9a12      	ldr	r2, [sp, #72]	@ 0x48
1000839c:	9608      	str	r6, [sp, #32]
1000839e:	1a9b      	subs	r3, r3, r2
100083a0:	930a      	str	r3, [sp, #40]	@ 0x28
100083a2:	9b09      	ldr	r3, [sp, #36]	@ 0x24
100083a4:	2b00      	cmp	r3, #0
100083a6:	d100      	bne.n	100083aa <_strtod_l+0x5a6>
100083a8:	e582      	b.n	10007eb0 <_strtod_l+0xac>
100083aa:	001e      	movs	r6, r3
100083ac:	e580      	b.n	10007eb0 <_strtod_l+0xac>
100083ae:	0033      	movs	r3, r6
100083b0:	4303      	orrs	r3, r0
100083b2:	9908      	ldr	r1, [sp, #32]
100083b4:	430b      	orrs	r3, r1
100083b6:	d100      	bne.n	100083ba <_strtod_l+0x5b6>
100083b8:	e5fb      	b.n	10007fb2 <_strtod_l+0x1ae>
100083ba:	9c19      	ldr	r4, [sp, #100]	@ 0x64
100083bc:	1c63      	adds	r3, r4, #1
100083be:	9319      	str	r3, [sp, #100]	@ 0x64
100083c0:	7865      	ldrb	r5, [r4, #1]
100083c2:	2d2b      	cmp	r5, #43	@ 0x2b
100083c4:	d100      	bne.n	100083c8 <_strtod_l+0x5c4>
100083c6:	e1f9      	b.n	100087bc <_strtod_l+0x9b8>
100083c8:	2d2d      	cmp	r5, #45	@ 0x2d
100083ca:	d000      	beq.n	100083ce <_strtod_l+0x5ca>
100083cc:	e0aa      	b.n	10008524 <_strtod_l+0x720>
100083ce:	2301      	movs	r3, #1
100083d0:	930a      	str	r3, [sp, #40]	@ 0x28
100083d2:	1ca3      	adds	r3, r4, #2
100083d4:	9319      	str	r3, [sp, #100]	@ 0x64
100083d6:	78a5      	ldrb	r5, [r4, #2]
100083d8:	002b      	movs	r3, r5
100083da:	3b30      	subs	r3, #48	@ 0x30
100083dc:	2b09      	cmp	r3, #9
100083de:	d900      	bls.n	100083e2 <_strtod_l+0x5de>
100083e0:	e1ae      	b.n	10008740 <_strtod_l+0x93c>
100083e2:	9919      	ldr	r1, [sp, #100]	@ 0x64
100083e4:	2d30      	cmp	r5, #48	@ 0x30
100083e6:	d10e      	bne.n	10008406 <_strtod_l+0x602>
100083e8:	1c4b      	adds	r3, r1, #1
100083ea:	9319      	str	r3, [sp, #100]	@ 0x64
100083ec:	781d      	ldrb	r5, [r3, #0]
100083ee:	0019      	movs	r1, r3
100083f0:	3301      	adds	r3, #1
100083f2:	2d30      	cmp	r5, #48	@ 0x30
100083f4:	d0f9      	beq.n	100083ea <_strtod_l+0x5e6>
100083f6:	2300      	movs	r3, #0
100083f8:	930b      	str	r3, [sp, #44]	@ 0x2c
100083fa:	002b      	movs	r3, r5
100083fc:	3b31      	subs	r3, #49	@ 0x31
100083fe:	2b08      	cmp	r3, #8
10008400:	d900      	bls.n	10008404 <_strtod_l+0x600>
10008402:	e606      	b.n	10008012 <_strtod_l+0x20e>
10008404:	3301      	adds	r3, #1
10008406:	1c4d      	adds	r5, r1, #1
10008408:	9519      	str	r5, [sp, #100]	@ 0x64
1000840a:	46ac      	mov	ip, r5
1000840c:	784d      	ldrb	r5, [r1, #1]
1000840e:	930b      	str	r3, [sp, #44]	@ 0x2c
10008410:	2d2f      	cmp	r5, #47	@ 0x2f
10008412:	dc00      	bgt.n	10008416 <_strtod_l+0x612>
10008414:	e2d4      	b.n	100089c0 <_strtod_l+0xbbc>
10008416:	910e      	str	r1, [sp, #56]	@ 0x38
10008418:	0001      	movs	r1, r0
1000841a:	9b0b      	ldr	r3, [sp, #44]	@ 0x2c
1000841c:	920b      	str	r2, [sp, #44]	@ 0x2c
1000841e:	468b      	mov	fp, r1
10008420:	990b      	ldr	r1, [sp, #44]	@ 0x2c
10008422:	4662      	mov	r2, ip
10008424:	4660      	mov	r0, ip
10008426:	468c      	mov	ip, r1
10008428:	e00b      	b.n	10008442 <_strtod_l+0x63e>
1000842a:	0099      	lsls	r1, r3, #2
1000842c:	18c9      	adds	r1, r1, r3
1000842e:	3201      	adds	r2, #1
10008430:	0049      	lsls	r1, r1, #1
10008432:	9219      	str	r2, [sp, #100]	@ 0x64
10008434:	194b      	adds	r3, r1, r5
10008436:	7845      	ldrb	r5, [r0, #1]
10008438:	3b30      	subs	r3, #48	@ 0x30
1000843a:	2d2f      	cmp	r5, #47	@ 0x2f
1000843c:	dc00      	bgt.n	10008440 <_strtod_l+0x63c>
1000843e:	e2c5      	b.n	100089cc <_strtod_l+0xbc8>
10008440:	0010      	movs	r0, r2
10008442:	2d39      	cmp	r5, #57	@ 0x39
10008444:	ddf1      	ble.n	1000842a <_strtod_l+0x626>
10008446:	930b      	str	r3, [sp, #44]	@ 0x2c
10008448:	4663      	mov	r3, ip
1000844a:	990e      	ldr	r1, [sp, #56]	@ 0x38
1000844c:	4694      	mov	ip, r2
1000844e:	001a      	movs	r2, r3
10008450:	4663      	mov	r3, ip
10008452:	4658      	mov	r0, fp
10008454:	1a59      	subs	r1, r3, r1
10008456:	2908      	cmp	r1, #8
10008458:	dc00      	bgt.n	1000845c <_strtod_l+0x658>
1000845a:	e2b1      	b.n	100089c0 <_strtod_l+0xbbc>
1000845c:	4b3b      	ldr	r3, [pc, #236]	@ (1000854c <_strtod_l+0x748>)
1000845e:	930b      	str	r3, [sp, #44]	@ 0x2c
10008460:	9b0a      	ldr	r3, [sp, #40]	@ 0x28
10008462:	2b00      	cmp	r3, #0
10008464:	d100      	bne.n	10008468 <_strtod_l+0x664>
10008466:	e5d4      	b.n	10008012 <_strtod_l+0x20e>
10008468:	9b0b      	ldr	r3, [sp, #44]	@ 0x2c
1000846a:	425b      	negs	r3, r3
1000846c:	930b      	str	r3, [sp, #44]	@ 0x2c
1000846e:	e5d0      	b.n	10008012 <_strtod_l+0x20e>
10008470:	1c43      	adds	r3, r0, #1
10008472:	9f19      	ldr	r7, [sp, #100]	@ 0x64
10008474:	3a30      	subs	r2, #48	@ 0x30
10008476:	9312      	str	r3, [sp, #72]	@ 0x48
10008478:	2300      	movs	r3, #0
1000847a:	0015      	movs	r5, r2
1000847c:	0039      	movs	r1, r7
1000847e:	2601      	movs	r6, #1
10008480:	9309      	str	r3, [sp, #36]	@ 0x24
10008482:	464b      	mov	r3, r9
10008484:	009b      	lsls	r3, r3, #2
10008486:	444b      	add	r3, r9
10008488:	46a9      	mov	r9, r5
1000848a:	2000      	movs	r0, #0
1000848c:	005b      	lsls	r3, r3, #1
1000848e:	4499      	add	r9, r3
10008490:	1c4b      	adds	r3, r1, #1
10008492:	9319      	str	r3, [sp, #100]	@ 0x64
10008494:	781d      	ldrb	r5, [r3, #0]
10008496:	0019      	movs	r1, r3
10008498:	002b      	movs	r3, r5
1000849a:	3b30      	subs	r3, #48	@ 0x30
1000849c:	2b09      	cmp	r3, #9
1000849e:	d900      	bls.n	100084a2 <_strtod_l+0x69e>
100084a0:	e1f5      	b.n	1000888e <_strtod_l+0xa8a>
100084a2:	001d      	movs	r5, r3
100084a4:	1c42      	adds	r2, r0, #1
100084a6:	1c4b      	adds	r3, r1, #1
100084a8:	2d00      	cmp	r5, #0
100084aa:	d101      	bne.n	100084b0 <_strtod_l+0x6ac>
100084ac:	f000 fc87 	bl	10008dbe <_strtod_l+0xfba>
100084b0:	9b12      	ldr	r3, [sp, #72]	@ 0x48
100084b2:	469c      	mov	ip, r3
100084b4:	4494      	add	ip, r2
100084b6:	4663      	mov	r3, ip
100084b8:	9312      	str	r3, [sp, #72]	@ 0x48
100084ba:	2a01      	cmp	r2, #1
100084bc:	d101      	bne.n	100084c2 <_strtod_l+0x6be>
100084be:	f000 fc7c 	bl	10008dba <_strtod_l+0xfb6>
100084c2:	4652      	mov	r2, sl
100084c4:	468a      	mov	sl, r1
100084c6:	0021      	movs	r1, r4
100084c8:	1c73      	adds	r3, r6, #1
100084ca:	464c      	mov	r4, r9
100084cc:	469c      	mov	ip, r3
100084ce:	4689      	mov	r9, r1
100084d0:	0011      	movs	r1, r2
100084d2:	e008      	b.n	100084e6 <_strtod_l+0x6e2>
100084d4:	00a2      	lsls	r2, r4, #2
100084d6:	1914      	adds	r4, r2, r4
100084d8:	0064      	lsls	r4, r4, #1
100084da:	3301      	adds	r3, #1
100084dc:	1b9a      	subs	r2, r3, r6
100084de:	3a01      	subs	r2, #1
100084e0:	4290      	cmp	r0, r2
100084e2:	dc00      	bgt.n	100084e6 <_strtod_l+0x6e2>
100084e4:	e24a      	b.n	1000897c <_strtod_l+0xb78>
100084e6:	1e5a      	subs	r2, r3, #1
100084e8:	2a08      	cmp	r2, #8
100084ea:	ddf3      	ble.n	100084d4 <_strtod_l+0x6d0>
100084ec:	2b10      	cmp	r3, #16
100084ee:	dcf4      	bgt.n	100084da <_strtod_l+0x6d6>
100084f0:	008a      	lsls	r2, r1, #2
100084f2:	1851      	adds	r1, r2, r1
100084f4:	0049      	lsls	r1, r1, #1
100084f6:	e7f0      	b.n	100084da <_strtod_l+0x6d6>
100084f8:	2220      	movs	r2, #32
100084fa:	4393      	bics	r3, r2
100084fc:	2b45      	cmp	r3, #69	@ 0x45
100084fe:	d074      	beq.n	100085ea <_strtod_l+0x7e6>
10008500:	4648      	mov	r0, r9
10008502:	f7fd fc8f 	bl	10005e24 <__wrap___aeabi_ui2d>
10008506:	9004      	str	r0, [sp, #16]
10008508:	9105      	str	r1, [sp, #20]
1000850a:	2e09      	cmp	r6, #9
1000850c:	dc00      	bgt.n	10008510 <_strtod_l+0x70c>
1000850e:	e161      	b.n	100087d4 <_strtod_l+0x9d0>
10008510:	0034      	movs	r4, r6
10008512:	2e10      	cmp	r6, #16
10008514:	dd00      	ble.n	10008518 <_strtod_l+0x714>
10008516:	2410      	movs	r4, #16
10008518:	2300      	movs	r3, #0
1000851a:	9608      	str	r6, [sp, #32]
1000851c:	9312      	str	r3, [sp, #72]	@ 0x48
1000851e:	930b      	str	r3, [sp, #44]	@ 0x2c
10008520:	930a      	str	r3, [sp, #40]	@ 0x28
10008522:	e4d2      	b.n	10007eca <_strtod_l+0xc6>
10008524:	2300      	movs	r3, #0
10008526:	930a      	str	r3, [sp, #40]	@ 0x28
10008528:	e756      	b.n	100083d8 <_strtod_l+0x5d4>
1000852a:	46c0      	nop			@ (mov r8, r8)
1000852c:	3ff00000 	.word	0x3ff00000
10008530:	3fe00000 	.word	0x3fe00000
10008534:	7ff00000 	.word	0x7ff00000
10008538:	7fe00000 	.word	0x7fe00000
1000853c:	ffc00000 	.word	0xffc00000
10008540:	41dfffff 	.word	0x41dfffff
10008544:	fffffc02 	.word	0xfffffc02
10008548:	1000ae38 	.word	0x1000ae38
1000854c:	00004e1f 	.word	0x00004e1f
10008550:	2b00      	cmp	r3, #0
10008552:	d100      	bne.n	10008556 <_strtod_l+0x752>
10008554:	e5a3      	b.n	1000809e <_strtod_l+0x29a>
10008556:	220f      	movs	r2, #15
10008558:	0011      	movs	r1, r2
1000855a:	425b      	negs	r3, r3
1000855c:	4019      	ands	r1, r3
1000855e:	111d      	asrs	r5, r3, #4
10008560:	421a      	tst	r2, r3
10008562:	d000      	beq.n	10008566 <_strtod_l+0x762>
10008564:	e29d      	b.n	10008aa2 <_strtod_l+0xc9e>
10008566:	2d1f      	cmp	r5, #31
10008568:	dd00      	ble.n	1000856c <_strtod_l+0x768>
1000856a:	e080      	b.n	1000866e <_strtod_l+0x86a>
1000856c:	2310      	movs	r3, #16
1000856e:	001a      	movs	r2, r3
10008570:	402a      	ands	r2, r5
10008572:	9209      	str	r2, [sp, #36]	@ 0x24
10008574:	422b      	tst	r3, r5
10008576:	d001      	beq.n	1000857c <_strtod_l+0x778>
10008578:	335a      	adds	r3, #90	@ 0x5a
1000857a:	9309      	str	r3, [sp, #36]	@ 0x24
1000857c:	2301      	movs	r3, #1
1000857e:	9804      	ldr	r0, [sp, #16]
10008580:	9905      	ldr	r1, [sp, #20]
10008582:	469a      	mov	sl, r3
10008584:	4cc3      	ldr	r4, [pc, #780]	@ (10008894 <_strtod_l+0xa90>)
10008586:	4653      	mov	r3, sl
10008588:	422b      	tst	r3, r5
1000858a:	d100      	bne.n	1000858e <_strtod_l+0x78a>
1000858c:	e234      	b.n	100089f8 <_strtod_l+0xbf4>
1000858e:	6822      	ldr	r2, [r4, #0]
10008590:	6863      	ldr	r3, [r4, #4]
10008592:	f7fd fbd2 	bl	10005d3a <__wrap___aeabi_dmul>
10008596:	106d      	asrs	r5, r5, #1
10008598:	d044      	beq.n	10008624 <_strtod_l+0x820>
1000859a:	3408      	adds	r4, #8
1000859c:	e7f3      	b.n	10008586 <_strtod_l+0x782>
1000859e:	9b0a      	ldr	r3, [sp, #40]	@ 0x28
100085a0:	3316      	adds	r3, #22
100085a2:	da00      	bge.n	100085a6 <_strtod_l+0x7a2>
100085a4:	e55b      	b.n	1000805e <_strtod_l+0x25a>
100085a6:	990b      	ldr	r1, [sp, #44]	@ 0x2c
100085a8:	9a12      	ldr	r2, [sp, #72]	@ 0x48
100085aa:	4bbb      	ldr	r3, [pc, #748]	@ (10008898 <_strtod_l+0xa94>)
100085ac:	1a52      	subs	r2, r2, r1
100085ae:	00d2      	lsls	r2, r2, #3
100085b0:	189b      	adds	r3, r3, r2
100085b2:	681a      	ldr	r2, [r3, #0]
100085b4:	685b      	ldr	r3, [r3, #4]
100085b6:	9804      	ldr	r0, [sp, #16]
100085b8:	9905      	ldr	r1, [sp, #20]
100085ba:	f7fd fba0 	bl	10005cfe <__wrap___aeabi_ddiv>
100085be:	0006      	movs	r6, r0
100085c0:	000f      	movs	r7, r1
100085c2:	e6db      	b.n	1000837c <_strtod_l+0x578>
100085c4:	2200      	movs	r2, #0
100085c6:	9207      	str	r2, [sp, #28]
100085c8:	1c4f      	adds	r7, r1, #1
100085ca:	9719      	str	r7, [sp, #100]	@ 0x64
100085cc:	784a      	ldrb	r2, [r1, #1]
100085ce:	2a00      	cmp	r2, #0
100085d0:	d000      	beq.n	100085d4 <_strtod_l+0x7d0>
100085d2:	e433      	b.n	10007e3c <_strtod_l+0x38>
100085d4:	e4ed      	b.n	10007fb2 <_strtod_l+0x1ae>
100085d6:	2201      	movs	r2, #1
100085d8:	9207      	str	r2, [sp, #28]
100085da:	e7f5      	b.n	100085c8 <_strtod_l+0x7c4>
100085dc:	2200      	movs	r2, #0
100085de:	0003      	movs	r3, r0
100085e0:	9209      	str	r2, [sp, #36]	@ 0x24
100085e2:	9212      	str	r2, [sp, #72]	@ 0x48
100085e4:	2600      	movs	r6, #0
100085e6:	3201      	adds	r2, #1
100085e8:	e6e3      	b.n	100083b2 <_strtod_l+0x5ae>
100085ea:	2300      	movs	r3, #0
100085ec:	000c      	movs	r4, r1
100085ee:	2000      	movs	r0, #0
100085f0:	2201      	movs	r2, #1
100085f2:	9609      	str	r6, [sp, #36]	@ 0x24
100085f4:	9312      	str	r3, [sp, #72]	@ 0x48
100085f6:	e6e1      	b.n	100083bc <_strtod_l+0x5b8>
100085f8:	49a8      	ldr	r1, [pc, #672]	@ (1000889c <_strtod_l+0xa98>)
100085fa:	a819      	add	r0, sp, #100	@ 0x64
100085fc:	f001 fab8 	bl	10009b70 <__match>
10008600:	2800      	cmp	r0, #0
10008602:	d100      	bne.n	10008606 <_strtod_l+0x802>
10008604:	e4d5      	b.n	10007fb2 <_strtod_l+0x1ae>
10008606:	9b19      	ldr	r3, [sp, #100]	@ 0x64
10008608:	49a5      	ldr	r1, [pc, #660]	@ (100088a0 <_strtod_l+0xa9c>)
1000860a:	3b01      	subs	r3, #1
1000860c:	a819      	add	r0, sp, #100	@ 0x64
1000860e:	9319      	str	r3, [sp, #100]	@ 0x64
10008610:	f001 faae 	bl	10009b70 <__match>
10008614:	2800      	cmp	r0, #0
10008616:	d102      	bne.n	1000861e <_strtod_l+0x81a>
10008618:	9b19      	ldr	r3, [sp, #100]	@ 0x64
1000861a:	3301      	adds	r3, #1
1000861c:	9319      	str	r3, [sp, #100]	@ 0x64
1000861e:	2600      	movs	r6, #0
10008620:	4fa0      	ldr	r7, [pc, #640]	@ (100088a4 <_strtod_l+0xaa0>)
10008622:	e6ab      	b.n	1000837c <_strtod_l+0x578>
10008624:	9a09      	ldr	r2, [sp, #36]	@ 0x24
10008626:	900e      	str	r0, [sp, #56]	@ 0x38
10008628:	910f      	str	r1, [sp, #60]	@ 0x3c
1000862a:	9b0e      	ldr	r3, [sp, #56]	@ 0x38
1000862c:	9c0f      	ldr	r4, [sp, #60]	@ 0x3c
1000862e:	9304      	str	r3, [sp, #16]
10008630:	9405      	str	r4, [sp, #20]
10008632:	2a00      	cmp	r2, #0
10008634:	d012      	beq.n	1000865c <_strtod_l+0x858>
10008636:	9b0f      	ldr	r3, [sp, #60]	@ 0x3c
10008638:	0020      	movs	r0, r4
1000863a:	005a      	lsls	r2, r3, #1
1000863c:	236b      	movs	r3, #107	@ 0x6b
1000863e:	0d52      	lsrs	r2, r2, #21
10008640:	1a9b      	subs	r3, r3, r2
10008642:	2b00      	cmp	r3, #0
10008644:	dd0a      	ble.n	1000865c <_strtod_l+0x858>
10008646:	2b1f      	cmp	r3, #31
10008648:	dc00      	bgt.n	1000864c <_strtod_l+0x848>
1000864a:	e333      	b.n	10008cb4 <_strtod_l+0xeb0>
1000864c:	2100      	movs	r1, #0
1000864e:	9104      	str	r1, [sp, #16]
10008650:	2b34      	cmp	r3, #52	@ 0x34
10008652:	dc00      	bgt.n	10008656 <_strtod_l+0x852>
10008654:	e359      	b.n	10008d0a <_strtod_l+0xf06>
10008656:	23dc      	movs	r3, #220	@ 0xdc
10008658:	049b      	lsls	r3, r3, #18
1000865a:	9305      	str	r3, [sp, #20]
1000865c:	2200      	movs	r2, #0
1000865e:	9804      	ldr	r0, [sp, #16]
10008660:	9905      	ldr	r1, [sp, #20]
10008662:	2300      	movs	r3, #0
10008664:	f7fd fbac 	bl	10005dc0 <__wrap___aeabi_dcmpeq>
10008668:	2800      	cmp	r0, #0
1000866a:	d100      	bne.n	1000866e <_strtod_l+0x86a>
1000866c:	e519      	b.n	100080a2 <_strtod_l+0x29e>
1000866e:	2322      	movs	r3, #34	@ 0x22
10008670:	4642      	mov	r2, r8
10008672:	2600      	movs	r6, #0
10008674:	2700      	movs	r7, #0
10008676:	6013      	str	r3, [r2, #0]
10008678:	e680      	b.n	1000837c <_strtod_l+0x578>
1000867a:	4b8b      	ldr	r3, [pc, #556]	@ (100088a8 <_strtod_l+0xaa4>)
1000867c:	2200      	movs	r2, #0
1000867e:	0020      	movs	r0, r4
10008680:	0029      	movs	r1, r5
10008682:	f7fd fb5a 	bl	10005d3a <__wrap___aeabi_dmul>
10008686:	9b0e      	ldr	r3, [sp, #56]	@ 0x38
10008688:	9010      	str	r0, [sp, #64]	@ 0x40
1000868a:	9111      	str	r1, [sp, #68]	@ 0x44
1000868c:	2b00      	cmp	r3, #0
1000868e:	d163      	bne.n	10008758 <_strtod_l+0x954>
10008690:	000b      	movs	r3, r1
10008692:	900c      	str	r0, [sp, #48]	@ 0x30
10008694:	e5ad      	b.n	100081f2 <_strtod_l+0x3ee>
10008696:	4649      	mov	r1, r9
10008698:	001a      	movs	r2, r3
1000869a:	4640      	mov	r0, r8
1000869c:	f001 fdf4 	bl	1000a288 <__pow5mult>
100086a0:	991a      	ldr	r1, [sp, #104]	@ 0x68
100086a2:	4681      	mov	r9, r0
100086a4:	2800      	cmp	r0, #0
100086a6:	d01b      	beq.n	100086e0 <_strtod_l+0x8dc>
100086a8:	000a      	movs	r2, r1
100086aa:	0001      	movs	r1, r0
100086ac:	4640      	mov	r0, r8
100086ae:	f001 fd13 	bl	1000a0d8 <__multiply>
100086b2:	991a      	ldr	r1, [sp, #104]	@ 0x68
100086b4:	900b      	str	r0, [sp, #44]	@ 0x2c
100086b6:	2800      	cmp	r0, #0
100086b8:	d012      	beq.n	100086e0 <_strtod_l+0x8dc>
100086ba:	4640      	mov	r0, r8
100086bc:	f001 fbb0 	bl	10009e20 <_Bfree>
100086c0:	9b0b      	ldr	r3, [sp, #44]	@ 0x2c
100086c2:	931a      	str	r3, [sp, #104]	@ 0x68
100086c4:	e536      	b.n	10008134 <_strtod_l+0x330>
100086c6:	9a14      	ldr	r2, [sp, #80]	@ 0x50
100086c8:	9d12      	ldr	r5, [sp, #72]	@ 0x48
100086ca:	1ad4      	subs	r4, r2, r3
100086cc:	e626      	b.n	1000831c <_strtod_l+0x518>
100086ce:	991a      	ldr	r1, [sp, #104]	@ 0x68
100086d0:	4652      	mov	r2, sl
100086d2:	4640      	mov	r0, r8
100086d4:	f001 fe44 	bl	1000a360 <__lshift>
100086d8:	1e01      	subs	r1, r0, #0
100086da:	901a      	str	r0, [sp, #104]	@ 0x68
100086dc:	d000      	beq.n	100086e0 <_strtod_l+0x8dc>
100086de:	e52d      	b.n	1000813c <_strtod_l+0x338>
100086e0:	46da      	mov	sl, fp
100086e2:	2322      	movs	r3, #34	@ 0x22
100086e4:	4642      	mov	r2, r8
100086e6:	2600      	movs	r6, #0
100086e8:	4f6e      	ldr	r7, [pc, #440]	@ (100088a4 <_strtod_l+0xaa0>)
100086ea:	6013      	str	r3, [r2, #0]
100086ec:	4640      	mov	r0, r8
100086ee:	f001 fb97 	bl	10009e20 <_Bfree>
100086f2:	4640      	mov	r0, r8
100086f4:	9908      	ldr	r1, [sp, #32]
100086f6:	f001 fb93 	bl	10009e20 <_Bfree>
100086fa:	4649      	mov	r1, r9
100086fc:	4640      	mov	r0, r8
100086fe:	f001 fb8f 	bl	10009e20 <_Bfree>
10008702:	4640      	mov	r0, r8
10008704:	9913      	ldr	r1, [sp, #76]	@ 0x4c
10008706:	f001 fb8b 	bl	10009e20 <_Bfree>
1000870a:	4651      	mov	r1, sl
1000870c:	4640      	mov	r0, r8
1000870e:	f001 fb87 	bl	10009e20 <_Bfree>
10008712:	e633      	b.n	1000837c <_strtod_l+0x578>
10008714:	0022      	movs	r2, r4
10008716:	4640      	mov	r0, r8
10008718:	9908      	ldr	r1, [sp, #32]
1000871a:	f001 fe21 	bl	1000a360 <__lshift>
1000871e:	9008      	str	r0, [sp, #32]
10008720:	2800      	cmp	r0, #0
10008722:	d000      	beq.n	10008726 <_strtod_l+0x922>
10008724:	e511      	b.n	1000814a <_strtod_l+0x346>
10008726:	46da      	mov	sl, fp
10008728:	991a      	ldr	r1, [sp, #104]	@ 0x68
1000872a:	e7da      	b.n	100086e2 <_strtod_l+0x8de>
1000872c:	4640      	mov	r0, r8
1000872e:	9a14      	ldr	r2, [sp, #80]	@ 0x50
10008730:	9908      	ldr	r1, [sp, #32]
10008732:	f001 fda9 	bl	1000a288 <__pow5mult>
10008736:	9008      	str	r0, [sp, #32]
10008738:	2800      	cmp	r0, #0
1000873a:	d000      	beq.n	1000873e <_strtod_l+0x93a>
1000873c:	e502      	b.n	10008144 <_strtod_l+0x340>
1000873e:	e7f2      	b.n	10008726 <_strtod_l+0x922>
10008740:	2300      	movs	r3, #0
10008742:	9419      	str	r4, [sp, #100]	@ 0x64
10008744:	930b      	str	r3, [sp, #44]	@ 0x2c
10008746:	e464      	b.n	10008012 <_strtod_l+0x20e>
10008748:	4958      	ldr	r1, [pc, #352]	@ (100088ac <_strtod_l+0xaa8>)
1000874a:	1acb      	subs	r3, r1, r3
1000874c:	2101      	movs	r1, #1
1000874e:	4099      	lsls	r1, r3
10008750:	2301      	movs	r3, #1
10008752:	9115      	str	r1, [sp, #84]	@ 0x54
10008754:	9310      	str	r3, [sp, #64]	@ 0x40
10008756:	e4d5      	b.n	10008104 <_strtod_l+0x300>
10008758:	9b10      	ldr	r3, [sp, #64]	@ 0x40
1000875a:	9c11      	ldr	r4, [sp, #68]	@ 0x44
1000875c:	930c      	str	r3, [sp, #48]	@ 0x30
1000875e:	940d      	str	r4, [sp, #52]	@ 0x34
10008760:	e54c      	b.n	100081fc <_strtod_l+0x3f8>
10008762:	2300      	movs	r3, #0
10008764:	4c52      	ldr	r4, [pc, #328]	@ (100088b0 <_strtod_l+0xaac>)
10008766:	930c      	str	r3, [sp, #48]	@ 0x30
10008768:	940d      	str	r4, [sp, #52]	@ 0x34
1000876a:	9310      	str	r3, [sp, #64]	@ 0x40
1000876c:	9411      	str	r4, [sp, #68]	@ 0x44
1000876e:	e545      	b.n	100081fc <_strtod_l+0x3f8>
10008770:	4a50      	ldr	r2, [pc, #320]	@ (100088b4 <_strtod_l+0xab0>)
10008772:	9b0b      	ldr	r3, [sp, #44]	@ 0x2c
10008774:	4694      	mov	ip, r2
10008776:	4463      	add	r3, ip
10008778:	9305      	str	r3, [sp, #20]
1000877a:	9c04      	ldr	r4, [sp, #16]
1000877c:	9d05      	ldr	r5, [sp, #20]
1000877e:	0020      	movs	r0, r4
10008780:	0029      	movs	r1, r5
10008782:	f001 ff5d 	bl	1000a640 <__ulp>
10008786:	9a0c      	ldr	r2, [sp, #48]	@ 0x30
10008788:	9b0d      	ldr	r3, [sp, #52]	@ 0x34
1000878a:	f7fd fad6 	bl	10005d3a <__wrap___aeabi_dmul>
1000878e:	0022      	movs	r2, r4
10008790:	002b      	movs	r3, r5
10008792:	f7fd faab 	bl	10005cec <__wrap___aeabi_dadd>
10008796:	4b43      	ldr	r3, [pc, #268]	@ (100088a4 <_strtod_l+0xaa0>)
10008798:	4a47      	ldr	r2, [pc, #284]	@ (100088b8 <_strtod_l+0xab4>)
1000879a:	9004      	str	r0, [sp, #16]
1000879c:	9105      	str	r1, [sp, #20]
1000879e:	400b      	ands	r3, r1
100087a0:	4293      	cmp	r3, r2
100087a2:	d800      	bhi.n	100087a6 <_strtod_l+0x9a2>
100087a4:	e101      	b.n	100089aa <_strtod_l+0xba6>
100087a6:	4a45      	ldr	r2, [pc, #276]	@ (100088bc <_strtod_l+0xab8>)
100087a8:	4297      	cmp	r7, r2
100087aa:	d101      	bne.n	100087b0 <_strtod_l+0x9ac>
100087ac:	3601      	adds	r6, #1
100087ae:	d0ba      	beq.n	10008726 <_strtod_l+0x922>
100087b0:	2301      	movs	r3, #1
100087b2:	4c42      	ldr	r4, [pc, #264]	@ (100088bc <_strtod_l+0xab8>)
100087b4:	425b      	negs	r3, r3
100087b6:	9304      	str	r3, [sp, #16]
100087b8:	9405      	str	r4, [sp, #20]
100087ba:	e56f      	b.n	1000829c <_strtod_l+0x498>
100087bc:	2300      	movs	r3, #0
100087be:	930a      	str	r3, [sp, #40]	@ 0x28
100087c0:	e607      	b.n	100083d2 <_strtod_l+0x5ce>
100087c2:	2300      	movs	r3, #0
100087c4:	4c3e      	ldr	r4, [pc, #248]	@ (100088c0 <_strtod_l+0xabc>)
100087c6:	930c      	str	r3, [sp, #48]	@ 0x30
100087c8:	940d      	str	r4, [sp, #52]	@ 0x34
100087ca:	2300      	movs	r3, #0
100087cc:	4c38      	ldr	r4, [pc, #224]	@ (100088b0 <_strtod_l+0xaac>)
100087ce:	9310      	str	r3, [sp, #64]	@ 0x40
100087d0:	9411      	str	r4, [sp, #68]	@ 0x44
100087d2:	e513      	b.n	100081fc <_strtod_l+0x3f8>
100087d4:	9e04      	ldr	r6, [sp, #16]
100087d6:	9f05      	ldr	r7, [sp, #20]
100087d8:	e5d0      	b.n	1000837c <_strtod_l+0x578>
100087da:	9302      	str	r3, [sp, #8]
100087dc:	9b07      	ldr	r3, [sp, #28]
100087de:	4640      	mov	r0, r8
100087e0:	9301      	str	r3, [sp, #4]
100087e2:	ab1a      	add	r3, sp, #104	@ 0x68
100087e4:	9300      	str	r3, [sp, #0]
100087e6:	4a37      	ldr	r2, [pc, #220]	@ (100088c4 <_strtod_l+0xac0>)
100087e8:	ab1b      	add	r3, sp, #108	@ 0x6c
100087ea:	a919      	add	r1, sp, #100	@ 0x64
100087ec:	f000 fec6 	bl	1000957c <__gethex>
100087f0:	230f      	movs	r3, #15
100087f2:	001e      	movs	r6, r3
100087f4:	0004      	movs	r4, r0
100087f6:	4006      	ands	r6, r0
100087f8:	4203      	tst	r3, r0
100087fa:	d100      	bne.n	100087fe <_strtod_l+0x9fa>
100087fc:	e5bc      	b.n	10008378 <_strtod_l+0x574>
100087fe:	2e06      	cmp	r6, #6
10008800:	d000      	beq.n	10008804 <_strtod_l+0xa00>
10008802:	e0fc      	b.n	100089fe <_strtod_l+0xbfa>
10008804:	2300      	movs	r3, #0
10008806:	2600      	movs	r6, #0
10008808:	2700      	movs	r7, #0
1000880a:	9519      	str	r5, [sp, #100]	@ 0x64
1000880c:	9307      	str	r3, [sp, #28]
1000880e:	e5b5      	b.n	1000837c <_strtod_l+0x578>
10008810:	9c10      	ldr	r4, [sp, #64]	@ 0x40
10008812:	9d11      	ldr	r5, [sp, #68]	@ 0x44
10008814:	0020      	movs	r0, r4
10008816:	0029      	movs	r1, r5
10008818:	f7fd fb5c 	bl	10005ed4 <__wrap___aeabi_d2lz>
1000881c:	f7fd fb4e 	bl	10005ebc <__wrap___aeabi_l2d>
10008820:	0002      	movs	r2, r0
10008822:	000b      	movs	r3, r1
10008824:	0020      	movs	r0, r4
10008826:	0029      	movs	r1, r5
10008828:	f7fd fa57 	bl	10005cda <__wrap___aeabi_dsub>
1000882c:	9a04      	ldr	r2, [sp, #16]
1000882e:	9b0e      	ldr	r3, [sp, #56]	@ 0x38
10008830:	0336      	lsls	r6, r6, #12
10008832:	4313      	orrs	r3, r2
10008834:	0b36      	lsrs	r6, r6, #12
10008836:	0004      	movs	r4, r0
10008838:	000d      	movs	r5, r1
1000883a:	4a23      	ldr	r2, [pc, #140]	@ (100088c8 <_strtod_l+0xac4>)
1000883c:	4333      	orrs	r3, r6
1000883e:	d10a      	bne.n	10008856 <_strtod_l+0xa52>
10008840:	4b22      	ldr	r3, [pc, #136]	@ (100088cc <_strtod_l+0xac8>)
10008842:	f7fd fac5 	bl	10005dd0 <__wrap___aeabi_dcmplt>
10008846:	2800      	cmp	r0, #0
10008848:	d100      	bne.n	1000884c <_strtod_l+0xa48>
1000884a:	e527      	b.n	1000829c <_strtod_l+0x498>
1000884c:	46da      	mov	sl, fp
1000884e:	9e04      	ldr	r6, [sp, #16]
10008850:	9f05      	ldr	r7, [sp, #20]
10008852:	991a      	ldr	r1, [sp, #104]	@ 0x68
10008854:	e74a      	b.n	100086ec <_strtod_l+0x8e8>
10008856:	4b1e      	ldr	r3, [pc, #120]	@ (100088d0 <_strtod_l+0xacc>)
10008858:	f7fd faba 	bl	10005dd0 <__wrap___aeabi_dcmplt>
1000885c:	2800      	cmp	r0, #0
1000885e:	d1f5      	bne.n	1000884c <_strtod_l+0xa48>
10008860:	0020      	movs	r0, r4
10008862:	0029      	movs	r1, r5
10008864:	4a1b      	ldr	r2, [pc, #108]	@ (100088d4 <_strtod_l+0xad0>)
10008866:	4b10      	ldr	r3, [pc, #64]	@ (100088a8 <_strtod_l+0xaa4>)
10008868:	f7fd fac8 	bl	10005dfc <__wrap___aeabi_dcmpgt>
1000886c:	2800      	cmp	r0, #0
1000886e:	d100      	bne.n	10008872 <_strtod_l+0xa6e>
10008870:	e514      	b.n	1000829c <_strtod_l+0x498>
10008872:	e7eb      	b.n	1000884c <_strtod_l+0xa48>
10008874:	2b01      	cmp	r3, #1
10008876:	d1a4      	bne.n	100087c2 <_strtod_l+0x9be>
10008878:	9b0b      	ldr	r3, [sp, #44]	@ 0x2c
1000887a:	2b00      	cmp	r3, #0
1000887c:	d1a1      	bne.n	100087c2 <_strtod_l+0x9be>
1000887e:	46da      	mov	sl, fp
10008880:	2322      	movs	r3, #34	@ 0x22
10008882:	4642      	mov	r2, r8
10008884:	2600      	movs	r6, #0
10008886:	2700      	movs	r7, #0
10008888:	991a      	ldr	r1, [sp, #104]	@ 0x68
1000888a:	6013      	str	r3, [r2, #0]
1000888c:	e72e      	b.n	100086ec <_strtod_l+0x8e8>
1000888e:	2201      	movs	r2, #1
10008890:	f7ff fbb7 	bl	10008002 <_strtod_l+0x1fe>
10008894:	1000b3a0 	.word	0x1000b3a0
10008898:	1000b600 	.word	0x1000b600
1000889c:	1000ae3c 	.word	0x1000ae3c
100088a0:	1000ae40 	.word	0x1000ae40
100088a4:	7ff00000 	.word	0x7ff00000
100088a8:	3fe00000 	.word	0x3fe00000
100088ac:	fffffbe2 	.word	0xfffffbe2
100088b0:	3ff00000 	.word	0x3ff00000
100088b4:	fcb00000 	.word	0xfcb00000
100088b8:	7c9fffff 	.word	0x7c9fffff
100088bc:	7fefffff 	.word	0x7fefffff
100088c0:	bff00000 	.word	0xbff00000
100088c4:	1000b38c 	.word	0x1000b38c
100088c8:	94a03595 	.word	0x94a03595
100088cc:	3fcfffff 	.word	0x3fcfffff
100088d0:	3fdfffff 	.word	0x3fdfffff
100088d4:	35afe535 	.word	0x35afe535
100088d8:	239a      	movs	r3, #154	@ 0x9a
100088da:	005b      	lsls	r3, r3, #1
100088dc:	429c      	cmp	r4, r3
100088de:	dd00      	ble.n	100088e2 <_strtod_l+0xade>
100088e0:	e086      	b.n	100089f0 <_strtod_l+0xbec>
100088e2:	1124      	asrs	r4, r4, #4
100088e4:	2c01      	cmp	r4, #1
100088e6:	d100      	bne.n	100088ea <_strtod_l+0xae6>
100088e8:	e188      	b.n	10008bfc <_strtod_l+0xdf8>
100088ea:	9804      	ldr	r0, [sp, #16]
100088ec:	9905      	ldr	r1, [sp, #20]
100088ee:	2200      	movs	r2, #0
100088f0:	4692      	mov	sl, r2
100088f2:	3201      	adds	r2, #1
100088f4:	4693      	mov	fp, r2
100088f6:	4652      	mov	r2, sl
100088f8:	4bd1      	ldr	r3, [pc, #836]	@ (10008c40 <_strtod_l+0xe3c>)
100088fa:	46b2      	mov	sl, r6
100088fc:	001d      	movs	r5, r3
100088fe:	9309      	str	r3, [sp, #36]	@ 0x24
10008900:	0016      	movs	r6, r2
10008902:	2300      	movs	r3, #0
10008904:	465a      	mov	r2, fp
10008906:	4222      	tst	r2, r4
10008908:	d004      	beq.n	10008914 <_strtod_l+0xb10>
1000890a:	682a      	ldr	r2, [r5, #0]
1000890c:	686b      	ldr	r3, [r5, #4]
1000890e:	f7fd fa14 	bl	10005d3a <__wrap___aeabi_dmul>
10008912:	2301      	movs	r3, #1
10008914:	3601      	adds	r6, #1
10008916:	1064      	asrs	r4, r4, #1
10008918:	3508      	adds	r5, #8
1000891a:	2c01      	cmp	r4, #1
1000891c:	d1f2      	bne.n	10008904 <_strtod_l+0xb00>
1000891e:	0032      	movs	r2, r6
10008920:	4656      	mov	r6, sl
10008922:	4692      	mov	sl, r2
10008924:	2b00      	cmp	r3, #0
10008926:	d001      	beq.n	1000892c <_strtod_l+0xb28>
10008928:	9004      	str	r0, [sp, #16]
1000892a:	9105      	str	r1, [sp, #20]
1000892c:	4ac5      	ldr	r2, [pc, #788]	@ (10008c44 <_strtod_l+0xe40>)
1000892e:	9b05      	ldr	r3, [sp, #20]
10008930:	4694      	mov	ip, r2
10008932:	4463      	add	r3, ip
10008934:	9305      	str	r3, [sp, #20]
10008936:	4653      	mov	r3, sl
10008938:	00d9      	lsls	r1, r3, #3
1000893a:	9b09      	ldr	r3, [sp, #36]	@ 0x24
1000893c:	469c      	mov	ip, r3
1000893e:	9a04      	ldr	r2, [sp, #16]
10008940:	9b05      	ldr	r3, [sp, #20]
10008942:	4461      	add	r1, ip
10008944:	6808      	ldr	r0, [r1, #0]
10008946:	6849      	ldr	r1, [r1, #4]
10008948:	f7fd f9f7 	bl	10005d3a <__wrap___aeabi_dmul>
1000894c:	4bbe      	ldr	r3, [pc, #760]	@ (10008c48 <_strtod_l+0xe44>)
1000894e:	4abf      	ldr	r2, [pc, #764]	@ (10008c4c <_strtod_l+0xe48>)
10008950:	9004      	str	r0, [sp, #16]
10008952:	9105      	str	r1, [sp, #20]
10008954:	400b      	ands	r3, r1
10008956:	4293      	cmp	r3, r2
10008958:	d84a      	bhi.n	100089f0 <_strtod_l+0xbec>
1000895a:	20d4      	movs	r0, #212	@ 0xd4
1000895c:	0480      	lsls	r0, r0, #18
1000895e:	4684      	mov	ip, r0
10008960:	4abb      	ldr	r2, [pc, #748]	@ (10008c50 <_strtod_l+0xe4c>)
10008962:	4461      	add	r1, ip
10008964:	9105      	str	r1, [sp, #20]
10008966:	4293      	cmp	r3, r2
10008968:	d801      	bhi.n	1000896e <_strtod_l+0xb6a>
1000896a:	f7ff fb98 	bl	1000809e <_strtod_l+0x29a>
1000896e:	2301      	movs	r3, #1
10008970:	4cb8      	ldr	r4, [pc, #736]	@ (10008c54 <_strtod_l+0xe50>)
10008972:	425b      	negs	r3, r3
10008974:	9304      	str	r3, [sp, #16]
10008976:	9405      	str	r4, [sp, #20]
10008978:	f7ff fb91 	bl	1000809e <_strtod_l+0x29a>
1000897c:	000a      	movs	r2, r1
1000897e:	464b      	mov	r3, r9
10008980:	4651      	mov	r1, sl
10008982:	46a1      	mov	r9, r4
10008984:	4692      	mov	sl, r2
10008986:	001c      	movs	r4, r3
10008988:	3801      	subs	r0, #1
1000898a:	4460      	add	r0, ip
1000898c:	1c46      	adds	r6, r0, #1
1000898e:	2808      	cmp	r0, #8
10008990:	dc00      	bgt.n	10008994 <_strtod_l+0xb90>
10008992:	e576      	b.n	10008482 <_strtod_l+0x67e>
10008994:	2000      	movs	r0, #0
10008996:	2e10      	cmp	r6, #16
10008998:	dd00      	ble.n	1000899c <_strtod_l+0xb98>
1000899a:	e579      	b.n	10008490 <_strtod_l+0x68c>
1000899c:	4653      	mov	r3, sl
1000899e:	009b      	lsls	r3, r3, #2
100089a0:	4453      	add	r3, sl
100089a2:	46aa      	mov	sl, r5
100089a4:	005b      	lsls	r3, r3, #1
100089a6:	449a      	add	sl, r3
100089a8:	e572      	b.n	10008490 <_strtod_l+0x68c>
100089aa:	23d4      	movs	r3, #212	@ 0xd4
100089ac:	049b      	lsls	r3, r3, #18
100089ae:	18ce      	adds	r6, r1, r3
100089b0:	9605      	str	r6, [sp, #20]
100089b2:	e46b      	b.n	1000828c <_strtod_l+0x488>
100089b4:	2d6e      	cmp	r5, #110	@ 0x6e
100089b6:	d101      	bne.n	100089bc <_strtod_l+0xbb8>
100089b8:	f7ff fb3f 	bl	1000803a <_strtod_l+0x236>
100089bc:	f7ff faf9 	bl	10007fb2 <_strtod_l+0x1ae>
100089c0:	990b      	ldr	r1, [sp, #44]	@ 0x2c
100089c2:	4ba5      	ldr	r3, [pc, #660]	@ (10008c58 <_strtod_l+0xe54>)
100089c4:	4299      	cmp	r1, r3
100089c6:	dc00      	bgt.n	100089ca <_strtod_l+0xbc6>
100089c8:	e54a      	b.n	10008460 <_strtod_l+0x65c>
100089ca:	e548      	b.n	1000845e <_strtod_l+0x65a>
100089cc:	4660      	mov	r0, ip
100089ce:	930b      	str	r3, [sp, #44]	@ 0x2c
100089d0:	990e      	ldr	r1, [sp, #56]	@ 0x38
100089d2:	0003      	movs	r3, r0
100089d4:	e53a      	b.n	1000844c <_strtod_l+0x648>
100089d6:	9a0a      	ldr	r2, [sp, #40]	@ 0x28
100089d8:	4ba0      	ldr	r3, [pc, #640]	@ (10008c5c <_strtod_l+0xe58>)
100089da:	00d1      	lsls	r1, r2, #3
100089dc:	1859      	adds	r1, r3, r1
100089de:	6808      	ldr	r0, [r1, #0]
100089e0:	6849      	ldr	r1, [r1, #4]
100089e2:	9a04      	ldr	r2, [sp, #16]
100089e4:	9b05      	ldr	r3, [sp, #20]
100089e6:	f7fd f9a8 	bl	10005d3a <__wrap___aeabi_dmul>
100089ea:	0006      	movs	r6, r0
100089ec:	000f      	movs	r7, r1
100089ee:	e4c5      	b.n	1000837c <_strtod_l+0x578>
100089f0:	2322      	movs	r3, #34	@ 0x22
100089f2:	4642      	mov	r2, r8
100089f4:	6013      	str	r3, [r2, #0]
100089f6:	e612      	b.n	1000861e <_strtod_l+0x81a>
100089f8:	106d      	asrs	r5, r5, #1
100089fa:	3408      	adds	r4, #8
100089fc:	e5c3      	b.n	10008586 <_strtod_l+0x782>
100089fe:	9a1a      	ldr	r2, [sp, #104]	@ 0x68
10008a00:	2a00      	cmp	r2, #0
10008a02:	d007      	beq.n	10008a14 <_strtod_l+0xc10>
10008a04:	2135      	movs	r1, #53	@ 0x35
10008a06:	a81c      	add	r0, sp, #112	@ 0x70
10008a08:	f001 ff2c 	bl	1000a864 <__copybits>
10008a0c:	4640      	mov	r0, r8
10008a0e:	991a      	ldr	r1, [sp, #104]	@ 0x68
10008a10:	f001 fa06 	bl	10009e20 <_Bfree>
10008a14:	2e05      	cmp	r6, #5
10008a16:	d900      	bls.n	10008a1a <_strtod_l+0xc16>
10008a18:	e1be      	b.n	10008d98 <_strtod_l+0xf94>
10008a1a:	4b91      	ldr	r3, [pc, #580]	@ (10008c60 <_strtod_l+0xe5c>)
10008a1c:	00b6      	lsls	r6, r6, #2
10008a1e:	599b      	ldr	r3, [r3, r6]
10008a20:	469f      	mov	pc, r3
10008a22:	9b1c      	ldr	r3, [sp, #112]	@ 0x70
10008a24:	498f      	ldr	r1, [pc, #572]	@ (10008c64 <_strtod_l+0xe60>)
10008a26:	9304      	str	r3, [sp, #16]
10008a28:	9b1d      	ldr	r3, [sp, #116]	@ 0x74
10008a2a:	9a1b      	ldr	r2, [sp, #108]	@ 0x6c
10008a2c:	400b      	ands	r3, r1
10008a2e:	498e      	ldr	r1, [pc, #568]	@ (10008c68 <_strtod_l+0xe64>)
10008a30:	468c      	mov	ip, r1
10008a32:	4462      	add	r2, ip
10008a34:	0512      	lsls	r2, r2, #20
10008a36:	4313      	orrs	r3, r2
10008a38:	9305      	str	r3, [sp, #20]
10008a3a:	05e4      	lsls	r4, r4, #23
10008a3c:	d503      	bpl.n	10008a46 <_strtod_l+0xc42>
10008a3e:	2280      	movs	r2, #128	@ 0x80
10008a40:	0612      	lsls	r2, r2, #24
10008a42:	4313      	orrs	r3, r2
10008a44:	9305      	str	r3, [sp, #20]
10008a46:	4a80      	ldr	r2, [pc, #512]	@ (10008c48 <_strtod_l+0xe44>)
10008a48:	9e04      	ldr	r6, [sp, #16]
10008a4a:	9f05      	ldr	r7, [sp, #20]
10008a4c:	4213      	tst	r3, r2
10008a4e:	d000      	beq.n	10008a52 <_strtod_l+0xc4e>
10008a50:	e494      	b.n	1000837c <_strtod_l+0x578>
10008a52:	f000 fb9d 	bl	10009190 <__errno>
10008a56:	2322      	movs	r3, #34	@ 0x22
10008a58:	6003      	str	r3, [r0, #0]
10008a5a:	e48f      	b.n	1000837c <_strtod_l+0x578>
10008a5c:	2201      	movs	r2, #1
10008a5e:	4b83      	ldr	r3, [pc, #524]	@ (10008c6c <_strtod_l+0xe68>)
10008a60:	4252      	negs	r2, r2
10008a62:	9204      	str	r2, [sp, #16]
10008a64:	9305      	str	r3, [sp, #20]
10008a66:	05e4      	lsls	r4, r4, #23
10008a68:	d400      	bmi.n	10008a6c <_strtod_l+0xc68>
10008a6a:	e6b3      	b.n	100087d4 <_strtod_l+0x9d0>
10008a6c:	9b05      	ldr	r3, [sp, #20]
10008a6e:	e7e6      	b.n	10008a3e <_strtod_l+0xc3a>
10008a70:	4b75      	ldr	r3, [pc, #468]	@ (10008c48 <_strtod_l+0xe44>)
10008a72:	9305      	str	r3, [sp, #20]
10008a74:	e7f7      	b.n	10008a66 <_strtod_l+0xc62>
10008a76:	991c      	ldr	r1, [sp, #112]	@ 0x70
10008a78:	9a1d      	ldr	r2, [sp, #116]	@ 0x74
10008a7a:	9b1d      	ldr	r3, [sp, #116]	@ 0x74
10008a7c:	9104      	str	r1, [sp, #16]
10008a7e:	9205      	str	r2, [sp, #20]
10008a80:	e7db      	b.n	10008a3a <_strtod_l+0xc36>
10008a82:	9d19      	ldr	r5, [sp, #100]	@ 0x64
10008a84:	002b      	movs	r3, r5
10008a86:	3501      	adds	r5, #1
10008a88:	9519      	str	r5, [sp, #100]	@ 0x64
10008a8a:	785a      	ldrb	r2, [r3, #1]
10008a8c:	2300      	movs	r3, #0
10008a8e:	4699      	mov	r9, r3
10008a90:	469a      	mov	sl, r3
10008a92:	f7ff fa74 	bl	10007f7e <_strtod_l+0x17a>
10008a96:	9b10      	ldr	r3, [sp, #64]	@ 0x40
10008a98:	9c11      	ldr	r4, [sp, #68]	@ 0x44
10008a9a:	9316      	str	r3, [sp, #88]	@ 0x58
10008a9c:	9417      	str	r4, [sp, #92]	@ 0x5c
10008a9e:	f7ff fbdd 	bl	1000825c <_strtod_l+0x458>
10008aa2:	4b6e      	ldr	r3, [pc, #440]	@ (10008c5c <_strtod_l+0xe58>)
10008aa4:	00c9      	lsls	r1, r1, #3
10008aa6:	185b      	adds	r3, r3, r1
10008aa8:	681a      	ldr	r2, [r3, #0]
10008aaa:	685b      	ldr	r3, [r3, #4]
10008aac:	9804      	ldr	r0, [sp, #16]
10008aae:	9905      	ldr	r1, [sp, #20]
10008ab0:	f7fd f925 	bl	10005cfe <__wrap___aeabi_ddiv>
10008ab4:	9004      	str	r0, [sp, #16]
10008ab6:	9105      	str	r1, [sp, #20]
10008ab8:	2d00      	cmp	r5, #0
10008aba:	d101      	bne.n	10008ac0 <_strtod_l+0xcbc>
10008abc:	f7ff faef 	bl	1000809e <_strtod_l+0x29a>
10008ac0:	e551      	b.n	10008566 <_strtod_l+0x762>
10008ac2:	2300      	movs	r3, #0
10008ac4:	4c6a      	ldr	r4, [pc, #424]	@ (10008c70 <_strtod_l+0xe6c>)
10008ac6:	930c      	str	r3, [sp, #48]	@ 0x30
10008ac8:	940d      	str	r4, [sp, #52]	@ 0x34
10008aca:	2300      	movs	r3, #0
10008acc:	4c69      	ldr	r4, [pc, #420]	@ (10008c74 <_strtod_l+0xe70>)
10008ace:	9310      	str	r3, [sp, #64]	@ 0x40
10008ad0:	9411      	str	r4, [sp, #68]	@ 0x44
10008ad2:	f7ff fb93 	bl	100081fc <_strtod_l+0x3f8>
10008ad6:	9b15      	ldr	r3, [sp, #84]	@ 0x54
10008ad8:	9a0e      	ldr	r2, [sp, #56]	@ 0x38
10008ada:	469c      	mov	ip, r3
10008adc:	9b05      	ldr	r3, [sp, #20]
10008ade:	46da      	mov	sl, fp
10008ae0:	031b      	lsls	r3, r3, #12
10008ae2:	0b1b      	lsrs	r3, r3, #12
10008ae4:	2a00      	cmp	r2, #0
10008ae6:	d041      	beq.n	10008b6c <_strtod_l+0xd68>
10008ae8:	4a63      	ldr	r2, [pc, #396]	@ (10008c78 <_strtod_l+0xe74>)
10008aea:	4293      	cmp	r3, r2
10008aec:	d100      	bne.n	10008af0 <_strtod_l+0xcec>
10008aee:	e0d1      	b.n	10008c94 <_strtod_l+0xe90>
10008af0:	4663      	mov	r3, ip
10008af2:	2b00      	cmp	r3, #0
10008af4:	d100      	bne.n	10008af8 <_strtod_l+0xcf4>
10008af6:	e0c7      	b.n	10008c88 <_strtod_l+0xe84>
10008af8:	4662      	mov	r2, ip
10008afa:	9b0b      	ldr	r3, [sp, #44]	@ 0x2c
10008afc:	4213      	tst	r3, r2
10008afe:	d00c      	beq.n	10008b1a <_strtod_l+0xd16>
10008b00:	9804      	ldr	r0, [sp, #16]
10008b02:	9905      	ldr	r1, [sp, #20]
10008b04:	9a09      	ldr	r2, [sp, #36]	@ 0x24
10008b06:	f7ff f965 	bl	10007dd4 <sulp>
10008b0a:	0002      	movs	r2, r0
10008b0c:	000b      	movs	r3, r1
10008b0e:	0030      	movs	r0, r6
10008b10:	0039      	movs	r1, r7
10008b12:	f7fd f8eb 	bl	10005cec <__wrap___aeabi_dadd>
10008b16:	0006      	movs	r6, r0
10008b18:	000f      	movs	r7, r1
10008b1a:	9b09      	ldr	r3, [sp, #36]	@ 0x24
10008b1c:	2b00      	cmp	r3, #0
10008b1e:	d100      	bne.n	10008b22 <_strtod_l+0xd1e>
10008b20:	e697      	b.n	10008852 <_strtod_l+0xa4e>
10008b22:	0030      	movs	r0, r6
10008b24:	0039      	movs	r1, r7
10008b26:	4b55      	ldr	r3, [pc, #340]	@ (10008c7c <_strtod_l+0xe78>)
10008b28:	2200      	movs	r2, #0
10008b2a:	f7fd f906 	bl	10005d3a <__wrap___aeabi_dmul>
10008b2e:	4b46      	ldr	r3, [pc, #280]	@ (10008c48 <_strtod_l+0xe44>)
10008b30:	0006      	movs	r6, r0
10008b32:	000f      	movs	r7, r1
10008b34:	420b      	tst	r3, r1
10008b36:	d000      	beq.n	10008b3a <_strtod_l+0xd36>
10008b38:	e68b      	b.n	10008852 <_strtod_l+0xa4e>
10008b3a:	2322      	movs	r3, #34	@ 0x22
10008b3c:	4642      	mov	r2, r8
10008b3e:	991a      	ldr	r1, [sp, #104]	@ 0x68
10008b40:	6013      	str	r3, [r2, #0]
10008b42:	e5d3      	b.n	100086ec <_strtod_l+0x8e8>
10008b44:	ac1c      	add	r4, sp, #112	@ 0x70
10008b46:	0022      	movs	r2, r4
10008b48:	494d      	ldr	r1, [pc, #308]	@ (10008c80 <_strtod_l+0xe7c>)
10008b4a:	a819      	add	r0, sp, #100	@ 0x64
10008b4c:	f001 f826 	bl	10009b9c <__hexnan>
10008b50:	2805      	cmp	r0, #5
10008b52:	d001      	beq.n	10008b58 <_strtod_l+0xd54>
10008b54:	f7ff fa7d 	bl	10008052 <_strtod_l+0x24e>
10008b58:	9b1d      	ldr	r3, [sp, #116]	@ 0x74
10008b5a:	4a3b      	ldr	r2, [pc, #236]	@ (10008c48 <_strtod_l+0xe44>)
10008b5c:	431a      	orrs	r2, r3
10008b5e:	9b1c      	ldr	r3, [sp, #112]	@ 0x70
10008b60:	9205      	str	r2, [sp, #20]
10008b62:	9304      	str	r3, [sp, #16]
10008b64:	9e04      	ldr	r6, [sp, #16]
10008b66:	9f05      	ldr	r7, [sp, #20]
10008b68:	f7ff fc08 	bl	1000837c <_strtod_l+0x578>
10008b6c:	2b00      	cmp	r3, #0
10008b6e:	d14a      	bne.n	10008c06 <_strtod_l+0xe02>
10008b70:	9b04      	ldr	r3, [sp, #16]
10008b72:	2b00      	cmp	r3, #0
10008b74:	d000      	beq.n	10008b78 <_strtod_l+0xd74>
10008b76:	e0b5      	b.n	10008ce4 <_strtod_l+0xee0>
10008b78:	9b09      	ldr	r3, [sp, #36]	@ 0x24
10008b7a:	2b00      	cmp	r3, #0
10008b7c:	d100      	bne.n	10008b80 <_strtod_l+0xd7c>
10008b7e:	e0a0      	b.n	10008cc2 <_strtod_l+0xebe>
10008b80:	4c31      	ldr	r4, [pc, #196]	@ (10008c48 <_strtod_l+0xe44>)
10008b82:	9b0b      	ldr	r3, [sp, #44]	@ 0x2c
10008b84:	4023      	ands	r3, r4
10008b86:	001c      	movs	r4, r3
10008b88:	23d6      	movs	r3, #214	@ 0xd6
10008b8a:	04db      	lsls	r3, r3, #19
10008b8c:	429c      	cmp	r4, r3
10008b8e:	d829      	bhi.n	10008be4 <_strtod_l+0xde0>
10008b90:	23dc      	movs	r3, #220	@ 0xdc
10008b92:	049b      	lsls	r3, r3, #18
10008b94:	429c      	cmp	r4, r3
10008b96:	d8c4      	bhi.n	10008b22 <_strtod_l+0xd1e>
10008b98:	e672      	b.n	10008880 <_strtod_l+0xa7c>
10008b9a:	9b0e      	ldr	r3, [sp, #56]	@ 0x38
10008b9c:	9904      	ldr	r1, [sp, #16]
10008b9e:	9a05      	ldr	r2, [sp, #20]
10008ba0:	46da      	mov	sl, fp
10008ba2:	430b      	orrs	r3, r1
10008ba4:	d1b9      	bne.n	10008b1a <_strtod_l+0xd16>
10008ba6:	920b      	str	r2, [sp, #44]	@ 0x2c
10008ba8:	0313      	lsls	r3, r2, #12
10008baa:	d1b6      	bne.n	10008b1a <_strtod_l+0xd16>
10008bac:	23d6      	movs	r3, #214	@ 0xd6
10008bae:	4c26      	ldr	r4, [pc, #152]	@ (10008c48 <_strtod_l+0xe44>)
10008bb0:	04db      	lsls	r3, r3, #19
10008bb2:	4014      	ands	r4, r2
10008bb4:	429c      	cmp	r4, r3
10008bb6:	d9b0      	bls.n	10008b1a <_strtod_l+0xd16>
10008bb8:	465b      	mov	r3, fp
10008bba:	695b      	ldr	r3, [r3, #20]
10008bbc:	2b00      	cmp	r3, #0
10008bbe:	d103      	bne.n	10008bc8 <_strtod_l+0xdc4>
10008bc0:	465b      	mov	r3, fp
10008bc2:	691b      	ldr	r3, [r3, #16]
10008bc4:	2b01      	cmp	r3, #1
10008bc6:	dda8      	ble.n	10008b1a <_strtod_l+0xd16>
10008bc8:	4651      	mov	r1, sl
10008bca:	2201      	movs	r2, #1
10008bcc:	4640      	mov	r0, r8
10008bce:	f001 fbc7 	bl	1000a360 <__lshift>
10008bd2:	4649      	mov	r1, r9
10008bd4:	4682      	mov	sl, r0
10008bd6:	f001 fc41 	bl	1000a45c <__mcmp>
10008bda:	2800      	cmp	r0, #0
10008bdc:	dd9d      	ble.n	10008b1a <_strtod_l+0xd16>
10008bde:	9b09      	ldr	r3, [sp, #36]	@ 0x24
10008be0:	2b00      	cmp	r3, #0
10008be2:	d06e      	beq.n	10008cc2 <_strtod_l+0xebe>
10008be4:	4b27      	ldr	r3, [pc, #156]	@ (10008c84 <_strtod_l+0xe80>)
10008be6:	4a24      	ldr	r2, [pc, #144]	@ (10008c78 <_strtod_l+0xe74>)
10008be8:	469c      	mov	ip, r3
10008bea:	2301      	movs	r3, #1
10008bec:	4464      	add	r4, ip
10008bee:	4322      	orrs	r2, r4
10008bf0:	425b      	negs	r3, r3
10008bf2:	9205      	str	r2, [sp, #20]
10008bf4:	9304      	str	r3, [sp, #16]
10008bf6:	9e04      	ldr	r6, [sp, #16]
10008bf8:	9f05      	ldr	r7, [sp, #20]
10008bfa:	e792      	b.n	10008b22 <_strtod_l+0xd1e>
10008bfc:	2300      	movs	r3, #0
10008bfe:	469a      	mov	sl, r3
10008c00:	4b0f      	ldr	r3, [pc, #60]	@ (10008c40 <_strtod_l+0xe3c>)
10008c02:	9309      	str	r3, [sp, #36]	@ 0x24
10008c04:	e692      	b.n	1000892c <_strtod_l+0xb28>
10008c06:	4663      	mov	r3, ip
10008c08:	2b00      	cmp	r3, #0
10008c0a:	d073      	beq.n	10008cf4 <_strtod_l+0xef0>
10008c0c:	4662      	mov	r2, ip
10008c0e:	9b0b      	ldr	r3, [sp, #44]	@ 0x2c
10008c10:	4213      	tst	r3, r2
10008c12:	d100      	bne.n	10008c16 <_strtod_l+0xe12>
10008c14:	e781      	b.n	10008b1a <_strtod_l+0xd16>
10008c16:	9804      	ldr	r0, [sp, #16]
10008c18:	9905      	ldr	r1, [sp, #20]
10008c1a:	9a09      	ldr	r2, [sp, #36]	@ 0x24
10008c1c:	f7ff f8da 	bl	10007dd4 <sulp>
10008c20:	0002      	movs	r2, r0
10008c22:	000b      	movs	r3, r1
10008c24:	0030      	movs	r0, r6
10008c26:	0039      	movs	r1, r7
10008c28:	f7fd f857 	bl	10005cda <__wrap___aeabi_dsub>
10008c2c:	2200      	movs	r2, #0
10008c2e:	2300      	movs	r3, #0
10008c30:	0006      	movs	r6, r0
10008c32:	000f      	movs	r7, r1
10008c34:	f7fd f8c4 	bl	10005dc0 <__wrap___aeabi_dcmpeq>
10008c38:	2800      	cmp	r0, #0
10008c3a:	d100      	bne.n	10008c3e <_strtod_l+0xe3a>
10008c3c:	e76d      	b.n	10008b1a <_strtod_l+0xd16>
10008c3e:	e61f      	b.n	10008880 <_strtod_l+0xa7c>
10008c40:	1000b5d8 	.word	0x1000b5d8
10008c44:	fcb00000 	.word	0xfcb00000
10008c48:	7ff00000 	.word	0x7ff00000
10008c4c:	7ca00000 	.word	0x7ca00000
10008c50:	7c900000 	.word	0x7c900000
10008c54:	7fefffff 	.word	0x7fefffff
10008c58:	00004e1f 	.word	0x00004e1f
10008c5c:	1000b600 	.word	0x1000b600
10008c60:	1000b360 	.word	0x1000b360
10008c64:	ffefffff 	.word	0xffefffff
10008c68:	00000433 	.word	0x00000433
10008c6c:	7fffffff 	.word	0x7fffffff
10008c70:	bfe00000 	.word	0xbfe00000
10008c74:	3fe00000 	.word	0x3fe00000
10008c78:	000fffff 	.word	0x000fffff
10008c7c:	39500000 	.word	0x39500000
10008c80:	1000b378 	.word	0x1000b378
10008c84:	fff00000 	.word	0xfff00000
10008c88:	9b10      	ldr	r3, [sp, #64]	@ 0x40
10008c8a:	9a04      	ldr	r2, [sp, #16]
10008c8c:	4213      	tst	r3, r2
10008c8e:	d100      	bne.n	10008c92 <_strtod_l+0xe8e>
10008c90:	e743      	b.n	10008b1a <_strtod_l+0xd16>
10008c92:	e735      	b.n	10008b00 <_strtod_l+0xcfc>
10008c94:	9a09      	ldr	r2, [sp, #36]	@ 0x24
10008c96:	9b04      	ldr	r3, [sp, #16]
10008c98:	2a00      	cmp	r2, #0
10008c9a:	d14f      	bne.n	10008d3c <_strtod_l+0xf38>
10008c9c:	1c5a      	adds	r2, r3, #1
10008c9e:	d03b      	beq.n	10008d18 <_strtod_l+0xf14>
10008ca0:	4662      	mov	r2, ip
10008ca2:	2a00      	cmp	r2, #0
10008ca4:	d100      	bne.n	10008ca8 <_strtod_l+0xea4>
10008ca6:	e07f      	b.n	10008da8 <_strtod_l+0xfa4>
10008ca8:	9b0b      	ldr	r3, [sp, #44]	@ 0x2c
10008caa:	4213      	tst	r3, r2
10008cac:	d000      	beq.n	10008cb0 <_strtod_l+0xeac>
10008cae:	e727      	b.n	10008b00 <_strtod_l+0xcfc>
10008cb0:	991a      	ldr	r1, [sp, #104]	@ 0x68
10008cb2:	e51b      	b.n	100086ec <_strtod_l+0x8e8>
10008cb4:	2201      	movs	r2, #1
10008cb6:	4252      	negs	r2, r2
10008cb8:	409a      	lsls	r2, r3
10008cba:	9b04      	ldr	r3, [sp, #16]
10008cbc:	4013      	ands	r3, r2
10008cbe:	9304      	str	r3, [sp, #16]
10008cc0:	e4cc      	b.n	1000865c <_strtod_l+0x858>
10008cc2:	4b43      	ldr	r3, [pc, #268]	@ (10008dd0 <_strtod_l+0xfcc>)
10008cc4:	9a0b      	ldr	r2, [sp, #44]	@ 0x2c
10008cc6:	991a      	ldr	r1, [sp, #104]	@ 0x68
10008cc8:	401a      	ands	r2, r3
10008cca:	0013      	movs	r3, r2
10008ccc:	4a41      	ldr	r2, [pc, #260]	@ (10008dd4 <_strtod_l+0xfd0>)
10008cce:	4694      	mov	ip, r2
10008cd0:	4a41      	ldr	r2, [pc, #260]	@ (10008dd8 <_strtod_l+0xfd4>)
10008cd2:	4463      	add	r3, ip
10008cd4:	431a      	orrs	r2, r3
10008cd6:	2301      	movs	r3, #1
10008cd8:	425b      	negs	r3, r3
10008cda:	9205      	str	r2, [sp, #20]
10008cdc:	9304      	str	r3, [sp, #16]
10008cde:	9e04      	ldr	r6, [sp, #16]
10008ce0:	9f05      	ldr	r7, [sp, #20]
10008ce2:	e503      	b.n	100086ec <_strtod_l+0x8e8>
10008ce4:	4662      	mov	r2, ip
10008ce6:	2a00      	cmp	r2, #0
10008ce8:	d00a      	beq.n	10008d00 <_strtod_l+0xefc>
10008cea:	9b0b      	ldr	r3, [sp, #44]	@ 0x2c
10008cec:	4213      	tst	r3, r2
10008cee:	d100      	bne.n	10008cf2 <_strtod_l+0xeee>
10008cf0:	e713      	b.n	10008b1a <_strtod_l+0xd16>
10008cf2:	e790      	b.n	10008c16 <_strtod_l+0xe12>
10008cf4:	9b10      	ldr	r3, [sp, #64]	@ 0x40
10008cf6:	9a04      	ldr	r2, [sp, #16]
10008cf8:	4213      	tst	r3, r2
10008cfa:	d100      	bne.n	10008cfe <_strtod_l+0xefa>
10008cfc:	e70d      	b.n	10008b1a <_strtod_l+0xd16>
10008cfe:	e78a      	b.n	10008c16 <_strtod_l+0xe12>
10008d00:	9a10      	ldr	r2, [sp, #64]	@ 0x40
10008d02:	421a      	tst	r2, r3
10008d04:	d100      	bne.n	10008d08 <_strtod_l+0xf04>
10008d06:	e708      	b.n	10008b1a <_strtod_l+0xd16>
10008d08:	e785      	b.n	10008c16 <_strtod_l+0xe12>
10008d0a:	234b      	movs	r3, #75	@ 0x4b
10008d0c:	1a9a      	subs	r2, r3, r2
10008d0e:	3b4c      	subs	r3, #76	@ 0x4c
10008d10:	4093      	lsls	r3, r2
10008d12:	4018      	ands	r0, r3
10008d14:	9005      	str	r0, [sp, #20]
10008d16:	e4a1      	b.n	1000865c <_strtod_l+0x858>
10008d18:	4a30      	ldr	r2, [pc, #192]	@ (10008ddc <_strtod_l+0xfd8>)
10008d1a:	990b      	ldr	r1, [sp, #44]	@ 0x2c
10008d1c:	4291      	cmp	r1, r2
10008d1e:	d01d      	beq.n	10008d5c <_strtod_l+0xf58>
10008d20:	4b2b      	ldr	r3, [pc, #172]	@ (10008dd0 <_strtod_l+0xfcc>)
10008d22:	9a0b      	ldr	r2, [sp, #44]	@ 0x2c
10008d24:	401a      	ands	r2, r3
10008d26:	0013      	movs	r3, r2
10008d28:	2280      	movs	r2, #128	@ 0x80
10008d2a:	0352      	lsls	r2, r2, #13
10008d2c:	4694      	mov	ip, r2
10008d2e:	4463      	add	r3, ip
10008d30:	9305      	str	r3, [sp, #20]
10008d32:	2300      	movs	r3, #0
10008d34:	9304      	str	r3, [sp, #16]
10008d36:	9e04      	ldr	r6, [sp, #16]
10008d38:	9f05      	ldr	r7, [sp, #20]
10008d3a:	e6ee      	b.n	10008b1a <_strtod_l+0xd16>
10008d3c:	21d4      	movs	r1, #212	@ 0xd4
10008d3e:	4a24      	ldr	r2, [pc, #144]	@ (10008dd0 <_strtod_l+0xfcc>)
10008d40:	980b      	ldr	r0, [sp, #44]	@ 0x2c
10008d42:	04c9      	lsls	r1, r1, #19
10008d44:	4002      	ands	r2, r0
10008d46:	428a      	cmp	r2, r1
10008d48:	d916      	bls.n	10008d78 <_strtod_l+0xf74>
10008d4a:	1c5a      	adds	r2, r3, #1
10008d4c:	d0e4      	beq.n	10008d18 <_strtod_l+0xf14>
10008d4e:	4662      	mov	r2, ip
10008d50:	2a00      	cmp	r2, #0
10008d52:	d00c      	beq.n	10008d6e <_strtod_l+0xf6a>
10008d54:	4210      	tst	r0, r2
10008d56:	d100      	bne.n	10008d5a <_strtod_l+0xf56>
10008d58:	e6e3      	b.n	10008b22 <_strtod_l+0xd1e>
10008d5a:	e6d1      	b.n	10008b00 <_strtod_l+0xcfc>
10008d5c:	3301      	adds	r3, #1
10008d5e:	d1df      	bne.n	10008d20 <_strtod_l+0xf1c>
10008d60:	2322      	movs	r3, #34	@ 0x22
10008d62:	4642      	mov	r2, r8
10008d64:	2600      	movs	r6, #0
10008d66:	991a      	ldr	r1, [sp, #104]	@ 0x68
10008d68:	4f19      	ldr	r7, [pc, #100]	@ (10008dd0 <_strtod_l+0xfcc>)
10008d6a:	6013      	str	r3, [r2, #0]
10008d6c:	e4be      	b.n	100086ec <_strtod_l+0x8e8>
10008d6e:	9a10      	ldr	r2, [sp, #64]	@ 0x40
10008d70:	421a      	tst	r2, r3
10008d72:	d100      	bne.n	10008d76 <_strtod_l+0xf72>
10008d74:	e6d5      	b.n	10008b22 <_strtod_l+0xd1e>
10008d76:	e6c3      	b.n	10008b00 <_strtod_l+0xcfc>
10008d78:	216b      	movs	r1, #107	@ 0x6b
10008d7a:	0d12      	lsrs	r2, r2, #20
10008d7c:	1a89      	subs	r1, r1, r2
10008d7e:	2201      	movs	r2, #1
10008d80:	4252      	negs	r2, r2
10008d82:	408a      	lsls	r2, r1
10008d84:	4293      	cmp	r3, r2
10008d86:	d0c7      	beq.n	10008d18 <_strtod_l+0xf14>
10008d88:	4662      	mov	r2, ip
10008d8a:	2a00      	cmp	r2, #0
10008d8c:	d0ef      	beq.n	10008d6e <_strtod_l+0xf6a>
10008d8e:	9b0b      	ldr	r3, [sp, #44]	@ 0x2c
10008d90:	4213      	tst	r3, r2
10008d92:	d100      	bne.n	10008d96 <_strtod_l+0xf92>
10008d94:	e6c5      	b.n	10008b22 <_strtod_l+0xd1e>
10008d96:	e6b3      	b.n	10008b00 <_strtod_l+0xcfc>
10008d98:	05e4      	lsls	r4, r4, #23
10008d9a:	d50b      	bpl.n	10008db4 <_strtod_l+0xfb0>
10008d9c:	2380      	movs	r3, #128	@ 0x80
10008d9e:	061b      	lsls	r3, r3, #24
10008da0:	9305      	str	r3, [sp, #20]
10008da2:	9e04      	ldr	r6, [sp, #16]
10008da4:	9f05      	ldr	r7, [sp, #20]
10008da6:	e654      	b.n	10008a52 <_strtod_l+0xc4e>
10008da8:	9a10      	ldr	r2, [sp, #64]	@ 0x40
10008daa:	421a      	tst	r2, r3
10008dac:	d000      	beq.n	10008db0 <_strtod_l+0xfac>
10008dae:	e6a7      	b.n	10008b00 <_strtod_l+0xcfc>
10008db0:	991a      	ldr	r1, [sp, #104]	@ 0x68
10008db2:	e49b      	b.n	100086ec <_strtod_l+0x8e8>
10008db4:	2600      	movs	r6, #0
10008db6:	2700      	movs	r7, #0
10008db8:	e64b      	b.n	10008a52 <_strtod_l+0xc4e>
10008dba:	0030      	movs	r0, r6
10008dbc:	e5e6      	b.n	1000898c <_strtod_l+0xb88>
10008dbe:	0010      	movs	r0, r2
10008dc0:	f7ff fb67 	bl	10008492 <_strtod_l+0x68e>
10008dc4:	2001      	movs	r0, #1
10008dc6:	9609      	str	r6, [sp, #36]	@ 0x24
10008dc8:	9212      	str	r2, [sp, #72]	@ 0x48
10008dca:	f7ff fb61 	bl	10008490 <_strtod_l+0x68c>
10008dce:	46c0      	nop			@ (mov r8, r8)
10008dd0:	7ff00000 	.word	0x7ff00000
10008dd4:	fff00000 	.word	0xfff00000
10008dd8:	000fffff 	.word	0x000fffff
10008ddc:	7fefffff 	.word	0x7fefffff

10008de0 <strtod>:
10008de0:	b510      	push	{r4, lr}
10008de2:	0004      	movs	r4, r0
10008de4:	000a      	movs	r2, r1
10008de6:	4903      	ldr	r1, [pc, #12]	@ (10008df4 <strtod+0x14>)
10008de8:	4b03      	ldr	r3, [pc, #12]	@ (10008df8 <strtod+0x18>)
10008dea:	6808      	ldr	r0, [r1, #0]
10008dec:	0021      	movs	r1, r4
10008dee:	f7ff f809 	bl	10007e04 <_strtod_l>
10008df2:	bd10      	pop	{r4, pc}
10008df4:	200007b4 	.word	0x200007b4
10008df8:	20000648 	.word	0x20000648

10008dfc <_strtol_l.isra.0>:
10008dfc:	b5f0      	push	{r4, r5, r6, r7, lr}
10008dfe:	4657      	mov	r7, sl
10008e00:	464e      	mov	r6, r9
10008e02:	4645      	mov	r5, r8
10008e04:	46de      	mov	lr, fp
10008e06:	b5e0      	push	{r5, r6, r7, lr}
10008e08:	4682      	mov	sl, r0
10008e0a:	000f      	movs	r7, r1
10008e0c:	4690      	mov	r8, r2
10008e0e:	001e      	movs	r6, r3
10008e10:	4699      	mov	r9, r3
10008e12:	b083      	sub	sp, #12
10008e14:	2b24      	cmp	r3, #36	@ 0x24
10008e16:	d843      	bhi.n	10008ea0 <_strtol_l.isra.0+0xa4>
10008e18:	2b01      	cmp	r3, #1
10008e1a:	d041      	beq.n	10008ea0 <_strtol_l.isra.0+0xa4>
10008e1c:	000b      	movs	r3, r1
10008e1e:	2008      	movs	r0, #8
10008e20:	4d4a      	ldr	r5, [pc, #296]	@ (10008f4c <_strtol_l.isra.0+0x150>)
10008e22:	001a      	movs	r2, r3
10008e24:	7814      	ldrb	r4, [r2, #0]
10008e26:	3301      	adds	r3, #1
10008e28:	5d29      	ldrb	r1, [r5, r4]
10008e2a:	4208      	tst	r0, r1
10008e2c:	d1f9      	bne.n	10008e22 <_strtol_l.isra.0+0x26>
10008e2e:	001d      	movs	r5, r3
10008e30:	2c2d      	cmp	r4, #45	@ 0x2d
10008e32:	d100      	bne.n	10008e36 <_strtol_l.isra.0+0x3a>
10008e34:	e076      	b.n	10008f24 <_strtol_l.isra.0+0x128>
10008e36:	2c2b      	cmp	r4, #43	@ 0x2b
10008e38:	d03e      	beq.n	10008eb8 <_strtol_l.isra.0+0xbc>
10008e3a:	4b45      	ldr	r3, [pc, #276]	@ (10008f50 <_strtol_l.isra.0+0x154>)
10008e3c:	469b      	mov	fp, r3
10008e3e:	2300      	movs	r3, #0
10008e40:	9301      	str	r3, [sp, #4]
10008e42:	2e00      	cmp	r6, #0
10008e44:	d153      	bne.n	10008eee <_strtol_l.isra.0+0xf2>
10008e46:	2c30      	cmp	r4, #48	@ 0x30
10008e48:	d100      	bne.n	10008e4c <_strtol_l.isra.0+0x50>
10008e4a:	e073      	b.n	10008f34 <_strtol_l.isra.0+0x138>
10008e4c:	230a      	movs	r3, #10
10008e4e:	260a      	movs	r6, #10
10008e50:	4699      	mov	r9, r3
10008e52:	4649      	mov	r1, r9
10008e54:	4658      	mov	r0, fp
10008e56:	f7fc fd05 	bl	10005864 <__wrap___aeabi_uidiv>
10008e5a:	002b      	movs	r3, r5
10008e5c:	468c      	mov	ip, r1
10008e5e:	003d      	movs	r5, r7
10008e60:	0002      	movs	r2, r0
10008e62:	0027      	movs	r7, r4
10008e64:	2100      	movs	r1, #0
10008e66:	464c      	mov	r4, r9
10008e68:	2000      	movs	r0, #0
10008e6a:	46e1      	mov	r9, ip
10008e6c:	46ac      	mov	ip, r5
10008e6e:	003d      	movs	r5, r7
10008e70:	3d30      	subs	r5, #48	@ 0x30
10008e72:	2d09      	cmp	r5, #9
10008e74:	d907      	bls.n	10008e86 <_strtol_l.isra.0+0x8a>
10008e76:	3d11      	subs	r5, #17
10008e78:	2d19      	cmp	r5, #25
10008e7a:	d903      	bls.n	10008e84 <_strtol_l.isra.0+0x88>
10008e7c:	003d      	movs	r5, r7
10008e7e:	3d61      	subs	r5, #97	@ 0x61
10008e80:	2d19      	cmp	r5, #25
10008e82:	d820      	bhi.n	10008ec6 <_strtol_l.isra.0+0xca>
10008e84:	350a      	adds	r5, #10
10008e86:	42ae      	cmp	r6, r5
10008e88:	dd1d      	ble.n	10008ec6 <_strtol_l.isra.0+0xca>
10008e8a:	1c4f      	adds	r7, r1, #1
10008e8c:	d005      	beq.n	10008e9a <_strtol_l.isra.0+0x9e>
10008e8e:	4282      	cmp	r2, r0
10008e90:	d32a      	bcc.n	10008ee8 <_strtol_l.isra.0+0xec>
10008e92:	d027      	beq.n	10008ee4 <_strtol_l.isra.0+0xe8>
10008e94:	2101      	movs	r1, #1
10008e96:	4360      	muls	r0, r4
10008e98:	1828      	adds	r0, r5, r0
10008e9a:	781f      	ldrb	r7, [r3, #0]
10008e9c:	3301      	adds	r3, #1
10008e9e:	e7e6      	b.n	10008e6e <_strtol_l.isra.0+0x72>
10008ea0:	f000 f976 	bl	10009190 <__errno>
10008ea4:	2316      	movs	r3, #22
10008ea6:	6003      	str	r3, [r0, #0]
10008ea8:	2000      	movs	r0, #0
10008eaa:	b003      	add	sp, #12
10008eac:	bcf0      	pop	{r4, r5, r6, r7}
10008eae:	46bb      	mov	fp, r7
10008eb0:	46b2      	mov	sl, r6
10008eb2:	46a9      	mov	r9, r5
10008eb4:	46a0      	mov	r8, r4
10008eb6:	bdf0      	pop	{r4, r5, r6, r7, pc}
10008eb8:	781c      	ldrb	r4, [r3, #0]
10008eba:	4b25      	ldr	r3, [pc, #148]	@ (10008f50 <_strtol_l.isra.0+0x154>)
10008ebc:	1c95      	adds	r5, r2, #2
10008ebe:	469b      	mov	fp, r3
10008ec0:	2300      	movs	r3, #0
10008ec2:	9301      	str	r3, [sp, #4]
10008ec4:	e7bd      	b.n	10008e42 <_strtol_l.isra.0+0x46>
10008ec6:	4667      	mov	r7, ip
10008ec8:	1c4a      	adds	r2, r1, #1
10008eca:	d021      	beq.n	10008f10 <_strtol_l.isra.0+0x114>
10008ecc:	9a01      	ldr	r2, [sp, #4]
10008ece:	2a00      	cmp	r2, #0
10008ed0:	d000      	beq.n	10008ed4 <_strtol_l.isra.0+0xd8>
10008ed2:	4240      	negs	r0, r0
10008ed4:	4642      	mov	r2, r8
10008ed6:	2a00      	cmp	r2, #0
10008ed8:	d0e7      	beq.n	10008eaa <_strtol_l.isra.0+0xae>
10008eda:	2900      	cmp	r1, #0
10008edc:	d133      	bne.n	10008f46 <_strtol_l.isra.0+0x14a>
10008ede:	4643      	mov	r3, r8
10008ee0:	601f      	str	r7, [r3, #0]
10008ee2:	e7e2      	b.n	10008eaa <_strtol_l.isra.0+0xae>
10008ee4:	45a9      	cmp	r9, r5
10008ee6:	dad5      	bge.n	10008e94 <_strtol_l.isra.0+0x98>
10008ee8:	2101      	movs	r1, #1
10008eea:	4249      	negs	r1, r1
10008eec:	e7d5      	b.n	10008e9a <_strtol_l.isra.0+0x9e>
10008eee:	2e10      	cmp	r6, #16
10008ef0:	d1af      	bne.n	10008e52 <_strtol_l.isra.0+0x56>
10008ef2:	2310      	movs	r3, #16
10008ef4:	4699      	mov	r9, r3
10008ef6:	2c30      	cmp	r4, #48	@ 0x30
10008ef8:	d1ab      	bne.n	10008e52 <_strtol_l.isra.0+0x56>
10008efa:	2220      	movs	r2, #32
10008efc:	782b      	ldrb	r3, [r5, #0]
10008efe:	4393      	bics	r3, r2
10008f00:	2b58      	cmp	r3, #88	@ 0x58
10008f02:	d1a6      	bne.n	10008e52 <_strtol_l.isra.0+0x56>
10008f04:	2310      	movs	r3, #16
10008f06:	786c      	ldrb	r4, [r5, #1]
10008f08:	4699      	mov	r9, r3
10008f0a:	2610      	movs	r6, #16
10008f0c:	3502      	adds	r5, #2
10008f0e:	e7a0      	b.n	10008e52 <_strtol_l.isra.0+0x56>
10008f10:	2222      	movs	r2, #34	@ 0x22
10008f12:	4651      	mov	r1, sl
10008f14:	600a      	str	r2, [r1, #0]
10008f16:	4642      	mov	r2, r8
10008f18:	4658      	mov	r0, fp
10008f1a:	2a00      	cmp	r2, #0
10008f1c:	d0c5      	beq.n	10008eaa <_strtol_l.isra.0+0xae>
10008f1e:	4658      	mov	r0, fp
10008f20:	1e5f      	subs	r7, r3, #1
10008f22:	e7dc      	b.n	10008ede <_strtol_l.isra.0+0xe2>
10008f24:	781c      	ldrb	r4, [r3, #0]
10008f26:	2380      	movs	r3, #128	@ 0x80
10008f28:	061b      	lsls	r3, r3, #24
10008f2a:	469b      	mov	fp, r3
10008f2c:	2301      	movs	r3, #1
10008f2e:	1c95      	adds	r5, r2, #2
10008f30:	9301      	str	r3, [sp, #4]
10008f32:	e786      	b.n	10008e42 <_strtol_l.isra.0+0x46>
10008f34:	2220      	movs	r2, #32
10008f36:	782b      	ldrb	r3, [r5, #0]
10008f38:	4393      	bics	r3, r2
10008f3a:	2b58      	cmp	r3, #88	@ 0x58
10008f3c:	d0e2      	beq.n	10008f04 <_strtol_l.isra.0+0x108>
10008f3e:	2308      	movs	r3, #8
10008f40:	3608      	adds	r6, #8
10008f42:	4699      	mov	r9, r3
10008f44:	e785      	b.n	10008e52 <_strtol_l.isra.0+0x56>
10008f46:	4683      	mov	fp, r0
10008f48:	e7e9      	b.n	10008f1e <_strtol_l.isra.0+0x122>
10008f4a:	46c0      	nop			@ (mov r8, r8)
10008f4c:	1000b3c9 	.word	0x1000b3c9
10008f50:	7fffffff 	.word	0x7fffffff

10008f54 <strtol>:
10008f54:	b510      	push	{r4, lr}
10008f56:	0004      	movs	r4, r0
10008f58:	0013      	movs	r3, r2
10008f5a:	4a03      	ldr	r2, [pc, #12]	@ (10008f68 <strtol+0x14>)
10008f5c:	6810      	ldr	r0, [r2, #0]
10008f5e:	000a      	movs	r2, r1
10008f60:	0021      	movs	r1, r4
10008f62:	f7ff ff4b 	bl	10008dfc <_strtol_l.isra.0>
10008f66:	bd10      	pop	{r4, pc}
10008f68:	200007b4 	.word	0x200007b4

10008f6c <strchr>:
10008f6c:	2303      	movs	r3, #3
10008f6e:	b2ca      	uxtb	r2, r1
10008f70:	b5f0      	push	{r4, r5, r6, r7, lr}
10008f72:	4003      	ands	r3, r0
10008f74:	2a00      	cmp	r2, #0
10008f76:	d035      	beq.n	10008fe4 <strchr+0x78>
10008f78:	2403      	movs	r4, #3
10008f7a:	2b00      	cmp	r3, #0
10008f7c:	d12d      	bne.n	10008fda <strchr+0x6e>
10008f7e:	23ff      	movs	r3, #255	@ 0xff
10008f80:	400b      	ands	r3, r1
10008f82:	021d      	lsls	r5, r3, #8
10008f84:	18ed      	adds	r5, r5, r3
10008f86:	042b      	lsls	r3, r5, #16
10008f88:	18ed      	adds	r5, r5, r3
10008f8a:	002c      	movs	r4, r5
10008f8c:	6801      	ldr	r1, [r0, #0]
10008f8e:	4e26      	ldr	r6, [pc, #152]	@ (10009028 <strchr+0xbc>)
10008f90:	404c      	eors	r4, r1
10008f92:	198b      	adds	r3, r1, r6
10008f94:	438b      	bics	r3, r1
10008f96:	19a1      	adds	r1, r4, r6
10008f98:	43a1      	bics	r1, r4
10008f9a:	4e24      	ldr	r6, [pc, #144]	@ (1000902c <strchr+0xc0>)
10008f9c:	430b      	orrs	r3, r1
10008f9e:	4233      	tst	r3, r6
10008fa0:	d111      	bne.n	10008fc6 <strchr+0x5a>
10008fa2:	6841      	ldr	r1, [r0, #4]
10008fa4:	4f20      	ldr	r7, [pc, #128]	@ (10009028 <strchr+0xbc>)
10008fa6:	000c      	movs	r4, r1
10008fa8:	19cb      	adds	r3, r1, r7
10008faa:	406c      	eors	r4, r5
10008fac:	438b      	bics	r3, r1
10008fae:	19e1      	adds	r1, r4, r7
10008fb0:	43a1      	bics	r1, r4
10008fb2:	430b      	orrs	r3, r1
10008fb4:	3004      	adds	r0, #4
10008fb6:	4233      	tst	r3, r6
10008fb8:	d0f3      	beq.n	10008fa2 <strchr+0x36>
10008fba:	7803      	ldrb	r3, [r0, #0]
10008fbc:	2b00      	cmp	r3, #0
10008fbe:	d005      	beq.n	10008fcc <strchr+0x60>
10008fc0:	429a      	cmp	r2, r3
10008fc2:	d004      	beq.n	10008fce <strchr+0x62>
10008fc4:	3001      	adds	r0, #1
10008fc6:	7803      	ldrb	r3, [r0, #0]
10008fc8:	2b00      	cmp	r3, #0
10008fca:	d1f9      	bne.n	10008fc0 <strchr+0x54>
10008fcc:	2000      	movs	r0, #0
10008fce:	bdf0      	pop	{r4, r5, r6, r7, pc}
10008fd0:	4293      	cmp	r3, r2
10008fd2:	d0fc      	beq.n	10008fce <strchr+0x62>
10008fd4:	3001      	adds	r0, #1
10008fd6:	4220      	tst	r0, r4
10008fd8:	d0d1      	beq.n	10008f7e <strchr+0x12>
10008fda:	7803      	ldrb	r3, [r0, #0]
10008fdc:	2b00      	cmp	r3, #0
10008fde:	d1f7      	bne.n	10008fd0 <strchr+0x64>
10008fe0:	2000      	movs	r0, #0
10008fe2:	e7f4      	b.n	10008fce <strchr+0x62>
10008fe4:	2b00      	cmp	r3, #0
10008fe6:	d008      	beq.n	10008ffa <strchr+0x8e>
10008fe8:	2203      	movs	r2, #3
10008fea:	e002      	b.n	10008ff2 <strchr+0x86>
10008fec:	3001      	adds	r0, #1
10008fee:	4210      	tst	r0, r2
10008ff0:	d003      	beq.n	10008ffa <strchr+0x8e>
10008ff2:	7803      	ldrb	r3, [r0, #0]
10008ff4:	2b00      	cmp	r3, #0
10008ff6:	d1f9      	bne.n	10008fec <strchr+0x80>
10008ff8:	e7e9      	b.n	10008fce <strchr+0x62>
10008ffa:	6802      	ldr	r2, [r0, #0]
10008ffc:	4b0a      	ldr	r3, [pc, #40]	@ (10009028 <strchr+0xbc>)
10008ffe:	490b      	ldr	r1, [pc, #44]	@ (1000902c <strchr+0xc0>)
10009000:	18d3      	adds	r3, r2, r3
10009002:	4393      	bics	r3, r2
10009004:	420b      	tst	r3, r1
10009006:	d106      	bne.n	10009016 <strchr+0xaa>
10009008:	6842      	ldr	r2, [r0, #4]
1000900a:	4b07      	ldr	r3, [pc, #28]	@ (10009028 <strchr+0xbc>)
1000900c:	3004      	adds	r0, #4
1000900e:	18d3      	adds	r3, r2, r3
10009010:	4393      	bics	r3, r2
10009012:	420b      	tst	r3, r1
10009014:	d0f8      	beq.n	10009008 <strchr+0x9c>
10009016:	7803      	ldrb	r3, [r0, #0]
10009018:	2b00      	cmp	r3, #0
1000901a:	d0d8      	beq.n	10008fce <strchr+0x62>
1000901c:	7843      	ldrb	r3, [r0, #1]
1000901e:	3001      	adds	r0, #1
10009020:	2b00      	cmp	r3, #0
10009022:	d1fb      	bne.n	1000901c <strchr+0xb0>
10009024:	e7d3      	b.n	10008fce <strchr+0x62>
10009026:	46c0      	nop			@ (mov r8, r8)
10009028:	fefefeff 	.word	0xfefefeff
1000902c:	80808080 	.word	0x80808080

10009030 <strncmp>:
10009030:	b530      	push	{r4, r5, lr}
10009032:	2a00      	cmp	r2, #0
10009034:	d027      	beq.n	10009086 <strncmp+0x56>
10009036:	0003      	movs	r3, r0
10009038:	430b      	orrs	r3, r1
1000903a:	079b      	lsls	r3, r3, #30
1000903c:	d113      	bne.n	10009066 <strncmp+0x36>
1000903e:	2a03      	cmp	r2, #3
10009040:	d911      	bls.n	10009066 <strncmp+0x36>
10009042:	4d13      	ldr	r5, [pc, #76]	@ (10009090 <strncmp+0x60>)
10009044:	e00b      	b.n	1000905e <strncmp+0x2e>
10009046:	3a04      	subs	r2, #4
10009048:	2a00      	cmp	r2, #0
1000904a:	d01c      	beq.n	10009086 <strncmp+0x56>
1000904c:	4c11      	ldr	r4, [pc, #68]	@ (10009094 <strncmp+0x64>)
1000904e:	191c      	adds	r4, r3, r4
10009050:	439c      	bics	r4, r3
10009052:	422c      	tst	r4, r5
10009054:	d117      	bne.n	10009086 <strncmp+0x56>
10009056:	3004      	adds	r0, #4
10009058:	3104      	adds	r1, #4
1000905a:	2a03      	cmp	r2, #3
1000905c:	d903      	bls.n	10009066 <strncmp+0x36>
1000905e:	6803      	ldr	r3, [r0, #0]
10009060:	680c      	ldr	r4, [r1, #0]
10009062:	42a3      	cmp	r3, r4
10009064:	d0ef      	beq.n	10009046 <strncmp+0x16>
10009066:	780d      	ldrb	r5, [r1, #0]
10009068:	7804      	ldrb	r4, [r0, #0]
1000906a:	2301      	movs	r3, #1
1000906c:	3901      	subs	r1, #1
1000906e:	42ac      	cmp	r4, r5
10009070:	d007      	beq.n	10009082 <strncmp+0x52>
10009072:	e00a      	b.n	1000908a <strncmp+0x5a>
10009074:	2c00      	cmp	r4, #0
10009076:	d006      	beq.n	10009086 <strncmp+0x56>
10009078:	5cc4      	ldrb	r4, [r0, r3]
1000907a:	3301      	adds	r3, #1
1000907c:	5ccd      	ldrb	r5, [r1, r3]
1000907e:	42ac      	cmp	r4, r5
10009080:	d103      	bne.n	1000908a <strncmp+0x5a>
10009082:	429a      	cmp	r2, r3
10009084:	d1f6      	bne.n	10009074 <strncmp+0x44>
10009086:	2000      	movs	r0, #0
10009088:	bd30      	pop	{r4, r5, pc}
1000908a:	1b60      	subs	r0, r4, r5
1000908c:	e7fc      	b.n	10009088 <strncmp+0x58>
1000908e:	46c0      	nop			@ (mov r8, r8)
10009090:	80808080 	.word	0x80808080
10009094:	fefefeff 	.word	0xfefefeff

10009098 <strncpy>:
10009098:	000b      	movs	r3, r1
1000909a:	4303      	orrs	r3, r0
1000909c:	b570      	push	{r4, r5, r6, lr}
1000909e:	0006      	movs	r6, r0
100090a0:	079b      	lsls	r3, r3, #30
100090a2:	d10d      	bne.n	100090c0 <strncpy+0x28>
100090a4:	2a03      	cmp	r2, #3
100090a6:	d90b      	bls.n	100090c0 <strncpy+0x28>
100090a8:	4d10      	ldr	r5, [pc, #64]	@ (100090ec <strncpy+0x54>)
100090aa:	680c      	ldr	r4, [r1, #0]
100090ac:	4b10      	ldr	r3, [pc, #64]	@ (100090f0 <strncpy+0x58>)
100090ae:	18e3      	adds	r3, r4, r3
100090b0:	43a3      	bics	r3, r4
100090b2:	422b      	tst	r3, r5
100090b4:	d104      	bne.n	100090c0 <strncpy+0x28>
100090b6:	3a04      	subs	r2, #4
100090b8:	3104      	adds	r1, #4
100090ba:	c610      	stmia	r6!, {r4}
100090bc:	2a03      	cmp	r2, #3
100090be:	d8f4      	bhi.n	100090aa <strncpy+0x12>
100090c0:	0033      	movs	r3, r6
100090c2:	2400      	movs	r4, #0
100090c4:	e006      	b.n	100090d4 <strncpy+0x3c>
100090c6:	5d0d      	ldrb	r5, [r1, r4]
100090c8:	3a01      	subs	r2, #1
100090ca:	5535      	strb	r5, [r6, r4]
100090cc:	3301      	adds	r3, #1
100090ce:	3401      	adds	r4, #1
100090d0:	2d00      	cmp	r5, #0
100090d2:	d002      	beq.n	100090da <strncpy+0x42>
100090d4:	2a00      	cmp	r2, #0
100090d6:	d1f6      	bne.n	100090c6 <strncpy+0x2e>
100090d8:	bd70      	pop	{r4, r5, r6, pc}
100090da:	2100      	movs	r1, #0
100090dc:	189c      	adds	r4, r3, r2
100090de:	2a00      	cmp	r2, #0
100090e0:	d0fa      	beq.n	100090d8 <strncpy+0x40>
100090e2:	7019      	strb	r1, [r3, #0]
100090e4:	3301      	adds	r3, #1
100090e6:	429c      	cmp	r4, r3
100090e8:	d1fb      	bne.n	100090e2 <strncpy+0x4a>
100090ea:	e7f5      	b.n	100090d8 <strncpy+0x40>
100090ec:	80808080 	.word	0x80808080
100090f0:	fefefeff 	.word	0xfefefeff

100090f4 <strtok>:
100090f4:	4b03      	ldr	r3, [pc, #12]	@ (10009104 <strtok+0x10>)
100090f6:	b510      	push	{r4, lr}
100090f8:	681a      	ldr	r2, [r3, #0]
100090fa:	2301      	movs	r3, #1
100090fc:	3250      	adds	r2, #80	@ 0x50
100090fe:	f000 f803 	bl	10009108 <__strtok_r>
10009102:	bd10      	pop	{r4, pc}
10009104:	200007b4 	.word	0x200007b4

10009108 <__strtok_r>:
10009108:	b5f0      	push	{r4, r5, r6, r7, lr}
1000910a:	2800      	cmp	r0, #0
1000910c:	d026      	beq.n	1000915c <__strtok_r+0x54>
1000910e:	0007      	movs	r7, r0
10009110:	0038      	movs	r0, r7
10009112:	000c      	movs	r4, r1
10009114:	7806      	ldrb	r6, [r0, #0]
10009116:	3701      	adds	r7, #1
10009118:	e002      	b.n	10009120 <__strtok_r+0x18>
1000911a:	3401      	adds	r4, #1
1000911c:	42ae      	cmp	r6, r5
1000911e:	d014      	beq.n	1000914a <__strtok_r+0x42>
10009120:	7825      	ldrb	r5, [r4, #0]
10009122:	2d00      	cmp	r5, #0
10009124:	d1f9      	bne.n	1000911a <__strtok_r+0x12>
10009126:	2e00      	cmp	r6, #0
10009128:	d01d      	beq.n	10009166 <__strtok_r+0x5e>
1000912a:	003e      	movs	r6, r7
1000912c:	000b      	movs	r3, r1
1000912e:	7835      	ldrb	r5, [r6, #0]
10009130:	3701      	adds	r7, #1
10009132:	e002      	b.n	1000913a <__strtok_r+0x32>
10009134:	3301      	adds	r3, #1
10009136:	2c00      	cmp	r4, #0
10009138:	d0f7      	beq.n	1000912a <__strtok_r+0x22>
1000913a:	781c      	ldrb	r4, [r3, #0]
1000913c:	42a5      	cmp	r5, r4
1000913e:	d1f9      	bne.n	10009134 <__strtok_r+0x2c>
10009140:	2300      	movs	r3, #0
10009142:	2d00      	cmp	r5, #0
10009144:	d106      	bne.n	10009154 <__strtok_r+0x4c>
10009146:	6013      	str	r3, [r2, #0]
10009148:	bdf0      	pop	{r4, r5, r6, r7, pc}
1000914a:	2b00      	cmp	r3, #0
1000914c:	d1e0      	bne.n	10009110 <__strtok_r+0x8>
1000914e:	6017      	str	r7, [r2, #0]
10009150:	7003      	strb	r3, [r0, #0]
10009152:	e7f9      	b.n	10009148 <__strtok_r+0x40>
10009154:	2100      	movs	r1, #0
10009156:	003b      	movs	r3, r7
10009158:	7031      	strb	r1, [r6, #0]
1000915a:	e7f4      	b.n	10009146 <__strtok_r+0x3e>
1000915c:	6810      	ldr	r0, [r2, #0]
1000915e:	2800      	cmp	r0, #0
10009160:	d1d5      	bne.n	1000910e <__strtok_r+0x6>
10009162:	2000      	movs	r0, #0
10009164:	e7f0      	b.n	10009148 <__strtok_r+0x40>
10009166:	2000      	movs	r0, #0
10009168:	6016      	str	r6, [r2, #0]
1000916a:	e7ed      	b.n	10009148 <__strtok_r+0x40>

1000916c <_sbrk_r>:
1000916c:	2300      	movs	r3, #0
1000916e:	b570      	push	{r4, r5, r6, lr}
10009170:	4c06      	ldr	r4, [pc, #24]	@ (1000918c <_sbrk_r+0x20>)
10009172:	0005      	movs	r5, r0
10009174:	0008      	movs	r0, r1
10009176:	6023      	str	r3, [r4, #0]
10009178:	f7fa fe20 	bl	10003dbc <_sbrk>
1000917c:	1c43      	adds	r3, r0, #1
1000917e:	d000      	beq.n	10009182 <_sbrk_r+0x16>
10009180:	bd70      	pop	{r4, r5, r6, pc}
10009182:	6823      	ldr	r3, [r4, #0]
10009184:	2b00      	cmp	r3, #0
10009186:	d0fb      	beq.n	10009180 <_sbrk_r+0x14>
10009188:	602b      	str	r3, [r5, #0]
1000918a:	e7f9      	b.n	10009180 <_sbrk_r+0x14>
1000918c:	20000e74 	.word	0x20000e74

10009190 <__errno>:
10009190:	4b01      	ldr	r3, [pc, #4]	@ (10009198 <__errno+0x8>)
10009192:	6818      	ldr	r0, [r3, #0]
10009194:	4770      	bx	lr
10009196:	46c0      	nop			@ (mov r8, r8)
10009198:	200007b4 	.word	0x200007b4

1000919c <__retarget_lock_acquire_recursive>:
1000919c:	4770      	bx	lr
1000919e:	46c0      	nop			@ (mov r8, r8)

100091a0 <__retarget_lock_release_recursive>:
100091a0:	4770      	bx	lr
100091a2:	46c0      	nop			@ (mov r8, r8)

100091a4 <sysconf>:
100091a4:	2380      	movs	r3, #128	@ 0x80
100091a6:	b510      	push	{r4, lr}
100091a8:	015b      	lsls	r3, r3, #5
100091aa:	2808      	cmp	r0, #8
100091ac:	d101      	bne.n	100091b2 <sysconf+0xe>
100091ae:	0018      	movs	r0, r3
100091b0:	bd10      	pop	{r4, pc}
100091b2:	f7ff ffed 	bl	10009190 <__errno>
100091b6:	2316      	movs	r3, #22
100091b8:	6003      	str	r3, [r0, #0]
100091ba:	3b17      	subs	r3, #23
100091bc:	e7f7      	b.n	100091ae <sysconf+0xa>
100091be:	46c0      	nop			@ (mov r8, r8)

100091c0 <strlen>:
100091c0:	b510      	push	{r4, lr}
100091c2:	0783      	lsls	r3, r0, #30
100091c4:	d00a      	beq.n	100091dc <strlen+0x1c>
100091c6:	0003      	movs	r3, r0
100091c8:	2103      	movs	r1, #3
100091ca:	e002      	b.n	100091d2 <strlen+0x12>
100091cc:	3301      	adds	r3, #1
100091ce:	420b      	tst	r3, r1
100091d0:	d005      	beq.n	100091de <strlen+0x1e>
100091d2:	781a      	ldrb	r2, [r3, #0]
100091d4:	2a00      	cmp	r2, #0
100091d6:	d1f9      	bne.n	100091cc <strlen+0xc>
100091d8:	1a18      	subs	r0, r3, r0
100091da:	bd10      	pop	{r4, pc}
100091dc:	0003      	movs	r3, r0
100091de:	6819      	ldr	r1, [r3, #0]
100091e0:	4a0c      	ldr	r2, [pc, #48]	@ (10009214 <strlen+0x54>)
100091e2:	4c0d      	ldr	r4, [pc, #52]	@ (10009218 <strlen+0x58>)
100091e4:	188a      	adds	r2, r1, r2
100091e6:	438a      	bics	r2, r1
100091e8:	4222      	tst	r2, r4
100091ea:	d10f      	bne.n	1000920c <strlen+0x4c>
100091ec:	6859      	ldr	r1, [r3, #4]
100091ee:	4a09      	ldr	r2, [pc, #36]	@ (10009214 <strlen+0x54>)
100091f0:	3304      	adds	r3, #4
100091f2:	188a      	adds	r2, r1, r2
100091f4:	438a      	bics	r2, r1
100091f6:	4222      	tst	r2, r4
100091f8:	d108      	bne.n	1000920c <strlen+0x4c>
100091fa:	6859      	ldr	r1, [r3, #4]
100091fc:	4a05      	ldr	r2, [pc, #20]	@ (10009214 <strlen+0x54>)
100091fe:	3304      	adds	r3, #4
10009200:	188a      	adds	r2, r1, r2
10009202:	438a      	bics	r2, r1
10009204:	4222      	tst	r2, r4
10009206:	d0f1      	beq.n	100091ec <strlen+0x2c>
10009208:	e000      	b.n	1000920c <strlen+0x4c>
1000920a:	3301      	adds	r3, #1
1000920c:	781a      	ldrb	r2, [r3, #0]
1000920e:	2a00      	cmp	r2, #0
10009210:	d1fb      	bne.n	1000920a <strlen+0x4a>
10009212:	e7e1      	b.n	100091d8 <strlen+0x18>
10009214:	fefefeff 	.word	0xfefefeff
10009218:	80808080 	.word	0x80808080

1000921c <nan>:
1000921c:	2000      	movs	r0, #0
1000921e:	4901      	ldr	r1, [pc, #4]	@ (10009224 <nan+0x8>)
10009220:	4770      	bx	lr
10009222:	46c0      	nop			@ (mov r8, r8)
10009224:	7ff80000 	.word	0x7ff80000

10009228 <_malloc_trim_r>:
10009228:	b5f0      	push	{r4, r5, r6, r7, lr}
1000922a:	46c6      	mov	lr, r8
1000922c:	0006      	movs	r6, r0
1000922e:	b500      	push	{lr}
10009230:	2008      	movs	r0, #8
10009232:	000d      	movs	r5, r1
10009234:	f7ff ffb6 	bl	100091a4 <sysconf>
10009238:	0004      	movs	r4, r0
1000923a:	0030      	movs	r0, r6
1000923c:	f7fe fdba 	bl	10007db4 <__malloc_lock>
10009240:	4b23      	ldr	r3, [pc, #140]	@ (100092d0 <_malloc_trim_r+0xa8>)
10009242:	0021      	movs	r1, r4
10009244:	4698      	mov	r8, r3
10009246:	689b      	ldr	r3, [r3, #8]
10009248:	685f      	ldr	r7, [r3, #4]
1000924a:	2303      	movs	r3, #3
1000924c:	439f      	bics	r7, r3
1000924e:	0038      	movs	r0, r7
10009250:	3811      	subs	r0, #17
10009252:	1b40      	subs	r0, r0, r5
10009254:	1900      	adds	r0, r0, r4
10009256:	f7fc fb05 	bl	10005864 <__wrap___aeabi_uidiv>
1000925a:	1e45      	subs	r5, r0, #1
1000925c:	4365      	muls	r5, r4
1000925e:	42ac      	cmp	r4, r5
10009260:	dc08      	bgt.n	10009274 <_malloc_trim_r+0x4c>
10009262:	2100      	movs	r1, #0
10009264:	0030      	movs	r0, r6
10009266:	f7ff ff81 	bl	1000916c <_sbrk_r>
1000926a:	4643      	mov	r3, r8
1000926c:	689b      	ldr	r3, [r3, #8]
1000926e:	19db      	adds	r3, r3, r7
10009270:	4298      	cmp	r0, r3
10009272:	d006      	beq.n	10009282 <_malloc_trim_r+0x5a>
10009274:	0030      	movs	r0, r6
10009276:	f7fe fda5 	bl	10007dc4 <__malloc_unlock>
1000927a:	2000      	movs	r0, #0
1000927c:	bc80      	pop	{r7}
1000927e:	46b8      	mov	r8, r7
10009280:	bdf0      	pop	{r4, r5, r6, r7, pc}
10009282:	0030      	movs	r0, r6
10009284:	4269      	negs	r1, r5
10009286:	f7ff ff71 	bl	1000916c <_sbrk_r>
1000928a:	3001      	adds	r0, #1
1000928c:	d00e      	beq.n	100092ac <_malloc_trim_r+0x84>
1000928e:	2201      	movs	r2, #1
10009290:	4643      	mov	r3, r8
10009292:	1b7f      	subs	r7, r7, r5
10009294:	689b      	ldr	r3, [r3, #8]
10009296:	4317      	orrs	r7, r2
10009298:	4a0e      	ldr	r2, [pc, #56]	@ (100092d4 <_malloc_trim_r+0xac>)
1000929a:	605f      	str	r7, [r3, #4]
1000929c:	6813      	ldr	r3, [r2, #0]
1000929e:	0030      	movs	r0, r6
100092a0:	1b5b      	subs	r3, r3, r5
100092a2:	6013      	str	r3, [r2, #0]
100092a4:	f7fe fd8e 	bl	10007dc4 <__malloc_unlock>
100092a8:	2001      	movs	r0, #1
100092aa:	e7e7      	b.n	1000927c <_malloc_trim_r+0x54>
100092ac:	2100      	movs	r1, #0
100092ae:	0030      	movs	r0, r6
100092b0:	f7ff ff5c 	bl	1000916c <_sbrk_r>
100092b4:	4643      	mov	r3, r8
100092b6:	689a      	ldr	r2, [r3, #8]
100092b8:	1a83      	subs	r3, r0, r2
100092ba:	2b0f      	cmp	r3, #15
100092bc:	ddda      	ble.n	10009274 <_malloc_trim_r+0x4c>
100092be:	4c06      	ldr	r4, [pc, #24]	@ (100092d8 <_malloc_trim_r+0xb0>)
100092c0:	4904      	ldr	r1, [pc, #16]	@ (100092d4 <_malloc_trim_r+0xac>)
100092c2:	6824      	ldr	r4, [r4, #0]
100092c4:	1b00      	subs	r0, r0, r4
100092c6:	6008      	str	r0, [r1, #0]
100092c8:	2101      	movs	r1, #1
100092ca:	430b      	orrs	r3, r1
100092cc:	6053      	str	r3, [r2, #4]
100092ce:	e7d1      	b.n	10009274 <_malloc_trim_r+0x4c>
100092d0:	20000240 	.word	0x20000240
100092d4:	20000c54 	.word	0x20000c54
100092d8:	20000238 	.word	0x20000238

100092dc <_free_r>:
100092dc:	b5f0      	push	{r4, r5, r6, r7, lr}
100092de:	46d6      	mov	lr, sl
100092e0:	464f      	mov	r7, r9
100092e2:	4646      	mov	r6, r8
100092e4:	0005      	movs	r5, r0
100092e6:	000c      	movs	r4, r1
100092e8:	b5c0      	push	{r6, r7, lr}
100092ea:	2900      	cmp	r1, #0
100092ec:	d048      	beq.n	10009380 <_free_r+0xa4>
100092ee:	f7fe fd61 	bl	10007db4 <__malloc_lock>
100092f2:	0021      	movs	r1, r4
100092f4:	2701      	movs	r7, #1
100092f6:	3908      	subs	r1, #8
100092f8:	684b      	ldr	r3, [r1, #4]
100092fa:	2003      	movs	r0, #3
100092fc:	469c      	mov	ip, r3
100092fe:	43bb      	bics	r3, r7
10009300:	18ce      	adds	r6, r1, r3
10009302:	6872      	ldr	r2, [r6, #4]
10009304:	4382      	bics	r2, r0
10009306:	4660      	mov	r0, ip
10009308:	4038      	ands	r0, r7
1000930a:	4680      	mov	r8, r0
1000930c:	486a      	ldr	r0, [pc, #424]	@ (100094b8 <_free_r+0x1dc>)
1000930e:	4691      	mov	r9, r2
10009310:	6884      	ldr	r4, [r0, #8]
10009312:	42b4      	cmp	r4, r6
10009314:	d100      	bne.n	10009318 <_free_r+0x3c>
10009316:	e07c      	b.n	10009412 <_free_r+0x136>
10009318:	6072      	str	r2, [r6, #4]
1000931a:	18b4      	adds	r4, r6, r2
1000931c:	6864      	ldr	r4, [r4, #4]
1000931e:	403c      	ands	r4, r7
10009320:	46a2      	mov	sl, r4
10009322:	4644      	mov	r4, r8
10009324:	2c00      	cmp	r4, #0
10009326:	d130      	bne.n	1000938a <_free_r+0xae>
10009328:	680c      	ldr	r4, [r1, #0]
1000932a:	46a4      	mov	ip, r4
1000932c:	1b09      	subs	r1, r1, r4
1000932e:	688c      	ldr	r4, [r1, #8]
10009330:	4463      	add	r3, ip
10009332:	46a4      	mov	ip, r4
10009334:	2408      	movs	r4, #8
10009336:	46a0      	mov	r8, r4
10009338:	4480      	add	r8, r0
1000933a:	45c4      	cmp	ip, r8
1000933c:	d05c      	beq.n	100093f8 <_free_r+0x11c>
1000933e:	68cc      	ldr	r4, [r1, #12]
10009340:	46a0      	mov	r8, r4
10009342:	4664      	mov	r4, ip
10009344:	4642      	mov	r2, r8
10009346:	60e2      	str	r2, [r4, #12]
10009348:	6094      	str	r4, [r2, #8]
1000934a:	4652      	mov	r2, sl
1000934c:	2a00      	cmp	r2, #0
1000934e:	d01f      	beq.n	10009390 <_free_r+0xb4>
10009350:	431f      	orrs	r7, r3
10009352:	604f      	str	r7, [r1, #4]
10009354:	6033      	str	r3, [r6, #0]
10009356:	2280      	movs	r2, #128	@ 0x80
10009358:	0092      	lsls	r2, r2, #2
1000935a:	4293      	cmp	r3, r2
1000935c:	d230      	bcs.n	100093c0 <_free_r+0xe4>
1000935e:	08da      	lsrs	r2, r3, #3
10009360:	095c      	lsrs	r4, r3, #5
10009362:	2301      	movs	r3, #1
10009364:	40a3      	lsls	r3, r4
10009366:	6844      	ldr	r4, [r0, #4]
10009368:	4323      	orrs	r3, r4
1000936a:	6043      	str	r3, [r0, #4]
1000936c:	00d3      	lsls	r3, r2, #3
1000936e:	181b      	adds	r3, r3, r0
10009370:	689a      	ldr	r2, [r3, #8]
10009372:	60cb      	str	r3, [r1, #12]
10009374:	608a      	str	r2, [r1, #8]
10009376:	6099      	str	r1, [r3, #8]
10009378:	60d1      	str	r1, [r2, #12]
1000937a:	0028      	movs	r0, r5
1000937c:	f7fe fd22 	bl	10007dc4 <__malloc_unlock>
10009380:	bce0      	pop	{r5, r6, r7}
10009382:	46ba      	mov	sl, r7
10009384:	46b1      	mov	r9, r6
10009386:	46a8      	mov	r8, r5
10009388:	bdf0      	pop	{r4, r5, r6, r7, pc}
1000938a:	4652      	mov	r2, sl
1000938c:	2a00      	cmp	r2, #0
1000938e:	d10f      	bne.n	100093b0 <_free_r+0xd4>
10009390:	2201      	movs	r2, #1
10009392:	444b      	add	r3, r9
10009394:	18cf      	adds	r7, r1, r3
10009396:	46bc      	mov	ip, r7
10009398:	68b4      	ldr	r4, [r6, #8]
1000939a:	4f48      	ldr	r7, [pc, #288]	@ (100094bc <_free_r+0x1e0>)
1000939c:	431a      	orrs	r2, r3
1000939e:	42bc      	cmp	r4, r7
100093a0:	d05b      	beq.n	1000945a <_free_r+0x17e>
100093a2:	68f6      	ldr	r6, [r6, #12]
100093a4:	60e6      	str	r6, [r4, #12]
100093a6:	60b4      	str	r4, [r6, #8]
100093a8:	604a      	str	r2, [r1, #4]
100093aa:	4662      	mov	r2, ip
100093ac:	6013      	str	r3, [r2, #0]
100093ae:	e7d2      	b.n	10009356 <_free_r+0x7a>
100093b0:	4662      	mov	r2, ip
100093b2:	433a      	orrs	r2, r7
100093b4:	604a      	str	r2, [r1, #4]
100093b6:	2280      	movs	r2, #128	@ 0x80
100093b8:	6033      	str	r3, [r6, #0]
100093ba:	0092      	lsls	r2, r2, #2
100093bc:	4293      	cmp	r3, r2
100093be:	d3ce      	bcc.n	1000935e <_free_r+0x82>
100093c0:	0a5c      	lsrs	r4, r3, #9
100093c2:	2c04      	cmp	r4, #4
100093c4:	d83f      	bhi.n	10009446 <_free_r+0x16a>
100093c6:	099c      	lsrs	r4, r3, #6
100093c8:	0026      	movs	r6, r4
100093ca:	3439      	adds	r4, #57	@ 0x39
100093cc:	3638      	adds	r6, #56	@ 0x38
100093ce:	00e4      	lsls	r4, r4, #3
100093d0:	1904      	adds	r4, r0, r4
100093d2:	6822      	ldr	r2, [r4, #0]
100093d4:	3c08      	subs	r4, #8
100093d6:	2703      	movs	r7, #3
100093d8:	4294      	cmp	r4, r2
100093da:	d103      	bne.n	100093e4 <_free_r+0x108>
100093dc:	e04e      	b.n	1000947c <_free_r+0x1a0>
100093de:	6892      	ldr	r2, [r2, #8]
100093e0:	4294      	cmp	r4, r2
100093e2:	d003      	beq.n	100093ec <_free_r+0x110>
100093e4:	6850      	ldr	r0, [r2, #4]
100093e6:	43b8      	bics	r0, r7
100093e8:	4298      	cmp	r0, r3
100093ea:	d8f8      	bhi.n	100093de <_free_r+0x102>
100093ec:	68d4      	ldr	r4, [r2, #12]
100093ee:	60cc      	str	r4, [r1, #12]
100093f0:	608a      	str	r2, [r1, #8]
100093f2:	60a1      	str	r1, [r4, #8]
100093f4:	60d1      	str	r1, [r2, #12]
100093f6:	e7c0      	b.n	1000937a <_free_r+0x9e>
100093f8:	4652      	mov	r2, sl
100093fa:	2a00      	cmp	r2, #0
100093fc:	d135      	bne.n	1000946a <_free_r+0x18e>
100093fe:	444b      	add	r3, r9
10009400:	001a      	movs	r2, r3
10009402:	68b0      	ldr	r0, [r6, #8]
10009404:	68f3      	ldr	r3, [r6, #12]
10009406:	4317      	orrs	r7, r2
10009408:	60c3      	str	r3, [r0, #12]
1000940a:	6098      	str	r0, [r3, #8]
1000940c:	604f      	str	r7, [r1, #4]
1000940e:	508a      	str	r2, [r1, r2]
10009410:	e7b3      	b.n	1000937a <_free_r+0x9e>
10009412:	444b      	add	r3, r9
10009414:	001a      	movs	r2, r3
10009416:	4643      	mov	r3, r8
10009418:	2b00      	cmp	r3, #0
1000941a:	d106      	bne.n	1000942a <_free_r+0x14e>
1000941c:	680b      	ldr	r3, [r1, #0]
1000941e:	1ac9      	subs	r1, r1, r3
10009420:	688c      	ldr	r4, [r1, #8]
10009422:	18d2      	adds	r2, r2, r3
10009424:	68cb      	ldr	r3, [r1, #12]
10009426:	60e3      	str	r3, [r4, #12]
10009428:	609c      	str	r4, [r3, #8]
1000942a:	2301      	movs	r3, #1
1000942c:	4313      	orrs	r3, r2
1000942e:	604b      	str	r3, [r1, #4]
10009430:	4b23      	ldr	r3, [pc, #140]	@ (100094c0 <_free_r+0x1e4>)
10009432:	6081      	str	r1, [r0, #8]
10009434:	681b      	ldr	r3, [r3, #0]
10009436:	4293      	cmp	r3, r2
10009438:	d89f      	bhi.n	1000937a <_free_r+0x9e>
1000943a:	4b22      	ldr	r3, [pc, #136]	@ (100094c4 <_free_r+0x1e8>)
1000943c:	0028      	movs	r0, r5
1000943e:	6819      	ldr	r1, [r3, #0]
10009440:	f7ff fef2 	bl	10009228 <_malloc_trim_r>
10009444:	e799      	b.n	1000937a <_free_r+0x9e>
10009446:	2c14      	cmp	r4, #20
10009448:	d913      	bls.n	10009472 <_free_r+0x196>
1000944a:	2c54      	cmp	r4, #84	@ 0x54
1000944c:	d81d      	bhi.n	1000948a <_free_r+0x1ae>
1000944e:	0b1c      	lsrs	r4, r3, #12
10009450:	0026      	movs	r6, r4
10009452:	346f      	adds	r4, #111	@ 0x6f
10009454:	366e      	adds	r6, #110	@ 0x6e
10009456:	00e4      	lsls	r4, r4, #3
10009458:	e7ba      	b.n	100093d0 <_free_r+0xf4>
1000945a:	60e1      	str	r1, [r4, #12]
1000945c:	60a1      	str	r1, [r4, #8]
1000945e:	604a      	str	r2, [r1, #4]
10009460:	4662      	mov	r2, ip
10009462:	60cc      	str	r4, [r1, #12]
10009464:	608c      	str	r4, [r1, #8]
10009466:	6013      	str	r3, [r2, #0]
10009468:	e787      	b.n	1000937a <_free_r+0x9e>
1000946a:	431f      	orrs	r7, r3
1000946c:	604f      	str	r7, [r1, #4]
1000946e:	6033      	str	r3, [r6, #0]
10009470:	e783      	b.n	1000937a <_free_r+0x9e>
10009472:	0026      	movs	r6, r4
10009474:	345c      	adds	r4, #92	@ 0x5c
10009476:	365b      	adds	r6, #91	@ 0x5b
10009478:	00e4      	lsls	r4, r4, #3
1000947a:	e7a9      	b.n	100093d0 <_free_r+0xf4>
1000947c:	2301      	movs	r3, #1
1000947e:	10b6      	asrs	r6, r6, #2
10009480:	40b3      	lsls	r3, r6
10009482:	6846      	ldr	r6, [r0, #4]
10009484:	4333      	orrs	r3, r6
10009486:	6043      	str	r3, [r0, #4]
10009488:	e7b1      	b.n	100093ee <_free_r+0x112>
1000948a:	22aa      	movs	r2, #170	@ 0xaa
1000948c:	0052      	lsls	r2, r2, #1
1000948e:	4294      	cmp	r4, r2
10009490:	d805      	bhi.n	1000949e <_free_r+0x1c2>
10009492:	0bdc      	lsrs	r4, r3, #15
10009494:	0026      	movs	r6, r4
10009496:	3478      	adds	r4, #120	@ 0x78
10009498:	3677      	adds	r6, #119	@ 0x77
1000949a:	00e4      	lsls	r4, r4, #3
1000949c:	e798      	b.n	100093d0 <_free_r+0xf4>
1000949e:	4a0a      	ldr	r2, [pc, #40]	@ (100094c8 <_free_r+0x1ec>)
100094a0:	4294      	cmp	r4, r2
100094a2:	d805      	bhi.n	100094b0 <_free_r+0x1d4>
100094a4:	0c9c      	lsrs	r4, r3, #18
100094a6:	0026      	movs	r6, r4
100094a8:	347d      	adds	r4, #125	@ 0x7d
100094aa:	367c      	adds	r6, #124	@ 0x7c
100094ac:	00e4      	lsls	r4, r4, #3
100094ae:	e78f      	b.n	100093d0 <_free_r+0xf4>
100094b0:	24fe      	movs	r4, #254	@ 0xfe
100094b2:	267e      	movs	r6, #126	@ 0x7e
100094b4:	00a4      	lsls	r4, r4, #2
100094b6:	e78b      	b.n	100093d0 <_free_r+0xf4>
100094b8:	20000240 	.word	0x20000240
100094bc:	20000248 	.word	0x20000248
100094c0:	2000023c 	.word	0x2000023c
100094c4:	20000c84 	.word	0x20000c84
100094c8:	00000554 	.word	0x00000554

100094cc <rshift>:
100094cc:	b5f0      	push	{r4, r5, r6, r7, lr}
100094ce:	46d6      	mov	lr, sl
100094d0:	464f      	mov	r7, r9
100094d2:	4646      	mov	r6, r8
100094d4:	6903      	ldr	r3, [r0, #16]
100094d6:	b5c0      	push	{r6, r7, lr}
100094d8:	000a      	movs	r2, r1
100094da:	469a      	mov	sl, r3
100094dc:	114f      	asrs	r7, r1, #5
100094de:	42bb      	cmp	r3, r7
100094e0:	dc08      	bgt.n	100094f4 <rshift+0x28>
100094e2:	2300      	movs	r3, #0
100094e4:	6103      	str	r3, [r0, #16]
100094e6:	2300      	movs	r3, #0
100094e8:	6143      	str	r3, [r0, #20]
100094ea:	bce0      	pop	{r5, r6, r7}
100094ec:	46ba      	mov	sl, r7
100094ee:	46b1      	mov	r9, r6
100094f0:	46a8      	mov	r8, r5
100094f2:	bdf0      	pop	{r4, r5, r6, r7, pc}
100094f4:	211f      	movs	r1, #31
100094f6:	468c      	mov	ip, r1
100094f8:	0006      	movs	r6, r0
100094fa:	4664      	mov	r4, ip
100094fc:	3614      	adds	r6, #20
100094fe:	009d      	lsls	r5, r3, #2
10009500:	00bb      	lsls	r3, r7, #2
10009502:	1975      	adds	r5, r6, r5
10009504:	18f3      	adds	r3, r6, r3
10009506:	4011      	ands	r1, r2
10009508:	4214      	tst	r4, r2
1000950a:	d01f      	beq.n	1000954c <rshift+0x80>
1000950c:	2220      	movs	r2, #32
1000950e:	1a52      	subs	r2, r2, r1
10009510:	4694      	mov	ip, r2
10009512:	cb04      	ldmia	r3!, {r2}
10009514:	40ca      	lsrs	r2, r1
10009516:	4690      	mov	r8, r2
10009518:	429d      	cmp	r5, r3
1000951a:	d928      	bls.n	1000956e <rshift+0xa2>
1000951c:	46b1      	mov	r9, r6
1000951e:	4664      	mov	r4, ip
10009520:	681a      	ldr	r2, [r3, #0]
10009522:	40a2      	lsls	r2, r4
10009524:	4644      	mov	r4, r8
10009526:	4322      	orrs	r2, r4
10009528:	464c      	mov	r4, r9
1000952a:	c404      	stmia	r4!, {r2}
1000952c:	cb04      	ldmia	r3!, {r2}
1000952e:	46a1      	mov	r9, r4
10009530:	40ca      	lsrs	r2, r1
10009532:	4690      	mov	r8, r2
10009534:	429d      	cmp	r5, r3
10009536:	d8f2      	bhi.n	1000951e <rshift+0x52>
10009538:	4653      	mov	r3, sl
1000953a:	1bdc      	subs	r4, r3, r7
1000953c:	00a4      	lsls	r4, r4, #2
1000953e:	1934      	adds	r4, r6, r4
10009540:	3c04      	subs	r4, #4
10009542:	6022      	str	r2, [r4, #0]
10009544:	2a00      	cmp	r2, #0
10009546:	d00c      	beq.n	10009562 <rshift+0x96>
10009548:	3404      	adds	r4, #4
1000954a:	e00a      	b.n	10009562 <rshift+0x96>
1000954c:	0032      	movs	r2, r6
1000954e:	429d      	cmp	r5, r3
10009550:	d9c7      	bls.n	100094e2 <rshift+0x16>
10009552:	cb02      	ldmia	r3!, {r1}
10009554:	c202      	stmia	r2!, {r1}
10009556:	429d      	cmp	r5, r3
10009558:	d8fb      	bhi.n	10009552 <rshift+0x86>
1000955a:	4653      	mov	r3, sl
1000955c:	1bdc      	subs	r4, r3, r7
1000955e:	00a4      	lsls	r4, r4, #2
10009560:	1934      	adds	r4, r6, r4
10009562:	1ba3      	subs	r3, r4, r6
10009564:	109b      	asrs	r3, r3, #2
10009566:	6103      	str	r3, [r0, #16]
10009568:	42b4      	cmp	r4, r6
1000956a:	d1be      	bne.n	100094ea <rshift+0x1e>
1000956c:	e7bb      	b.n	100094e6 <rshift+0x1a>
1000956e:	6142      	str	r2, [r0, #20]
10009570:	2a00      	cmp	r2, #0
10009572:	d0b6      	beq.n	100094e2 <rshift+0x16>
10009574:	0034      	movs	r4, r6
10009576:	3404      	adds	r4, #4
10009578:	e7f3      	b.n	10009562 <rshift+0x96>
1000957a:	46c0      	nop			@ (mov r8, r8)

1000957c <__gethex>:
1000957c:	b5f0      	push	{r4, r5, r6, r7, lr}
1000957e:	46de      	mov	lr, fp
10009580:	4645      	mov	r5, r8
10009582:	4657      	mov	r7, sl
10009584:	464e      	mov	r6, r9
10009586:	b5e0      	push	{r5, r6, r7, lr}
10009588:	4688      	mov	r8, r1
1000958a:	6809      	ldr	r1, [r1, #0]
1000958c:	4693      	mov	fp, r2
1000958e:	788a      	ldrb	r2, [r1, #2]
10009590:	b087      	sub	sp, #28
10009592:	9003      	str	r0, [sp, #12]
10009594:	9305      	str	r3, [sp, #20]
10009596:	2a30      	cmp	r2, #48	@ 0x30
10009598:	d000      	beq.n	1000959c <__gethex+0x20>
1000959a:	e1cd      	b.n	10009938 <__gethex+0x3bc>
1000959c:	1ccb      	adds	r3, r1, #3
1000959e:	001d      	movs	r5, r3
100095a0:	3301      	adds	r3, #1
100095a2:	1e5a      	subs	r2, r3, #1
100095a4:	7812      	ldrb	r2, [r2, #0]
100095a6:	2a30      	cmp	r2, #48	@ 0x30
100095a8:	d0f9      	beq.n	1000959e <__gethex+0x22>
100095aa:	1a69      	subs	r1, r5, r1
100095ac:	1e8b      	subs	r3, r1, #2
100095ae:	469a      	mov	sl, r3
100095b0:	4fc2      	ldr	r7, [pc, #776]	@ (100098bc <__gethex+0x340>)
100095b2:	5cbb      	ldrb	r3, [r7, r2]
100095b4:	2b00      	cmp	r3, #0
100095b6:	d100      	bne.n	100095ba <__gethex+0x3e>
100095b8:	e0fc      	b.n	100097b4 <__gethex+0x238>
100095ba:	2200      	movs	r2, #0
100095bc:	2400      	movs	r4, #0
100095be:	782b      	ldrb	r3, [r5, #0]
100095c0:	4691      	mov	r9, r2
100095c2:	4abf      	ldr	r2, [pc, #764]	@ (100098c0 <__gethex+0x344>)
100095c4:	5cfb      	ldrb	r3, [r7, r3]
100095c6:	9202      	str	r2, [sp, #8]
100095c8:	2b00      	cmp	r3, #0
100095ca:	d100      	bne.n	100095ce <__gethex+0x52>
100095cc:	e16a      	b.n	100098a4 <__gethex+0x328>
100095ce:	002e      	movs	r6, r5
100095d0:	7873      	ldrb	r3, [r6, #1]
100095d2:	3601      	adds	r6, #1
100095d4:	5cfb      	ldrb	r3, [r7, r3]
100095d6:	2b00      	cmp	r3, #0
100095d8:	d1fa      	bne.n	100095d0 <__gethex+0x54>
100095da:	2201      	movs	r2, #1
100095dc:	0030      	movs	r0, r6
100095de:	9902      	ldr	r1, [sp, #8]
100095e0:	f7ff fd26 	bl	10009030 <strncmp>
100095e4:	9001      	str	r0, [sp, #4]
100095e6:	2800      	cmp	r0, #0
100095e8:	d052      	beq.n	10009690 <__gethex+0x114>
100095ea:	2200      	movs	r2, #0
100095ec:	7833      	ldrb	r3, [r6, #0]
100095ee:	9201      	str	r2, [sp, #4]
100095f0:	2c00      	cmp	r4, #0
100095f2:	d002      	beq.n	100095fa <__gethex+0x7e>
100095f4:	1ba4      	subs	r4, r4, r6
100095f6:	00a2      	lsls	r2, r4, #2
100095f8:	9201      	str	r2, [sp, #4]
100095fa:	2220      	movs	r2, #32
100095fc:	0034      	movs	r4, r6
100095fe:	4393      	bics	r3, r2
10009600:	2b50      	cmp	r3, #80	@ 0x50
10009602:	d051      	beq.n	100096a8 <__gethex+0x12c>
10009604:	4643      	mov	r3, r8
10009606:	601e      	str	r6, [r3, #0]
10009608:	464b      	mov	r3, r9
1000960a:	2b00      	cmp	r3, #0
1000960c:	d17d      	bne.n	1000970a <__gethex+0x18e>
1000960e:	1b63      	subs	r3, r4, r5
10009610:	3b01      	subs	r3, #1
10009612:	2100      	movs	r1, #0
10009614:	2b07      	cmp	r3, #7
10009616:	dd03      	ble.n	10009620 <__gethex+0xa4>
10009618:	3101      	adds	r1, #1
1000961a:	105b      	asrs	r3, r3, #1
1000961c:	2b07      	cmp	r3, #7
1000961e:	dcfb      	bgt.n	10009618 <__gethex+0x9c>
10009620:	9803      	ldr	r0, [sp, #12]
10009622:	f000 fbd5 	bl	10009dd0 <_Balloc>
10009626:	4682      	mov	sl, r0
10009628:	2800      	cmp	r0, #0
1000962a:	d100      	bne.n	1000962e <__gethex+0xb2>
1000962c:	e28f      	b.n	10009b4e <__gethex+0x5d2>
1000962e:	2314      	movs	r3, #20
10009630:	4453      	add	r3, sl
10009632:	9304      	str	r3, [sp, #16]
10009634:	42a5      	cmp	r5, r4
10009636:	d300      	bcc.n	1000963a <__gethex+0xbe>
10009638:	e1d1      	b.n	100099de <__gethex+0x462>
1000963a:	4698      	mov	r8, r3
1000963c:	2300      	movs	r3, #0
1000963e:	4699      	mov	r9, r3
10009640:	003b      	movs	r3, r7
10009642:	2600      	movs	r6, #0
10009644:	4647      	mov	r7, r8
10009646:	46a8      	mov	r8, r5
10009648:	464d      	mov	r5, r9
1000964a:	4699      	mov	r9, r3
1000964c:	e00c      	b.n	10009668 <__gethex+0xec>
1000964e:	2e20      	cmp	r6, #32
10009650:	d019      	beq.n	10009686 <__gethex+0x10a>
10009652:	0032      	movs	r2, r6
10009654:	3604      	adds	r6, #4
10009656:	4649      	mov	r1, r9
10009658:	7823      	ldrb	r3, [r4, #0]
1000965a:	5ccb      	ldrb	r3, [r1, r3]
1000965c:	210f      	movs	r1, #15
1000965e:	400b      	ands	r3, r1
10009660:	4093      	lsls	r3, r2
10009662:	431d      	orrs	r5, r3
10009664:	4544      	cmp	r4, r8
10009666:	d05e      	beq.n	10009726 <__gethex+0x1aa>
10009668:	3c01      	subs	r4, #1
1000966a:	7823      	ldrb	r3, [r4, #0]
1000966c:	2b2e      	cmp	r3, #46	@ 0x2e
1000966e:	d1ee      	bne.n	1000964e <__gethex+0xd2>
10009670:	4544      	cmp	r4, r8
10009672:	d3ec      	bcc.n	1000964e <__gethex+0xd2>
10009674:	2201      	movs	r2, #1
10009676:	0020      	movs	r0, r4
10009678:	9902      	ldr	r1, [sp, #8]
1000967a:	f7ff fcd9 	bl	10009030 <strncmp>
1000967e:	2800      	cmp	r0, #0
10009680:	d0f0      	beq.n	10009664 <__gethex+0xe8>
10009682:	2e20      	cmp	r6, #32
10009684:	d1e5      	bne.n	10009652 <__gethex+0xd6>
10009686:	c720      	stmia	r7!, {r5}
10009688:	2200      	movs	r2, #0
1000968a:	2604      	movs	r6, #4
1000968c:	2500      	movs	r5, #0
1000968e:	e7e2      	b.n	10009656 <__gethex+0xda>
10009690:	2c00      	cmp	r4, #0
10009692:	d100      	bne.n	10009696 <__gethex+0x11a>
10009694:	e143      	b.n	1000991e <__gethex+0x3a2>
10009696:	2220      	movs	r2, #32
10009698:	1ba4      	subs	r4, r4, r6
1000969a:	00a3      	lsls	r3, r4, #2
1000969c:	9301      	str	r3, [sp, #4]
1000969e:	7833      	ldrb	r3, [r6, #0]
100096a0:	0034      	movs	r4, r6
100096a2:	4393      	bics	r3, r2
100096a4:	2b50      	cmp	r3, #80	@ 0x50
100096a6:	d1ad      	bne.n	10009604 <__gethex+0x88>
100096a8:	7863      	ldrb	r3, [r4, #1]
100096aa:	2b2b      	cmp	r3, #43	@ 0x2b
100096ac:	d100      	bne.n	100096b0 <__gethex+0x134>
100096ae:	e11e      	b.n	100098ee <__gethex+0x372>
100096b0:	2b2d      	cmp	r3, #45	@ 0x2d
100096b2:	d000      	beq.n	100096b6 <__gethex+0x13a>
100096b4:	e0eb      	b.n	1000988e <__gethex+0x312>
100096b6:	2201      	movs	r2, #1
100096b8:	78a3      	ldrb	r3, [r4, #2]
100096ba:	1ca1      	adds	r1, r4, #2
100096bc:	5cfb      	ldrb	r3, [r7, r3]
100096be:	0026      	movs	r6, r4
100096c0:	1e58      	subs	r0, r3, #1
100096c2:	2818      	cmp	r0, #24
100096c4:	d89e      	bhi.n	10009604 <__gethex+0x88>
100096c6:	1c4e      	adds	r6, r1, #1
100096c8:	7849      	ldrb	r1, [r1, #1]
100096ca:	3b10      	subs	r3, #16
100096cc:	5c79      	ldrb	r1, [r7, r1]
100096ce:	0018      	movs	r0, r3
100096d0:	2900      	cmp	r1, #0
100096d2:	d10a      	bne.n	100096ea <__gethex+0x16e>
100096d4:	e00c      	b.n	100096f0 <__gethex+0x174>
100096d6:	0083      	lsls	r3, r0, #2
100096d8:	181b      	adds	r3, r3, r0
100096da:	005b      	lsls	r3, r3, #1
100096dc:	3601      	adds	r6, #1
100096de:	1858      	adds	r0, r3, r1
100096e0:	7833      	ldrb	r3, [r6, #0]
100096e2:	3810      	subs	r0, #16
100096e4:	5cf9      	ldrb	r1, [r7, r3]
100096e6:	2900      	cmp	r1, #0
100096e8:	d001      	beq.n	100096ee <__gethex+0x172>
100096ea:	2919      	cmp	r1, #25
100096ec:	ddf3      	ble.n	100096d6 <__gethex+0x15a>
100096ee:	0003      	movs	r3, r0
100096f0:	2a00      	cmp	r2, #0
100096f2:	d000      	beq.n	100096f6 <__gethex+0x17a>
100096f4:	425b      	negs	r3, r3
100096f6:	9a01      	ldr	r2, [sp, #4]
100096f8:	4694      	mov	ip, r2
100096fa:	449c      	add	ip, r3
100096fc:	4663      	mov	r3, ip
100096fe:	9301      	str	r3, [sp, #4]
10009700:	4643      	mov	r3, r8
10009702:	601e      	str	r6, [r3, #0]
10009704:	464b      	mov	r3, r9
10009706:	2b00      	cmp	r3, #0
10009708:	d081      	beq.n	1000960e <__gethex+0x92>
1000970a:	4653      	mov	r3, sl
1000970c:	425a      	negs	r2, r3
1000970e:	4153      	adcs	r3, r2
10009710:	2406      	movs	r4, #6
10009712:	425b      	negs	r3, r3
10009714:	401c      	ands	r4, r3
10009716:	0020      	movs	r0, r4
10009718:	b007      	add	sp, #28
1000971a:	bcf0      	pop	{r4, r5, r6, r7}
1000971c:	46bb      	mov	fp, r7
1000971e:	46b2      	mov	sl, r6
10009720:	46a9      	mov	r9, r5
10009722:	46a0      	mov	r8, r4
10009724:	bdf0      	pop	{r4, r5, r6, r7, pc}
10009726:	46b8      	mov	r8, r7
10009728:	46a9      	mov	r9, r5
1000972a:	4646      	mov	r6, r8
1000972c:	464b      	mov	r3, r9
1000972e:	c608      	stmia	r6!, {r3}
10009730:	9b04      	ldr	r3, [sp, #16]
10009732:	4648      	mov	r0, r9
10009734:	1af6      	subs	r6, r6, r3
10009736:	4653      	mov	r3, sl
10009738:	10b6      	asrs	r6, r6, #2
1000973a:	611e      	str	r6, [r3, #16]
1000973c:	f000 fc24 	bl	10009f88 <__hi0bits>
10009740:	465b      	mov	r3, fp
10009742:	681d      	ldr	r5, [r3, #0]
10009744:	0176      	lsls	r6, r6, #5
10009746:	1a36      	subs	r6, r6, r0
10009748:	42ae      	cmp	r6, r5
1000974a:	dc51      	bgt.n	100097f0 <__gethex+0x274>
1000974c:	da00      	bge.n	10009750 <__gethex+0x1d4>
1000974e:	e0d0      	b.n	100098f2 <__gethex+0x376>
10009750:	689b      	ldr	r3, [r3, #8]
10009752:	9a01      	ldr	r2, [sp, #4]
10009754:	4293      	cmp	r3, r2
10009756:	da00      	bge.n	1000975a <__gethex+0x1de>
10009758:	e0c0      	b.n	100098dc <__gethex+0x360>
1000975a:	465b      	mov	r3, fp
1000975c:	685b      	ldr	r3, [r3, #4]
1000975e:	429a      	cmp	r2, r3
10009760:	db00      	blt.n	10009764 <__gethex+0x1e8>
10009762:	e097      	b.n	10009894 <__gethex+0x318>
10009764:	1a9c      	subs	r4, r3, r2
10009766:	1e67      	subs	r7, r4, #1
10009768:	42ac      	cmp	r4, r5
1000976a:	da6f      	bge.n	1000984c <__gethex+0x2d0>
1000976c:	2600      	movs	r6, #0
1000976e:	2f00      	cmp	r7, #0
10009770:	d000      	beq.n	10009774 <__gethex+0x1f8>
10009772:	e14e      	b.n	10009a12 <__gethex+0x496>
10009774:	211f      	movs	r1, #31
10009776:	2301      	movs	r3, #1
10009778:	4039      	ands	r1, r7
1000977a:	408b      	lsls	r3, r1
1000977c:	117a      	asrs	r2, r7, #5
1000977e:	9904      	ldr	r1, [sp, #16]
10009780:	0092      	lsls	r2, r2, #2
10009782:	588a      	ldr	r2, [r1, r2]
10009784:	4650      	mov	r0, sl
10009786:	0021      	movs	r1, r4
10009788:	1b2d      	subs	r5, r5, r4
1000978a:	421a      	tst	r2, r3
1000978c:	d100      	bne.n	10009790 <__gethex+0x214>
1000978e:	e12b      	b.n	100099e8 <__gethex+0x46c>
10009790:	f7ff fe9c 	bl	100094cc <rshift>
10009794:	465b      	mov	r3, fp
10009796:	685b      	ldr	r3, [r3, #4]
10009798:	9301      	str	r3, [sp, #4]
1000979a:	465b      	mov	r3, fp
1000979c:	68dc      	ldr	r4, [r3, #12]
1000979e:	2c02      	cmp	r4, #2
100097a0:	d100      	bne.n	100097a4 <__gethex+0x228>
100097a2:	e0db      	b.n	1000995c <__gethex+0x3e0>
100097a4:	2c03      	cmp	r4, #3
100097a6:	d100      	bne.n	100097aa <__gethex+0x22e>
100097a8:	e142      	b.n	10009a30 <__gethex+0x4b4>
100097aa:	2c01      	cmp	r4, #1
100097ac:	d100      	bne.n	100097b0 <__gethex+0x234>
100097ae:	e16e      	b.n	10009a8e <__gethex+0x512>
100097b0:	2412      	movs	r4, #18
100097b2:	e070      	b.n	10009896 <__gethex+0x31a>
100097b4:	4b42      	ldr	r3, [pc, #264]	@ (100098c0 <__gethex+0x344>)
100097b6:	2201      	movs	r2, #1
100097b8:	0019      	movs	r1, r3
100097ba:	0028      	movs	r0, r5
100097bc:	9302      	str	r3, [sp, #8]
100097be:	f7ff fc37 	bl	10009030 <strncmp>
100097c2:	4681      	mov	r9, r0
100097c4:	2800      	cmp	r0, #0
100097c6:	d16f      	bne.n	100098a8 <__gethex+0x32c>
100097c8:	786b      	ldrb	r3, [r5, #1]
100097ca:	1c6c      	adds	r4, r5, #1
100097cc:	5cfa      	ldrb	r2, [r7, r3]
100097ce:	2a00      	cmp	r2, #0
100097d0:	d06c      	beq.n	100098ac <__gethex+0x330>
100097d2:	0025      	movs	r5, r4
100097d4:	2b30      	cmp	r3, #48	@ 0x30
100097d6:	d000      	beq.n	100097da <__gethex+0x25e>
100097d8:	e15d      	b.n	10009a96 <__gethex+0x51a>
100097da:	786b      	ldrb	r3, [r5, #1]
100097dc:	3501      	adds	r5, #1
100097de:	2b30      	cmp	r3, #48	@ 0x30
100097e0:	d0fb      	beq.n	100097da <__gethex+0x25e>
100097e2:	5cfb      	ldrb	r3, [r7, r3]
100097e4:	425a      	negs	r2, r3
100097e6:	415a      	adcs	r2, r3
100097e8:	4691      	mov	r9, r2
100097ea:	2201      	movs	r2, #1
100097ec:	4692      	mov	sl, r2
100097ee:	e6eb      	b.n	100095c8 <__gethex+0x4c>
100097f0:	1b74      	subs	r4, r6, r5
100097f2:	0021      	movs	r1, r4
100097f4:	4650      	mov	r0, sl
100097f6:	f001 f855 	bl	1000a8a4 <__any_on>
100097fa:	1e06      	subs	r6, r0, #0
100097fc:	d00f      	beq.n	1000981e <__gethex+0x2a2>
100097fe:	211f      	movs	r1, #31
10009800:	2301      	movs	r3, #1
10009802:	1e60      	subs	r0, r4, #1
10009804:	4001      	ands	r1, r0
10009806:	408b      	lsls	r3, r1
10009808:	1142      	asrs	r2, r0, #5
1000980a:	9904      	ldr	r1, [sp, #16]
1000980c:	0092      	lsls	r2, r2, #2
1000980e:	588a      	ldr	r2, [r1, r2]
10009810:	2601      	movs	r6, #1
10009812:	421a      	tst	r2, r3
10009814:	d003      	beq.n	1000981e <__gethex+0x2a2>
10009816:	2801      	cmp	r0, #1
10009818:	dd00      	ble.n	1000981c <__gethex+0x2a0>
1000981a:	e100      	b.n	10009a1e <__gethex+0x4a2>
1000981c:	2602      	movs	r6, #2
1000981e:	0021      	movs	r1, r4
10009820:	4650      	mov	r0, sl
10009822:	f7ff fe53 	bl	100094cc <rshift>
10009826:	9b01      	ldr	r3, [sp, #4]
10009828:	469c      	mov	ip, r3
1000982a:	465b      	mov	r3, fp
1000982c:	44a4      	add	ip, r4
1000982e:	4662      	mov	r2, ip
10009830:	689b      	ldr	r3, [r3, #8]
10009832:	9201      	str	r2, [sp, #4]
10009834:	4563      	cmp	r3, ip
10009836:	db51      	blt.n	100098dc <__gethex+0x360>
10009838:	465b      	mov	r3, fp
1000983a:	9a01      	ldr	r2, [sp, #4]
1000983c:	685b      	ldr	r3, [r3, #4]
1000983e:	4293      	cmp	r3, r2
10009840:	dc00      	bgt.n	10009844 <__gethex+0x2c8>
10009842:	e07d      	b.n	10009940 <__gethex+0x3c4>
10009844:	1a9c      	subs	r4, r3, r2
10009846:	42a5      	cmp	r5, r4
10009848:	dd00      	ble.n	1000984c <__gethex+0x2d0>
1000984a:	e0d4      	b.n	100099f6 <__gethex+0x47a>
1000984c:	465a      	mov	r2, fp
1000984e:	68d2      	ldr	r2, [r2, #12]
10009850:	2a02      	cmp	r2, #2
10009852:	d037      	beq.n	100098c4 <__gethex+0x348>
10009854:	2a03      	cmp	r2, #3
10009856:	d100      	bne.n	1000985a <__gethex+0x2de>
10009858:	e0f1      	b.n	10009a3e <__gethex+0x4c2>
1000985a:	2a01      	cmp	r2, #1
1000985c:	d135      	bne.n	100098ca <__gethex+0x34e>
1000985e:	42ac      	cmp	r4, r5
10009860:	d133      	bne.n	100098ca <__gethex+0x34e>
10009862:	2c01      	cmp	r4, #1
10009864:	d007      	beq.n	10009876 <__gethex+0x2fa>
10009866:	4650      	mov	r0, sl
10009868:	1e61      	subs	r1, r4, #1
1000986a:	f001 f81b 	bl	1000a8a4 <__any_on>
1000986e:	2800      	cmp	r0, #0
10009870:	d02b      	beq.n	100098ca <__gethex+0x34e>
10009872:	465b      	mov	r3, fp
10009874:	685b      	ldr	r3, [r3, #4]
10009876:	9a05      	ldr	r2, [sp, #20]
10009878:	2462      	movs	r4, #98	@ 0x62
1000987a:	6013      	str	r3, [r2, #0]
1000987c:	2301      	movs	r3, #1
1000987e:	4652      	mov	r2, sl
10009880:	6113      	str	r3, [r2, #16]
10009882:	9a04      	ldr	r2, [sp, #16]
10009884:	6013      	str	r3, [r2, #0]
10009886:	4652      	mov	r2, sl
10009888:	9b10      	ldr	r3, [sp, #64]	@ 0x40
1000988a:	601a      	str	r2, [r3, #0]
1000988c:	e743      	b.n	10009716 <__gethex+0x19a>
1000988e:	2200      	movs	r2, #0
10009890:	1c61      	adds	r1, r4, #1
10009892:	e713      	b.n	100096bc <__gethex+0x140>
10009894:	2401      	movs	r4, #1
10009896:	4652      	mov	r2, sl
10009898:	9b10      	ldr	r3, [sp, #64]	@ 0x40
1000989a:	601a      	str	r2, [r3, #0]
1000989c:	9b05      	ldr	r3, [sp, #20]
1000989e:	9a01      	ldr	r2, [sp, #4]
100098a0:	601a      	str	r2, [r3, #0]
100098a2:	e738      	b.n	10009716 <__gethex+0x19a>
100098a4:	002e      	movs	r6, r5
100098a6:	e698      	b.n	100095da <__gethex+0x5e>
100098a8:	002c      	movs	r4, r5
100098aa:	782b      	ldrb	r3, [r5, #0]
100098ac:	2220      	movs	r2, #32
100098ae:	4393      	bics	r3, r2
100098b0:	2b50      	cmp	r3, #80	@ 0x50
100098b2:	d100      	bne.n	100098b6 <__gethex+0x33a>
100098b4:	e0be      	b.n	10009a34 <__gethex+0x4b8>
100098b6:	4643      	mov	r3, r8
100098b8:	601c      	str	r4, [r3, #0]
100098ba:	e726      	b.n	1000970a <__gethex+0x18e>
100098bc:	1000b4cc 	.word	0x1000b4cc
100098c0:	1000ae38 	.word	0x1000ae38
100098c4:	9a11      	ldr	r2, [sp, #68]	@ 0x44
100098c6:	2a00      	cmp	r2, #0
100098c8:	d0d5      	beq.n	10009876 <__gethex+0x2fa>
100098ca:	4651      	mov	r1, sl
100098cc:	9803      	ldr	r0, [sp, #12]
100098ce:	f000 faa7 	bl	10009e20 <_Bfree>
100098d2:	2300      	movs	r3, #0
100098d4:	9a10      	ldr	r2, [sp, #64]	@ 0x40
100098d6:	2450      	movs	r4, #80	@ 0x50
100098d8:	6013      	str	r3, [r2, #0]
100098da:	e71c      	b.n	10009716 <__gethex+0x19a>
100098dc:	4651      	mov	r1, sl
100098de:	9803      	ldr	r0, [sp, #12]
100098e0:	f000 fa9e 	bl	10009e20 <_Bfree>
100098e4:	2300      	movs	r3, #0
100098e6:	9a10      	ldr	r2, [sp, #64]	@ 0x40
100098e8:	24a3      	movs	r4, #163	@ 0xa3
100098ea:	6013      	str	r3, [r2, #0]
100098ec:	e713      	b.n	10009716 <__gethex+0x19a>
100098ee:	2200      	movs	r2, #0
100098f0:	e6e2      	b.n	100096b8 <__gethex+0x13c>
100098f2:	1bae      	subs	r6, r5, r6
100098f4:	0032      	movs	r2, r6
100098f6:	4651      	mov	r1, sl
100098f8:	9803      	ldr	r0, [sp, #12]
100098fa:	f000 fd31 	bl	1000a360 <__lshift>
100098fe:	9b01      	ldr	r3, [sp, #4]
10009900:	4682      	mov	sl, r0
10009902:	1b9a      	subs	r2, r3, r6
10009904:	465b      	mov	r3, fp
10009906:	689b      	ldr	r3, [r3, #8]
10009908:	9201      	str	r2, [sp, #4]
1000990a:	429a      	cmp	r2, r3
1000990c:	dce6      	bgt.n	100098dc <__gethex+0x360>
1000990e:	465b      	mov	r3, fp
10009910:	685b      	ldr	r3, [r3, #4]
10009912:	429a      	cmp	r2, r3
10009914:	dabe      	bge.n	10009894 <__gethex+0x318>
10009916:	2114      	movs	r1, #20
10009918:	4451      	add	r1, sl
1000991a:	9104      	str	r1, [sp, #16]
1000991c:	e722      	b.n	10009764 <__gethex+0x1e8>
1000991e:	7873      	ldrb	r3, [r6, #1]
10009920:	1c74      	adds	r4, r6, #1
10009922:	5cfa      	ldrb	r2, [r7, r3]
10009924:	0026      	movs	r6, r4
10009926:	2a00      	cmp	r2, #0
10009928:	d100      	bne.n	1000992c <__gethex+0x3b0>
1000992a:	e666      	b.n	100095fa <__gethex+0x7e>
1000992c:	7873      	ldrb	r3, [r6, #1]
1000992e:	3601      	adds	r6, #1
10009930:	5cfa      	ldrb	r2, [r7, r3]
10009932:	2a00      	cmp	r2, #0
10009934:	d1fa      	bne.n	1000992c <__gethex+0x3b0>
10009936:	e65d      	b.n	100095f4 <__gethex+0x78>
10009938:	2300      	movs	r3, #0
1000993a:	1c8d      	adds	r5, r1, #2
1000993c:	469a      	mov	sl, r3
1000993e:	e637      	b.n	100095b0 <__gethex+0x34>
10009940:	2401      	movs	r4, #1
10009942:	2e00      	cmp	r6, #0
10009944:	d0a7      	beq.n	10009896 <__gethex+0x31a>
10009946:	465b      	mov	r3, fp
10009948:	68db      	ldr	r3, [r3, #12]
1000994a:	2b02      	cmp	r3, #2
1000994c:	d006      	beq.n	1000995c <__gethex+0x3e0>
1000994e:	2b03      	cmp	r3, #3
10009950:	d008      	beq.n	10009964 <__gethex+0x3e8>
10009952:	2b01      	cmp	r3, #1
10009954:	d055      	beq.n	10009a02 <__gethex+0x486>
10009956:	2310      	movs	r3, #16
10009958:	431c      	orrs	r4, r3
1000995a:	e79c      	b.n	10009896 <__gethex+0x31a>
1000995c:	2301      	movs	r3, #1
1000995e:	9a11      	ldr	r2, [sp, #68]	@ 0x44
10009960:	1a9b      	subs	r3, r3, r2
10009962:	9311      	str	r3, [sp, #68]	@ 0x44
10009964:	9b11      	ldr	r3, [sp, #68]	@ 0x44
10009966:	2b00      	cmp	r3, #0
10009968:	d0f5      	beq.n	10009956 <__gethex+0x3da>
1000996a:	4653      	mov	r3, sl
1000996c:	691f      	ldr	r7, [r3, #16]
1000996e:	9b04      	ldr	r3, [sp, #16]
10009970:	00ba      	lsls	r2, r7, #2
10009972:	4691      	mov	r9, r2
10009974:	0018      	movs	r0, r3
10009976:	4698      	mov	r8, r3
10009978:	2100      	movs	r1, #0
1000997a:	4448      	add	r0, r9
1000997c:	e002      	b.n	10009984 <__gethex+0x408>
1000997e:	c302      	stmia	r3!, {r1}
10009980:	4298      	cmp	r0, r3
10009982:	d961      	bls.n	10009a48 <__gethex+0x4cc>
10009984:	681a      	ldr	r2, [r3, #0]
10009986:	1c56      	adds	r6, r2, #1
10009988:	d0f9      	beq.n	1000997e <__gethex+0x402>
1000998a:	3201      	adds	r2, #1
1000998c:	601a      	str	r2, [r3, #0]
1000998e:	2c02      	cmp	r4, #2
10009990:	d069      	beq.n	10009a66 <__gethex+0x4ea>
10009992:	231f      	movs	r3, #31
10009994:	001e      	movs	r6, r3
10009996:	2421      	movs	r4, #33	@ 0x21
10009998:	402e      	ands	r6, r5
1000999a:	422b      	tst	r3, r5
1000999c:	d100      	bne.n	100099a0 <__gethex+0x424>
1000999e:	e77a      	b.n	10009896 <__gethex+0x31a>
100099a0:	464b      	mov	r3, r9
100099a2:	4443      	add	r3, r8
100099a4:	3b04      	subs	r3, #4
100099a6:	6818      	ldr	r0, [r3, #0]
100099a8:	f000 faee 	bl	10009f88 <__hi0bits>
100099ac:	2320      	movs	r3, #32
100099ae:	1b9b      	subs	r3, r3, r6
100099b0:	4298      	cmp	r0, r3
100099b2:	db00      	blt.n	100099b6 <__gethex+0x43a>
100099b4:	e76f      	b.n	10009896 <__gethex+0x31a>
100099b6:	4653      	mov	r3, sl
100099b8:	6919      	ldr	r1, [r3, #16]
100099ba:	2900      	cmp	r1, #0
100099bc:	dd00      	ble.n	100099c0 <__gethex+0x444>
100099be:	e093      	b.n	10009ae8 <__gethex+0x56c>
100099c0:	2300      	movs	r3, #0
100099c2:	4652      	mov	r2, sl
100099c4:	6113      	str	r3, [r2, #16]
100099c6:	2300      	movs	r3, #0
100099c8:	4652      	mov	r2, sl
100099ca:	6153      	str	r3, [r2, #20]
100099cc:	465b      	mov	r3, fp
100099ce:	9a01      	ldr	r2, [sp, #4]
100099d0:	689b      	ldr	r3, [r3, #8]
100099d2:	3201      	adds	r2, #1
100099d4:	9201      	str	r2, [sp, #4]
100099d6:	4293      	cmp	r3, r2
100099d8:	db80      	blt.n	100098dc <__gethex+0x360>
100099da:	2421      	movs	r4, #33	@ 0x21
100099dc:	e75b      	b.n	10009896 <__gethex+0x31a>
100099de:	9b04      	ldr	r3, [sp, #16]
100099e0:	4698      	mov	r8, r3
100099e2:	2300      	movs	r3, #0
100099e4:	4699      	mov	r9, r3
100099e6:	e6a0      	b.n	1000972a <__gethex+0x1ae>
100099e8:	f7ff fd70 	bl	100094cc <rshift>
100099ec:	465b      	mov	r3, fp
100099ee:	685b      	ldr	r3, [r3, #4]
100099f0:	2402      	movs	r4, #2
100099f2:	9301      	str	r3, [sp, #4]
100099f4:	e7a5      	b.n	10009942 <__gethex+0x3c6>
100099f6:	1e67      	subs	r7, r4, #1
100099f8:	2e00      	cmp	r6, #0
100099fa:	d100      	bne.n	100099fe <__gethex+0x482>
100099fc:	e6b6      	b.n	1000976c <__gethex+0x1f0>
100099fe:	2601      	movs	r6, #1
10009a00:	e6b8      	b.n	10009774 <__gethex+0x1f8>
10009a02:	07b3      	lsls	r3, r6, #30
10009a04:	d5a7      	bpl.n	10009956 <__gethex+0x3da>
10009a06:	9b04      	ldr	r3, [sp, #16]
10009a08:	681b      	ldr	r3, [r3, #0]
10009a0a:	431e      	orrs	r6, r3
10009a0c:	07f6      	lsls	r6, r6, #31
10009a0e:	d4ac      	bmi.n	1000996a <__gethex+0x3ee>
10009a10:	e7a1      	b.n	10009956 <__gethex+0x3da>
10009a12:	0039      	movs	r1, r7
10009a14:	4650      	mov	r0, sl
10009a16:	f000 ff45 	bl	1000a8a4 <__any_on>
10009a1a:	0006      	movs	r6, r0
10009a1c:	e6aa      	b.n	10009774 <__gethex+0x1f8>
10009a1e:	4650      	mov	r0, sl
10009a20:	1ea1      	subs	r1, r4, #2
10009a22:	f000 ff3f 	bl	1000a8a4 <__any_on>
10009a26:	2800      	cmp	r0, #0
10009a28:	d100      	bne.n	10009a2c <__gethex+0x4b0>
10009a2a:	e6f7      	b.n	1000981c <__gethex+0x2a0>
10009a2c:	2603      	movs	r6, #3
10009a2e:	e6f6      	b.n	1000981e <__gethex+0x2a2>
10009a30:	2402      	movs	r4, #2
10009a32:	e797      	b.n	10009964 <__gethex+0x3e8>
10009a34:	2300      	movs	r3, #0
10009a36:	9301      	str	r3, [sp, #4]
10009a38:	3301      	adds	r3, #1
10009a3a:	4699      	mov	r9, r3
10009a3c:	e634      	b.n	100096a8 <__gethex+0x12c>
10009a3e:	9a11      	ldr	r2, [sp, #68]	@ 0x44
10009a40:	2a00      	cmp	r2, #0
10009a42:	d000      	beq.n	10009a46 <__gethex+0x4ca>
10009a44:	e717      	b.n	10009876 <__gethex+0x2fa>
10009a46:	e740      	b.n	100098ca <__gethex+0x34e>
10009a48:	4653      	mov	r3, sl
10009a4a:	689b      	ldr	r3, [r3, #8]
10009a4c:	429f      	cmp	r7, r3
10009a4e:	da25      	bge.n	10009a9c <__gethex+0x520>
10009a50:	4653      	mov	r3, sl
10009a52:	2201      	movs	r2, #1
10009a54:	1c79      	adds	r1, r7, #1
10009a56:	6119      	str	r1, [r3, #16]
10009a58:	00bb      	lsls	r3, r7, #2
10009a5a:	4453      	add	r3, sl
10009a5c:	615a      	str	r2, [r3, #20]
10009a5e:	9b04      	ldr	r3, [sp, #16]
10009a60:	4698      	mov	r8, r3
10009a62:	2c02      	cmp	r4, #2
10009a64:	d1a9      	bne.n	100099ba <__gethex+0x43e>
10009a66:	465b      	mov	r3, fp
10009a68:	681b      	ldr	r3, [r3, #0]
10009a6a:	2422      	movs	r4, #34	@ 0x22
10009a6c:	3b01      	subs	r3, #1
10009a6e:	42ab      	cmp	r3, r5
10009a70:	d000      	beq.n	10009a74 <__gethex+0x4f8>
10009a72:	e710      	b.n	10009896 <__gethex+0x31a>
10009a74:	211f      	movs	r1, #31
10009a76:	2301      	movs	r3, #1
10009a78:	4029      	ands	r1, r5
10009a7a:	408b      	lsls	r3, r1
10009a7c:	4641      	mov	r1, r8
10009a7e:	116a      	asrs	r2, r5, #5
10009a80:	0092      	lsls	r2, r2, #2
10009a82:	5854      	ldr	r4, [r2, r1]
10009a84:	401c      	ands	r4, r3
10009a86:	4263      	negs	r3, r4
10009a88:	415c      	adcs	r4, r3
10009a8a:	3421      	adds	r4, #33	@ 0x21
10009a8c:	e703      	b.n	10009896 <__gethex+0x31a>
10009a8e:	2302      	movs	r3, #2
10009a90:	2402      	movs	r4, #2
10009a92:	431e      	orrs	r6, r3
10009a94:	e7b7      	b.n	10009a06 <__gethex+0x48a>
10009a96:	2301      	movs	r3, #1
10009a98:	469a      	mov	sl, r3
10009a9a:	e598      	b.n	100095ce <__gethex+0x52>
10009a9c:	4653      	mov	r3, sl
10009a9e:	6859      	ldr	r1, [r3, #4]
10009aa0:	9803      	ldr	r0, [sp, #12]
10009aa2:	3101      	adds	r1, #1
10009aa4:	f000 f994 	bl	10009dd0 <_Balloc>
10009aa8:	1e06      	subs	r6, r0, #0
10009aaa:	d056      	beq.n	10009b5a <__gethex+0x5de>
10009aac:	4653      	mov	r3, sl
10009aae:	4651      	mov	r1, sl
10009ab0:	691a      	ldr	r2, [r3, #16]
10009ab2:	310c      	adds	r1, #12
10009ab4:	3202      	adds	r2, #2
10009ab6:	0092      	lsls	r2, r2, #2
10009ab8:	300c      	adds	r0, #12
10009aba:	f7fd fae9 	bl	10007090 <__wrap___aeabi_memcpy>
10009abe:	4651      	mov	r1, sl
10009ac0:	9803      	ldr	r0, [sp, #12]
10009ac2:	f000 f9ad 	bl	10009e20 <_Bfree>
10009ac6:	2201      	movs	r2, #1
10009ac8:	6933      	ldr	r3, [r6, #16]
10009aca:	46b2      	mov	sl, r6
10009acc:	1c59      	adds	r1, r3, #1
10009ace:	009b      	lsls	r3, r3, #2
10009ad0:	18f3      	adds	r3, r6, r3
10009ad2:	6131      	str	r1, [r6, #16]
10009ad4:	615a      	str	r2, [r3, #20]
10009ad6:	2314      	movs	r3, #20
10009ad8:	4698      	mov	r8, r3
10009ada:	44b0      	add	r8, r6
10009adc:	2c02      	cmp	r4, #2
10009ade:	d0c2      	beq.n	10009a66 <__gethex+0x4ea>
10009ae0:	428f      	cmp	r7, r1
10009ae2:	db00      	blt.n	10009ae6 <__gethex+0x56a>
10009ae4:	e755      	b.n	10009992 <__gethex+0x416>
10009ae6:	e768      	b.n	100099ba <__gethex+0x43e>
10009ae8:	4653      	mov	r3, sl
10009aea:	4650      	mov	r0, sl
10009aec:	695b      	ldr	r3, [r3, #20]
10009aee:	0089      	lsls	r1, r1, #2
10009af0:	4441      	add	r1, r8
10009af2:	3018      	adds	r0, #24
10009af4:	085b      	lsrs	r3, r3, #1
10009af6:	4281      	cmp	r1, r0
10009af8:	d91f      	bls.n	10009b3a <__gethex+0x5be>
10009afa:	4644      	mov	r4, r8
10009afc:	001a      	movs	r2, r3
10009afe:	6803      	ldr	r3, [r0, #0]
10009b00:	07db      	lsls	r3, r3, #31
10009b02:	4313      	orrs	r3, r2
10009b04:	c408      	stmia	r4!, {r3}
10009b06:	c804      	ldmia	r0!, {r2}
10009b08:	0852      	lsrs	r2, r2, #1
10009b0a:	4281      	cmp	r1, r0
10009b0c:	d8f7      	bhi.n	10009afe <__gethex+0x582>
10009b0e:	0013      	movs	r3, r2
10009b10:	4652      	mov	r2, sl
10009b12:	1a8a      	subs	r2, r1, r2
10009b14:	4641      	mov	r1, r8
10009b16:	3a19      	subs	r2, #25
10009b18:	0892      	lsrs	r2, r2, #2
10009b1a:	0092      	lsls	r2, r2, #2
10009b1c:	3104      	adds	r1, #4
10009b1e:	1852      	adds	r2, r2, r1
10009b20:	6013      	str	r3, [r2, #0]
10009b22:	2b00      	cmp	r3, #0
10009b24:	d000      	beq.n	10009b28 <__gethex+0x5ac>
10009b26:	3204      	adds	r2, #4
10009b28:	4643      	mov	r3, r8
10009b2a:	4651      	mov	r1, sl
10009b2c:	1ad3      	subs	r3, r2, r3
10009b2e:	109b      	asrs	r3, r3, #2
10009b30:	610b      	str	r3, [r1, #16]
10009b32:	4542      	cmp	r2, r8
10009b34:	d000      	beq.n	10009b38 <__gethex+0x5bc>
10009b36:	e749      	b.n	100099cc <__gethex+0x450>
10009b38:	e745      	b.n	100099c6 <__gethex+0x44a>
10009b3a:	4642      	mov	r2, r8
10009b3c:	6013      	str	r3, [r2, #0]
10009b3e:	2b00      	cmp	r3, #0
10009b40:	d002      	beq.n	10009b48 <__gethex+0x5cc>
10009b42:	4642      	mov	r2, r8
10009b44:	3204      	adds	r2, #4
10009b46:	e7ef      	b.n	10009b28 <__gethex+0x5ac>
10009b48:	4652      	mov	r2, sl
10009b4a:	6113      	str	r3, [r2, #16]
10009b4c:	e73b      	b.n	100099c6 <__gethex+0x44a>
10009b4e:	2200      	movs	r2, #0
10009b50:	21e4      	movs	r1, #228	@ 0xe4
10009b52:	4b05      	ldr	r3, [pc, #20]	@ (10009b68 <__gethex+0x5ec>)
10009b54:	4805      	ldr	r0, [pc, #20]	@ (10009b6c <__gethex+0x5f0>)
10009b56:	f7fa f94f 	bl	10003df8 <__assert_func>
10009b5a:	2200      	movs	r2, #0
10009b5c:	2184      	movs	r1, #132	@ 0x84
10009b5e:	4b02      	ldr	r3, [pc, #8]	@ (10009b68 <__gethex+0x5ec>)
10009b60:	4802      	ldr	r0, [pc, #8]	@ (10009b6c <__gethex+0x5f0>)
10009b62:	f7fa f949 	bl	10003df8 <__assert_func>
10009b66:	46c0      	nop			@ (mov r8, r8)
10009b68:	1000ae90 	.word	0x1000ae90
10009b6c:	1000aea4 	.word	0x1000aea4

10009b70 <__match>:
10009b70:	b530      	push	{r4, r5, lr}
10009b72:	6802      	ldr	r2, [r0, #0]
10009b74:	e008      	b.n	10009b88 <__match+0x18>
10009b76:	7813      	ldrb	r3, [r2, #0]
10009b78:	001d      	movs	r5, r3
10009b7a:	3d41      	subs	r5, #65	@ 0x41
10009b7c:	2d19      	cmp	r5, #25
10009b7e:	d800      	bhi.n	10009b82 <__match+0x12>
10009b80:	3320      	adds	r3, #32
10009b82:	3101      	adds	r1, #1
10009b84:	42a3      	cmp	r3, r4
10009b86:	d106      	bne.n	10009b96 <__match+0x26>
10009b88:	780c      	ldrb	r4, [r1, #0]
10009b8a:	3201      	adds	r2, #1
10009b8c:	2c00      	cmp	r4, #0
10009b8e:	d1f2      	bne.n	10009b76 <__match+0x6>
10009b90:	6002      	str	r2, [r0, #0]
10009b92:	2001      	movs	r0, #1
10009b94:	bd30      	pop	{r4, r5, pc}
10009b96:	2000      	movs	r0, #0
10009b98:	e7fc      	b.n	10009b94 <__match+0x24>
10009b9a:	46c0      	nop			@ (mov r8, r8)

10009b9c <__hexnan>:
10009b9c:	b5f0      	push	{r4, r5, r6, r7, lr}
10009b9e:	4645      	mov	r5, r8
10009ba0:	46de      	mov	lr, fp
10009ba2:	4657      	mov	r7, sl
10009ba4:	464e      	mov	r6, r9
10009ba6:	241f      	movs	r4, #31
10009ba8:	0003      	movs	r3, r0
10009baa:	0008      	movs	r0, r1
10009bac:	b5e0      	push	{r5, r6, r7, lr}
10009bae:	0025      	movs	r5, r4
10009bb0:	0011      	movs	r1, r2
10009bb2:	6800      	ldr	r0, [r0, #0]
10009bb4:	b087      	sub	sp, #28
10009bb6:	1142      	asrs	r2, r0, #5
10009bb8:	0092      	lsls	r2, r2, #2
10009bba:	4005      	ands	r5, r0
10009bbc:	188a      	adds	r2, r1, r2
10009bbe:	9503      	str	r5, [sp, #12]
10009bc0:	4204      	tst	r4, r0
10009bc2:	d000      	beq.n	10009bc6 <__hexnan+0x2a>
10009bc4:	e09e      	b.n	10009d04 <__hexnan+0x168>
10009bc6:	0010      	movs	r0, r2
10009bc8:	1f17      	subs	r7, r2, #4
10009bca:	1f02      	subs	r2, r0, #4
10009bcc:	4691      	mov	r9, r2
10009bce:	2200      	movs	r2, #0
10009bd0:	4648      	mov	r0, r9
10009bd2:	6002      	str	r2, [r0, #0]
10009bd4:	6818      	ldr	r0, [r3, #0]
10009bd6:	7846      	ldrb	r6, [r0, #1]
10009bd8:	2e00      	cmp	r6, #0
10009bda:	d100      	bne.n	10009bde <__hexnan+0x42>
10009bdc:	e0af      	b.n	10009d3e <__hexnan+0x1a2>
10009bde:	9001      	str	r0, [sp, #4]
10009be0:	486f      	ldr	r0, [pc, #444]	@ (10009da0 <__hexnan+0x204>)
10009be2:	9304      	str	r3, [sp, #16]
10009be4:	4680      	mov	r8, r0
10009be6:	464b      	mov	r3, r9
10009be8:	200f      	movs	r0, #15
10009bea:	2400      	movs	r4, #0
10009bec:	2200      	movs	r2, #0
10009bee:	4683      	mov	fp, r0
10009bf0:	9801      	ldr	r0, [sp, #4]
10009bf2:	9301      	str	r3, [sp, #4]
10009bf4:	4643      	mov	r3, r8
10009bf6:	9602      	str	r6, [sp, #8]
10009bf8:	003d      	movs	r5, r7
10009bfa:	0026      	movs	r6, r4
10009bfc:	4689      	mov	r9, r1
10009bfe:	46b8      	mov	r8, r7
10009c00:	0039      	movs	r1, r7
10009c02:	4692      	mov	sl, r2
10009c04:	001f      	movs	r7, r3
10009c06:	9c02      	ldr	r4, [sp, #8]
10009c08:	e015      	b.n	10009c36 <__hexnan+0x9a>
10009c0a:	2c20      	cmp	r4, #32
10009c0c:	d900      	bls.n	10009c10 <__hexnan+0x74>
10009c0e:	e08a      	b.n	10009d26 <__hexnan+0x18a>
10009c10:	4552      	cmp	r2, sl
10009c12:	dd0c      	ble.n	10009c2e <__hexnan+0x92>
10009c14:	428d      	cmp	r5, r1
10009c16:	d201      	bcs.n	10009c1c <__hexnan+0x80>
10009c18:	2e07      	cmp	r6, #7
10009c1a:	dd55      	ble.n	10009cc8 <__hexnan+0x12c>
10009c1c:	2608      	movs	r6, #8
10009c1e:	45a9      	cmp	r9, r5
10009c20:	d205      	bcs.n	10009c2e <__hexnan+0x92>
10009c22:	1f29      	subs	r1, r5, #4
10009c24:	2300      	movs	r3, #0
10009c26:	4692      	mov	sl, r2
10009c28:	000d      	movs	r5, r1
10009c2a:	2600      	movs	r6, #0
10009c2c:	600b      	str	r3, [r1, #0]
10009c2e:	7884      	ldrb	r4, [r0, #2]
10009c30:	3001      	adds	r0, #1
10009c32:	2c00      	cmp	r4, #0
10009c34:	d012      	beq.n	10009c5c <__hexnan+0xc0>
10009c36:	5d3b      	ldrb	r3, [r7, r4]
10009c38:	2b00      	cmp	r3, #0
10009c3a:	d0e6      	beq.n	10009c0a <__hexnan+0x6e>
10009c3c:	3601      	adds	r6, #1
10009c3e:	3201      	adds	r2, #1
10009c40:	2e08      	cmp	r6, #8
10009c42:	dc39      	bgt.n	10009cb8 <__hexnan+0x11c>
10009c44:	682c      	ldr	r4, [r5, #0]
10009c46:	0124      	lsls	r4, r4, #4
10009c48:	46a4      	mov	ip, r4
10009c4a:	465c      	mov	r4, fp
10009c4c:	4023      	ands	r3, r4
10009c4e:	4664      	mov	r4, ip
10009c50:	4323      	orrs	r3, r4
10009c52:	602b      	str	r3, [r5, #0]
10009c54:	7884      	ldrb	r4, [r0, #2]
10009c56:	3001      	adds	r0, #1
10009c58:	2c00      	cmp	r4, #0
10009c5a:	d1ec      	bne.n	10009c36 <__hexnan+0x9a>
10009c5c:	9b01      	ldr	r3, [sp, #4]
10009c5e:	468c      	mov	ip, r1
10009c60:	0034      	movs	r4, r6
10009c62:	4649      	mov	r1, r9
10009c64:	4647      	mov	r7, r8
10009c66:	4699      	mov	r9, r3
10009c68:	2a00      	cmp	r2, #0
10009c6a:	d068      	beq.n	10009d3e <__hexnan+0x1a2>
10009c6c:	4565      	cmp	r5, ip
10009c6e:	d202      	bcs.n	10009c76 <__hexnan+0xda>
10009c70:	2c07      	cmp	r4, #7
10009c72:	dc00      	bgt.n	10009c76 <__hexnan+0xda>
10009c74:	e077      	b.n	10009d66 <__hexnan+0x1ca>
10009c76:	42a9      	cmp	r1, r5
10009c78:	d247      	bcs.n	10009d0a <__hexnan+0x16e>
10009c7a:	000a      	movs	r2, r1
10009c7c:	002b      	movs	r3, r5
10009c7e:	cb01      	ldmia	r3!, {r0}
10009c80:	c201      	stmia	r2!, {r0}
10009c82:	429f      	cmp	r7, r3
10009c84:	d2fb      	bcs.n	10009c7e <__hexnan+0xe2>
10009c86:	1c6a      	adds	r2, r5, #1
10009c88:	1c78      	adds	r0, r7, #1
10009c8a:	2300      	movs	r3, #0
10009c8c:	4290      	cmp	r0, r2
10009c8e:	d266      	bcs.n	10009d5e <__hexnan+0x1c2>
10009c90:	2000      	movs	r0, #0
10009c92:	1d0a      	adds	r2, r1, #4
10009c94:	189b      	adds	r3, r3, r2
10009c96:	001a      	movs	r2, r3
10009c98:	3304      	adds	r3, #4
10009c9a:	6010      	str	r0, [r2, #0]
10009c9c:	42bb      	cmp	r3, r7
10009c9e:	d9fa      	bls.n	10009c96 <__hexnan+0xfa>
10009ca0:	464b      	mov	r3, r9
10009ca2:	681b      	ldr	r3, [r3, #0]
10009ca4:	2b00      	cmp	r3, #0
10009ca6:	d105      	bne.n	10009cb4 <__hexnan+0x118>
10009ca8:	42b9      	cmp	r1, r7
10009caa:	d050      	beq.n	10009d4e <__hexnan+0x1b2>
10009cac:	3f04      	subs	r7, #4
10009cae:	683b      	ldr	r3, [r7, #0]
10009cb0:	2b00      	cmp	r3, #0
10009cb2:	d0f9      	beq.n	10009ca8 <__hexnan+0x10c>
10009cb4:	2005      	movs	r0, #5
10009cb6:	e043      	b.n	10009d40 <__hexnan+0x1a4>
10009cb8:	45a9      	cmp	r9, r5
10009cba:	d2b8      	bcs.n	10009c2e <__hexnan+0x92>
10009cbc:	2400      	movs	r4, #0
10009cbe:	3d04      	subs	r5, #4
10009cc0:	46a4      	mov	ip, r4
10009cc2:	2601      	movs	r6, #1
10009cc4:	602c      	str	r4, [r5, #0]
10009cc6:	e7c0      	b.n	10009c4a <__hexnan+0xae>
10009cc8:	2308      	movs	r3, #8
10009cca:	1b9b      	subs	r3, r3, r6
10009ccc:	009b      	lsls	r3, r3, #2
10009cce:	469c      	mov	ip, r3
10009cd0:	2320      	movs	r3, #32
10009cd2:	4664      	mov	r4, ip
10009cd4:	002e      	movs	r6, r5
10009cd6:	1b1c      	subs	r4, r3, r4
10009cd8:	9502      	str	r5, [sp, #8]
10009cda:	682b      	ldr	r3, [r5, #0]
10009cdc:	4665      	mov	r5, ip
10009cde:	9005      	str	r0, [sp, #20]
10009ce0:	4694      	mov	ip, r2
10009ce2:	0020      	movs	r0, r4
10009ce4:	002a      	movs	r2, r5
10009ce6:	6875      	ldr	r5, [r6, #4]
10009ce8:	002c      	movs	r4, r5
10009cea:	4084      	lsls	r4, r0
10009cec:	431c      	orrs	r4, r3
10009cee:	002b      	movs	r3, r5
10009cf0:	40d3      	lsrs	r3, r2
10009cf2:	6034      	str	r4, [r6, #0]
10009cf4:	6073      	str	r3, [r6, #4]
10009cf6:	3604      	adds	r6, #4
10009cf8:	428e      	cmp	r6, r1
10009cfa:	d3f4      	bcc.n	10009ce6 <__hexnan+0x14a>
10009cfc:	4662      	mov	r2, ip
10009cfe:	9d02      	ldr	r5, [sp, #8]
10009d00:	9805      	ldr	r0, [sp, #20]
10009d02:	e78b      	b.n	10009c1c <__hexnan+0x80>
10009d04:	0017      	movs	r7, r2
10009d06:	1d10      	adds	r0, r2, #4
10009d08:	e75f      	b.n	10009bca <__hexnan+0x2e>
10009d0a:	464b      	mov	r3, r9
10009d0c:	9a03      	ldr	r2, [sp, #12]
10009d0e:	681b      	ldr	r3, [r3, #0]
10009d10:	2a00      	cmp	r2, #0
10009d12:	d0cd      	beq.n	10009cb0 <__hexnan+0x114>
10009d14:	2020      	movs	r0, #32
10009d16:	1a80      	subs	r0, r0, r2
10009d18:	2201      	movs	r2, #1
10009d1a:	4252      	negs	r2, r2
10009d1c:	40c2      	lsrs	r2, r0
10009d1e:	4013      	ands	r3, r2
10009d20:	464a      	mov	r2, r9
10009d22:	6013      	str	r3, [r2, #0]
10009d24:	e7c4      	b.n	10009cb0 <__hexnan+0x114>
10009d26:	46a2      	mov	sl, r4
10009d28:	0034      	movs	r4, r6
10009d2a:	4656      	mov	r6, sl
10009d2c:	4647      	mov	r7, r8
10009d2e:	4680      	mov	r8, r0
10009d30:	9801      	ldr	r0, [sp, #4]
10009d32:	468c      	mov	ip, r1
10009d34:	9b04      	ldr	r3, [sp, #16]
10009d36:	4649      	mov	r1, r9
10009d38:	4681      	mov	r9, r0
10009d3a:	2e29      	cmp	r6, #41	@ 0x29
10009d3c:	d00b      	beq.n	10009d56 <__hexnan+0x1ba>
10009d3e:	2004      	movs	r0, #4
10009d40:	b007      	add	sp, #28
10009d42:	bcf0      	pop	{r4, r5, r6, r7}
10009d44:	46bb      	mov	fp, r7
10009d46:	46b2      	mov	sl, r6
10009d48:	46a9      	mov	r9, r5
10009d4a:	46a0      	mov	r8, r4
10009d4c:	bdf0      	pop	{r4, r5, r6, r7, pc}
10009d4e:	2301      	movs	r3, #1
10009d50:	2005      	movs	r0, #5
10009d52:	600b      	str	r3, [r1, #0]
10009d54:	e7f4      	b.n	10009d40 <__hexnan+0x1a4>
10009d56:	4640      	mov	r0, r8
10009d58:	3002      	adds	r0, #2
10009d5a:	6018      	str	r0, [r3, #0]
10009d5c:	e784      	b.n	10009c68 <__hexnan+0xcc>
10009d5e:	1b7d      	subs	r5, r7, r5
10009d60:	08ad      	lsrs	r5, r5, #2
10009d62:	00ab      	lsls	r3, r5, #2
10009d64:	e794      	b.n	10009c90 <__hexnan+0xf4>
10009d66:	2608      	movs	r6, #8
10009d68:	2320      	movs	r3, #32
10009d6a:	1b36      	subs	r6, r6, r4
10009d6c:	00b6      	lsls	r6, r6, #2
10009d6e:	1b9b      	subs	r3, r3, r6
10009d70:	4698      	mov	r8, r3
10009d72:	682b      	ldr	r3, [r5, #0]
10009d74:	0028      	movs	r0, r5
10009d76:	001a      	movs	r2, r3
10009d78:	000b      	movs	r3, r1
10009d7a:	0031      	movs	r1, r6
10009d7c:	4666      	mov	r6, ip
10009d7e:	46ac      	mov	ip, r5
10009d80:	4645      	mov	r5, r8
10009d82:	4698      	mov	r8, r3
10009d84:	6844      	ldr	r4, [r0, #4]
10009d86:	0023      	movs	r3, r4
10009d88:	40ab      	lsls	r3, r5
10009d8a:	4313      	orrs	r3, r2
10009d8c:	0022      	movs	r2, r4
10009d8e:	40ca      	lsrs	r2, r1
10009d90:	6003      	str	r3, [r0, #0]
10009d92:	6042      	str	r2, [r0, #4]
10009d94:	3004      	adds	r0, #4
10009d96:	42b0      	cmp	r0, r6
10009d98:	d3f4      	bcc.n	10009d84 <__hexnan+0x1e8>
10009d9a:	4665      	mov	r5, ip
10009d9c:	4641      	mov	r1, r8
10009d9e:	e76a      	b.n	10009c76 <__hexnan+0xda>
10009da0:	1000b4cc 	.word	0x1000b4cc

10009da4 <__ascii_mbtowc>:
10009da4:	b082      	sub	sp, #8
10009da6:	2900      	cmp	r1, #0
10009da8:	d00a      	beq.n	10009dc0 <__ascii_mbtowc+0x1c>
10009daa:	2a00      	cmp	r2, #0
10009dac:	d00b      	beq.n	10009dc6 <__ascii_mbtowc+0x22>
10009dae:	2b00      	cmp	r3, #0
10009db0:	d00b      	beq.n	10009dca <__ascii_mbtowc+0x26>
10009db2:	7813      	ldrb	r3, [r2, #0]
10009db4:	600b      	str	r3, [r1, #0]
10009db6:	7810      	ldrb	r0, [r2, #0]
10009db8:	1e43      	subs	r3, r0, #1
10009dba:	4198      	sbcs	r0, r3
10009dbc:	b002      	add	sp, #8
10009dbe:	4770      	bx	lr
10009dc0:	a901      	add	r1, sp, #4
10009dc2:	2a00      	cmp	r2, #0
10009dc4:	d1f3      	bne.n	10009dae <__ascii_mbtowc+0xa>
10009dc6:	2000      	movs	r0, #0
10009dc8:	e7f8      	b.n	10009dbc <__ascii_mbtowc+0x18>
10009dca:	2002      	movs	r0, #2
10009dcc:	4240      	negs	r0, r0
10009dce:	e7f5      	b.n	10009dbc <__ascii_mbtowc+0x18>

10009dd0 <_Balloc>:
10009dd0:	6c43      	ldr	r3, [r0, #68]	@ 0x44
10009dd2:	b570      	push	{r4, r5, r6, lr}
10009dd4:	0004      	movs	r4, r0
10009dd6:	000d      	movs	r5, r1
10009dd8:	2b00      	cmp	r3, #0
10009dda:	d00a      	beq.n	10009df2 <_Balloc+0x22>
10009ddc:	00aa      	lsls	r2, r5, #2
10009dde:	189b      	adds	r3, r3, r2
10009de0:	6818      	ldr	r0, [r3, #0]
10009de2:	2800      	cmp	r0, #0
10009de4:	d00e      	beq.n	10009e04 <_Balloc+0x34>
10009de6:	6802      	ldr	r2, [r0, #0]
10009de8:	601a      	str	r2, [r3, #0]
10009dea:	2300      	movs	r3, #0
10009dec:	6103      	str	r3, [r0, #16]
10009dee:	60c3      	str	r3, [r0, #12]
10009df0:	bd70      	pop	{r4, r5, r6, pc}
10009df2:	2221      	movs	r2, #33	@ 0x21
10009df4:	2104      	movs	r1, #4
10009df6:	f7fd fca3 	bl	10007740 <_calloc_r>
10009dfa:	1e03      	subs	r3, r0, #0
10009dfc:	6460      	str	r0, [r4, #68]	@ 0x44
10009dfe:	d1ed      	bne.n	10009ddc <_Balloc+0xc>
10009e00:	2000      	movs	r0, #0
10009e02:	e7f5      	b.n	10009df0 <_Balloc+0x20>
10009e04:	2601      	movs	r6, #1
10009e06:	40ae      	lsls	r6, r5
10009e08:	1d72      	adds	r2, r6, #5
10009e0a:	2101      	movs	r1, #1
10009e0c:	0020      	movs	r0, r4
10009e0e:	0092      	lsls	r2, r2, #2
10009e10:	f7fd fc96 	bl	10007740 <_calloc_r>
10009e14:	2800      	cmp	r0, #0
10009e16:	d0f3      	beq.n	10009e00 <_Balloc+0x30>
10009e18:	6045      	str	r5, [r0, #4]
10009e1a:	6086      	str	r6, [r0, #8]
10009e1c:	e7e5      	b.n	10009dea <_Balloc+0x1a>
10009e1e:	46c0      	nop			@ (mov r8, r8)

10009e20 <_Bfree>:
10009e20:	2900      	cmp	r1, #0
10009e22:	d006      	beq.n	10009e32 <_Bfree+0x12>
10009e24:	684a      	ldr	r2, [r1, #4]
10009e26:	6c43      	ldr	r3, [r0, #68]	@ 0x44
10009e28:	0092      	lsls	r2, r2, #2
10009e2a:	189b      	adds	r3, r3, r2
10009e2c:	681a      	ldr	r2, [r3, #0]
10009e2e:	600a      	str	r2, [r1, #0]
10009e30:	6019      	str	r1, [r3, #0]
10009e32:	4770      	bx	lr

10009e34 <__multadd>:
10009e34:	b5f0      	push	{r4, r5, r6, r7, lr}
10009e36:	46c6      	mov	lr, r8
10009e38:	001f      	movs	r7, r3
10009e3a:	4680      	mov	r8, r0
10009e3c:	2300      	movs	r3, #0
10009e3e:	b500      	push	{lr}
10009e40:	000e      	movs	r6, r1
10009e42:	690d      	ldr	r5, [r1, #16]
10009e44:	3114      	adds	r1, #20
10009e46:	680c      	ldr	r4, [r1, #0]
10009e48:	3301      	adds	r3, #1
10009e4a:	0420      	lsls	r0, r4, #16
10009e4c:	0c00      	lsrs	r0, r0, #16
10009e4e:	4350      	muls	r0, r2
10009e50:	0c24      	lsrs	r4, r4, #16
10009e52:	4354      	muls	r4, r2
10009e54:	19c0      	adds	r0, r0, r7
10009e56:	0c07      	lsrs	r7, r0, #16
10009e58:	19e4      	adds	r4, r4, r7
10009e5a:	0400      	lsls	r0, r0, #16
10009e5c:	0c27      	lsrs	r7, r4, #16
10009e5e:	0c00      	lsrs	r0, r0, #16
10009e60:	0424      	lsls	r4, r4, #16
10009e62:	1824      	adds	r4, r4, r0
10009e64:	c110      	stmia	r1!, {r4}
10009e66:	429d      	cmp	r5, r3
10009e68:	dced      	bgt.n	10009e46 <__multadd+0x12>
10009e6a:	2f00      	cmp	r7, #0
10009e6c:	d007      	beq.n	10009e7e <__multadd+0x4a>
10009e6e:	68b3      	ldr	r3, [r6, #8]
10009e70:	42ab      	cmp	r3, r5
10009e72:	dd08      	ble.n	10009e86 <__multadd+0x52>
10009e74:	00ab      	lsls	r3, r5, #2
10009e76:	18f3      	adds	r3, r6, r3
10009e78:	3501      	adds	r5, #1
10009e7a:	615f      	str	r7, [r3, #20]
10009e7c:	6135      	str	r5, [r6, #16]
10009e7e:	0030      	movs	r0, r6
10009e80:	bc80      	pop	{r7}
10009e82:	46b8      	mov	r8, r7
10009e84:	bdf0      	pop	{r4, r5, r6, r7, pc}
10009e86:	6871      	ldr	r1, [r6, #4]
10009e88:	4640      	mov	r0, r8
10009e8a:	3101      	adds	r1, #1
10009e8c:	f7ff ffa0 	bl	10009dd0 <_Balloc>
10009e90:	1e04      	subs	r4, r0, #0
10009e92:	d016      	beq.n	10009ec2 <__multadd+0x8e>
10009e94:	0031      	movs	r1, r6
10009e96:	6932      	ldr	r2, [r6, #16]
10009e98:	310c      	adds	r1, #12
10009e9a:	3202      	adds	r2, #2
10009e9c:	0092      	lsls	r2, r2, #2
10009e9e:	300c      	adds	r0, #12
10009ea0:	f7fd f8f6 	bl	10007090 <__wrap___aeabi_memcpy>
10009ea4:	4643      	mov	r3, r8
10009ea6:	6872      	ldr	r2, [r6, #4]
10009ea8:	6c5b      	ldr	r3, [r3, #68]	@ 0x44
10009eaa:	0092      	lsls	r2, r2, #2
10009eac:	189b      	adds	r3, r3, r2
10009eae:	681a      	ldr	r2, [r3, #0]
10009eb0:	6032      	str	r2, [r6, #0]
10009eb2:	601e      	str	r6, [r3, #0]
10009eb4:	0026      	movs	r6, r4
10009eb6:	00ab      	lsls	r3, r5, #2
10009eb8:	18f3      	adds	r3, r6, r3
10009eba:	3501      	adds	r5, #1
10009ebc:	615f      	str	r7, [r3, #20]
10009ebe:	6135      	str	r5, [r6, #16]
10009ec0:	e7dd      	b.n	10009e7e <__multadd+0x4a>
10009ec2:	2200      	movs	r2, #0
10009ec4:	21ba      	movs	r1, #186	@ 0xba
10009ec6:	4b02      	ldr	r3, [pc, #8]	@ (10009ed0 <__multadd+0x9c>)
10009ec8:	4802      	ldr	r0, [pc, #8]	@ (10009ed4 <__multadd+0xa0>)
10009eca:	f7f9 ff95 	bl	10003df8 <__assert_func>
10009ece:	46c0      	nop			@ (mov r8, r8)
10009ed0:	1000ae90 	.word	0x1000ae90
10009ed4:	1000af08 	.word	0x1000af08

10009ed8 <__s2b>:
10009ed8:	b5f8      	push	{r3, r4, r5, r6, r7, lr}
10009eda:	4647      	mov	r7, r8
10009edc:	46ce      	mov	lr, r9
10009ede:	0006      	movs	r6, r0
10009ee0:	0018      	movs	r0, r3
10009ee2:	b580      	push	{r7, lr}
10009ee4:	000c      	movs	r4, r1
10009ee6:	3008      	adds	r0, #8
10009ee8:	2109      	movs	r1, #9
10009eea:	001f      	movs	r7, r3
10009eec:	4690      	mov	r8, r2
10009eee:	f7fb fc91 	bl	10005814 <__wrap___aeabi_idiv>
10009ef2:	2f09      	cmp	r7, #9
10009ef4:	dd3b      	ble.n	10009f6e <__s2b+0x96>
10009ef6:	2501      	movs	r5, #1
10009ef8:	2100      	movs	r1, #0
10009efa:	006d      	lsls	r5, r5, #1
10009efc:	3101      	adds	r1, #1
10009efe:	42a8      	cmp	r0, r5
10009f00:	dcfb      	bgt.n	10009efa <__s2b+0x22>
10009f02:	0030      	movs	r0, r6
10009f04:	f7ff ff64 	bl	10009dd0 <_Balloc>
10009f08:	1e01      	subs	r1, r0, #0
10009f0a:	d032      	beq.n	10009f72 <__s2b+0x9a>
10009f0c:	9b08      	ldr	r3, [sp, #32]
10009f0e:	6143      	str	r3, [r0, #20]
10009f10:	2301      	movs	r3, #1
10009f12:	6103      	str	r3, [r0, #16]
10009f14:	4643      	mov	r3, r8
10009f16:	2b09      	cmp	r3, #9
10009f18:	dc16      	bgt.n	10009f48 <__s2b+0x70>
10009f1a:	2309      	movs	r3, #9
10009f1c:	4698      	mov	r8, r3
10009f1e:	340a      	adds	r4, #10
10009f20:	4547      	cmp	r7, r8
10009f22:	dd0c      	ble.n	10009f3e <__s2b+0x66>
10009f24:	4643      	mov	r3, r8
10009f26:	19e7      	adds	r7, r4, r7
10009f28:	1aff      	subs	r7, r7, r3
10009f2a:	7823      	ldrb	r3, [r4, #0]
10009f2c:	220a      	movs	r2, #10
10009f2e:	0030      	movs	r0, r6
10009f30:	3b30      	subs	r3, #48	@ 0x30
10009f32:	f7ff ff7f 	bl	10009e34 <__multadd>
10009f36:	3401      	adds	r4, #1
10009f38:	0001      	movs	r1, r0
10009f3a:	42bc      	cmp	r4, r7
10009f3c:	d1f5      	bne.n	10009f2a <__s2b+0x52>
10009f3e:	0008      	movs	r0, r1
10009f40:	bcc0      	pop	{r6, r7}
10009f42:	46b9      	mov	r9, r7
10009f44:	46b0      	mov	r8, r6
10009f46:	bdf8      	pop	{r3, r4, r5, r6, r7, pc}
10009f48:	2309      	movs	r3, #9
10009f4a:	4699      	mov	r9, r3
10009f4c:	44a1      	add	r9, r4
10009f4e:	464d      	mov	r5, r9
10009f50:	4444      	add	r4, r8
10009f52:	782b      	ldrb	r3, [r5, #0]
10009f54:	220a      	movs	r2, #10
10009f56:	0030      	movs	r0, r6
10009f58:	3b30      	subs	r3, #48	@ 0x30
10009f5a:	f7ff ff6b 	bl	10009e34 <__multadd>
10009f5e:	3501      	adds	r5, #1
10009f60:	0001      	movs	r1, r0
10009f62:	42a5      	cmp	r5, r4
10009f64:	d1f5      	bne.n	10009f52 <__s2b+0x7a>
10009f66:	464c      	mov	r4, r9
10009f68:	4444      	add	r4, r8
10009f6a:	3c08      	subs	r4, #8
10009f6c:	e7d8      	b.n	10009f20 <__s2b+0x48>
10009f6e:	2100      	movs	r1, #0
10009f70:	e7c7      	b.n	10009f02 <__s2b+0x2a>
10009f72:	2200      	movs	r2, #0
10009f74:	4b02      	ldr	r3, [pc, #8]	@ (10009f80 <__s2b+0xa8>)
10009f76:	4803      	ldr	r0, [pc, #12]	@ (10009f84 <__s2b+0xac>)
10009f78:	31d3      	adds	r1, #211	@ 0xd3
10009f7a:	f7f9 ff3d 	bl	10003df8 <__assert_func>
10009f7e:	46c0      	nop			@ (mov r8, r8)
10009f80:	1000ae90 	.word	0x1000ae90
10009f84:	1000af08 	.word	0x1000af08

10009f88 <__hi0bits>:
10009f88:	2280      	movs	r2, #128	@ 0x80
10009f8a:	0003      	movs	r3, r0
10009f8c:	0252      	lsls	r2, r2, #9
10009f8e:	2000      	movs	r0, #0
10009f90:	4293      	cmp	r3, r2
10009f92:	d201      	bcs.n	10009f98 <__hi0bits+0x10>
10009f94:	041b      	lsls	r3, r3, #16
10009f96:	3010      	adds	r0, #16
10009f98:	2280      	movs	r2, #128	@ 0x80
10009f9a:	0452      	lsls	r2, r2, #17
10009f9c:	4293      	cmp	r3, r2
10009f9e:	d201      	bcs.n	10009fa4 <__hi0bits+0x1c>
10009fa0:	3008      	adds	r0, #8
10009fa2:	021b      	lsls	r3, r3, #8
10009fa4:	2280      	movs	r2, #128	@ 0x80
10009fa6:	0552      	lsls	r2, r2, #21
10009fa8:	4293      	cmp	r3, r2
10009faa:	d307      	bcc.n	10009fbc <__hi0bits+0x34>
10009fac:	2280      	movs	r2, #128	@ 0x80
10009fae:	05d2      	lsls	r2, r2, #23
10009fb0:	4293      	cmp	r3, r2
10009fb2:	d214      	bcs.n	10009fde <__hi0bits+0x56>
10009fb4:	009b      	lsls	r3, r3, #2
10009fb6:	d414      	bmi.n	10009fe2 <__hi0bits+0x5a>
10009fb8:	3003      	adds	r0, #3
10009fba:	e008      	b.n	10009fce <__hi0bits+0x46>
10009fbc:	2180      	movs	r1, #128	@ 0x80
10009fbe:	3004      	adds	r0, #4
10009fc0:	011a      	lsls	r2, r3, #4
10009fc2:	05c9      	lsls	r1, r1, #23
10009fc4:	428a      	cmp	r2, r1
10009fc6:	d303      	bcc.n	10009fd0 <__hi0bits+0x48>
10009fc8:	43d2      	mvns	r2, r2
10009fca:	0fd2      	lsrs	r2, r2, #31
10009fcc:	1880      	adds	r0, r0, r2
10009fce:	4770      	bx	lr
10009fd0:	019a      	lsls	r2, r3, #6
10009fd2:	019b      	lsls	r3, r3, #6
10009fd4:	d405      	bmi.n	10009fe2 <__hi0bits+0x5a>
10009fd6:	420a      	tst	r2, r1
10009fd8:	d1ee      	bne.n	10009fb8 <__hi0bits+0x30>
10009fda:	2020      	movs	r0, #32
10009fdc:	e7f7      	b.n	10009fce <__hi0bits+0x46>
10009fde:	001a      	movs	r2, r3
10009fe0:	e7f2      	b.n	10009fc8 <__hi0bits+0x40>
10009fe2:	3002      	adds	r0, #2
10009fe4:	e7f3      	b.n	10009fce <__hi0bits+0x46>
10009fe6:	46c0      	nop			@ (mov r8, r8)

10009fe8 <__lo0bits>:
10009fe8:	6803      	ldr	r3, [r0, #0]
10009fea:	0001      	movs	r1, r0
10009fec:	b510      	push	{r4, lr}
10009fee:	075a      	lsls	r2, r3, #29
10009ff0:	d007      	beq.n	1000a002 <__lo0bits+0x1a>
10009ff2:	07da      	lsls	r2, r3, #31
10009ff4:	d42b      	bmi.n	1000a04e <__lo0bits+0x66>
10009ff6:	079a      	lsls	r2, r3, #30
10009ff8:	d52e      	bpl.n	1000a058 <__lo0bits+0x70>
10009ffa:	085b      	lsrs	r3, r3, #1
10009ffc:	6003      	str	r3, [r0, #0]
10009ffe:	2001      	movs	r0, #1
1000a000:	bd10      	pop	{r4, pc}
1000a002:	041a      	lsls	r2, r3, #16
1000a004:	d110      	bne.n	1000a028 <__lo0bits+0x40>
1000a006:	22ff      	movs	r2, #255	@ 0xff
1000a008:	0c1b      	lsrs	r3, r3, #16
1000a00a:	2010      	movs	r0, #16
1000a00c:	421a      	tst	r2, r3
1000a00e:	d101      	bne.n	1000a014 <__lo0bits+0x2c>
1000a010:	3008      	adds	r0, #8
1000a012:	0a1b      	lsrs	r3, r3, #8
1000a014:	071a      	lsls	r2, r3, #28
1000a016:	d017      	beq.n	1000a048 <__lo0bits+0x60>
1000a018:	079a      	lsls	r2, r3, #30
1000a01a:	d00e      	beq.n	1000a03a <__lo0bits+0x52>
1000a01c:	07da      	lsls	r2, r3, #31
1000a01e:	d401      	bmi.n	1000a024 <__lo0bits+0x3c>
1000a020:	3001      	adds	r0, #1
1000a022:	085b      	lsrs	r3, r3, #1
1000a024:	600b      	str	r3, [r1, #0]
1000a026:	e7eb      	b.n	1000a000 <__lo0bits+0x18>
1000a028:	22ff      	movs	r2, #255	@ 0xff
1000a02a:	421a      	tst	r2, r3
1000a02c:	d011      	beq.n	1000a052 <__lo0bits+0x6a>
1000a02e:	071a      	lsls	r2, r3, #28
1000a030:	d11a      	bne.n	1000a068 <__lo0bits+0x80>
1000a032:	2004      	movs	r0, #4
1000a034:	091b      	lsrs	r3, r3, #4
1000a036:	079a      	lsls	r2, r3, #30
1000a038:	d1f0      	bne.n	1000a01c <__lo0bits+0x34>
1000a03a:	089a      	lsrs	r2, r3, #2
1000a03c:	075c      	lsls	r4, r3, #29
1000a03e:	d50f      	bpl.n	1000a060 <__lo0bits+0x78>
1000a040:	0013      	movs	r3, r2
1000a042:	3002      	adds	r0, #2
1000a044:	600b      	str	r3, [r1, #0]
1000a046:	e7db      	b.n	1000a000 <__lo0bits+0x18>
1000a048:	3004      	adds	r0, #4
1000a04a:	091b      	lsrs	r3, r3, #4
1000a04c:	e7f3      	b.n	1000a036 <__lo0bits+0x4e>
1000a04e:	2000      	movs	r0, #0
1000a050:	e7d6      	b.n	1000a000 <__lo0bits+0x18>
1000a052:	2008      	movs	r0, #8
1000a054:	0a1b      	lsrs	r3, r3, #8
1000a056:	e7dd      	b.n	1000a014 <__lo0bits+0x2c>
1000a058:	089b      	lsrs	r3, r3, #2
1000a05a:	6003      	str	r3, [r0, #0]
1000a05c:	2002      	movs	r0, #2
1000a05e:	e7cf      	b.n	1000a000 <__lo0bits+0x18>
1000a060:	08db      	lsrs	r3, r3, #3
1000a062:	d105      	bne.n	1000a070 <__lo0bits+0x88>
1000a064:	2020      	movs	r0, #32
1000a066:	e7cb      	b.n	1000a000 <__lo0bits+0x18>
1000a068:	08db      	lsrs	r3, r3, #3
1000a06a:	2003      	movs	r0, #3
1000a06c:	600b      	str	r3, [r1, #0]
1000a06e:	e7c7      	b.n	1000a000 <__lo0bits+0x18>
1000a070:	3003      	adds	r0, #3
1000a072:	600b      	str	r3, [r1, #0]
1000a074:	e7c4      	b.n	1000a000 <__lo0bits+0x18>
1000a076:	46c0      	nop			@ (mov r8, r8)

1000a078 <__i2b>:
1000a078:	6c43      	ldr	r3, [r0, #68]	@ 0x44
1000a07a:	b570      	push	{r4, r5, r6, lr}
1000a07c:	0004      	movs	r4, r0
1000a07e:	000d      	movs	r5, r1
1000a080:	2b00      	cmp	r3, #0
1000a082:	d00a      	beq.n	1000a09a <__i2b+0x22>
1000a084:	6858      	ldr	r0, [r3, #4]
1000a086:	2800      	cmp	r0, #0
1000a088:	d015      	beq.n	1000a0b6 <__i2b+0x3e>
1000a08a:	6802      	ldr	r2, [r0, #0]
1000a08c:	605a      	str	r2, [r3, #4]
1000a08e:	2300      	movs	r3, #0
1000a090:	60c3      	str	r3, [r0, #12]
1000a092:	3301      	adds	r3, #1
1000a094:	6145      	str	r5, [r0, #20]
1000a096:	6103      	str	r3, [r0, #16]
1000a098:	bd70      	pop	{r4, r5, r6, pc}
1000a09a:	2221      	movs	r2, #33	@ 0x21
1000a09c:	2104      	movs	r1, #4
1000a09e:	f7fd fb4f 	bl	10007740 <_calloc_r>
1000a0a2:	1e03      	subs	r3, r0, #0
1000a0a4:	6460      	str	r0, [r4, #68]	@ 0x44
1000a0a6:	d1ed      	bne.n	1000a084 <__i2b+0xc>
1000a0a8:	2146      	movs	r1, #70	@ 0x46
1000a0aa:	2200      	movs	r2, #0
1000a0ac:	4b08      	ldr	r3, [pc, #32]	@ (1000a0d0 <__i2b+0x58>)
1000a0ae:	4809      	ldr	r0, [pc, #36]	@ (1000a0d4 <__i2b+0x5c>)
1000a0b0:	31ff      	adds	r1, #255	@ 0xff
1000a0b2:	f7f9 fea1 	bl	10003df8 <__assert_func>
1000a0b6:	221c      	movs	r2, #28
1000a0b8:	2101      	movs	r1, #1
1000a0ba:	0020      	movs	r0, r4
1000a0bc:	f7fd fb40 	bl	10007740 <_calloc_r>
1000a0c0:	2800      	cmp	r0, #0
1000a0c2:	d0f1      	beq.n	1000a0a8 <__i2b+0x30>
1000a0c4:	2301      	movs	r3, #1
1000a0c6:	6043      	str	r3, [r0, #4]
1000a0c8:	3301      	adds	r3, #1
1000a0ca:	6083      	str	r3, [r0, #8]
1000a0cc:	e7df      	b.n	1000a08e <__i2b+0x16>
1000a0ce:	46c0      	nop			@ (mov r8, r8)
1000a0d0:	1000ae90 	.word	0x1000ae90
1000a0d4:	1000af08 	.word	0x1000af08

1000a0d8 <__multiply>:
1000a0d8:	b5f0      	push	{r4, r5, r6, r7, lr}
1000a0da:	464e      	mov	r6, r9
1000a0dc:	4657      	mov	r7, sl
1000a0de:	4645      	mov	r5, r8
1000a0e0:	46de      	mov	lr, fp
1000a0e2:	b5e0      	push	{r5, r6, r7, lr}
1000a0e4:	690b      	ldr	r3, [r1, #16]
1000a0e6:	6916      	ldr	r6, [r2, #16]
1000a0e8:	468a      	mov	sl, r1
1000a0ea:	4691      	mov	r9, r2
1000a0ec:	4698      	mov	r8, r3
1000a0ee:	b085      	sub	sp, #20
1000a0f0:	42b3      	cmp	r3, r6
1000a0f2:	db04      	blt.n	1000a0fe <__multiply+0x26>
1000a0f4:	0033      	movs	r3, r6
1000a0f6:	4689      	mov	r9, r1
1000a0f8:	4646      	mov	r6, r8
1000a0fa:	4692      	mov	sl, r2
1000a0fc:	4698      	mov	r8, r3
1000a0fe:	464b      	mov	r3, r9
1000a100:	6859      	ldr	r1, [r3, #4]
1000a102:	4643      	mov	r3, r8
1000a104:	18f5      	adds	r5, r6, r3
1000a106:	464b      	mov	r3, r9
1000a108:	689b      	ldr	r3, [r3, #8]
1000a10a:	42ab      	cmp	r3, r5
1000a10c:	da00      	bge.n	1000a110 <__multiply+0x38>
1000a10e:	3101      	adds	r1, #1
1000a110:	f7ff fe5e 	bl	10009dd0 <_Balloc>
1000a114:	1e07      	subs	r7, r0, #0
1000a116:	d100      	bne.n	1000a11a <__multiply+0x42>
1000a118:	e0aa      	b.n	1000a270 <__multiply+0x198>
1000a11a:	2314      	movs	r3, #20
1000a11c:	469c      	mov	ip, r3
1000a11e:	4484      	add	ip, r0
1000a120:	4663      	mov	r3, ip
1000a122:	00ac      	lsls	r4, r5, #2
1000a124:	4464      	add	r4, ip
1000a126:	0018      	movs	r0, r3
1000a128:	2200      	movs	r2, #0
1000a12a:	42a3      	cmp	r3, r4
1000a12c:	d202      	bcs.n	1000a134 <__multiply+0x5c>
1000a12e:	c304      	stmia	r3!, {r2}
1000a130:	429c      	cmp	r4, r3
1000a132:	d8fc      	bhi.n	1000a12e <__multiply+0x56>
1000a134:	2314      	movs	r3, #20
1000a136:	444b      	add	r3, r9
1000a138:	469b      	mov	fp, r3
1000a13a:	4643      	mov	r3, r8
1000a13c:	4651      	mov	r1, sl
1000a13e:	009b      	lsls	r3, r3, #2
1000a140:	4698      	mov	r8, r3
1000a142:	3114      	adds	r1, #20
1000a144:	00b6      	lsls	r6, r6, #2
1000a146:	4488      	add	r8, r1
1000a148:	445e      	add	r6, fp
1000a14a:	4541      	cmp	r1, r8
1000a14c:	d276      	bcs.n	1000a23c <__multiply+0x164>
1000a14e:	2300      	movs	r3, #0
1000a150:	469a      	mov	sl, r3
1000a152:	464b      	mov	r3, r9
1000a154:	3315      	adds	r3, #21
1000a156:	429e      	cmp	r6, r3
1000a158:	d300      	bcc.n	1000a15c <__multiply+0x84>
1000a15a:	e082      	b.n	1000a262 <__multiply+0x18a>
1000a15c:	465b      	mov	r3, fp
1000a15e:	9301      	str	r3, [sp, #4]
1000a160:	4643      	mov	r3, r8
1000a162:	9300      	str	r3, [sp, #0]
1000a164:	4653      	mov	r3, sl
1000a166:	46b4      	mov	ip, r6
1000a168:	46a2      	mov	sl, r4
1000a16a:	46ab      	mov	fp, r5
1000a16c:	46b9      	mov	r9, r7
1000a16e:	000c      	movs	r4, r1
1000a170:	9302      	str	r3, [sp, #8]
1000a172:	e006      	b.n	1000a182 <__multiply+0xaa>
1000a174:	0c2d      	lsrs	r5, r5, #16
1000a176:	d132      	bne.n	1000a1de <__multiply+0x106>
1000a178:	9b00      	ldr	r3, [sp, #0]
1000a17a:	3404      	adds	r4, #4
1000a17c:	3004      	adds	r0, #4
1000a17e:	42a3      	cmp	r3, r4
1000a180:	d959      	bls.n	1000a236 <__multiply+0x15e>
1000a182:	6825      	ldr	r5, [r4, #0]
1000a184:	042b      	lsls	r3, r5, #16
1000a186:	0c19      	lsrs	r1, r3, #16
1000a188:	2b00      	cmp	r3, #0
1000a18a:	d0f3      	beq.n	1000a174 <__multiply+0x9c>
1000a18c:	9d01      	ldr	r5, [sp, #4]
1000a18e:	4653      	mov	r3, sl
1000a190:	46a0      	mov	r8, r4
1000a192:	2600      	movs	r6, #0
1000a194:	000c      	movs	r4, r1
1000a196:	4682      	mov	sl, r0
1000a198:	002f      	movs	r7, r5
1000a19a:	9303      	str	r3, [sp, #12]
1000a19c:	cf08      	ldmia	r7!, {r3}
1000a19e:	6801      	ldr	r1, [r0, #0]
1000a1a0:	041a      	lsls	r2, r3, #16
1000a1a2:	0c12      	lsrs	r2, r2, #16
1000a1a4:	4362      	muls	r2, r4
1000a1a6:	0c1b      	lsrs	r3, r3, #16
1000a1a8:	040d      	lsls	r5, r1, #16
1000a1aa:	4363      	muls	r3, r4
1000a1ac:	0c2d      	lsrs	r5, r5, #16
1000a1ae:	1952      	adds	r2, r2, r5
1000a1b0:	1992      	adds	r2, r2, r6
1000a1b2:	0c09      	lsrs	r1, r1, #16
1000a1b4:	185b      	adds	r3, r3, r1
1000a1b6:	0c11      	lsrs	r1, r2, #16
1000a1b8:	185b      	adds	r3, r3, r1
1000a1ba:	0412      	lsls	r2, r2, #16
1000a1bc:	0c1e      	lsrs	r6, r3, #16
1000a1be:	0c12      	lsrs	r2, r2, #16
1000a1c0:	041b      	lsls	r3, r3, #16
1000a1c2:	4313      	orrs	r3, r2
1000a1c4:	c008      	stmia	r0!, {r3}
1000a1c6:	45bc      	cmp	ip, r7
1000a1c8:	d8e8      	bhi.n	1000a19c <__multiply+0xc4>
1000a1ca:	4650      	mov	r0, sl
1000a1cc:	4644      	mov	r4, r8
1000a1ce:	9b03      	ldr	r3, [sp, #12]
1000a1d0:	469a      	mov	sl, r3
1000a1d2:	9b02      	ldr	r3, [sp, #8]
1000a1d4:	18c3      	adds	r3, r0, r3
1000a1d6:	605e      	str	r6, [r3, #4]
1000a1d8:	6825      	ldr	r5, [r4, #0]
1000a1da:	0c2d      	lsrs	r5, r5, #16
1000a1dc:	d0cc      	beq.n	1000a178 <__multiply+0xa0>
1000a1de:	0006      	movs	r6, r0
1000a1e0:	2200      	movs	r2, #0
1000a1e2:	6803      	ldr	r3, [r0, #0]
1000a1e4:	46a0      	mov	r8, r4
1000a1e6:	4660      	mov	r0, ip
1000a1e8:	0019      	movs	r1, r3
1000a1ea:	0014      	movs	r4, r2
1000a1ec:	46b4      	mov	ip, r6
1000a1ee:	9f01      	ldr	r7, [sp, #4]
1000a1f0:	883a      	ldrh	r2, [r7, #0]
1000a1f2:	0c09      	lsrs	r1, r1, #16
1000a1f4:	436a      	muls	r2, r5
1000a1f6:	1912      	adds	r2, r2, r4
1000a1f8:	1852      	adds	r2, r2, r1
1000a1fa:	041b      	lsls	r3, r3, #16
1000a1fc:	0411      	lsls	r1, r2, #16
1000a1fe:	0c1b      	lsrs	r3, r3, #16
1000a200:	430b      	orrs	r3, r1
1000a202:	6033      	str	r3, [r6, #0]
1000a204:	cf10      	ldmia	r7!, {r4}
1000a206:	6871      	ldr	r1, [r6, #4]
1000a208:	0c24      	lsrs	r4, r4, #16
1000a20a:	436c      	muls	r4, r5
1000a20c:	040b      	lsls	r3, r1, #16
1000a20e:	0c1b      	lsrs	r3, r3, #16
1000a210:	18e3      	adds	r3, r4, r3
1000a212:	0c12      	lsrs	r2, r2, #16
1000a214:	189b      	adds	r3, r3, r2
1000a216:	0c1c      	lsrs	r4, r3, #16
1000a218:	3604      	adds	r6, #4
1000a21a:	42b8      	cmp	r0, r7
1000a21c:	d8e8      	bhi.n	1000a1f0 <__multiply+0x118>
1000a21e:	4662      	mov	r2, ip
1000a220:	4684      	mov	ip, r0
1000a222:	0010      	movs	r0, r2
1000a224:	4644      	mov	r4, r8
1000a226:	9a02      	ldr	r2, [sp, #8]
1000a228:	3404      	adds	r4, #4
1000a22a:	1882      	adds	r2, r0, r2
1000a22c:	6053      	str	r3, [r2, #4]
1000a22e:	9b00      	ldr	r3, [sp, #0]
1000a230:	3004      	adds	r0, #4
1000a232:	42a3      	cmp	r3, r4
1000a234:	d8a5      	bhi.n	1000a182 <__multiply+0xaa>
1000a236:	4654      	mov	r4, sl
1000a238:	465d      	mov	r5, fp
1000a23a:	464f      	mov	r7, r9
1000a23c:	2d00      	cmp	r5, #0
1000a23e:	dc03      	bgt.n	1000a248 <__multiply+0x170>
1000a240:	e006      	b.n	1000a250 <__multiply+0x178>
1000a242:	3d01      	subs	r5, #1
1000a244:	2d00      	cmp	r5, #0
1000a246:	d003      	beq.n	1000a250 <__multiply+0x178>
1000a248:	3c04      	subs	r4, #4
1000a24a:	6823      	ldr	r3, [r4, #0]
1000a24c:	2b00      	cmp	r3, #0
1000a24e:	d0f8      	beq.n	1000a242 <__multiply+0x16a>
1000a250:	0038      	movs	r0, r7
1000a252:	613d      	str	r5, [r7, #16]
1000a254:	b005      	add	sp, #20
1000a256:	bcf0      	pop	{r4, r5, r6, r7}
1000a258:	46bb      	mov	fp, r7
1000a25a:	46b2      	mov	sl, r6
1000a25c:	46a9      	mov	r9, r5
1000a25e:	46a0      	mov	r8, r4
1000a260:	bdf0      	pop	{r4, r5, r6, r7, pc}
1000a262:	464b      	mov	r3, r9
1000a264:	1af3      	subs	r3, r6, r3
1000a266:	3b15      	subs	r3, #21
1000a268:	089b      	lsrs	r3, r3, #2
1000a26a:	009b      	lsls	r3, r3, #2
1000a26c:	469a      	mov	sl, r3
1000a26e:	e775      	b.n	1000a15c <__multiply+0x84>
1000a270:	21b1      	movs	r1, #177	@ 0xb1
1000a272:	2200      	movs	r2, #0
1000a274:	4b02      	ldr	r3, [pc, #8]	@ (1000a280 <__multiply+0x1a8>)
1000a276:	4803      	ldr	r0, [pc, #12]	@ (1000a284 <__multiply+0x1ac>)
1000a278:	0049      	lsls	r1, r1, #1
1000a27a:	f7f9 fdbd 	bl	10003df8 <__assert_func>
1000a27e:	46c0      	nop			@ (mov r8, r8)
1000a280:	1000ae90 	.word	0x1000ae90
1000a284:	1000af08 	.word	0x1000af08

1000a288 <__pow5mult>:
1000a288:	b5f8      	push	{r3, r4, r5, r6, r7, lr}
1000a28a:	2303      	movs	r3, #3
1000a28c:	4647      	mov	r7, r8
1000a28e:	0014      	movs	r4, r2
1000a290:	46ce      	mov	lr, r9
1000a292:	001a      	movs	r2, r3
1000a294:	b580      	push	{r7, lr}
1000a296:	000e      	movs	r6, r1
1000a298:	0007      	movs	r7, r0
1000a29a:	4022      	ands	r2, r4
1000a29c:	4223      	tst	r3, r4
1000a29e:	d139      	bne.n	1000a314 <__pow5mult+0x8c>
1000a2a0:	10a4      	asrs	r4, r4, #2
1000a2a2:	d032      	beq.n	1000a30a <__pow5mult+0x82>
1000a2a4:	6c3d      	ldr	r5, [r7, #64]	@ 0x40
1000a2a6:	2d00      	cmp	r5, #0
1000a2a8:	d03d      	beq.n	1000a326 <__pow5mult+0x9e>
1000a2aa:	2301      	movs	r3, #1
1000a2ac:	4698      	mov	r8, r3
1000a2ae:	2300      	movs	r3, #0
1000a2b0:	4699      	mov	r9, r3
1000a2b2:	4643      	mov	r3, r8
1000a2b4:	4023      	ands	r3, r4
1000a2b6:	1064      	asrs	r4, r4, #1
1000a2b8:	2b00      	cmp	r3, #0
1000a2ba:	d108      	bne.n	1000a2ce <__pow5mult+0x46>
1000a2bc:	6828      	ldr	r0, [r5, #0]
1000a2be:	2800      	cmp	r0, #0
1000a2c0:	d019      	beq.n	1000a2f6 <__pow5mult+0x6e>
1000a2c2:	0005      	movs	r5, r0
1000a2c4:	4643      	mov	r3, r8
1000a2c6:	4023      	ands	r3, r4
1000a2c8:	1064      	asrs	r4, r4, #1
1000a2ca:	2b00      	cmp	r3, #0
1000a2cc:	d0f6      	beq.n	1000a2bc <__pow5mult+0x34>
1000a2ce:	002a      	movs	r2, r5
1000a2d0:	0031      	movs	r1, r6
1000a2d2:	0038      	movs	r0, r7
1000a2d4:	f7ff ff00 	bl	1000a0d8 <__multiply>
1000a2d8:	2e00      	cmp	r6, #0
1000a2da:	d006      	beq.n	1000a2ea <__pow5mult+0x62>
1000a2dc:	6872      	ldr	r2, [r6, #4]
1000a2de:	6c7b      	ldr	r3, [r7, #68]	@ 0x44
1000a2e0:	0092      	lsls	r2, r2, #2
1000a2e2:	189b      	adds	r3, r3, r2
1000a2e4:	681a      	ldr	r2, [r3, #0]
1000a2e6:	6032      	str	r2, [r6, #0]
1000a2e8:	601e      	str	r6, [r3, #0]
1000a2ea:	2c00      	cmp	r4, #0
1000a2ec:	d00e      	beq.n	1000a30c <__pow5mult+0x84>
1000a2ee:	0006      	movs	r6, r0
1000a2f0:	6828      	ldr	r0, [r5, #0]
1000a2f2:	2800      	cmp	r0, #0
1000a2f4:	d1e5      	bne.n	1000a2c2 <__pow5mult+0x3a>
1000a2f6:	002a      	movs	r2, r5
1000a2f8:	0029      	movs	r1, r5
1000a2fa:	0038      	movs	r0, r7
1000a2fc:	f7ff feec 	bl	1000a0d8 <__multiply>
1000a300:	464b      	mov	r3, r9
1000a302:	6028      	str	r0, [r5, #0]
1000a304:	0005      	movs	r5, r0
1000a306:	6003      	str	r3, [r0, #0]
1000a308:	e7dc      	b.n	1000a2c4 <__pow5mult+0x3c>
1000a30a:	0030      	movs	r0, r6
1000a30c:	bcc0      	pop	{r6, r7}
1000a30e:	46b9      	mov	r9, r7
1000a310:	46b0      	mov	r8, r6
1000a312:	bdf8      	pop	{r3, r4, r5, r6, r7, pc}
1000a314:	4b0e      	ldr	r3, [pc, #56]	@ (1000a350 <__pow5mult+0xc8>)
1000a316:	3a01      	subs	r2, #1
1000a318:	0092      	lsls	r2, r2, #2
1000a31a:	58d2      	ldr	r2, [r2, r3]
1000a31c:	2300      	movs	r3, #0
1000a31e:	f7ff fd89 	bl	10009e34 <__multadd>
1000a322:	0006      	movs	r6, r0
1000a324:	e7bc      	b.n	1000a2a0 <__pow5mult+0x18>
1000a326:	2101      	movs	r1, #1
1000a328:	0038      	movs	r0, r7
1000a32a:	f7ff fd51 	bl	10009dd0 <_Balloc>
1000a32e:	1e05      	subs	r5, r0, #0
1000a330:	d007      	beq.n	1000a342 <__pow5mult+0xba>
1000a332:	4b08      	ldr	r3, [pc, #32]	@ (1000a354 <__pow5mult+0xcc>)
1000a334:	6143      	str	r3, [r0, #20]
1000a336:	2301      	movs	r3, #1
1000a338:	6103      	str	r3, [r0, #16]
1000a33a:	2300      	movs	r3, #0
1000a33c:	6438      	str	r0, [r7, #64]	@ 0x40
1000a33e:	6003      	str	r3, [r0, #0]
1000a340:	e7b3      	b.n	1000a2aa <__pow5mult+0x22>
1000a342:	2146      	movs	r1, #70	@ 0x46
1000a344:	2200      	movs	r2, #0
1000a346:	4b04      	ldr	r3, [pc, #16]	@ (1000a358 <__pow5mult+0xd0>)
1000a348:	4804      	ldr	r0, [pc, #16]	@ (1000a35c <__pow5mult+0xd4>)
1000a34a:	31ff      	adds	r1, #255	@ 0xff
1000a34c:	f7f9 fd54 	bl	10003df8 <__assert_func>
1000a350:	1000b5cc 	.word	0x1000b5cc
1000a354:	00000271 	.word	0x00000271
1000a358:	1000ae90 	.word	0x1000ae90
1000a35c:	1000af08 	.word	0x1000af08

1000a360 <__lshift>:
1000a360:	b5f0      	push	{r4, r5, r6, r7, lr}
1000a362:	4645      	mov	r5, r8
1000a364:	46de      	mov	lr, fp
1000a366:	4657      	mov	r7, sl
1000a368:	464e      	mov	r6, r9
1000a36a:	b5e0      	push	{r5, r6, r7, lr}
1000a36c:	000d      	movs	r5, r1
1000a36e:	692b      	ldr	r3, [r5, #16]
1000a370:	1154      	asrs	r4, r2, #5
1000a372:	4698      	mov	r8, r3
1000a374:	44a0      	add	r8, r4
1000a376:	4643      	mov	r3, r8
1000a378:	1c5e      	adds	r6, r3, #1
1000a37a:	68ab      	ldr	r3, [r5, #8]
1000a37c:	4683      	mov	fp, r0
1000a37e:	0017      	movs	r7, r2
1000a380:	6849      	ldr	r1, [r1, #4]
1000a382:	b083      	sub	sp, #12
1000a384:	429e      	cmp	r6, r3
1000a386:	dd03      	ble.n	1000a390 <__lshift+0x30>
1000a388:	3101      	adds	r1, #1
1000a38a:	005b      	lsls	r3, r3, #1
1000a38c:	429e      	cmp	r6, r3
1000a38e:	dcfb      	bgt.n	1000a388 <__lshift+0x28>
1000a390:	4658      	mov	r0, fp
1000a392:	f7ff fd1d 	bl	10009dd0 <_Balloc>
1000a396:	4684      	mov	ip, r0
1000a398:	2800      	cmp	r0, #0
1000a39a:	d054      	beq.n	1000a446 <__lshift+0xe6>
1000a39c:	0001      	movs	r1, r0
1000a39e:	3114      	adds	r1, #20
1000a3a0:	000b      	movs	r3, r1
1000a3a2:	9101      	str	r1, [sp, #4]
1000a3a4:	2c00      	cmp	r4, #0
1000a3a6:	dd0c      	ble.n	1000a3c2 <__lshift+0x62>
1000a3a8:	00a4      	lsls	r4, r4, #2
1000a3aa:	0022      	movs	r2, r4
1000a3ac:	2000      	movs	r0, #0
1000a3ae:	3214      	adds	r2, #20
1000a3b0:	4462      	add	r2, ip
1000a3b2:	c301      	stmia	r3!, {r0}
1000a3b4:	4293      	cmp	r3, r2
1000a3b6:	d1fc      	bne.n	1000a3b2 <__lshift+0x52>
1000a3b8:	9b01      	ldr	r3, [sp, #4]
1000a3ba:	4699      	mov	r9, r3
1000a3bc:	44a1      	add	r9, r4
1000a3be:	464b      	mov	r3, r9
1000a3c0:	9301      	str	r3, [sp, #4]
1000a3c2:	221f      	movs	r2, #31
1000a3c4:	002b      	movs	r3, r5
1000a3c6:	0011      	movs	r1, r2
1000a3c8:	692c      	ldr	r4, [r5, #16]
1000a3ca:	3314      	adds	r3, #20
1000a3cc:	00a4      	lsls	r4, r4, #2
1000a3ce:	4039      	ands	r1, r7
1000a3d0:	468a      	mov	sl, r1
1000a3d2:	191c      	adds	r4, r3, r4
1000a3d4:	423a      	tst	r2, r7
1000a3d6:	d030      	beq.n	1000a43a <__lshift+0xda>
1000a3d8:	3201      	adds	r2, #1
1000a3da:	1a52      	subs	r2, r2, r1
1000a3dc:	4691      	mov	r9, r2
1000a3de:	2700      	movs	r7, #0
1000a3e0:	9801      	ldr	r0, [sp, #4]
1000a3e2:	4651      	mov	r1, sl
1000a3e4:	681a      	ldr	r2, [r3, #0]
1000a3e6:	408a      	lsls	r2, r1
1000a3e8:	433a      	orrs	r2, r7
1000a3ea:	c004      	stmia	r0!, {r2}
1000a3ec:	464a      	mov	r2, r9
1000a3ee:	cb80      	ldmia	r3!, {r7}
1000a3f0:	40d7      	lsrs	r7, r2
1000a3f2:	429c      	cmp	r4, r3
1000a3f4:	d8f5      	bhi.n	1000a3e2 <__lshift+0x82>
1000a3f6:	002a      	movs	r2, r5
1000a3f8:	3215      	adds	r2, #21
1000a3fa:	2300      	movs	r3, #0
1000a3fc:	4294      	cmp	r4, r2
1000a3fe:	d303      	bcc.n	1000a408 <__lshift+0xa8>
1000a400:	1b63      	subs	r3, r4, r5
1000a402:	3b15      	subs	r3, #21
1000a404:	089b      	lsrs	r3, r3, #2
1000a406:	009b      	lsls	r3, r3, #2
1000a408:	9a01      	ldr	r2, [sp, #4]
1000a40a:	4691      	mov	r9, r2
1000a40c:	444b      	add	r3, r9
1000a40e:	605f      	str	r7, [r3, #4]
1000a410:	2f00      	cmp	r7, #0
1000a412:	d100      	bne.n	1000a416 <__lshift+0xb6>
1000a414:	4646      	mov	r6, r8
1000a416:	4663      	mov	r3, ip
1000a418:	611e      	str	r6, [r3, #16]
1000a41a:	465b      	mov	r3, fp
1000a41c:	4660      	mov	r0, ip
1000a41e:	686a      	ldr	r2, [r5, #4]
1000a420:	6c5b      	ldr	r3, [r3, #68]	@ 0x44
1000a422:	0092      	lsls	r2, r2, #2
1000a424:	189b      	adds	r3, r3, r2
1000a426:	681a      	ldr	r2, [r3, #0]
1000a428:	602a      	str	r2, [r5, #0]
1000a42a:	601d      	str	r5, [r3, #0]
1000a42c:	b003      	add	sp, #12
1000a42e:	bcf0      	pop	{r4, r5, r6, r7}
1000a430:	46bb      	mov	fp, r7
1000a432:	46b2      	mov	sl, r6
1000a434:	46a9      	mov	r9, r5
1000a436:	46a0      	mov	r8, r4
1000a438:	bdf0      	pop	{r4, r5, r6, r7, pc}
1000a43a:	9901      	ldr	r1, [sp, #4]
1000a43c:	cb04      	ldmia	r3!, {r2}
1000a43e:	c104      	stmia	r1!, {r2}
1000a440:	429c      	cmp	r4, r3
1000a442:	d8fb      	bhi.n	1000a43c <__lshift+0xdc>
1000a444:	e7e6      	b.n	1000a414 <__lshift+0xb4>
1000a446:	21ef      	movs	r1, #239	@ 0xef
1000a448:	2200      	movs	r2, #0
1000a44a:	4b02      	ldr	r3, [pc, #8]	@ (1000a454 <__lshift+0xf4>)
1000a44c:	4802      	ldr	r0, [pc, #8]	@ (1000a458 <__lshift+0xf8>)
1000a44e:	0049      	lsls	r1, r1, #1
1000a450:	f7f9 fcd2 	bl	10003df8 <__assert_func>
1000a454:	1000ae90 	.word	0x1000ae90
1000a458:	1000af08 	.word	0x1000af08

1000a45c <__mcmp>:
1000a45c:	6902      	ldr	r2, [r0, #16]
1000a45e:	690b      	ldr	r3, [r1, #16]
1000a460:	b530      	push	{r4, r5, lr}
1000a462:	0005      	movs	r5, r0
1000a464:	1ad0      	subs	r0, r2, r3
1000a466:	429a      	cmp	r2, r3
1000a468:	d114      	bne.n	1000a494 <__mcmp+0x38>
1000a46a:	009b      	lsls	r3, r3, #2
1000a46c:	3514      	adds	r5, #20
1000a46e:	3114      	adds	r1, #20
1000a470:	18ea      	adds	r2, r5, r3
1000a472:	18cb      	adds	r3, r1, r3
1000a474:	e001      	b.n	1000a47a <__mcmp+0x1e>
1000a476:	4295      	cmp	r5, r2
1000a478:	d20c      	bcs.n	1000a494 <__mcmp+0x38>
1000a47a:	3a04      	subs	r2, #4
1000a47c:	3b04      	subs	r3, #4
1000a47e:	6814      	ldr	r4, [r2, #0]
1000a480:	6819      	ldr	r1, [r3, #0]
1000a482:	428c      	cmp	r4, r1
1000a484:	d0f7      	beq.n	1000a476 <__mcmp+0x1a>
1000a486:	2300      	movs	r3, #0
1000a488:	428c      	cmp	r4, r1
1000a48a:	415b      	adcs	r3, r3
1000a48c:	2002      	movs	r0, #2
1000a48e:	425b      	negs	r3, r3
1000a490:	4018      	ands	r0, r3
1000a492:	3801      	subs	r0, #1
1000a494:	bd30      	pop	{r4, r5, pc}
1000a496:	46c0      	nop			@ (mov r8, r8)

1000a498 <__mdiff>:
1000a498:	b5f0      	push	{r4, r5, r6, r7, lr}
1000a49a:	4645      	mov	r5, r8
1000a49c:	4690      	mov	r8, r2
1000a49e:	46de      	mov	lr, fp
1000a4a0:	4657      	mov	r7, sl
1000a4a2:	464e      	mov	r6, r9
1000a4a4:	4643      	mov	r3, r8
1000a4a6:	b5e0      	push	{r5, r6, r7, lr}
1000a4a8:	690a      	ldr	r2, [r1, #16]
1000a4aa:	000c      	movs	r4, r1
1000a4ac:	6919      	ldr	r1, [r3, #16]
1000a4ae:	b083      	sub	sp, #12
1000a4b0:	1a55      	subs	r5, r2, r1
1000a4b2:	428a      	cmp	r2, r1
1000a4b4:	d114      	bne.n	1000a4e0 <__mdiff+0x48>
1000a4b6:	0027      	movs	r7, r4
1000a4b8:	4642      	mov	r2, r8
1000a4ba:	0089      	lsls	r1, r1, #2
1000a4bc:	3714      	adds	r7, #20
1000a4be:	3214      	adds	r2, #20
1000a4c0:	187b      	adds	r3, r7, r1
1000a4c2:	1852      	adds	r2, r2, r1
1000a4c4:	e002      	b.n	1000a4cc <__mdiff+0x34>
1000a4c6:	429f      	cmp	r7, r3
1000a4c8:	d300      	bcc.n	1000a4cc <__mdiff+0x34>
1000a4ca:	e096      	b.n	1000a5fa <__mdiff+0x162>
1000a4cc:	3b04      	subs	r3, #4
1000a4ce:	3a04      	subs	r2, #4
1000a4d0:	681e      	ldr	r6, [r3, #0]
1000a4d2:	6811      	ldr	r1, [r2, #0]
1000a4d4:	428e      	cmp	r6, r1
1000a4d6:	d0f6      	beq.n	1000a4c6 <__mdiff+0x2e>
1000a4d8:	d300      	bcc.n	1000a4dc <__mdiff+0x44>
1000a4da:	e099      	b.n	1000a610 <__mdiff+0x178>
1000a4dc:	2501      	movs	r5, #1
1000a4de:	e004      	b.n	1000a4ea <__mdiff+0x52>
1000a4e0:	2d00      	cmp	r5, #0
1000a4e2:	dbfb      	blt.n	1000a4dc <__mdiff+0x44>
1000a4e4:	46a0      	mov	r8, r4
1000a4e6:	2500      	movs	r5, #0
1000a4e8:	001c      	movs	r4, r3
1000a4ea:	4643      	mov	r3, r8
1000a4ec:	6859      	ldr	r1, [r3, #4]
1000a4ee:	f7ff fc6f 	bl	10009dd0 <_Balloc>
1000a4f2:	4684      	mov	ip, r0
1000a4f4:	2800      	cmp	r0, #0
1000a4f6:	d100      	bne.n	1000a4fa <__mdiff+0x62>
1000a4f8:	e094      	b.n	1000a624 <__mdiff+0x18c>
1000a4fa:	4643      	mov	r3, r8
1000a4fc:	691a      	ldr	r2, [r3, #16]
1000a4fe:	3314      	adds	r3, #20
1000a500:	0096      	lsls	r6, r2, #2
1000a502:	46b2      	mov	sl, r6
1000a504:	60c5      	str	r5, [r0, #12]
1000a506:	449a      	add	sl, r3
1000a508:	4665      	mov	r5, ip
1000a50a:	9300      	str	r3, [sp, #0]
1000a50c:	4653      	mov	r3, sl
1000a50e:	6921      	ldr	r1, [r4, #16]
1000a510:	0020      	movs	r0, r4
1000a512:	0089      	lsls	r1, r1, #2
1000a514:	4689      	mov	r9, r1
1000a516:	3514      	adds	r5, #20
1000a518:	2100      	movs	r1, #0
1000a51a:	9301      	str	r3, [sp, #4]
1000a51c:	002b      	movs	r3, r5
1000a51e:	3014      	adds	r0, #20
1000a520:	4481      	add	r9, r0
1000a522:	464d      	mov	r5, r9
1000a524:	46a3      	mov	fp, r4
1000a526:	2714      	movs	r7, #20
1000a528:	000c      	movs	r4, r1
1000a52a:	4692      	mov	sl, r2
1000a52c:	0001      	movs	r1, r0
1000a52e:	4699      	mov	r9, r3
1000a530:	4643      	mov	r3, r8
1000a532:	c901      	ldmia	r1!, {r0}
1000a534:	59de      	ldr	r6, [r3, r7]
1000a536:	0402      	lsls	r2, r0, #16
1000a538:	0433      	lsls	r3, r6, #16
1000a53a:	0c12      	lsrs	r2, r2, #16
1000a53c:	0c1b      	lsrs	r3, r3, #16
1000a53e:	1a9b      	subs	r3, r3, r2
1000a540:	4662      	mov	r2, ip
1000a542:	191b      	adds	r3, r3, r4
1000a544:	0c00      	lsrs	r0, r0, #16
1000a546:	0c36      	lsrs	r6, r6, #16
1000a548:	1a36      	subs	r6, r6, r0
1000a54a:	1418      	asrs	r0, r3, #16
1000a54c:	1830      	adds	r0, r6, r0
1000a54e:	041b      	lsls	r3, r3, #16
1000a550:	1404      	asrs	r4, r0, #16
1000a552:	0c1b      	lsrs	r3, r3, #16
1000a554:	0400      	lsls	r0, r0, #16
1000a556:	4303      	orrs	r3, r0
1000a558:	51d3      	str	r3, [r2, r7]
1000a55a:	3704      	adds	r7, #4
1000a55c:	428d      	cmp	r5, r1
1000a55e:	d8e7      	bhi.n	1000a530 <__mdiff+0x98>
1000a560:	0021      	movs	r1, r4
1000a562:	9c01      	ldr	r4, [sp, #4]
1000a564:	4648      	mov	r0, r9
1000a566:	4652      	mov	r2, sl
1000a568:	46a2      	mov	sl, r4
1000a56a:	465c      	mov	r4, fp
1000a56c:	46a9      	mov	r9, r5
1000a56e:	0005      	movs	r5, r0
1000a570:	0020      	movs	r0, r4
1000a572:	3015      	adds	r0, #21
1000a574:	001e      	movs	r6, r3
1000a576:	2700      	movs	r7, #0
1000a578:	9b00      	ldr	r3, [sp, #0]
1000a57a:	4581      	cmp	r9, r0
1000a57c:	d304      	bcc.n	1000a588 <__mdiff+0xf0>
1000a57e:	4648      	mov	r0, r9
1000a580:	1b00      	subs	r0, r0, r4
1000a582:	3815      	subs	r0, #21
1000a584:	0880      	lsrs	r0, r0, #2
1000a586:	0087      	lsls	r7, r0, #2
1000a588:	1978      	adds	r0, r7, r5
1000a58a:	1d04      	adds	r4, r0, #4
1000a58c:	19df      	adds	r7, r3, r7
1000a58e:	46a0      	mov	r8, r4
1000a590:	1d3c      	adds	r4, r7, #4
1000a592:	46a1      	mov	r9, r4
1000a594:	1aef      	subs	r7, r5, r3
1000a596:	0003      	movs	r3, r0
1000a598:	45a2      	cmp	sl, r4
1000a59a:	d91d      	bls.n	1000a5d8 <__mdiff+0x140>
1000a59c:	003b      	movs	r3, r7
1000a59e:	4657      	mov	r7, sl
1000a5a0:	4692      	mov	sl, r2
1000a5a2:	001a      	movs	r2, r3
1000a5a4:	000e      	movs	r6, r1
1000a5a6:	18a5      	adds	r5, r4, r2
1000a5a8:	cc01      	ldmia	r4!, {r0}
1000a5aa:	0403      	lsls	r3, r0, #16
1000a5ac:	0c1b      	lsrs	r3, r3, #16
1000a5ae:	185b      	adds	r3, r3, r1
1000a5b0:	141b      	asrs	r3, r3, #16
1000a5b2:	0c01      	lsrs	r1, r0, #16
1000a5b4:	1986      	adds	r6, r0, r6
1000a5b6:	185b      	adds	r3, r3, r1
1000a5b8:	0436      	lsls	r6, r6, #16
1000a5ba:	1419      	asrs	r1, r3, #16
1000a5bc:	0c36      	lsrs	r6, r6, #16
1000a5be:	041b      	lsls	r3, r3, #16
1000a5c0:	431e      	orrs	r6, r3
1000a5c2:	602e      	str	r6, [r5, #0]
1000a5c4:	42a7      	cmp	r7, r4
1000a5c6:	d8ed      	bhi.n	1000a5a4 <__mdiff+0x10c>
1000a5c8:	003b      	movs	r3, r7
1000a5ca:	4649      	mov	r1, r9
1000a5cc:	4652      	mov	r2, sl
1000a5ce:	3b01      	subs	r3, #1
1000a5d0:	1a5b      	subs	r3, r3, r1
1000a5d2:	089b      	lsrs	r3, r3, #2
1000a5d4:	009b      	lsls	r3, r3, #2
1000a5d6:	4443      	add	r3, r8
1000a5d8:	2e00      	cmp	r6, #0
1000a5da:	d104      	bne.n	1000a5e6 <__mdiff+0x14e>
1000a5dc:	3b04      	subs	r3, #4
1000a5de:	6819      	ldr	r1, [r3, #0]
1000a5e0:	3a01      	subs	r2, #1
1000a5e2:	2900      	cmp	r1, #0
1000a5e4:	d0fa      	beq.n	1000a5dc <__mdiff+0x144>
1000a5e6:	4663      	mov	r3, ip
1000a5e8:	611a      	str	r2, [r3, #16]
1000a5ea:	4660      	mov	r0, ip
1000a5ec:	b003      	add	sp, #12
1000a5ee:	bcf0      	pop	{r4, r5, r6, r7}
1000a5f0:	46bb      	mov	fp, r7
1000a5f2:	46b2      	mov	sl, r6
1000a5f4:	46a9      	mov	r9, r5
1000a5f6:	46a0      	mov	r8, r4
1000a5f8:	bdf0      	pop	{r4, r5, r6, r7, pc}
1000a5fa:	2100      	movs	r1, #0
1000a5fc:	f7ff fbe8 	bl	10009dd0 <_Balloc>
1000a600:	4684      	mov	ip, r0
1000a602:	2800      	cmp	r0, #0
1000a604:	d008      	beq.n	1000a618 <__mdiff+0x180>
1000a606:	2301      	movs	r3, #1
1000a608:	6103      	str	r3, [r0, #16]
1000a60a:	2300      	movs	r3, #0
1000a60c:	6143      	str	r3, [r0, #20]
1000a60e:	e7ec      	b.n	1000a5ea <__mdiff+0x152>
1000a610:	4643      	mov	r3, r8
1000a612:	46a0      	mov	r8, r4
1000a614:	001c      	movs	r4, r3
1000a616:	e768      	b.n	1000a4ea <__mdiff+0x52>
1000a618:	2200      	movs	r2, #0
1000a61a:	4b05      	ldr	r3, [pc, #20]	@ (1000a630 <__mdiff+0x198>)
1000a61c:	4805      	ldr	r0, [pc, #20]	@ (1000a634 <__mdiff+0x19c>)
1000a61e:	4906      	ldr	r1, [pc, #24]	@ (1000a638 <__mdiff+0x1a0>)
1000a620:	f7f9 fbea 	bl	10003df8 <__assert_func>
1000a624:	2200      	movs	r2, #0
1000a626:	4b02      	ldr	r3, [pc, #8]	@ (1000a630 <__mdiff+0x198>)
1000a628:	4802      	ldr	r0, [pc, #8]	@ (1000a634 <__mdiff+0x19c>)
1000a62a:	4904      	ldr	r1, [pc, #16]	@ (1000a63c <__mdiff+0x1a4>)
1000a62c:	f7f9 fbe4 	bl	10003df8 <__assert_func>
1000a630:	1000ae90 	.word	0x1000ae90
1000a634:	1000af08 	.word	0x1000af08
1000a638:	00000237 	.word	0x00000237
1000a63c:	00000245 	.word	0x00000245

1000a640 <__ulp>:
1000a640:	4a0d      	ldr	r2, [pc, #52]	@ (1000a678 <__ulp+0x38>)
1000a642:	4b0e      	ldr	r3, [pc, #56]	@ (1000a67c <__ulp+0x3c>)
1000a644:	4694      	mov	ip, r2
1000a646:	400b      	ands	r3, r1
1000a648:	4463      	add	r3, ip
1000a64a:	2200      	movs	r2, #0
1000a64c:	2b00      	cmp	r3, #0
1000a64e:	dd02      	ble.n	1000a656 <__ulp+0x16>
1000a650:	0019      	movs	r1, r3
1000a652:	0010      	movs	r0, r2
1000a654:	4770      	bx	lr
1000a656:	425b      	negs	r3, r3
1000a658:	1519      	asrs	r1, r3, #20
1000a65a:	2913      	cmp	r1, #19
1000a65c:	dc03      	bgt.n	1000a666 <__ulp+0x26>
1000a65e:	2380      	movs	r3, #128	@ 0x80
1000a660:	031b      	lsls	r3, r3, #12
1000a662:	410b      	asrs	r3, r1
1000a664:	e7f4      	b.n	1000a650 <__ulp+0x10>
1000a666:	3914      	subs	r1, #20
1000a668:	2201      	movs	r2, #1
1000a66a:	291e      	cmp	r1, #30
1000a66c:	dc02      	bgt.n	1000a674 <__ulp+0x34>
1000a66e:	2280      	movs	r2, #128	@ 0x80
1000a670:	0612      	lsls	r2, r2, #24
1000a672:	40ca      	lsrs	r2, r1
1000a674:	2300      	movs	r3, #0
1000a676:	e7eb      	b.n	1000a650 <__ulp+0x10>
1000a678:	fcc00000 	.word	0xfcc00000
1000a67c:	7ff00000 	.word	0x7ff00000

1000a680 <__b2d>:
1000a680:	b5f8      	push	{r3, r4, r5, r6, r7, lr}
1000a682:	0006      	movs	r6, r0
1000a684:	4647      	mov	r7, r8
1000a686:	46ce      	mov	lr, r9
1000a688:	6904      	ldr	r4, [r0, #16]
1000a68a:	3614      	adds	r6, #20
1000a68c:	00a4      	lsls	r4, r4, #2
1000a68e:	1934      	adds	r4, r6, r4
1000a690:	1f23      	subs	r3, r4, #4
1000a692:	681d      	ldr	r5, [r3, #0]
1000a694:	b580      	push	{r7, lr}
1000a696:	0028      	movs	r0, r5
1000a698:	000f      	movs	r7, r1
1000a69a:	4698      	mov	r8, r3
1000a69c:	f7ff fc74 	bl	10009f88 <__hi0bits>
1000a6a0:	2220      	movs	r2, #32
1000a6a2:	1a11      	subs	r1, r2, r0
1000a6a4:	0003      	movs	r3, r0
1000a6a6:	6039      	str	r1, [r7, #0]
1000a6a8:	280a      	cmp	r0, #10
1000a6aa:	dd2e      	ble.n	1000a70a <__b2d+0x8a>
1000a6ac:	0007      	movs	r7, r0
1000a6ae:	3f0b      	subs	r7, #11
1000a6b0:	4546      	cmp	r6, r8
1000a6b2:	d219      	bcs.n	1000a6e8 <__b2d+0x68>
1000a6b4:	2308      	movs	r3, #8
1000a6b6:	425b      	negs	r3, r3
1000a6b8:	469c      	mov	ip, r3
1000a6ba:	44a4      	add	ip, r4
1000a6bc:	4663      	mov	r3, ip
1000a6be:	681b      	ldr	r3, [r3, #0]
1000a6c0:	2f00      	cmp	r7, #0
1000a6c2:	d01a      	beq.n	1000a6fa <__b2d+0x7a>
1000a6c4:	0019      	movs	r1, r3
1000a6c6:	1bd2      	subs	r2, r2, r7
1000a6c8:	40d1      	lsrs	r1, r2
1000a6ca:	40bd      	lsls	r5, r7
1000a6cc:	4691      	mov	r9, r2
1000a6ce:	4a19      	ldr	r2, [pc, #100]	@ (1000a734 <__b2d+0xb4>)
1000a6d0:	430d      	orrs	r5, r1
1000a6d2:	432a      	orrs	r2, r5
1000a6d4:	0011      	movs	r1, r2
1000a6d6:	40bb      	lsls	r3, r7
1000a6d8:	4566      	cmp	r6, ip
1000a6da:	d211      	bcs.n	1000a700 <__b2d+0x80>
1000a6dc:	464a      	mov	r2, r9
1000a6de:	3c0c      	subs	r4, #12
1000a6e0:	6824      	ldr	r4, [r4, #0]
1000a6e2:	40d4      	lsrs	r4, r2
1000a6e4:	4323      	orrs	r3, r4
1000a6e6:	e00b      	b.n	1000a700 <__b2d+0x80>
1000a6e8:	280b      	cmp	r0, #11
1000a6ea:	d005      	beq.n	1000a6f8 <__b2d+0x78>
1000a6ec:	40bd      	lsls	r5, r7
1000a6ee:	4b11      	ldr	r3, [pc, #68]	@ (1000a734 <__b2d+0xb4>)
1000a6f0:	432b      	orrs	r3, r5
1000a6f2:	0019      	movs	r1, r3
1000a6f4:	2300      	movs	r3, #0
1000a6f6:	e003      	b.n	1000a700 <__b2d+0x80>
1000a6f8:	2300      	movs	r3, #0
1000a6fa:	4a0e      	ldr	r2, [pc, #56]	@ (1000a734 <__b2d+0xb4>)
1000a6fc:	432a      	orrs	r2, r5
1000a6fe:	0011      	movs	r1, r2
1000a700:	0018      	movs	r0, r3
1000a702:	bcc0      	pop	{r6, r7}
1000a704:	46b9      	mov	r9, r7
1000a706:	46b0      	mov	r8, r6
1000a708:	bdf8      	pop	{r3, r4, r5, r6, r7, pc}
1000a70a:	002f      	movs	r7, r5
1000a70c:	3a15      	subs	r2, #21
1000a70e:	1a12      	subs	r2, r2, r0
1000a710:	40d7      	lsrs	r7, r2
1000a712:	4691      	mov	r9, r2
1000a714:	4a07      	ldr	r2, [pc, #28]	@ (1000a734 <__b2d+0xb4>)
1000a716:	433a      	orrs	r2, r7
1000a718:	0011      	movs	r1, r2
1000a71a:	2700      	movs	r7, #0
1000a71c:	4546      	cmp	r6, r8
1000a71e:	d203      	bcs.n	1000a728 <__b2d+0xa8>
1000a720:	464a      	mov	r2, r9
1000a722:	3c08      	subs	r4, #8
1000a724:	6827      	ldr	r7, [r4, #0]
1000a726:	40d7      	lsrs	r7, r2
1000a728:	3315      	adds	r3, #21
1000a72a:	409d      	lsls	r5, r3
1000a72c:	002b      	movs	r3, r5
1000a72e:	433b      	orrs	r3, r7
1000a730:	e7e6      	b.n	1000a700 <__b2d+0x80>
1000a732:	46c0      	nop			@ (mov r8, r8)
1000a734:	3ff00000 	.word	0x3ff00000

1000a738 <__d2b>:
1000a738:	b5f0      	push	{r4, r5, r6, r7, lr}
1000a73a:	2101      	movs	r1, #1
1000a73c:	b083      	sub	sp, #12
1000a73e:	0014      	movs	r4, r2
1000a740:	001d      	movs	r5, r3
1000a742:	f7ff fb45 	bl	10009dd0 <_Balloc>
1000a746:	1e06      	subs	r6, r0, #0
1000a748:	d047      	beq.n	1000a7da <__d2b+0xa2>
1000a74a:	032b      	lsls	r3, r5, #12
1000a74c:	006f      	lsls	r7, r5, #1
1000a74e:	0b1b      	lsrs	r3, r3, #12
1000a750:	0d7f      	lsrs	r7, r7, #21
1000a752:	d002      	beq.n	1000a75a <__d2b+0x22>
1000a754:	2280      	movs	r2, #128	@ 0x80
1000a756:	0352      	lsls	r2, r2, #13
1000a758:	4313      	orrs	r3, r2
1000a75a:	9301      	str	r3, [sp, #4]
1000a75c:	2c00      	cmp	r4, #0
1000a75e:	d116      	bne.n	1000a78e <__d2b+0x56>
1000a760:	a801      	add	r0, sp, #4
1000a762:	f7ff fc41 	bl	10009fe8 <__lo0bits>
1000a766:	2401      	movs	r4, #1
1000a768:	9b01      	ldr	r3, [sp, #4]
1000a76a:	3020      	adds	r0, #32
1000a76c:	6173      	str	r3, [r6, #20]
1000a76e:	6134      	str	r4, [r6, #16]
1000a770:	2f00      	cmp	r7, #0
1000a772:	d023      	beq.n	1000a7bc <__d2b+0x84>
1000a774:	4b1c      	ldr	r3, [pc, #112]	@ (1000a7e8 <__d2b+0xb0>)
1000a776:	2435      	movs	r4, #53	@ 0x35
1000a778:	469c      	mov	ip, r3
1000a77a:	9b08      	ldr	r3, [sp, #32]
1000a77c:	4467      	add	r7, ip
1000a77e:	183f      	adds	r7, r7, r0
1000a780:	601f      	str	r7, [r3, #0]
1000a782:	1a24      	subs	r4, r4, r0
1000a784:	0030      	movs	r0, r6
1000a786:	9b09      	ldr	r3, [sp, #36]	@ 0x24
1000a788:	601c      	str	r4, [r3, #0]
1000a78a:	b003      	add	sp, #12
1000a78c:	bdf0      	pop	{r4, r5, r6, r7, pc}
1000a78e:	4668      	mov	r0, sp
1000a790:	9400      	str	r4, [sp, #0]
1000a792:	f7ff fc29 	bl	10009fe8 <__lo0bits>
1000a796:	9c01      	ldr	r4, [sp, #4]
1000a798:	9b00      	ldr	r3, [sp, #0]
1000a79a:	2800      	cmp	r0, #0
1000a79c:	d006      	beq.n	1000a7ac <__d2b+0x74>
1000a79e:	2220      	movs	r2, #32
1000a7a0:	0021      	movs	r1, r4
1000a7a2:	1a12      	subs	r2, r2, r0
1000a7a4:	4091      	lsls	r1, r2
1000a7a6:	40c4      	lsrs	r4, r0
1000a7a8:	430b      	orrs	r3, r1
1000a7aa:	9401      	str	r4, [sp, #4]
1000a7ac:	6173      	str	r3, [r6, #20]
1000a7ae:	61b4      	str	r4, [r6, #24]
1000a7b0:	1e63      	subs	r3, r4, #1
1000a7b2:	419c      	sbcs	r4, r3
1000a7b4:	3401      	adds	r4, #1
1000a7b6:	6134      	str	r4, [r6, #16]
1000a7b8:	2f00      	cmp	r7, #0
1000a7ba:	d1db      	bne.n	1000a774 <__d2b+0x3c>
1000a7bc:	4b0b      	ldr	r3, [pc, #44]	@ (1000a7ec <__d2b+0xb4>)
1000a7be:	469c      	mov	ip, r3
1000a7c0:	9b08      	ldr	r3, [sp, #32]
1000a7c2:	4460      	add	r0, ip
1000a7c4:	6018      	str	r0, [r3, #0]
1000a7c6:	2300      	movs	r3, #0
1000a7c8:	18e3      	adds	r3, r4, r3
1000a7ca:	009b      	lsls	r3, r3, #2
1000a7cc:	18f3      	adds	r3, r6, r3
1000a7ce:	6918      	ldr	r0, [r3, #16]
1000a7d0:	f7ff fbda 	bl	10009f88 <__hi0bits>
1000a7d4:	0164      	lsls	r4, r4, #5
1000a7d6:	1a24      	subs	r4, r4, r0
1000a7d8:	e7d4      	b.n	1000a784 <__d2b+0x4c>
1000a7da:	2200      	movs	r2, #0
1000a7dc:	4b04      	ldr	r3, [pc, #16]	@ (1000a7f0 <__d2b+0xb8>)
1000a7de:	4805      	ldr	r0, [pc, #20]	@ (1000a7f4 <__d2b+0xbc>)
1000a7e0:	4905      	ldr	r1, [pc, #20]	@ (1000a7f8 <__d2b+0xc0>)
1000a7e2:	f7f9 fb09 	bl	10003df8 <__assert_func>
1000a7e6:	46c0      	nop			@ (mov r8, r8)
1000a7e8:	fffffbcd 	.word	0xfffffbcd
1000a7ec:	fffffbce 	.word	0xfffffbce
1000a7f0:	1000ae90 	.word	0x1000ae90
1000a7f4:	1000af08 	.word	0x1000af08
1000a7f8:	0000030f 	.word	0x0000030f

1000a7fc <__ratio>:
1000a7fc:	b5f0      	push	{r4, r5, r6, r7, lr}
1000a7fe:	46ce      	mov	lr, r9
1000a800:	4647      	mov	r7, r8
1000a802:	b580      	push	{r7, lr}
1000a804:	b085      	sub	sp, #20
1000a806:	4688      	mov	r8, r1
1000a808:	a902      	add	r1, sp, #8
1000a80a:	4681      	mov	r9, r0
1000a80c:	f7ff ff38 	bl	1000a680 <__b2d>
1000a810:	0004      	movs	r4, r0
1000a812:	000d      	movs	r5, r1
1000a814:	4640      	mov	r0, r8
1000a816:	a903      	add	r1, sp, #12
1000a818:	f7ff ff32 	bl	1000a680 <__b2d>
1000a81c:	0002      	movs	r2, r0
1000a81e:	000b      	movs	r3, r1
1000a820:	4640      	mov	r0, r8
1000a822:	4649      	mov	r1, r9
1000a824:	6900      	ldr	r0, [r0, #16]
1000a826:	6909      	ldr	r1, [r1, #16]
1000a828:	9200      	str	r2, [sp, #0]
1000a82a:	9301      	str	r3, [sp, #4]
1000a82c:	1a09      	subs	r1, r1, r0
1000a82e:	0149      	lsls	r1, r1, #5
1000a830:	4688      	mov	r8, r1
1000a832:	9802      	ldr	r0, [sp, #8]
1000a834:	9903      	ldr	r1, [sp, #12]
1000a836:	1a40      	subs	r0, r0, r1
1000a838:	0001      	movs	r1, r0
1000a83a:	4441      	add	r1, r8
1000a83c:	2900      	cmp	r1, #0
1000a83e:	dd0b      	ble.n	1000a858 <__ratio+0x5c>
1000a840:	0509      	lsls	r1, r1, #20
1000a842:	194f      	adds	r7, r1, r5
1000a844:	003d      	movs	r5, r7
1000a846:	0020      	movs	r0, r4
1000a848:	0029      	movs	r1, r5
1000a84a:	f7fb fa58 	bl	10005cfe <__wrap___aeabi_ddiv>
1000a84e:	b005      	add	sp, #20
1000a850:	bcc0      	pop	{r6, r7}
1000a852:	46b9      	mov	r9, r7
1000a854:	46b0      	mov	r8, r6
1000a856:	bdf0      	pop	{r4, r5, r6, r7, pc}
1000a858:	0509      	lsls	r1, r1, #20
1000a85a:	1a5b      	subs	r3, r3, r1
1000a85c:	9301      	str	r3, [sp, #4]
1000a85e:	9a00      	ldr	r2, [sp, #0]
1000a860:	9b01      	ldr	r3, [sp, #4]
1000a862:	e7f0      	b.n	1000a846 <__ratio+0x4a>

1000a864 <__copybits>:
1000a864:	0013      	movs	r3, r2
1000a866:	3901      	subs	r1, #1
1000a868:	b570      	push	{r4, r5, r6, lr}
1000a86a:	114c      	asrs	r4, r1, #5
1000a86c:	6911      	ldr	r1, [r2, #16]
1000a86e:	3401      	adds	r4, #1
1000a870:	3314      	adds	r3, #20
1000a872:	0089      	lsls	r1, r1, #2
1000a874:	00a4      	lsls	r4, r4, #2
1000a876:	1859      	adds	r1, r3, r1
1000a878:	1904      	adds	r4, r0, r4
1000a87a:	428b      	cmp	r3, r1
1000a87c:	d20a      	bcs.n	1000a894 <__copybits+0x30>
1000a87e:	0005      	movs	r5, r0
1000a880:	cb40      	ldmia	r3!, {r6}
1000a882:	c540      	stmia	r5!, {r6}
1000a884:	4299      	cmp	r1, r3
1000a886:	d8fb      	bhi.n	1000a880 <__copybits+0x1c>
1000a888:	1a8b      	subs	r3, r1, r2
1000a88a:	3b15      	subs	r3, #21
1000a88c:	089b      	lsrs	r3, r3, #2
1000a88e:	009b      	lsls	r3, r3, #2
1000a890:	3004      	adds	r0, #4
1000a892:	1818      	adds	r0, r3, r0
1000a894:	4284      	cmp	r4, r0
1000a896:	d903      	bls.n	1000a8a0 <__copybits+0x3c>
1000a898:	2300      	movs	r3, #0
1000a89a:	c008      	stmia	r0!, {r3}
1000a89c:	4284      	cmp	r4, r0
1000a89e:	d8fc      	bhi.n	1000a89a <__copybits+0x36>
1000a8a0:	bd70      	pop	{r4, r5, r6, pc}
1000a8a2:	46c0      	nop			@ (mov r8, r8)

1000a8a4 <__any_on>:
1000a8a4:	b510      	push	{r4, lr}
1000a8a6:	0004      	movs	r4, r0
1000a8a8:	6902      	ldr	r2, [r0, #16]
1000a8aa:	3414      	adds	r4, #20
1000a8ac:	1148      	asrs	r0, r1, #5
1000a8ae:	4282      	cmp	r2, r0
1000a8b0:	da0a      	bge.n	1000a8c8 <__any_on+0x24>
1000a8b2:	0092      	lsls	r2, r2, #2
1000a8b4:	18a3      	adds	r3, r4, r2
1000a8b6:	e003      	b.n	1000a8c0 <__any_on+0x1c>
1000a8b8:	3b04      	subs	r3, #4
1000a8ba:	681a      	ldr	r2, [r3, #0]
1000a8bc:	2a00      	cmp	r2, #0
1000a8be:	d114      	bne.n	1000a8ea <__any_on+0x46>
1000a8c0:	42a3      	cmp	r3, r4
1000a8c2:	d8f9      	bhi.n	1000a8b8 <__any_on+0x14>
1000a8c4:	2000      	movs	r0, #0
1000a8c6:	bd10      	pop	{r4, pc}
1000a8c8:	0083      	lsls	r3, r0, #2
1000a8ca:	18e3      	adds	r3, r4, r3
1000a8cc:	4282      	cmp	r2, r0
1000a8ce:	ddf7      	ble.n	1000a8c0 <__any_on+0x1c>
1000a8d0:	221f      	movs	r2, #31
1000a8d2:	0010      	movs	r0, r2
1000a8d4:	4008      	ands	r0, r1
1000a8d6:	420a      	tst	r2, r1
1000a8d8:	d0f2      	beq.n	1000a8c0 <__any_on+0x1c>
1000a8da:	6819      	ldr	r1, [r3, #0]
1000a8dc:	000a      	movs	r2, r1
1000a8de:	40c2      	lsrs	r2, r0
1000a8e0:	4082      	lsls	r2, r0
1000a8e2:	2001      	movs	r0, #1
1000a8e4:	4291      	cmp	r1, r2
1000a8e6:	d1ee      	bne.n	1000a8c6 <__any_on+0x22>
1000a8e8:	e7ea      	b.n	1000a8c0 <__any_on+0x1c>
1000a8ea:	2001      	movs	r0, #1
1000a8ec:	e7eb      	b.n	1000a8c6 <__any_on+0x22>
1000a8ee:	46c0      	nop			@ (mov r8, r8)

1000a8f0 <__ascii_wctomb>:
1000a8f0:	2900      	cmp	r1, #0
1000a8f2:	d009      	beq.n	1000a908 <__ascii_wctomb+0x18>
1000a8f4:	2aff      	cmp	r2, #255	@ 0xff
1000a8f6:	d802      	bhi.n	1000a8fe <__ascii_wctomb+0xe>
1000a8f8:	2001      	movs	r0, #1
1000a8fa:	700a      	strb	r2, [r1, #0]
1000a8fc:	4770      	bx	lr
1000a8fe:	238a      	movs	r3, #138	@ 0x8a
1000a900:	6003      	str	r3, [r0, #0]
1000a902:	2001      	movs	r0, #1
1000a904:	4240      	negs	r0, r0
1000a906:	e7f9      	b.n	1000a8fc <__ascii_wctomb+0xc>
1000a908:	2000      	movs	r0, #0
1000a90a:	e7f7      	b.n	1000a8fc <__ascii_wctomb+0xc>

1000a90c <_fini>:
1000a90c:	b5f8      	push	{r3, r4, r5, r6, r7, lr}
1000a90e:	46c0      	nop			@ (mov r8, r8)

1000a910 <__mutex_exit_veneer>:
1000a910:	b401      	push	{r0}
1000a912:	4802      	ldr	r0, [pc, #8]	@ (1000a91c <__mutex_exit_veneer+0xc>)
1000a914:	4684      	mov	ip, r0
1000a916:	bc01      	pop	{r0}
1000a918:	4760      	bx	ip
1000a91a:	bf00      	nop
1000a91c:	20000159 	.word	0x20000159

1000a920 <____aeabi_ldiv0_veneer>:
1000a920:	b401      	push	{r0}
1000a922:	4802      	ldr	r0, [pc, #8]	@ (1000a92c <____aeabi_ldiv0_veneer+0xc>)
1000a924:	4684      	mov	ip, r0
1000a926:	bc01      	pop	{r0}
1000a928:	4760      	bx	ip
1000a92a:	bf00      	nop
1000a92c:	20000181 	.word	0x20000181

1000a930 <____aeabi_idiv0_veneer>:
1000a930:	b401      	push	{r0}
1000a932:	4802      	ldr	r0, [pc, #8]	@ (1000a93c <____aeabi_idiv0_veneer+0xc>)
1000a934:	4684      	mov	ip, r0
1000a936:	bc01      	pop	{r0}
1000a938:	4760      	bx	ip
1000a93a:	bf00      	nop
1000a93c:	20000181 	.word	0x20000181

1000a940 <__mutex_try_enter_block_until_veneer>:
1000a940:	b401      	push	{r0}
1000a942:	4802      	ldr	r0, [pc, #8]	@ (1000a94c <__mutex_try_enter_block_until_veneer+0xc>)
1000a944:	4684      	mov	ip, r0
1000a946:	bc01      	pop	{r0}
1000a948:	4760      	bx	ip
1000a94a:	bf00      	nop
1000a94c:	200000c1 	.word	0x200000c1

Disassembly of section .data:

200000c0 <mutex_try_enter_block_until>:
200000c0:	b5f0      	push	{r4, r5, r6, r7, lr}
200000c2:	46c6      	mov	lr, r8
200000c4:	0015      	movs	r5, r2
200000c6:	b500      	push	{lr}
200000c8:	0004      	movs	r4, r0
200000ca:	001e      	movs	r6, r3
200000cc:	6802      	ldr	r2, [r0, #0]
200000ce:	f3ef 8110 	mrs	r1, PRIMASK
200000d2:	b672      	cpsid	i
200000d4:	6813      	ldr	r3, [r2, #0]
200000d6:	2b00      	cmp	r3, #0
200000d8:	d0fc      	beq.n	200000d4 <mutex_try_enter_block_until+0x14>
200000da:	f3bf 8f5f 	dmb	sy
200000de:	2304      	movs	r3, #4
200000e0:	56e3      	ldrsb	r3, [r4, r3]
200000e2:	6822      	ldr	r2, [r4, #0]
200000e4:	2b00      	cmp	r3, #0
200000e6:	db2b      	blt.n	20000140 <mutex_try_enter_block_until+0x80>
200000e8:	f3bf 8f5f 	dmb	sy
200000ec:	2000      	movs	r0, #0
200000ee:	6010      	str	r0, [r2, #0]
200000f0:	f381 8810 	msr	PRIMASK, r1
200000f4:	22d0      	movs	r2, #208	@ 0xd0
200000f6:	0612      	lsls	r2, r2, #24
200000f8:	7812      	ldrb	r2, [r2, #0]
200000fa:	2700      	movs	r7, #0
200000fc:	b252      	sxtb	r2, r2
200000fe:	4690      	mov	r8, r2
20000100:	429a      	cmp	r2, r3
20000102:	d10e      	bne.n	20000122 <mutex_try_enter_block_until+0x62>
20000104:	2000      	movs	r0, #0
20000106:	bc80      	pop	{r7}
20000108:	46b8      	mov	r8, r7
2000010a:	bdf0      	pop	{r4, r5, r6, r7, pc}
2000010c:	f3bf 8f5f 	dmb	sy
20000110:	6017      	str	r7, [r2, #0]
20000112:	f381 8810 	msr	PRIMASK, r1
20000116:	0028      	movs	r0, r5
20000118:	0031      	movs	r1, r6
2000011a:	f000 f835 	bl	20000188 <__best_effort_wfe_or_timeout_veneer>
2000011e:	2800      	cmp	r0, #0
20000120:	d1f0      	bne.n	20000104 <mutex_try_enter_block_until+0x44>
20000122:	6822      	ldr	r2, [r4, #0]
20000124:	f3ef 8110 	mrs	r1, PRIMASK
20000128:	b672      	cpsid	i
2000012a:	6813      	ldr	r3, [r2, #0]
2000012c:	2b00      	cmp	r3, #0
2000012e:	d0fc      	beq.n	2000012a <mutex_try_enter_block_until+0x6a>
20000130:	f3bf 8f5f 	dmb	sy
20000134:	7923      	ldrb	r3, [r4, #4]
20000136:	6822      	ldr	r2, [r4, #0]
20000138:	2b7f      	cmp	r3, #127	@ 0x7f
2000013a:	d9e7      	bls.n	2000010c <mutex_try_enter_block_until+0x4c>
2000013c:	4643      	mov	r3, r8
2000013e:	e002      	b.n	20000146 <mutex_try_enter_block_until+0x86>
20000140:	23d0      	movs	r3, #208	@ 0xd0
20000142:	061b      	lsls	r3, r3, #24
20000144:	681b      	ldr	r3, [r3, #0]
20000146:	7123      	strb	r3, [r4, #4]
20000148:	f3bf 8f5f 	dmb	sy
2000014c:	2300      	movs	r3, #0
2000014e:	6013      	str	r3, [r2, #0]
20000150:	f381 8810 	msr	PRIMASK, r1
20000154:	2001      	movs	r0, #1
20000156:	e7d6      	b.n	20000106 <mutex_try_enter_block_until+0x46>

20000158 <mutex_exit>:
20000158:	6802      	ldr	r2, [r0, #0]
2000015a:	f3ef 8110 	mrs	r1, PRIMASK
2000015e:	b672      	cpsid	i
20000160:	6813      	ldr	r3, [r2, #0]
20000162:	2b00      	cmp	r3, #0
20000164:	d0fc      	beq.n	20000160 <mutex_exit+0x8>
20000166:	f3bf 8f5f 	dmb	sy
2000016a:	23ff      	movs	r3, #255	@ 0xff
2000016c:	7103      	strb	r3, [r0, #4]
2000016e:	6803      	ldr	r3, [r0, #0]
20000170:	f3bf 8f5f 	dmb	sy
20000174:	2200      	movs	r2, #0
20000176:	601a      	str	r2, [r3, #0]
20000178:	f381 8810 	msr	PRIMASK, r1
2000017c:	bf40      	sev
2000017e:	4770      	bx	lr

20000180 <__aeabi_idiv0>:
20000180:	4770      	bx	lr
20000182:	46c0      	nop			@ (mov r8, r8)
20000184:	0000      	movs	r0, r0
	...

20000188 <__best_effort_wfe_or_timeout_veneer>:
20000188:	b401      	push	{r0}
2000018a:	4802      	ldr	r0, [pc, #8]	@ (20000194 <__best_effort_wfe_or_timeout_veneer+0xc>)
2000018c:	4684      	mov	ip, r0
2000018e:	bc01      	pop	{r0}
20000190:	4760      	bx	ip
20000192:	bf00      	nop
20000194:	10002eed 	.word	0x10002eed

20000198 <ground_pressure>:
20000198:	47c5e680                                ...G

2000019c <striped_spin_lock_num>:
2000019c:	00000010                                ....

200001a0 <irq_handler_chain_slots>:
200001a0:	00000000 	.word	0x00000000
200001a4:	00010000 	.word	0x00010000
	...
200001b0:	00020000 	.word	0x00020000
	...
200001bc:	00030000 	.word	0x00030000
	...
200001c8:	00ff0000 	.word	0x00ff0000
200001cc:	00000000 	.word	0x00000000

200001d0 <irq_handler_chain_first_slot>:
200001d0:	b501      	push	{r0, lr}
200001d2:	6848      	ldr	r0, [r1, #4]
200001d4:	3101      	adds	r1, #1
200001d6:	468e      	mov	lr, r1
200001d8:	4700      	bx	r0

200001da <irq_handler_chain_remove_tail>:
200001da:	4670      	mov	r0, lr
200001dc:	3809      	subs	r0, #9
200001de:	4901      	ldr	r1, [pc, #4]	@ (200001e4 <irq_handler_chain_remove_tail+0xa>)
200001e0:	4788      	blx	r1
200001e2:	bd01      	pop	{r0, pc}
200001e4:	10002719 	.word	0x10002719

200001e8 <default_alarm_pool>:
200001e8:	20000200 00000000 20000950 20000e20     ... ....P..  .. 
	...

20000200 <default_alarm_pool_heap>:
20000200:	20000e30 00000000 00000000 00000010     0.. ............

20000210 <aeabi_bits_funcs>:
20000210:	00003350 	.word	0x00003350
20000214:	0000334c 	.word	0x0000334c
20000218:	00003354 	.word	0x00003354
2000021c:	00003352 	.word	0x00003352

20000220 <aeabi_bits_funcs_end>:
20000220:	0000534d 	.word	0x0000534d
20000224:	0000434d 	.word	0x0000434d
20000228:	00003453 	.word	0x00003453
2000022c:	00003443 	.word	0x00003443

20000230 <i2c0_inst>:
20000230:	40044000 00000000                       .@.@....

20000238 <__malloc_sbrk_base>:
20000238:	ffffffff                                ....

2000023c <__malloc_trim_threshold>:
2000023c:	00020000                                ....

20000240 <__malloc_av_>:
	...
20000248:	20000240 20000240 20000248 20000248     @.. @.. H.. H.. 
20000258:	20000250 20000250 20000258 20000258     P.. P.. X.. X.. 
20000268:	20000260 20000260 20000268 20000268     `.. `.. h.. h.. 
20000278:	20000270 20000270 20000278 20000278     p.. p.. x.. x.. 
20000288:	20000280 20000280 20000288 20000288     ... ... ... ... 
20000298:	20000290 20000290 20000298 20000298     ... ... ... ... 
200002a8:	200002a0 200002a0 200002a8 200002a8     ... ... ... ... 
200002b8:	200002b0 200002b0 200002b8 200002b8     ... ... ... ... 
200002c8:	200002c0 200002c0 200002c8 200002c8     ... ... ... ... 
200002d8:	200002d0 200002d0 200002d8 200002d8     ... ... ... ... 
200002e8:	200002e0 200002e0 200002e8 200002e8     ... ... ... ... 
200002f8:	200002f0 200002f0 200002f8 200002f8     ... ... ... ... 
20000308:	20000300 20000300 20000308 20000308     ... ... ... ... 
20000318:	20000310 20000310 20000318 20000318     ... ... ... ... 
20000328:	20000320 20000320 20000328 20000328      ..  .. (.. (.. 
20000338:	20000330 20000330 20000338 20000338     0.. 0.. 8.. 8.. 
20000348:	20000340 20000340 20000348 20000348     @.. @.. H.. H.. 
20000358:	20000350 20000350 20000358 20000358     P.. P.. X.. X.. 
20000368:	20000360 20000360 20000368 20000368     `.. `.. h.. h.. 
20000378:	20000370 20000370 20000378 20000378     p.. p.. x.. x.. 
20000388:	20000380 20000380 20000388 20000388     ... ... ... ... 
20000398:	20000390 20000390 20000398 20000398     ... ... ... ... 
200003a8:	200003a0 200003a0 200003a8 200003a8     ... ... ... ... 
200003b8:	200003b0 200003b0 200003b8 200003b8     ... ... ... ... 
200003c8:	200003c0 200003c0 200003c8 200003c8     ... ... ... ... 
200003d8:	200003d0 200003d0 200003d8 200003d8     ... ... ... ... 
200003e8:	200003e0 200003e0 200003e8 200003e8     ... ... ... ... 
200003f8:	200003f0 200003f0 200003f8 200003f8     ... ... ... ... 
20000408:	20000400 20000400 20000408 20000408     ... ... ... ... 
20000418:	20000410 20000410 20000418 20000418     ... ... ... ... 
20000428:	20000420 20000420 20000428 20000428      ..  .. (.. (.. 
20000438:	20000430 20000430 20000438 20000438     0.. 0.. 8.. 8.. 
20000448:	20000440 20000440 20000448 20000448     @.. @.. H.. H.. 
20000458:	20000450 20000450 20000458 20000458     P.. P.. X.. X.. 
20000468:	20000460 20000460 20000468 20000468     `.. `.. h.. h.. 
20000478:	20000470 20000470 20000478 20000478     p.. p.. x.. x.. 
20000488:	20000480 20000480 20000488 20000488     ... ... ... ... 
20000498:	20000490 20000490 20000498 20000498     ... ... ... ... 
200004a8:	200004a0 200004a0 200004a8 200004a8     ... ... ... ... 
200004b8:	200004b0 200004b0 200004b8 200004b8     ... ... ... ... 
200004c8:	200004c0 200004c0 200004c8 200004c8     ... ... ... ... 
200004d8:	200004d0 200004d0 200004d8 200004d8     ... ... ... ... 
200004e8:	200004e0 200004e0 200004e8 200004e8     ... ... ... ... 
200004f8:	200004f0 200004f0 200004f8 200004f8     ... ... ... ... 
20000508:	20000500 20000500 20000508 20000508     ... ... ... ... 
20000518:	20000510 20000510 20000518 20000518     ... ... ... ... 
20000528:	20000520 20000520 20000528 20000528      ..  .. (.. (.. 
20000538:	20000530 20000530 20000538 20000538     0.. 0.. 8.. 8.. 
20000548:	20000540 20000540 20000548 20000548     @.. @.. H.. H.. 
20000558:	20000550 20000550 20000558 20000558     P.. P.. X.. X.. 
20000568:	20000560 20000560 20000568 20000568     `.. `.. h.. h.. 
20000578:	20000570 20000570 20000578 20000578     p.. p.. x.. x.. 
20000588:	20000580 20000580 20000588 20000588     ... ... ... ... 
20000598:	20000590 20000590 20000598 20000598     ... ... ... ... 
200005a8:	200005a0 200005a0 200005a8 200005a8     ... ... ... ... 
200005b8:	200005b0 200005b0 200005b8 200005b8     ... ... ... ... 
200005c8:	200005c0 200005c0 200005c8 200005c8     ... ... ... ... 
200005d8:	200005d0 200005d0 200005d8 200005d8     ... ... ... ... 
200005e8:	200005e0 200005e0 200005e8 200005e8     ... ... ... ... 
200005f8:	200005f0 200005f0 200005f8 200005f8     ... ... ... ... 
20000608:	20000600 20000600 20000608 20000608     ... ... ... ... 
20000618:	20000610 20000610 20000618 20000618     ... ... ... ... 
20000628:	20000620 20000620 20000628 20000628      ..  .. (.. (.. 
20000638:	20000630 20000630 20000638 20000638     0.. 0.. 8.. 8.. 

20000648 <__global_locale>:
20000648:	00000043 00000000 00000000 00000000     C...............
	...
20000668:	00000043 00000000 00000000 00000000     C...............
	...
20000688:	00000043 00000000 00000000 00000000     C...............
	...
200006a8:	00000043 00000000 00000000 00000000     C...............
	...
200006c8:	00000043 00000000 00000000 00000000     C...............
	...
200006e8:	00000043 00000000 00000000 00000000     C...............
	...
20000708:	00000043 00000000 00000000 00000000     C...............
	...
20000728:	1000a8f1 10009da5 00000000 1000b3c8     ................
20000738:	1000ae38 1000a9a0 1000a9a0 1000a9a0     8...............
20000748:	1000a9a0 1000a9a0 1000a9a0 1000a9a0     ................
20000758:	1000a9a0 1000a9a0 ffffffff ffffffff     ................
20000768:	ffffffff 0000ffff 53410001 00494943     ..........ASCII.
	...
20000790:	53410000 00494943 00000000 00000000     ..ASCII.........
	...

200007b4 <_impure_ptr>:
200007b4:	200007b8                                ... 

200007b8 <_impure_data>:
200007b8:	00000000 20000c88 20000cf0 20000d58     ....... ... X.. 
	...
20000850:	00000001 00000000 abcd330e e66d1234     .........3..4.m.
20000860:	0005deec 0000000b 00000000 00000000     ................
	...

200008f8 <print_mutex>:
	...

20000900 <__mutex_array_end>:
20000900:	10007075 	.word	0x10007075
20000904:	100057a1 	.word	0x100057a1
20000908:	10005f75 	.word	0x10005f75
2000090c:	10006b85 	.word	0x10006b85

20000910 <__frame_dummy_init_array_entry>:
20000910:	100002e5                                ....
