:020000041000EA
:1000000000B5324B212058609868022188439860DF
:10001000D860186158612E4B002199600221596106
:100020000121F02299502B49196001219960352056
:1000300000F044F80222904214D00621196600F024
:1000400034F8196E01211966002018661A6600F04E
:100050002CF8196E196E196E052000F02FF8012189
:100060000842F9D1002199601B49196000215960AB
:100070001A491B48016001219960EB211966A021F2
:10008000196600F012F800219960164914480160C1
:100090000121996001BC002800D000471248134993
:1000A000086003C880F30888084703B5996A0420EC
:1000B0000142FBD001200142F8D103BD02B5186610
:1000C0001866FFF7F2FF186E186E02BD00000240BE
:1000D000000000180000070000035F00212200005C
:1000E000F4000018222000A00001001008ED00E03C
:1000F00000000000000000000000000074B24E7A12
:1001000000200420F7010010C3010010C5010010F9
:10011000C1010010C1010010C1010010C101001097
:10012000C1010010C1010010C1010010C701001081
:10013000C1010010C1010010C9010010CB01001065
:10014000CD010010CD010010CD010010CD01001037
:10015000CD010010CD010010CD010010CD01001027
:10016000CD010010CD010010CD010010CD01001017
:10017000CD010010CD010010CD010010CD01001007
:10018000CD010010CD010010CD010010CD010010F7
:10019000CD010010CD010010CD010010CD010010E7
:1001A000CD010010CD010010CD010010CD010010D7
:1001B000CD010010CD010010CD010010CD010010C7
:1001C00000BE00BE00BE00BE00BE00BEEFF3058054
:1001D000103800BEF2EB8871C8B60010E4B600100B
:1001E0003402001090A31AE700201F49086006C8D7
:1001F00081F3088810471D48006800282FD10DA4FE
:100200000ECC002902D000F012F8F9E71849194A7B
:10021000002000E001C19142FCD1174988471749ED
:1002200088471749884700BEFDE701C901C29A42C5
:10023000FBD37047E4B60010C00000201409002072
:1002400038BF0010000004200000042038BF001058
:10025000001004200010042000000000704709482E
:1002600005F0A6FA0047000008ED00E0000000D00D
:1002700018090020D4100020C93C00100903001008
:10028000F13D00105756000006005250ABB36053CA
:1002900008AE001006005250861C030218AE001073
:1002A000060052505422A29D2CAE00100500525060
:1002B000DE65F46838BF0010F8B5C0460648074947
:1002C000091A8B10C90FC91810B5491003D0044B77
:1002D000002B00D0984710BD1409002014090020FD
:1002E00000000000054B10B5002B03D00449054861
:1002F00000E000BFFFF7E2FF10BDC04600000000B5
:10030000380F002050A90010F0B5DE4657464E4683
:100310004546E0B5A7B007F071F8FA20800002F07A
:100320006FFD994806F08EFF984C200006F08AFF7A
:100330000023012296490093964807F053F82000C5
:1003400006F080FF102002F063F8D02380221B0605
:1003500052025A6290495A61904807F0FFF803210F
:10036000042002F02BF80321052002F027F80022D8
:100370000121042002F03AF800220121052002F0B8
:1003800035F8874807F02EF800F0B8FA002800D1B9
:10039000DDE0844C200006F055FF834807F022F88A
:1003A00000F058FD002800D1D1E0200006F04AFFFF
:1003B0007E4807F017F800F091FF002800D1C6E052
:1003C000200006F03FFF7A4807F00CF801F0E6F94C
:1003D000002800D1BBE0200006F034FF01F04AFD08
:1003E000744806F02FFF744806F0FCFF642000F00C
:1003F000D3FB002800D179E2200006F023FF6F4CE8
:100400006F4806F0EFFF142000F0DCFE002800D15A
:1004100068E200F0D1FE06F091FB02000B00694893
:1004200006F0E0FFD02380221B0652029A61664844
:1004300006F008FF654C200001F0AAFB644B180091
:100440000F9301F09FFE634801F07AFE624806F0C8
:10045000F9FE624B9B46624B0993624B0B93624BD6
:100460009A46624B0A93624B1193624B1293624B12
:100470001393624B9946624B1093624B0E93624BFF
:100480001E93624B1F93624B2093624B1993624BF6
:100490001A93624B1B93624B1C93624B1D93624BEE
:1004A0001493624B1593624B1693624B1793624BF6
:1004B0001893624B2193624B2293624B2393624BBE
:1004C0002493624B2593624B0D93624B9846624B8B
:1004D0000C9302F0E5FD002900D10CE1FA22002383
:1004E000920005F0FDF95B4605001B68EB1A092B2D
:1004F00000D90BE153461B68EB1AC72B00D92AE140
:10050000200001F033FC002800D02FE102F0C8FDEC
:10051000002900D13DE1FA220023920005F0E0F924
:100520004B4605001B68EB1A632B00D93CE101F038
:1005300025FE002006F064FF431C00D1A9E03F38EF
:10054000352800D9A5E00E9B80001B589F461B480C
:1005500006F078FE8026414806F074FE7602D0252B
:1005600005242D0632206E61013C02F049FCE4B204
:100570003220AE6102F044FC002CF3D1FA2040009E
:1005800002F03EFCEBE7C04678A9001050A900102D
:100590007CA9001090A90010801A060030020020EB
:1005A000A4A90010F8A90010FCA9001014AA0010BA
:1005B0002CAA001044AA00105CAA0010C0A90010C8
:1005C00068AA001080AA00108CAA00107C0E0020DF
:1005D000A40E0020B0AA0010C0AA00102C0F00200A
:1005E000F00E0020640E0020240F0020C40E002016
:1005F000D8AA0010ECAA001000AB0010300F0020A9
:10060000280F002064AF001014AB00101CAB0010CA
:1006100028AB001034AB001040AB001088AB0010CA
:1006200094AB0010A8AB0010D4AB0010E0AB0010EE
:1006300004AC001014AC001028AC001038AC001052
:1006400048AC001064AC001070AC001084AC00101A
:100650003CB00010200F0020CF100020C8A90010CF
:10066000200001F0C7FBD02701F012FC80261E9865
:1006700001F066FD03253F06760264207E61013DA0
:1006800002F0BEFBEDB26420BE6102F0B9FB002DAA
:10069000F3D102F005FD002900D1C7E0FA220023C2
:1006A000920005F01DF90500200001F047FB01381C
:1006B000C0B26422042802D80D9B80001A58434619
:1006C0001B68EB1A93420DD3434601220C991D601F
:1006D0000B7853400B7000D1FAE0D02380221B0628
:1006E00052025A616420002102F01CFB02F0D8FC87
:1006F000002900D0F2E6FA21890005F0B3F85B4644
:1007000005001B68EB1A092B00D8F3E65B46099E2F
:100710001D60300000F08AF90B9F380000F08AFC61
:1007200039000F9F32003800099601F041FD380072
:1007300001F02AFE061C380001F028FE099B021C6D
:10074000DB6A2000311C01F039FA53461B68EB1AB2
:10075000C72B00D8D4E653460A981D6001F002F872
:10076000200001F003FB002800D1CFE6119801F032
:10077000E7FC01F0A7FB002800D1AFE0200001F06A
:1007800075FB129801F0DCFC02F08AFC002900D015
:10079000C1E6FA21890005F065F84B4605001B68A3
:1007A000EB1A632B00D8C2E64B460A9E099A1D60DD
:1007B000200033000B9901F0C1FB109A1368FA2254
:1007C000EB1A9200934200D2B1E62422B35C002BD4
:1007D00000D1ACE60A9801F051FC109B1D60A6E622
:1007E0001D9806F02FFD149806F02CFD159806F0C4
:1007F00029FD169806F026FD179806F023FD189897
:1008000006F020FD219806F01DFD229806F01AFD45
:10081000239806F017FD249806F014FD259806F09D
:1008200011FD02F03DFC002900D037E7FA218900D4
:1008300005F018F8050037E7200001F0FBFA01F099
:1008400037FB1F9801F07CFC23E71B9801F078FC34
:10085000642000F0A1F9142000F0B4FC1C9801F011
:100860006FFC16E7209801F06BFC01F04BFB10E7E2
:10087000200001F063FA01F063FA0500A06906F0B8
:100880005DF9060020690F0006F058F92423069050
:100890000791E35C0493206A06F050F902900391FB
:1008A000E06906F04BF93200009001913B0029000D
:1008B0001A9806F097FDECE6199801F041FC01F05A
:1008C00033FB200001F064F90F9801F061FDE0E6D0
:1008D000D02380221B0652029A6103E7139801F08D
:1008E0002FFC13E6200006F0ADFC9BE5024C200037
:1008F00006F0A8FC84E5C046C0A9001070B584B01D
:1009000075236A46454C1373743B6821200000939D
:1009100003AA06F04BFE012802D0002004B070BDEF
:100920000B2500266D4401232A0068212000009633
:1009300006F0B2FE0128F0D12B78682BEDD16A4683
:10094000374B6821938120000223009603AA06F00A
:100950002DFE0228E1D1623002F052FA6C236A4681
:10096000FF3393816A3B682120000096FF3B03AA76
:1009700006F01CFE0228D0D1083002F041FA6A4687
:10098000284B6821938120000223009603AA06F0D9
:100990000DFE0228C1D16A46234B682193812000B5
:1009A0000223009603AA06F001FE0228B5D11B23FC
:1009B0006A466821938120000096193B03AA06F03D
:1009C000F5FD0228A9D11C236A46682193812000E5
:1009D0001A3B009603AA06F0E9FD030002289CD109
:1009E0002322694620008A816821009603AA06F026
:1009F000DDFD022800D090E79C236A465B009381CE
:100A00000023682100932000023303AA06F0CEFDE4
:100A1000023843425841C0B280E7C046300200204D
:100A20006B80FFFF190900001A030000F0B5DE46D5
:100A300057464E464546E0B5040089B000280DD023
:100A40003B236A46D3730F224E4E3A3B6821300057
:100A500000936A4406F0AAFD012807D0002009B0DF
:100A6000F0BCBB46B246A946A046F0BD002304AD8B
:100A700000932A00682130000E3306F00DFE0E2888
:100A8000ECD1414B28881A8840BA801A00B22080E5
:100A90006A88598852BA521A12B262809146AA885C
:100AA000998852BA521A12B2A2809046EA882F89C7
:100AB00051BAA181D2BA9246DA887FBABF1A3FB240
:100AC0006E89E7801A8976BAB61A36B2AD89268160
:100AD0005B896DBAED1A2DB2658105F0C5FFE22183
:100AE000890505F072FF83462061484605F0BCFF8A
:100AF000E221890505F069FF81466061404605F005
:100B0000B3FFE221890505F060FF8046A06138004F
:100B100005F0AAFF1D4905F044FFE061300005F033
:100B2000A3FF1A4905F03DFF2062280005F09CFF55
:100B3000164905F036FF6062504605F095FF1449EE
:100B400005F02FFF134905F029FF5946A0625846CA
:100B500005F03BFF4946051C484605F036FF011CE1
:100B6000281C05F01BFF4146051C404605F02DFFE3
:100B7000011C281C05F012FF05F0EAFFE0620120CD
:100B80006DE7C04630020020180900200000034332
:100B90000000AA43B81E1242F0B5DE46454657464D
:100BA0004E46E0B5444B8DB0049004000C22002169
:100BB00018000593002506F065FA002C00D175E0B9
:100BC000002300260027984699469A469B463B4BB1
:100BD00008AC03933B2204AB04A9DA738C460123CF
:100BE0002C3A682103980093624406F0DFFC012848
:100BF00007D000200DB0F0BCBB46B246A946A046C7
:100C0000F0BD002322000093682103980E3306F004
:100C100043FD0E28EDD123880438DBBA9B4463885A
:100C20000135DBBAF618A388ADB2DBBAFF18238909
:100C3000DBBA98446389DBBA9944A389DBBA9A4446
:100C400002F0DEF8049BAB42C4D11C0052464B4676
:100C500021005846B246B94616001F0004F0DAFDDE
:100C6000210085B2504604F0D5FD00042100054363
:100C7000484604F0CFFDA246114B5146C4184046E9
:100C800004F0C8FDA4B2000451460443380004F047
:100C9000C1FD514607B2300004F0BCFD00B2059B17
:100CA00058811D6001205C601F81A3E7C0240020E3
:100CB00000272402F3E7C046180900203002002074
:100CC00000C0FFFF5F4BF0B51968DE460A00CB1786
:100CD000012157464E46454683465B484942121815
:100CE0004B41E0B5100089B0190014001D0005F05B
:100CF00035FE564E804601960822B05E2B0022003B
:100D00008A46C1170294039505F028FE030D0F03D0
:100D10001F43019B06030A21585E42465346C117F2
:100D200005F01CFE0B06040A1C430D128021A419B9
:100D30007D410020019E0902002300196941F288CB
:100D400005F00CFE4B10CF1799463B4300D176E0DF
:100D50001023F05E42465346C11705F0FFFD059192
:100D600004900E23F05E029A039BC11705F0F6FD76
:100D7000C40B4B04234342040498059912184B41B9
:100D800080245946029203936403641A6508E117AC
:100D9000E0070C24325F0024C9072943D500029ADA
:100DA000039BA4185D410023001BA941284A05F0BC
:100DB000D5FD4A463B0004F07BFD07910690069E58
:100DC000079FFB04740B1C43019B7D131622985E46
:100DD00022002B00C11705F0C1FD22002B0005F0F9
:100DE000BDFDCB01440E32001C433B00019E4D165D
:100DF0001421705EA4185D41C11705F0AFFD4F03CB
:100E0000C20CCB143A4312196B411906140A1D1275
:100E10001222B35E0C43DE171A0F31011143180181
:100E20000019694105F07CFEEE21890505F0CDFD34
:100E300009B0F0BCBB46B246A946A046F0BD0020B2
:100E4000F6E7C046AC100020000CFEFFD00D0020DD
:100E5000350C0000F0B5CE46474680B58BB0D023A8
:100E60006A466F4C1373CF3B76212000009303AA90
:100E700006F09CFB012805D000200BB0C0BCB94691
:100E8000B046F0BD092500266D4401232A007621D5
:100E90002000009606F000FC0128EDD12B78602B95
:100EA000EAD16A465F4B76219381200002230096A7
:100EB00003AA06F07BFB0228DED1083001F0A0FF78
:100EC000F3230A36984601256E4413E000233200CE
:100ED000009376212000013306F0DEFB0700012895
:100EE000CAD1012001F08CFF2A0033781A409146C4
:100EF0001D420CD06B46424676211A732000012316
:100F0000009503AA06F052FB0128B5D1DEE788233D
:100F10006A46D3720B22762120000097873B6A44F1
:100F200006F044FB06000128A6D14B46762100932B
:100F300020001A2303AA06F0AFFB1A289CD13A4DD1
:100F4000039B079A2B60049B2A616B60089B2522F8
:100F50006B616B4606990598E960A8609B181B7841
:100F60006A462B76E123D3720B227621200000966D
:100F7000E03B6A4406F01AFB012800D07CE74B46B0
:100F8000762100932000072303AA06F085FB07289B
:100F900000D071E76B469B896A466B836B469B7BEF
:100FA00020006B766B46D17B0F221B7C09011A4017
:100FB0000A43AA836A46527C1B0912011343EB833E
:100FC0006B469A7C2023EA546A46D333FF339381DD
:100FD0004B467621009303AA022306F0E7FA022883
:100FE00000D049E76A46114B762193814B46200099
:100FF000009303AA022306F0D9FA022800D03BE7A7
:101000006A460B4B762193814B462000009303AA3E
:10101000022306F0CBFA023843425841C0B22CE713
:1010200030020020E0B6FFFFD00D0020F5100000D8
:10103000F4430000F0B5C64600B5040086B00028B1
:101040000DD0F7236A46D3730F22534DF63B76211A
:10105000280000936A4406F0A9FA012804D0002071
:1010600006B080BCB846F0BD002304AE0093320049
:1010700076212800083306F00FFB0828EFD173789B
:1010800035781B012D031D43B37832791B091D43AD
:10109000F788F37871791201404E7FBA1B0313432E
:1010A000BAB290460909328819431B099B1A5B435F
:1010B0005200C910891A0220325E1B134A430420D1
:1010C000315ED2124B439B13D718B800344BC01972
:1010D0001F60803005F0C8FC324905F062FC2060DA
:1010E0002800FFF7EFFD304B6060FA184346051CFF
:1010F00099031C20335E1B05C91A1E20335E802015
:101100005343C91A8023DB019C4600026144844694
:101110002020737E305653434243DB1263449212C5
:101120005A4380239B039C4692121A20335E6244EA
:1011300053438022920194466344C9139B134B434B
:10114000DA135243317ED2114A4312119B1ADA4309
:10115000D2171340C822520593421ADC181305F027
:1011600083FCEA21890505F030FC104BA06019686A
:10117000281C05F016FC0E4905F010FE011CFE208F
:10118000800505F008FC0B4905F01FFCE06001201C
:1011900066E71300E2E7C04630020020D00D0020D1
:1011A000AC1000200000C84600D4FEFF98010020CB
:1011B00001DE423E002A2D47014B18687047C046A9
:1011C00098010020F0B5DE4657464E464546E0B54C
:1011D00089B00390002800D171E03B4B0024984671
:1011E000012300259946394EF72302AA02A9D37399
:1011F0008C464B460F2200937621012340466244E1
:1012000006F0D4F9012807D0002009B0F0BCBB4695
:10121000B246A946A046F0BD002306AF00933A00AF
:1012200076214046083306F037FA0828ECD17B785F
:1012300038781B0100031843BB783A791B0918431F
:10124000FB7812011B0313437A79214F3188BC4686
:1012500012091A431B095B1A5B434900D210521A48
:101260000227F15F1B134A430427F15FD2124B435D
:101270009B13D21863461A60FFF724FD8246154B74
:10128000013419689B4605F08CFB134905F086FD77
:101290005146281C05F082FB051C322001F0B0FDF0
:1012A000039BA4B2A3429FD1180005F0DDFB011CF3
:1012B000281C05F076FB5B4618600120A5E7054B6E
:1012C00000259B460398F0E730020020D00D002057
:1012D000AC1000209801002001DE423E962110B59E
:1012E000134C8901200002F0E1F90221082001F0ED
:1012F00065F80221092001F061F8C022236B120277
:1013000013400C4A2000136008210023012202F040
:1013100095FA2000012102F0CFFA28220021064888
:1013200005F0B0FE0022054B01201A8010BDC0461A
:101330000080034030900340F80D0020C4100020CE
:10134000F0B54646D6464F46C64DC0B5C64C2E886B
:1013500000271022C5498B691A421DD110008B69E4
:1013600018401A42FAD10B68DBB2242B0ED0FE2EA5
:101370001AD90A2BEFD1002F00D02E80BA4F3B781C
:10138000242B18D0002300262B80E1E723808B69D3
:10139000012701261A42E1D0002F00D02E80E0BCA8
:1013A000BA46B146A846F0BD771CBFB2A3553E0071
:1013B000E0550127DDE72A21380007F0D7FD002896
:1013C000E0D07B1C984200D8C0E10222591C524256
:1013D000521A411A092900D8BAE1BB787E785E40DA
:1013E000FB785E4013181A00910889007A18994614
:1013F0009046B4463B0000225E6804337240984534
:10140000FAD16646130456401B0E5E4013021B0EB3
:101410005E40130E4A465E40954BF6B2CB188A42A8
:1014200031D01A7856405A1C90422CD95A785640DE
:101430009A1CF6B2904226D99A785640DA1C90420D
:1014400021D9DA7856401A1D90421CD91A79564093
:101450005A1D904217D95A7956409A1D904212D976
:101460009A795640DA1D90420DD9DA7956401A0021
:101470000832904207D91A7A56401A00093290422F
:1014800001D95B7A5E4010220021013007F062FD35
:10149000C0B2B04200D075E7764B1A78472A6BD0BD
:1014A0001A78522A00D06DE75A784D2A00D069E7A1
:1014B0009B78432B00D065E7002398466E4B38009D
:1014C00019009A4607F016FE061E00D15AE76B4F28
:1014D00019E0022B41D0072B0BD1300006F024F984
:1014E000C022674B120604F028FC04F01FFD634E77
:1014F000F06001239C4651460020E04407F0FAFDCD
:10150000061E00D13EE74346082B2ED0E1DD092B15
:10151000EFD1300007F054FE0528EAD9F421C900C4
:101520008C463378303B9A009B1872785B00303AD7
:101530009B187B76B378303B9A009B18F2785B005F
:10154000303A9B18BB763379303B9A009B187279FE
:101550005B0062449B18BB83CBE73378474A413B2F
:1015600059424B4124215354C3E7300006F0DCF8C4
:1015700004F0DCFC3861BCE75A78472A90D19A78AD
:10158000412A8DD1002398463B4B380019009A46DA
:1015900007F0B0FD002800D1D0E03A4F01239C466F
:1015A00051460020E04407F0A5FD061E00D1C5E02D
:1015B0004346092BF2D89B00FB589F46300006F0AB
:1015C000B3F804F0B3FC2D4EB060E7E7300006F04E
:1015D000ABF804F0ABFC294E3062DFE7300006F0D8
:1015E000A9F8264B1875D9E7300006F0A3F8234B6D
:1015F000C0B25875421E904124229854CEE73378E9
:10160000572BCBD1802109068C461C4A5368634472
:101610005360C3E7300007F0D3FD032800D891E002
:10162000300006F081F804F081FC1749814605F08E
:10163000B8F905F03BFA06006420704305F014FA8F
:10164000011C484605F0A7F9104905F0AAF98146A2
:10165000300005F009FA011C484605F09FF9074BD8
:1016600058609BE7C4100020600F002000800340FA
:10167000640F0020630F0020CCAC0010F80D002098
:10168000CAA1FD3F50B000100000C84200007042E7
:101690003378532B00D081E7802109068C462D4AF0
:1016A00013686344136079E7300007F089FD03286D
:1016B0004AD9300006F038F804F038FC2649814653
:1016C00005F06FF905F0F2F906006420704305F0AB
:1016D000CBF9011C484605F05EF9204905F061F997
:1016E0008146300005F0C0F9011C484605F056F966
:1016F000184B186052E7300007F062FD052800D84B
:101700004CE73378134A303B99005B1871785B00E3
:1017100030395B189375B378303B99005B18F178DA
:101720005B0030395B18D3753379303B99005B1817
:1017300071795B0030395B1813762FE70122084B73
:101740001A701FE600208AE70020D1E700269AE6FB
:10175000002666E6F80D00200000C8420000704236
:10176000CC10002070B50400FFF7EAFD002C0FD06C
:10177000084B1878002800D170BD2200064B62CBC0
:1017800062C232CB32C232CB32C21B681360F3E783
:101790000020F1E7CC100020F80D0020F0B5C6467F
:1017A000042100B50F2000F009FE01240723294D74
:1017B000294E052033602C6002F012FA274904F00C
:1017C00051F805F04CF9071C05F0A2F9C3B2180056
:1017D000984605F049F9011C381C05F0DCF8832116
:1017E000C90505F0F2F805F093F9434636681B0188
:1017F000C0B21843B3001A4A9B199B009E18194A9D
:101800007060194932612A688C46511E8A418021D4
:1018100049010F006344154D186852425540284055
:101820001F43386030683143844300200C60104906
:10183000087010490978002907D00F491B680A4031
:10184000F532FF3253401D403D60012080BCB84658
:10185000F0BDC046F40D0020A810002040420F004B
:10186000000005401F4E00000C000540FFFF000077
:10187000CB100020CD1000200CFEF30110B5031C8E
:10188000B42800D9B4231549DAB20B70144B1B7875
:10189000002B1ED0134B50011B68801A9C00E418CB
:1018A000114B80009C468018B421A40000016444C0
:1018B00003F0D8FF0D4BF5301B68FF3080B2002BD2
:1018C00008D10B4A236843401A4080235B0123431D
:1018D0001A6010BD074A0004F4E7C046CB10002090
:1018E000CD100020A81000200C000540F40D0020B1
:1018F000FFFF00000000FFFF014B18787047C04653
:10190000CB1000200122144B10B51A70134BB421D8
:101910001B689C00E418124BA4009C46114B6444C5
:101920001B785801C01A8000C018000103F09AFF0C
:101930000D4BF5301B68FF3080B2002B09D00B4AED
:101940000004236843401A4080235B0123431A604C
:1019500010BD074AF5E7C046CD100020A8100020B2
:101960000C000540CB100020F40D00200000FFFF0C
:10197000FFFF000010B5010086B0002832D014220D
:10198000684605F085FBD5236C46174A5B0023802B
:1019900013886846591C63801180019B009A217C42
:1019A0005A40029B5A40039B5A40637C4B40A17CA7
:1019B0004B4011045340090E4B401102090E4B409D
:1019C0002021120E5340094AE37405AC9369194271
:1019D000FCD1037801301360A042F7D1044A138888
:1019E0000133138006B010BDC81000200040034032
:1019F000C610002010B5010086B000282ED06C461D
:101A00001522684605F044FB154A164B68462380AC
:101A10001388591C63801180019B009A5340029ADD
:101A20005340039A5340049A53401A041902120E69
:101A30005A40090E4A401B0E53402375152420219D
:101A4000094A6C4493691942FCD103780130136050
:101A5000A042F7D1054A13880133138006B010BDA8
:101A6000C8100020AA03000000400340C610002058
:101A700070B5060088B0002841D01B20022200214A
:101A8000684405F0FFFA224B224A01AC23801388F8
:101A9000591C1180638001F003FB002931D0FA2228
:101AA0000023920003F01CFF05000F22310003A861
:101AB000656007F0F1FA019B039A6B405340049A6A
:101AC00020005340059A5340069A53401A041902C5
:101AD000120E5A40090E4A401B0E534023761D2415
:101AE00020210D4A6C4493691942FCD103780130DE
:101AF0001360A042F7D1094A13880133138008B05C
:101B000070BDFA21890003F0ADFE0500CDE7C046A7
:101B1000AA020000C810002000400340C6100020A8
:101B2000184A70B59369DB0616D400251021164EAD
:101B3000164C307893691942FCD11368DBB2002847
:101B40000BD1AA2B02D123700130012593691942D0
:101B5000F0D0002D00D0307070BD3F2807D96378D9
:101B6000042B02D001250020F0E70020EDE7451C02
:101B70002354E8B20328E8D96378042BF5D0402831
:101B8000F0D0E2E700400340D010002060100020B9
:101B900010B528220021040005F074FA01F080FA43
:101BA000002906D0FA220023920003F099FE60601B
:101BB00010BDFA21890003F055FEF8E7F0B557464D
:101BC0004E464546DE46E0B583B004000D1C161CAB
:101BD0001F1C01F065FA00294BD0FA220023920065
:101BE00003F07EFE81466069A561E6612762291CDB
:101BF00004F022FF002800D0656123789846032B6B
:101C000060D03CD8002B69D0022B2BD125239B46DA
:101C1000E35C291CE0689A4604F0BDFE414901904E
:101C2000381C04F009FF002863D056460136F6B28E
:101C30003D49019804F00EFF002801D00236F6B2AB
:101C40002523E654022E0DD94B46A360374B256160
:101C5000238001F025FA00292DD1FA21890003F013
:101C600001FE606003B0F0BCBB46B246A946A04688
:101C7000F0BDFA21890003F0F5FD8146B3E7042B9E
:101C8000F0D12B49281C04F0D7FE0028EAD0FC2113
:101C900070004008890504F0CFFE0028E2D04A46D3
:101CA0006368D31A234A9342DCD9234B238001F083
:101CB000F7F90029D1D0FA220023920003F010FE98
:101CC0006060CFE72423E35C002BCBD0C1239B00D3
:101CD000238001F0E5F90029BFD0ECE70123238040
:101CE00001F0DEF90029E6D1FA21890003F0BAFDFE
:101CF000B7E7C021301C090604F09EFE002894D1ED
:101D00005346002B09D10849019804F0A3FE00288E
:101D1000A8D05B464246E254A4E75646013EF6B2DE
:101D200086E7C0469A99993E0000A0400302000051
:101D30000000A041881300000504000000787047EF
:101D4000062801D902487047024B8000C058FAE7C4
:101D5000D4AC001078B00010037802220020023BBF
:101D6000DBB29A424041C0B27047C046242370B5EE
:101D7000C35C0400002B01D0002070BD01F090F97D
:101D8000002916D0FA220023920003F0A9FD23783F
:101D9000032B15D0022BEFD11349A06904F04CFEA0
:101DA0000028E9D01149E06904F046FE431E98413D
:101DB000E3E7FA21890003F055FD2378032BE9D1ED
:101DC000A568F233FF33451B9D42D5D30749E0692F
:101DD00004F032FE0200531E9A41054BAB429B4178
:101DE00058421043C9E7C0460000FA43000080BFD4
:101DF0002F750000037810B50400012B00D010BD32
:101E00008369C3604361002383840333FF3303800A
:101E100001F046F9002905D1FA21890003F022FDDD
:101E20006060ECE7FA220023920003F059FD606045
:101E3000E5E7C046037810B50400022B00D010BDC2
:101E4000094B038001F02CF9002905D1FA21890002
:101E500003F008FD6060F2E7FA220023920003F02D
:101E60003FFD6060EBE7C046010200002423012231
:101E7000C254704710B5FFF791FC0020FFF7FEFC3D
:101E8000FFF740FD0022014B1A7010BDD110002059
:101E900010B5064C2378002B00D010BD0020FFF7B2
:101EA000EDFCFFF72FFD01232370F6E7D110002092
:101EB000034B1A78012A01D100221A707047C046DC
:101EC000D110002010B50E4C2378012B01D000203A
:101ED00010BD0133237001F0E3F85A20FFF7CEFC68
:101EE000FA20400000F08CFFFFF706FD5A2802D0D0
:101EF00004232370EBE7032359382370E8E7C04637
:101F0000D110002010B5FFF7FDFC5A20FFF7B6FCFA
:101F1000FA20800000F074FF0020FFF7AFFCFA20E9
:101F2000400000F06DFF10BD10B50020FFF7A6FCCB
:101F30000022014B1A7010BDD1100020F0B58FB0F7
:101F400009AD04000F001422002128001E0005F036
:101F500099F801F0A5F8002900D182E0FA220023C7
:101F6000920003F0BDFC68602000FFF7E7FE3F49E8
:101F70002872A06904F029FD04F098FD2D2283B297
:101F80006A441B0A107053703949E06904F01DFD62
:101F900004F08CFD2F2283B26A441B0A1070537028
:101FA0003449206A04F011FD04F080FD312283B22F
:101FB0006A441B0A10705370002F0DD02B493868EB
:101FC00004F003FD04F072FD3322FF2183B26A4462
:101FD00008401B0A10705370002E01D0337D6B74C3
:101FE00000232000AB74FFF7B7FE002803D00122C6
:101FF000AB7C1343AB742423E35C002B03D002229D
:10200000AB7C1343AB74002E07D02423F35C002B6E
:1020100003D00422AB7C1343AB742800FFF7AAFC67
:1020200020006F68FFF78AFEFFF78AFE2423E35C37
:1020300006000693206A04F081FD04900591E06992
:1020400004F07CFD02900391A06904F077FD0A4D35
:102050000090019132003900280005F0C3F90FB05B
:10206000F0BDFA21890003F0FDFB7CE70000204170
:102070000000C84200007A4414AD0010F0B504001E
:102080008DB0002803D02423C35C002B01D10DB0F8
:10209000F0BD06AD15220021280004F0F3FF00F08A
:1020A000FFFF002941D0FA220023920003F018FC20
:1020B0006860206804F042FD00221E4B03F03DFEE4
:1020C00003F0CCFEA860606804F038FD0022194BD4
:1020D00003F033FE03F0C2FEE860A06804F0E6FC03
:1020E0002882237D1449AB74206A04F06EFC04F04E
:1020F0000FFDE8742800FFF77DFC206804F01EFD4A
:10210000237D06000493A0680F0004F017FD0290E1
:102110000391606804F012FD084D009001913200B7
:102120003B00280005F05EF9B1E7FA21890003F0D1
:1021300099FBBDE780842E410000204134AD0010A2
:1021400010B5041E10D0FFF793FC00F0A9FF002982
:102150000BD0FA220023920003F0C2FB0100064BD1
:102160002200180005F03EF910BDFA21890003F0A5
:1021700079FB0100F3E7C0464CAD001010B5FFF746
:10218000CFFC10BD10B520220021040004F07AFF1E
:1021900000F086FF002906D0FA220023920003F007
:1021A0009FFBE06110BDFA21890003F05BFBF8E7BB
:1021B000F0B54F464646D646C0B5050088461700DE
:1021C00000F06EFF002900D1C4E0FA220023920043
:1021D00003F086FB0400E869201A04F040FC604923
:1021E00004F0DFFB0021EC61061C04F02BFC00284E
:1021F00006D1FE21301C890504F02CFC002800D0FB
:10220000584E4346002B21D0DC682B68AC609846C2
:10221000191C201C04F0BFFB534904F0D6FB4146B7
:1022200004F0BCFB011C2860201C04F0B4FB311C32
:1022300004F0B7FB6C68E860211C04F0ACFB4B4970
:1022400004F0C3FB211C04F0A9FB6860002F70D0D0
:102250007B699846BB694046191C994604F088FC86
:1022600080231B069C463C694146824640466444A6
:1022700004F0ABFB49468046484604F0A6FB011C2F
:10228000404604F08BFB04F063FC011C201C04F0AE
:102290006FFC396A8146301C04F097FB696904F0D1
:1022A0007DFB796A8046301C04F08FFBA96904F03D
:1022B00075FBF969041C301C04F087FB296904F0E4
:1022C0006DFB2B4904F081FB2A49061C504604F0A3
:1022D0007CFB294904F065FB284904F076FB011CCE
:1022E000301C04F05BFB23492861484604F06DFB79
:1022F000214904F056FB214904F067FB1C49061CE8
:10230000404604F062FB011C301C04F047FB1949F5
:102310006861201C04F09EFB002814D01849201C82
:1023200004F039FB1349041C04F094FB0028F5D198
:10233000AC61E0BCBA46B146A846F0BD201C1049CD
:1023400004F02CFB041C0F49201C04F075FB002832
:10235000F4D1EDE7FA21890003F084FA04003AE7AA
:1023600000007A440AD7233CCDCCCC3DCDCC4C3EAA
:1023700048E17A3F00003443D00F494000D7A33CE6
:102380000000B443000034C30068704740687047E1
:1023900010B520220021040004F074FE00F080FE3D
:1023A000002906D0FA220023920003F099FAE06196
:1023B00010BDFA21890003F055FAF8E7094A10B573
:1023C00094464024830063441A68C000624080340D
:1023D00014408022520113431C60034B9C4660440E
:1023E000416010BD04C0014000400140074B800027
:1023F0009C4660440368C90092000A435A400C237B
:102400001A4080235B0103431A60704704C00140F7
:102410000123D0228340120693629361094A40212E
:102420009446830063441A68C0004A4080311140DA
:102430008022520113431960034B9C4605236044DC
:102440004360704704C0014000400140024B1868DF
:102450008007C00F7047C04600C0064070B5EFF35C
:10246000108C72B60D4D2B68002BFCD0BFF35F8F24
:102470000724CB08C618C05C01230C40A3401C00F5
:102480000440034207D118433070BFF35F8F2C60C4
:102490008CF3108870BD100001F0CAFC2C0100D034
:1024A0000021044B044ABFF35F8F02C39342FAD169
:1024B0007047C046000100D0800100D0044A107867
:1024C000431CDBB2172B00D9102313707047C04692
:1024D0009C01002001238340002904D0034A13609B
:1024E000034A13607047034A1360FBE780E200E091
:1024F00000E100E080E100E0024B10309B688000CA
:10250000C058704700ED00E070B50D00EFF3108685
:1025100072B60F4A1368002BFCD0BFF35F8F0D4BD0
:1025200010309B6884001B590B4A934203D09D4294
:1025300001D001F095FC074B9B681D51BFF35F8FE5
:10254000BFF35F8F0022024B1A6086F3108870BDC4
:10255000240100D000ED00E0CD010010F8B5DE460A
:1025600057464E4645460C00E0B5EFF3108872B66C
:102570005B4A1368002BFCD0BFF35F8F594B5A495D
:102580009A68030010339F00D5599C468D4238D07D
:10259000A54248D0554EAA1B2F2A32D8012213003B
:1025A000834099465248006803409A464B4651483A
:1025B0000360BFF35F8FEFF305839B46002B34D09E
:1025C0009C4501D001F04CFC01232A009A439068FD
:1025D000844208D172E04B005B189B00F3189868A6
:1025E000A04232D01A00062151560029F3DA844263
:1025F00050D05346002B24D04A463F4B1A603C4BE8
:102600001A60384B9B68DD51BFF35F8FBFF35F8F5C
:102610000022334B1A6088F31088F0BCBB46B246E8
:10262000A946A046F8BD0D00EBE72B009343986840
:102630001A008442D7D106201856002809DA0D0066
:1026400030E04A462B4B1A60DBE70620185600287C
:1026500021DB42001118890074188B46A16899602B
:10266000E179D971062161569971002924DBA4888A
:10267000F11A640524155C44091909051F4C490D1C
:102680002143998013181E4A9B001178F318997101
:102690001070AEE713005946002914D1FF31917133
:1026A0001849918016490A789A71174A9B1B5B4119
:1026B0005A43120D0A709CE71249E2E706201056B1
:1026C00013000028C5DA114A1149D21A083A5002FB
:1026D000400D014399800F4952080A43DA8088E788
:1026E000240100D000ED00E0CD010010A001002089
:1026F00000E100E080E100E080E200E000E0FFFFB8
:10270000CE10002001BDFFFFAAAA0000DA010020C0
:1027100000F0FFFF00F8FFFF70B5EFF30581012423
:102720000443EFF3108C72B6214A1368002BFCD0DF
:10273000BFF35F8F1F4B05001F4AED1A6D416A43BF
:10274000120D1E4D8900AE6852B27658A6421CD0BA
:102750000621595691421CD012215956914222D03D
:102760001E215956914220D02A21595603249142C4
:1027700010D0134B19781A708171BFF35F8F00224C
:102780000B4B1A608CF3108870BDAB680D4C5C501D
:10279000EFE700246100091989005B18FF21997196
:1027A00009499980E5E70124F4E70224F2E7C046ED
:1027B000240100D0A0010020AAAA000000ED00E042
:1027C000CE100020CD01001001BDFFFF054B064AD1
:1027D0001360064A136053609360D36013615361C2
:1027E000936170478080808000E400E004E400E0B2
:1027F000024B9C46614489000160704740000034F0
:1028000010B50400FFF75AFE01002000FFF7F0FFAB
:10281000FF232371BFF35F8F10BDC04610B50400C6
:10282000FFF74CFE01002000FFF7E2FFFF23A3802B
:10283000BFF35F8F10BDC04683680B4810B5844658
:10284000614462441201090159189B185C684A6886
:102850000120944201D802D00020C0B210BD1A68F5
:102860000B689A42F9D8F7E7FFFFFF0F0A4B196888
:10287000EFF3108072B60A68002AFCD0BFF35F8FB6
:102880001B68BFF35F8F00221A6080F3108840BF7F
:10289000002000217047C046A4100020F8B557461C
:1028A0004E464546DE46E0B598460CAB1C780DAB6F
:1028B0001B78070091469A460668002C57D1B47BD6
:1028C000002C3AD0650031682D19033D49194B7829
:1028D000B373002B00D1F37300238B704B700B701C
:1028E0002D4BE218BB6812019B184A461A604246FB
:1028F0005A600A9A9A600B9ADA6000238B704B70C8
:102900000B70737B9B46002B24D0220073685946C2
:10291000B06898475B465B0032685B44033B5519DF
:10292000D21800280FD05B46AB701378002B24D14F
:102930005B46147073735C450DD0F0BCBB46B24669
:10294000A946A046F8BD94702B78002B00D0537098
:102950005B462B7074734A464346387D00F034FC66
:10296000051E11D10E9B002BE7D01D70E5E7650019
:1029700031682D19033D4919B2E76B705B4614703D
:1029800073735C45D9D1E6E75346002BEAD12100A9
:10299000386800F04FFEE5E7FFFFFF0F664B82004F
:1029A000F0B5D4580023DE4657464E4645469B4672
:1029B000E0B58DB0099000F073FB626806000F006F
:1029C000EFF3108872B61368002BFCD0BFF35F8F53
:1029D00023689C465B7B9946002B0DD16368BFF34F
:1029E0005F8F4A461A6088F310880DB0F0BCBB4672
:1029F000B246A946A046F0BD504BA5684B441B010A
:102A0000ED182868696802000B00921BBB41002B7F
:102A10000EDD02000B00099800F0D6FB6368BFF3DF
:102A20005F8F5A461A6088F310880028C3D1DCE70C
:102A3000002B01D1002AECD10021604600F066FD98
:102A4000AB680200286869689A46EB680A900B91A7
:102A500008934B465D1EE368585D636800020243BD
:102A60002261BFF35F8F5A461A6088F3108853467D
:102A7000002BBAD04B4608991843D047626806909D
:102A80000791EFF3108872B61368002BFCD0BFF3E8
:102A90005F8F079B002B27DB069A079B11001943CA
:102AA00002D02369002B3BD12368D97B002906D0B3
:102AB0001A684800411852184946033A51709A7BE7
:102AC000002A01D14A469A734A46DA73E268535D96
:102AD000013353555B4623616368BFF35F8F5A46EA
:102AE0001A6088F3108866E72369002BDCD00A9A05
:102AF0000B9B06980799121A8B41002B02DA0122D0
:102B00000F4B524200210491013103914946029139
:102B100008992000019151460091FFF7BFFED9E7C7
:102B200000F0BEFA069A079B12184B41002BE9DA17
:102B30000122034B5242E5E7500F0020FFFFFF0F39
:102B4000FFFFFF7F10B5144C6368002B04D00A21EF
:102B50001248FFF74DFE10BD2300114A10212068D6
:102B600000F0E0FB032000F08FFA032000F094FB5C
:102B700003200C4900F0E2FAFFF7A0FC0A4B9C4648
:102B800003232375D0231B061B6860446375074B22
:102B900080006060DC60DAE7E8010020A41000201B
:102BA000392800109D29001040000034500F0020EB
:102BB000F0B54E465746DE464546E0B587B0019330
:102BC00012AB1B780600059300239A4699460092A3
:102BD0007268EFF3108B72B61368002BFCD0BFF352
:102BE0005F8F3568AC7B002C00D170E067002B68EC
:102BF0003F19033FDB195A78AA73002A00D1EA7300
:102C0000464AA118B268090152180098019910604B
:102C10005160109991601199D1604A469A705A702A
:102C20001A706B7B9846002B61D022006B6841467E
:102C3000A868984743465B002A684344033BD7197A
:102C4000D21800284CD04346BB701378002B00D01C
:102C50007B70434614706B73444549D0F3681B196D
:102C6000013B18787368BFF35F8F4A461A608BF395
:102C700010885346002B08D10002204307B0F0BC57
:102C8000BB46B246A946A046F0BD059B002B43D0EB
:102C9000109B00201199984703000B433CD00290F1
:102CA0000391002931DA009B019C0299039A5B1A77
:102CB00094418022009301941206944204D301238C
:102CC000174C5B4200930194059B9A4680E773681A
:102CD000BFF35F8F1C608BF3108801204042CDE76B
:102CE00094703B78002B00D0537043463B706C735C
:102CF000307D009A019B00F067FA82460028ADD033
:102D00002100306800F096FCA8E700F0C9F9029BAA
:102D1000039C1B184C41CCE70020AFE7FFFFFF0FDF
:102D2000FFFFFF7FF0B5C64600B584B004000D007C
:102D300000F0B6F924184D41002D02DA01242B4D84
:102D4000644206267642F71736196F41AF4214D80F
:102D500011D000F0A5F932003B00121A8B41002B74
:102D600015DC002B3ED02000290000F0D7F904B07C
:102D700080BCB846F0BDA642EBD90026002700F083
:102D80008FF932003B00121A8B41002BE9DD002342
:102D900002930193164B3200009316483B00FFF755
:102DA00007FF0130DFD0002339009846124A13484C
:102DB000536A994204D8976ABE42D4D99942D2D173
:102DC0000768EFF3108C72B63B68002BFCD0BFF3A2
:102DD0005F8F0368BFF35F8F47461F608CF31088D7
:102DE00020BFE5E7002ABED0D1E7C046FFFFFF7F46
:102DF0006D280010E801002000400540A4100020CC
:102E0000F0B5C64600B584B0040000F049F9FA22D6
:102E100006000F00200000230021920003F09EFD19
:102E20008019794104000D1E02DA01242A4D644202
:102E300006267642F71736196F41AF4214D811D0E3
:102E400000F02EF932003B00121A8B41002B15DCEA
:102E5000002B3ED02000290000F060F904B080BCB7
:102E6000B846F0BDA642EBD90026002700F018F9BD
:102E700032003B00121A8B41002BE9DD0023029344
:102E80000193164B3200009315483B00FFF790FE6C
:102E90000130DFD0002339009846124A1248536AA5
:102EA000994204D8976ABE42D4D99942D2D10768D0
:102EB000EFF3108C72B63B68002BFCD0BFF35F8F32
:102EC0000368BFF35F8F47461F608CF3108820BFF5
:102ED000E5E7002ABED0D1E7FFFFFF7F6D28001095
:102EE000E801002000400540A4100020F0B5EFF3F9
:102EF0000583C64600B505000C0084B0002B0FD03A
:102F00002F4A0020536AA34206D3926A1B1B591E04
:102F10008B41AA424041184304B080BCB846F0BD82
:102F2000284E02930193284B0200009330000B00BF
:102F3000FFF73EFE00280CDC214A0020536AA34222
:102F4000EAD3926A1B1BAA4240415A1E934118437E
:102F5000E2E720BF7268EFF3108772B61368002BA8
:102F6000FCD0BFF35F8FC3B29846FF2233680240A4
:102F70009C465B7B43450DD0634651001B68891816
:102F80005B18033B9B78002B04D13269904209D136
:102F9000336107E0F168030A8A18013A1278DBB25C
:102FA0009A4207D07368BFF35F8F00221A6087F3DD
:102FB0001088A5E74146604600F03CFBF2E7C046BA
:102FC00000400540E80100206D280010F0B5EFF347
:102FD0000582D6464F4646461000C0B51038EFF37E
:102FE000108872B6214C2368002BFCD0BFF35F8F92
:102FF0000123190081401E4D1F006963AA461D4D23
:1030000029601D4D2E78AC463500C5402F402B421F
:1030100015D053465F6A194B8500EB589F4218D371
:103020006246174B8E43EB581670BFF35F8F00223A
:10303000226088F31088002B06D0984704E0BFF385
:103040005F8F276088F31088E0BCBA46B146A84677
:10305000F0BD0C4B92009C46624413681360BFF3B2
:103060005F8F0023236088F31088EDE7280100D0EC
:10307000004005403C700540D2100020B0100020F8
:10308000C00D0020D03F054010B5034B01001800D3
:10309000024AFFF7E3F910BDCA10002058AD001036
:1030A000034B596A0A00986A596A8A42FAD17047F2
:1030B0000040054070B504000D00174A536A19001E
:1030C000966A536A8B42FAD13000190024184D4198
:1030D000AB4216D813D0104B2A005B6A9D4203D92D
:1030E0000D494B6A9342FCD3934207D10A4A02E04E
:1030F000516A994202D1916AA142F9D370BDA642A8
:10310000E9D9054B5B6A1C005A1CEFD0012201244F
:103110006442E5175242E3E700400540064A536A1D
:103120009942FCD807D1044B02E05A6A914202D17D
:103130009A6A8242F9D370470040054070B5040096
:103140000D00EFF3108672B61A4A1368002BFCD0FC
:10315000BFF35F8F002D1BD02000FFF7CDF916497C
:1031600081420AD02000FFF7CFF901212000FFF7AC
:10317000B1F90123A340114A1360114BA400E5509B
:10318000BFF35F8F00220B4B1A6086F3108870BD6F
:103190000121A1400A4BA200D5500A4B20001A7809
:1031A0008A4305491A70FFF7D9F900212000FFF77B
:1031B00091F9E5E7280100D0CD2F001038600540D7
:1031C000C00D0020D2100020F0B54F46D64646462E
:1031D000C0B507002B4C616A0D00A66A616AA9425E
:1031E000FAD18B4208D805D00120E0BCBA46B146DE
:1031F000A846F0BDB242F7D9EFF3108A72B6224862
:1032000001680029FCD0BFF35F8F0125BD401F4935
:103210001C4C8846097889462943C9B28C464146E8
:1032200060460870391D890065630A511849B80065
:103230004350216A0020294219D0616A0800A66A19
:10324000616A8142FAD18B4219D801D1B24216D8B3
:10325000CC450BD00B4B1F221D625D6301233A400E
:1032600093400C4A136043464A461A700120BFF34C
:103270005F8F0022044B1A608AF31088B5E70020A4
:10328000F5E7C04600400540280100D0D2100020DC
:10329000B010002080E200E0EFF3108C72B60A4913
:1032A0000B68002BFCD0BFF35F8F01238340074ADC
:1032B0000748136202789A430270BFF35F8F0023BE
:1032C0000B608CF310887047280100D00040054047
:1032D000D210002070B506000D00140000291CD08B
:1032E000002A12D073688068984763006A003168CA
:1032F0001B195219033B033ACB188918002806D032
:103300009D700A78002A0AD10C70280070BD8C705C
:103310001A78002A00D04A701D702000F6E75A7013
:103320000C70F2E710B583600023CCB24373013315
:10333000426004738373C4730068421C012C05D976
:103340000133DBB2137003329C42F9D1FF230B40EF
:103350005A00D318C01800230338437010BDC0466C
:10336000F8B5CE46474605000C0080B5002907D0C9
:103370004E0003687618033E9A195778002F04D13F
:103380002000C0BCB946B046F8BD7900C919033960
:1033900088464344597889460021597051706B68BA
:1033A0003A0021008068984743462A68D31892194A
:1033B000002811D09C701178002900D05970177026
:1033C000270049462800FFF7CBFF390002002800FC
:1033D000FFF780FF0400D3E797701978002900D029
:1033E00051701C70EDE7C046F8B557464E4645464D
:1033F000DE464C00E0B5641817000268033C050087
:10340000105D13190E009C46002854D043009846C6
:103410001B18033BD31859788A46002920D1002F66
:1034200013D0EC7B002C51D063001B19D318033B45
:103430005E70AB7B002B3CD0EE73002807D04300BE
:103440009846434619180339531800229A700023EE
:1034500062465370F0BCBB46B246A946A046F8BDD2
:10346000490051440339521851788846002151705F
:1034700089465970524601002800FFF72BFF43464A
:103480008246002B07D05B0029684344033BCB18DE
:103490005A78002A1FD1424651462800FFF71AFFEA
:1034A000A4462A689444002FC7D0EC7B002CC0D0DF
:1034B000BAE7AE73C0E7002FC9D0EC7B002CB3D1C4
:1034C000AB7B002B20D1A973E973C0E7AB7B002B4A
:1034D000EFD0EE73B5E7500080180338091848782C
:1034E000834648464870587041462800FFF7F2FE70
:1034F000594680462800FFF733FF41460200280066
:10350000FFF7E8FE8046C6E7E973A0E7F8B557463F
:103510004E464546DE46E0B5467B02687500AD196D
:10352000033D0F00515D531904009C46002956D0FD
:103530004B0098465B18033BD31858788246002806
:1035400022D1002F13D0E57B002D53D06B005B19E7
:10355000D318033B5E70A37B002B3ED0E67300299B
:1035600007D04B00984643465818033813180022DA
:103570009A7000236246300053706173F0BCBB4602
:10358000B246A946A046F8BD400050440338121880
:103590005078804600205070814658705246200076
:1035A000FFF798FE43468246002B07D05B00216858
:1035B0004344033BCB185A78002A20D14246514657
:1035C0002000FFF787FEAC46226801009444002FDC
:1035D000C5D0E57B002DBED0B8E7A673BEE7002FAF
:1035E000C7D0C57B002DB1D1837B002B20D1867342
:1035F000C673BEE7A37B002BEFD0E673B3E75000A2
:10360000801803380918487883464846487058702F
:1036100041462000FFF75EFE594680462000FFF736
:103620009FFE414602002000FFF754FE8046C5E79A
:10363000C6739EE770B5040000292CD0437B8B42F3
:103640002ED0056848004018033828188278002AD0
:1036500021D053009B18033BEA5CEE188A4202D14A
:103660001BE0002A08D053009B18033BEB185A7844
:103670008A42F6D142785A70002301228370437047
:103680002000FFF7B1FE617B02002000FFF722FE61
:103690006073012000E0002070BD43783370EBE7D9
:1036A00001221900FFF7A0FEF2E7C046F8B5CE46AA
:1036B0004746040080B506200E0000F091FA051E72
:1036C00075D0534B80229C4200D192E0514BD203E3
:1036D0001A60514B51491A6010008B689843FBD116
:1036E0004F4B504AE31859424B4180215B0049003F
:1036F0000620995200F074FA3100C00002F0B2F8CE
:10370000C30926D0484A934200D876E000234749AF
:10371000474A6162A362256B9046EB0721D52200E0
:10372000C02330329B011343424A06201A60666A66
:10373000A36AB601F61800F053FA3F4902F092F876
:10374000B6020100300002F08DF80021FFF7B2FC54
:1037500007E04022012190466162A362256BEB07DE
:10376000DDD427008026E36A00232C3776013E4310
:1037700033600620256300F033FA4146800002F0F2
:1037800071F8236B05009846DB0715D46023E26AC5
:103790005A400E3313403360434623638023102284
:1037A0009B013B431A60234B23630323A36428003C
:1037B000C0BCB946B046F8BD2200C02330329B01E0
:1037C00013431C4A06201A60636AA26A9B01994649
:1037D000914400F005FA4B4617499B02994602F0C6
:1037E00041F80100484602F03DF80021FFF762FC75
:1037F000CCE7084B12041A606BE77F2299018846D8
:10380000024001325208190090441300A4E7C04658
:103810000080034000E0004000F0004000C0004095
:103820000080FCBFC0100020FEFF0000FFFF000072
:10383000C0FF3F00010300004E0E00000539013AB1
:10384000F8B5D2004C0105001443002B06D0013B13
:103850005A4253419B00234302241C432E6BF3071F
:103860000BD46E22EB6A290063401A4080232C316E
:103870005B010B431A602E63F8BD2A00C02330326F
:103880009B0113430A4A06201A606F6AAB6ABF01A4
:10389000FF1800F0A5F9074901F0E4FFBF0201009D
:1038A000380001F0DFFF0021FFF704FCD9E7C04634
:1038B000010300004E0E0000F8B5066B04000D0178
:1038C000F3070BD4E36A22005D4010231D408023E0
:1038D0002C325B0113431D602663F8BD0200C02338
:1038E00030329B0113430A4A1A60476A836ABF0158
:1038F0000620FF1800F074F9064901F0B3FFBF027B
:103900000100380001F0AEFF0021FFF7D3FBD9E73B
:10391000010300004E0E000010B50C2082B000F034
:10392000B7F9FEF793FD002810D08B4B8B488B49DD
:103930008B4A186059609860D96018615961986124
:10394000D961186259625A6202B010BD854CA067F5
:1039500000F0A6F90122844B1A60636C012BFCD1A4
:103960000322824B1A607F4A936B012BFCD10133F7
:1039700001217F4A7F480093043300F037F9052383
:103980007D4A009301217D4800F030F97C4B5A6854
:10399000FF2A02D8802252005A608022734B6E4C5C
:1039A00012011A602169002907D0606901F05AFFED
:1039B000013043001B18033BFDD2E023704A7148DD
:1039C00011680B40036002231168594001330B401A
:1039D0000421036093681942FCD080216A4B0901DD
:1039E00019608021694B490051602361684B5A6816
:1039F000FF2A00D85960032201215B4B1A60644AF8
:103A000093681942FCD0E0231068034061480360CA
:103A1000126803234A40022113405D4A0360936801
:103A20001942FCD080215C4B0901196080215B4B5D
:103A30004900516063615A4B5A68FF2A00D85960A7
:103A40008022584B12011A60E169002907D0606991
:103A500001F008FF013043001B18033BFDD2E023B7
:103A60004F4A11680B4050490B6080214F4B0901B0
:103A700019608021394B49005160E3614C4B5A6811
:103A8000FF2A00D8596080224A4B12011A60216A2D
:103A9000002907D0606901F0E5FE013043001B18E2
:103AA000033BFDD2E023424A11680B4042490B60C0
:103AB0008021424B0901196080235B005360802202
:103AC000264BD20223623E4B5968914200D25A6083
:103AD00080223C4B12011A60616A002907D060699C
:103AE00001F0C0FE013043001B18033BFDD2E02370
:103AF000334A11680B4034490B608021334B090174
:103B000019608023DB025360154B6362304B5A68A7
:103B1000FF2A02D8802252005A6080222D4B1201C7
:103B20001A60A169002907D0606901F09BFE01308D
:103B300043001B18033BFDD2E023254A11680B40CC
:103B400025490B608021254B0901196080235B000A
:103B50005360124BA361F7E628090020006CDC02D9
:103B60001BB70000008000403CB0004030B0004077
:103B7000002F685900800240008C864700C0024038
:103B8000308000403090004030A00040001BB70063
:103B90003C8000403C9000403CA0004040597307EE
:103BA0005480004054B000405490004054A0004065
:103BB0006080004060B000406090004060A0004025
:103BC0006C8000406CB000406C9000406CA00040E5
:103BD0004880004048B000404890004048A0004065
:103BE000014B8000C058704728090020F8B5040038
:103BF00022481E0017000D0001F034FE01003800BD
:103C000001F030FE069B36041B031E432368002B85
:103C100022DB1B4B1B49E3185A1E93418022920161
:103C200094465B421B0B184A1B0363441360174AFC
:103C300013601F008A689743FBD1C022231D9201A5
:103C40001A4321232560A06013602368002BFCDA4F
:103C50000823E6601360F8BD3F2322681340AB429F
:103C6000D7D1A3681B051B0D8342D2D1EE22E36896
:103C7000D2021340B342CCD1EDE7C046001BB700DF
:103C80000040FDBF00C0004000E0004000F00040E8
:103C90008023024A9B000343D362704700800540A3
:103CA000AA23064A1B0113602F230549D360054B45
:103CB00019605368002BFCDA7047C0460040024090
:103CC00000B0FA00006002402C4B2D4A70B51A601B
:103CD0002C4A2D4B2D491A6014008B689C43FBD154
:103CE0002B4D2C4EB54208D2013E761BB60808CDAE
:103CF000984723000134B342F9D1FFF70DFE264A5D
:103D0000214B1A60214A9368DB43DB01DD09002B5C
:103D1000F9D14022214B224C224E9A675A671A67EA
:103D2000DA66B44208D223682000002B20D0083481
:103D3000FEF774FDB442F6D31B4C1C4EC022B16892
:103D4000200003F0A5F9B460FEF7AAFBFEF73EFDE4
:103D5000FEF7F8FE164C174EB44208D2013E361B51
:103D6000B60808CC98472B0001359E42F9D170BDAA
:103D70000834FEF745FDB442D5D3DDE700E000404E
:103D8000BFCDFBFEFE7F3C0000F0004000C00040C5
:103D90000009002010090020FFFFFF0100F0014092
:103DA000F8080020000900200000002000ED00E0DD
:103DB000100900201409002000BEFDE7094A030095
:103DC0001068002805D00849C3188B4207D8136033
:103DD000704706480449C31810608B42F7D9012088
:103DE0004042F5E7EC0E002000000420D410002033
:103DF00010B5FFF7E1FFC04630B50D0083B01900E4
:103E0000002A0BD0074B084C0192009302002B00B4
:103E1000200001F08DFC0120FFF7CEFF034B1A00BC
:103E2000F1E7C0467CAD00108CAD0010A0A90010D9
:103E30000FB400B5084883B003F004FA049B002BCC
:103E400007D005A91800019101F092FC034803F086
:103E5000F9F90120FFF7B0FFBCAD001088AA0010EF
:103E600010B50148FFF7E4FFCCAD00107047C04625
:103E7000F8B55746DE464E464546E0B599460A9B9C
:103E800007009A460D9B884693460B9C9B073BD1A7
:103E90000C9B9C423DD21E1B0B9415000C005E44F3
:103EA0002A004B46013521002020B847B542F7D102
:103EB000A0460B9C002C20D0454636195346321B99
:103EC000013C185D29004B46B847002CF6D12B0069
:103ED000350098460D9B9B070FD55B46EC1A0C9B53
:103EE000A3420AD9464698462A004B463100202074
:103EF0000134B84701354445F6D32800F0BCBB4631
:103F0000B246A946A046F8BD16001500002CD3D134
:103F1000E0E716001500002CCED1EEE7F0B54546DF
:103F2000DE4657464E46E0B585B09C4610AB1B7842
:103F3000149F934698460F9C129E139DBB074CD42A
:103F4000002D42D1B44248D201233B4099460E9BFA
:103F5000013B9A46302304E0524601341355A642F1
:103F600001D9202CF8D14B46002B00D183E00E9BC9
:103F7000013B99463023A54205D82EE04A4601343C
:103F80001355AC4229D0202CF8D1FB060CD57B056B
:103F900054D4A64263D0A54261D0119B102B50D0BF
:103FA000022B57D0202C32D1202301930E9B5A464E
:103FB0000093039763460295FFF75AFF05B0F0BCE4
:103FC000BB46B246A946A046F0BD01233B409946F8
:103FD00001233B422AD1B442B9D3FB061CD57B0551
:103FE000DBD4002CD5D1119B102B5BD0119B022B65
:103FF0006BD0302301240E9A13704346002B10D14E
:104000007B073ED52B260E9A631C1655CDE7230061
:10401000013430260E9AD654202CC5D04346002BAE
:10402000EED02D260E9A631C1655BEE74346002B94
:104030002FD0013DB44200D289E798E7119B102BA5
:10404000B2D1BB0637D5202CAED058230E9A1355CB
:104050000134A7E7202CA7D02300013407E0631E1A
:10406000012CC0D0119A102A31D0022AD1D1622657
:104070000E9AD65496E7FB06CED57B0500D488E78A
:104080008BE723003E0790D520260E9A0133165564
:104090008BE70C233B405A1E9341ED1AB44200D2E9
:1040A00055E764E7BB060ED478230E9A02241370FA
:1040B00030235370A1E7202C00D175E778230E9AA6
:1040C000135501346EE75823EFE76033EDE70E9A9E
:1040D000A61E91464E44BA0602D55822327098E781
:1040E0007822327095E7C04610B5002800D110BD87
:1040F00003F05EF8FBE7C0460B0010B5002802D0C5
:1041000049681B68984710BDF0B55746DE464E46D5
:104110004546E0B595B083460F00924698461E9AF4
:104120001F9B10001900209E01F06DFE002800D09A
:10413000EAE11E981F990122C54B524201F048FE48
:10414000002800D014E11E981F990122C14B524251
:1041500001F054FE002800D0E9E01E981F990022CB
:10416000BD4B01F04BFE002800D0C8E01E981F99FF
:104170000022BA4B01F02CFE002800D0BFE01E98B0
:104180001F990022002301F023FE002800D0E4E064
:1041900000230B93229B5B0500D4062600243023CA
:1041A00007E0172106AA013452181355013E202CAE
:1041B00001D0092EF5D81E981F9901F04FFEA84B8B
:1041C000F2009B181A685B6805000892099301F0D9
:1041D0002DFE02000B001E981F9901F07EFD089A2B
:1041E000099B01F0AAFD0690079101F05BFE814654
:1041F00001F018FE02000B000698079901F06DFD12
:104200000022984B0690079101F0F8FD002800D19C
:104210000DE101239C46E144484601F003FE020003
:104220000B000898099901F0D9FD002802D000235D
:1042300099460135002E00D1D9E006954D46B94684
:1042400014E006AA944617230A2163442800013487
:104250001F1901F007FB3031397028000A21013E97
:1042600001F000FB092D00D817E10500202CE8D152
:104270004F46069D20240CAE06AA1723944663449D
:1042800099465B46B34606930FE04B4628000A2149
:104290000134E61801F0BEFA3031280031700A21ED
:1042A00001F0B8FA051E00D1E4E0202CEDD1069B08
:1042B0005E469B460323229A1340012B18D1219B73
:1042C000002B15D00B9B002B00D1FDE0219B013B67
:1042D0002193202B0CD93023219A07E0172006A91F
:1042E000013409180B55944200D3CCE0202CF5D1B1
:1042F000229B01940393219B0096029322E0229B30
:1043000052460493219B3900039358461E9B1F9CE1
:10431000029600930194434600F04AF904002000FD
:1043200015B0F0BCBB46B246A946A046F0BD229BE4
:104330005B070FD403224C4B2299019203912199E0
:10434000009302914346524639005846FFF790FDCC
:104350000400E4E70422454BEEE71E9A1F9B002071
:10436000002101F0BAFC01231E901F910B9311E76D
:10437000229B54469B0711D1219B042B0ED9219BD4
:1043800055469C465E46043C64442A00434601353B
:1043900039002020B047A542F7D1B346344D26005E
:1043A0002B1F99465B46A3461C003200E878434623
:1043B0003900013DA04701364D45F6D123005C464A
:1043C0009B46229B04349B07A9D55346219AE31AA6
:1043D0009A42A4D95E4615002200434639002020A7
:1043E000B04753460134E31A9D42F5D897E72800B9
:1043F00001F01CFD02000B001E981F9901F06DFCDE
:104400000022184B0690079101F0E2FC0CAE002848
:1044100000D031E7069807990022124B01F0EEFC1C
:10442000002800D028E7012301359D4324E700221E
:10443000069807990B4B01F0CBFC002800D0F9E659
:104440004B46002B5CD101239C46E144F2E6C0467A
:10445000FFFFEFFFFFFFEF7F65CDCD4165CDCDC104
:1044600030B200100000E03FE0AD0010D8AD001009
:10447000E8AD0010069B5E469B460323229A13403C
:10448000012B00D181E0202C00D131E70B9B002BC8
:1044900027D02D23335501342AE74F46069D202C83
:1044A00000D1E7E63022331907E0172006A90134CE
:1044B00009180A55202C00D1DCE6A342F5D12E22A2
:1044C0000CAE0134F254D7E60C23229A134257D093
:1044D000219B013B2193A34200D9FCE6202C00D173
:1044E00006E7229B5B0703D52B2333550134FFE6F8
:1044F000229B1B0700D4FBE6202333550134F7E64B
:10450000DB0700D496E69EE7229B55469B0711D118
:10451000219B032B0ED9219B54469C465E46033DAE
:10452000654422004346013439002020B047AC42A4
:10453000F7D1B346B9465F461C4EEC1C2A00B07852
:10454000434649460135B847013EAC42F6D1229B6D
:10455000BB464F469B0700D4E1E65346219AE31A37
:104560009A4200D8DBE65E46150022004346390039
:104570002020B04753460134E31AAB42F5D3CEE6D0
:10458000219BA34200D9A6E6B2E6219B002B00D1D5
:1045900079E70B9B002B97D0219B013B21939C42F9
:1045A00000D298E6202C00D073E7A1E6E4AD00101D
:1045B000F0B5DE4657464E464546E0B599B08146D1
:1045C0008B4692469846229A239B1000190001F0D0
:1045D0001AFC002800D0CAE0229823990122824BBD
:1045E000524201F00BFC002800D0C0E02298239931
:1045F00001227E4B524201F0EBFB002800D0B6E0D6
:10460000229823990022002301F0E2FB002800D029
:10461000C9E1229B239C0893099408980999802357
:10462000269ADB001A400D928022269C120114402B
:1046300022000B94269C07000E001C4200D0ADE027
:104640000B00034300D0D5E0002A00D00AE222008C
:1046500006332493022313400C930223134200D009
:1046600002E2259B042B00D20FE2043B0B930023B4
:1046700004250A93002222982399002301F0A8FB25
:10468000002800D003E25A4B269A134004930B9B58
:104690000393249B0293089B099C00930194594621
:1046A000434652464846FFF72FFD02002020269B36
:1046B0001F27034059424B415B421840531C08934B
:1046C000594643464530C8470A9AD317D4185C4028
:1046D000D30F0A936B1E0B9308AB9C4600256744CF
:1046E00001E0202D0FD020000A2101F0BBF8013598
:1046F0007E193031317020000A2101F0B3F8260014
:104700000400092EEDD8052306930B9B594605930B
:10471000002304930A3303930A9B4846029310AB89
:104720000093089A43460195FFF7F8FB0C9B002B7A
:104730002DD05346C41A259BA34228D94D465F4627
:1047400081461E00534639001A1920204346013481
:10475000A847A642F6D8534648462599C21A0132C0
:104760000023914200D386E1013018180FE0269B08
:104770000493259B0393249B0293229B239C0093E9
:1047800001944346524659464846FFF7BDFC19B0CE
:10479000F0BCBB46B246A946A046F0BD01432BD1B2
:1047A0000B9B2200002B00D154E700230A93249B8B
:1047B0000A9A0024934200DD85E122982399002281
:1047C000002301F005FB002800D035E1269B084AB4
:1047D00002941A408023DB0013430493259B039328
:1047E000089B099CCBE7C046FFFFEF7FFFFFEFFF71
:1047F000FFF7FFFF06232493B44B70009C46400D47
:10480000604401F013FBB24AB24B01F096FAB24A8F
:10481000B24B01F06BFA3603B14B360B3343040055
:104820000D00380019000022AE4B01F056FAAE4AD6
:10483000AE4B01F082FA02000B002000290001F0CB
:1048400055FA01F00BFB0A9001F0F0FAA84AA94BC7
:1048500004000D0001F071FA0022A74B01F046FAA6
:1048600001F0FCFAA54A0600A54B2000290001F042
:1048700064FA040030000D000C9601F0D7FAA14A4A
:10488000A14B01F05AFA02000B002000290001F0B0
:1048900024FA02000B0006000F0001F04EFA32006D
:1048A00004000D003B003000390001F01FFA002227
:1048B0000E900F91954B2000290001F020FA002264
:1048C000934B01F013FA02000B002000290001F0C5
:1048D00016FA00228F4B01F009FA02000B002000AB
:1048E000290001F00CFA0D008021040032003B0089
:1048F0000020C90501F0F1F902000B002000290099
:1049000001F0F4F902000B000E980F9901F0F7F98D
:104910000022734B01F0EAF97F4B0C9C9C466444E7
:104920000022230501F009FA06000F0002000B0027
:104930000898099901F04CFA00280AD00A9B300027
:10494000013B39000A930022714B01F0D8F90600AF
:104950000F000A9A330063323900C62A12D80222A5
:104960002698042510400B9A0C90002A25D1259BEF
:10497000042B05D9002800D0A1E0259B043B0B9314
:10498000042541E00222269810400B9A0C90002A40
:1049900012D1259B052B76D9002872D1259B0525A0
:1049A000053B0B9334E0802212069446229B089329
:1049B000239B6344099330E605250B4300D1F6E6BB
:1049C00008980999554A564B01F010FA002808D06A
:1049D000089809990022534B01F0FAF9002800D0F9
:1049E000E5E6249B002B1CD00D9B002B19D0249BAB
:1049F000013B2493259BAB4204D90C9B002B5AD03E
:104A000002230C9300230B930A9B002B00D131E669
:104A10000898099932003B0001F071F9089009915A
:104A200028E6259BAB42EDD90C9B002B43D00023FD
:104A30000B9302330C93E7E78020269B3A4A00064B
:104A40001A40802384460294089C099D2900DB00BB
:104A500013430493259B6144220003930B000092AF
:104A600001938EE60524A8E600230B930A930233F4
:104A700004250C93FEE553468C46013B63441B1A08
:104A800072E602230C930525C2E70423EDE580209E
:104A9000089E099F000639008446269A224B6144ED
:104AA000134004930B9B32000393249B02930B004F
:104AB00000920193F3E5259B5B1B0B93A4E7022374
:104AC00004250C93A0E79C1A013C76E601FCFFFF4D
:104AD000FB799F501344D33FB3C8608B288AC63FED
:104AE0000000F03F0000F83F61436F63A787D23FAB
:104AF00071A379094F930A400000E03F1655B5BBFA
:104B0000B16B0240EF39FAFE422EE63F00002C4026
:104B10000000244000001840FF0300002D431CEB60
:104B2000E2361A3F80842E41FFF7FFFFF0B5DE46E4
:104B300057464E464546E0B5A5B01E002E9B924610
:104B40000C93CD4ACD4B80468B461A60002900D18C
:104B5000EAE1002330789946002800D1ECE1C84B07
:104B60004C460B93C74B454657460E930AE0631CD1
:104B7000984622003B005946A84744463078002812
:104B800000D187E001362528F1D108239A46043B5D
:104B90009946023B9846013B00229C460D94307892
:104BA000711C0300203BDBB2102B03D80B9C9B0035
:104BB000E3589F460300303B89460D9C092B3AD9A8
:104BC000002398462A2800D1C1E000239A462E28C7
:104BD0004BD00300683BDBB2122B1ED80E999B0012
:104BE000CB589F4663460E001A43D8E743460E0053
:104BF0001A43D4E74B460E001A43D0E710230E00A9
:104C00001A43CCE753460E001A43C8E780235B00E3
:104C10001A43FF3B9C467078E1444E4667284FD8C4
:104C20002428A4D90300253BDBB2422B9FD8964908
:104C30009B00CB589F46002394461E0000E00131A4
:104C4000B3009B195B001E180878303E0300303B10
:104C5000092BF4D90123624689469C460023B046BD
:104C60009A460E00E1442E28B3D1302180204942DB
:104C70008C46C000024370784B4684446146092943
:104C800000D86CE12A2800D17AE101239C464E46E7
:104C9000E1449EE7A146A846BA46CA4503D8012387
:104CA0005B425344994653464A4659460020C04702
:104CB000200025B0F0BCBB46B246A946A046F0BDD8
:104CC0000300693BDBB20D930F2B00D94FE70121A5
:104CD00099408C466D49894661464B4619400F9173
:104CE000634649460B4200D028E10D9B0A2B3AD07F
:104CF000072B00D03BE70C9B190008C98846002B06
:104D000000D14BE121200243914614A98C461F2279
:104D10000F2162448C4651460D950C91A246150018
:104D20000F9902E020290CD0130064461C4020009B
:104D30003730092C00D80738013168541A090F2B75
:104D4000F0D80C9B54460D9D9A460F9133E10C9B75
:104D500002CB8846002947DB0C9301239C467078E0
:104D60004E46E14431E70C9B02CB14935346002B93
:104D700000D138E19C4608780B000C908C44002848
:104D800001D100F098FC89466146944603E05A78C8
:104D90000133002A01D08B42F9D1494662465B1AA1
:104DA0000C900F93530500D520E10223180010400A
:104DB0000D90134200D1CBE30D930B1BB1469A46E5
:104DC0005E460C9822003B003100A8475346013450
:104DD000185D0028F6D1B3464E460D9B002B00D03F
:104DE000C7E1149B0C93C9E60C9301239C46283819
:104DF00049420243884670784E46E144E5E67078C1
:104E00006C2800D17FE180235B001A43FF3B9C4666
:104E1000E14402E780239B001A4301239C467078FB
:104E2000E144FAE67078682800D173E180231A43E0
:104E30007F3B9C46E144F0E6672800D103E1472828
:104E400000D15AE1452800D15AE104920721424697
:104E50000C9B0392073352468B43190002920CC9F4
:104E60002800009201930C9122003B005946FFF765
:104E70009FFB040082E6C0462D4B0010340F00203B
:104E800094B00010D8B0001024B100104190000080
:104E9000462800D1DBE00492072142460C9B039296
:104EA000073352468B43190002920CC92800009226
:104EB00001930C9122003B005946FFF725F90400AD
:104EC0005CE6631C984622003B0059462520A84713
:104ED000444653E60C9B04330D93631C994692079A
:104EE00000D422E10C9B2200187859463B00A847C9
:104EF00043464444012B00D885E23300B8462E00D7
:104F00005F4625004C46994622004346013439004D
:104F10002020B047AC42F7D12C00BB4635004746B5
:104F20004E460D9B0C9329E6DB4B307898460023C8
:104F30009946002800D012E60024AEE66F2800D182
:104F400088E000D80BE31023782800D1CFE09A4303
:104F50000A239C4600230F930A330D9380E05646A4
:104F6000B1008919490001330E181878303E01004C
:104F700030390929F4D9B2461E000133994628E692
:104F80000C9B023602CB8A46C9435046C9170840DB
:104F900082460C933078731C99461AE61023100051
:104FA000984311331843814680201300C00003400A
:104FB000024200D1A9E64B460693082305935346C7
:104FC000049310230393002302930F9B2200019369
:104FD0001CAB009359463B002800FEF79FFF434659
:104FE00004000C93CAE501235B42C3E60F9B5345C3
:104FF00001D953460F930223180010400D9013421D
:1050000000D1B7E10D93D1460B1B9A463300A14462
:105010002E0022004D460C98B9465F469B4608E09C
:105020004B463900541CB0475346185D002877D0D2
:1050300022009542F4D15B46BB464F46A946350057
:105040004C461E00C9E680231B011A43FDE62023BF
:105050001A4320E708239C4600230F9308330D933F
:1050600080231100DB0019401A4200D116E10D2304
:105070009A431000802302009B001A4014921842A9
:1050800000D0C2E1802302005B001A4091460C9AD6
:1050900004320F92184200D0B7E2430600D59FE1D8
:1050A000030600D419E30C9B1B880993002B00D046
:1050B000FCE110339843002900D1F7E10023994621
:1050C00043460593534604930D9B06900393002398
:1050D000D2E0582808D0622867D102239C460023DA
:1050E0000F9302330D93BBE720231A43103B9C46DA
:1050F00000230F9310330D93B2E780231B011A4353
:1051000020231A43A1E6C0239B001A43F31C9946AF
:10511000B07882E5C0231A43F31C9946B0787CE549
:1051200035005E46BB464F4657E64346012B00D846
:1051300063E1631E43449A463300B9462E005F463E
:1051400055469B46A24622004B460134390020209A
:10515000B047AC42F7D135005E46BB464F46A1464C
:1051600054460C9B4A46187859463B004444A8478D
:10517000D7E6A1460F9B984500D832E64444E41A8E
:105180003300B8462E005F4625004C469946220063
:105190004346013439002020B047AC42F7D12C00FF
:1051A000BB46350047464E461BE680231000DB0019
:1051B00018401A4200D10FE1112118008A430D92C4
:1051C0000D9A802311009B0019408C461A4269D128
:1051D000802311005B00194089460C9904310F911E
:1051E0001A4200D0CAE113005B0600D5F0E01300BC
:1051F0001B0600D459E20C9B00229B5ED9175A185B
:105200004A4092B2D90F0C91002B00D1F9E1100065
:1052100014AA944642461F23149252466344A84659
:1052200016944D460400B946B2461F00159201E09F
:10523000202D0FD020000A2100F014FB01357E192B
:105240003031317020000A2100F00CFB26000400F0
:10525000092EEDD8149B4F46A94645469846159B06
:1052600056469A46169C0D9B069343460593534615
:1052700004930A2303930C9B02934B4601931CABAC
:105280002200009359463B002800FEF747FE0F9B83
:1052900004000C9372E4C0466D3E00100C239A4348
:1052A0001000E7E607220C9B073393430132944634
:1052B0009C4462460C920CCBD90F0F9111001943FC
:1052C00000D191E0D9171391129151401091139987
:1052D0005940119110981199129A139B801A994173
:1052E0001090119114AA00239446424699461492B4
:1052F00052461F336344A846B24616944E46109C4D
:10530000119DB94615921F0001E0202E10D02000FB
:1053100029000A22002300F0E3FA013630322B0084
:10532000BA550D0022000400002BEED1092AECD85A
:10533000149B1094119545469846159B4F46B146CF
:1053400056469A46169C0D9B069343460593534634
:1053500004930A2303930F9B02934B4601931CABC8
:105360002200009359463B002800FEF7D7FD0400B9
:10537000FFF704FC0F9B984500D8C1E18023DB00B8
:105380000D9343460F9A1B199B1A994633002E0022
:105390004D46B9465F469B460C9122004B46013470
:1053A00039002020B047AC42F7D143460C99013375
:1053B0000F930B7835000C935E46BB464F46002B8F
:1053C00000D10EE50D9B002B00D1F6E4002319E679
:1053D0000C9B1B781A0015E710239A430D92EFE6F9
:1053E0000C9B1B78099361E6002399460028AAD1FB
:1053F000002200231092119374E70C9B220018786E
:1054000059463B00A8474C468BE50C9AFA3BFF3BBC
:1054100007329A430133994691444B460C931368E3
:10542000526815921A4306D1103290430022099215
:10543000002900D081E06122810600D54122D2B24C
:105440000A9214AA91460A9A00210A3A14924246F4
:105450001792524618925A460991B3461F311E00C0
:105460000F9B4944BA4619941A95002467469846FA
:105470008946159D16901B920AE03032D2B24B46F7
:1054800001341A55A8454AD0202C4AD006000D00F8
:105490003A0000233000290000F022FAD2B2092A93
:1054A000EBD9149B9C466244D2B2E8E761238206A2
:1054B00000D54123DBB20A3B0C93434614A91F22BB
:1054C0008C46159353466244A046B2464C46179705
:1054D000A9461700099D0D9E1490169308E03033DD
:1054E000DBB201343B55B5420ED3202C0CD0050065
:1054F0003100280000F0B6F9CBB20929EFD90C9A97
:1055000094466344DBB2ECE7159B4D46A146444606
:105510009846169B564614989A46179FD0E5B74270
:10552000B2D9179B57469846189B5E469A461B9BD6
:1055300009949B461698199C1A9D43460593534619
:1055400004930D9B0690039300230293099B05E7A8
:105550000F9B984500D914E701330F932DE41023D6
:10556000110099430D91692800D0BAE08023100002
:10557000DB0018401A4200D122E61DE60C9B1B6896
:10558000DA0F1100002B00D18CE0DA179818504088
:1055900014AA914642461F23149252464B44A046F9
:1055A000A946169704006546B2461F000C91159255
:1055B00001E0202D0FD020000A2100F053F9013521
:1055C0007E193031317020000A2100F04BF926009D
:1055D0000400092EEDD8149B444698460C9BAC461B
:1055E0001900159B56464D469A46169F0D9B0291F3
:1055F000069343460593534604930A230393634655
:105600003CE6002800D02EE602E60C9B1B6899467B
:10561000002B03D110339843002938D1612382062F
:1056200000D54123DBB20A3B0C9343461693534605
:1056300014A91F228C4617932B006244A0464D46A6
:10564000B246189799461700149C0D9E159008E0D5
:105650003033DBB201343B55B5420ED3202C0CD095
:1056600005003100280000F0FDF8CBB20929EFD980
:105670000C9A94466344DBB2ECE7169B14944446C0
:105680009846179B56464D469A461598189F43468E
:105690000593534604930D9B0690039300230293B6
:1056A000149BEBE50028A1D172E70C9B1B68D9176E
:1056B0005A184A40A6E580231000DB0018409C469B
:1056C0000F901A420FD00220030013400F93104294
:1056D00019D00023A1460F934CE50C9B1B6809933E
:1056E000E4E40A0034E40223180010400D90134251
:1056F00000D03EE54346002B00D042E6FFF771FBA9
:1057000001330F937FE463460D93F3E710B50C006C
:1057100084B00394012402A902900093034813006B
:105720006242FFF703FA04B010BDC046F940001012
:105730000FB430B50C4985B008AA08CA0D680392A9
:10574000002D0CD000920122084C5242200002A9E8
:10575000A847012005B030BC08BC04B018471800A9
:1057600001F070FD0020F5E7340F0020E940001043
:1057700010B5094A0300146884B0002C08D0012237
:1057800000910648524203A9A047012004B010BD71
:1057900001F058FD0020F9E7340F0020E940001027
:1057A00001480421014B184710020020D157001076
:1057B000002310B50100988A1B8B984710BDC04686
:1057C000162310B50100188802331B88984710BDB6
:1057D000F8B54746CE4680B50F1E18D0142399461B
:1057E000043304000025012698464B46188843469A
:1057F00021681B88984701C4431E98410135064023
:10580000AF42F2D13000C0BCB946B046F8BD012667
:10581000F8E7C046124A936F9B0815D29066D1668E
:10582000002905D0FFE7FFE7FFE7516F106F7047D2
:1058300004B580210906C2175140002800D0C84392
:1058400005F076F8002104BDF0B5146E556E576F63
:10585000166FFFF7E3FF1466556657671667F0BDCE
:10586000000000D0114A936F9B0813D21066516656
:10587000002905D0FFE7FFE7FFE7516F106F704782
:1058800004B5002801D00020C04305F051F80021E4
:1058900004BDC046F0B5146E556E576F166FFFF716
:1058A000E5FF1466556657671667F0BD000000D027
:1058B00094464A4A926F9208624601D228E0C04656
:1058C000F0B5464E346E756E776F366F00F020F887
:1058D0009446424A14665566576716676246F0BD9D
:1058E00094463E4A926F9208624601D254E0C04606
:1058F000F0B53A4E346E756E776F366F00F04CF837
:105900009446364A14665566576716676246F0BD78
:10591000002B24DB11D000293EDA00B5C9434042F8
:1059200000D1013100F038F8C943404200D10131C3
:10593000DB43524200D1013300BD002AEBD10028E5
:1059400001D1002905D00020C90FC90701D1C043EA
:10595000410800B504F0E4FF0022002300BD00B5BB
:1059600000290ADBDB43524200D1013300F014F876
:10597000C943404200D1013100BDC943404200D17A
:105980000131DB43524200D1013300F005F8DB4323
:10599000524200D1013300BD002923D1002B18D180
:1059A000002A0CD0BC460D4F38667A6600210023D1
:1059B000FFE7FFE7FFE77A6F386F67467047002819
:1059C00001D00748010000B504F0AAFF002200231F
:1059D00000BD02000B00002000217047000000D035
:1059E000FFFFFFFF002B00D0BFE0130C28D1002ADF
:1059F000E7D080B4114F39667A66FFE7FFE730B42D
:105A0000040C7B6F396F1B0423433B667A66FFE708
:105A1000FFE7FFE7C04684B27B6F3D6F1B04234363
:105A20003B667A66FFE7FFE7C04600232C042D0C97
:105A30007A6F386F00196941B0BC7047000000D020
:105A4000F0B594460025140E01D112020835140F4A
:105A500001D112010435940F01D192000235D40F07
:105A600001D152000135D40B0134254F7C66254C01
:105A70003C660E0C93B2FFE7FFE7FFE73C6F66431F
:105A8000360C7703BE467343DF0B5B04C01AB94183
:105A9000130C7343DB18C91ACE086643360CB644A0
:105AA00093B273431F0F1B01C01AB941130C734308
:105AB0001F0B1B05C01AB941860D8F023E4366437A
:105AC000360C092D24DB520A7243801A7703460AEA
:105AD0006643360C16235B1BDE40DF40BF1964466D
:105AE0006643821B7046043506330100D940A84046
:105AF000C01900D30131A24206D20023F0BD00003C
:105B0000000000D0FFFFFFFF121B0130F3D3F1E7CD
:105B100009277F1BFE406446A2B27243801A00D25E
:105B20000139220C7243130C1204821A99410B00A2
:105B30007046043513370100F940A840801900D39E
:105B40000131002B02D1A2420AD2F0BD013000D3B4
:105B50000131121BFAD2013BF8D1A24200D2F0BDB2
:105B6000013000D30131121BF7E7F0B51C0C00D057
:105B700080E00CB400251C0A04D11B02160E33432E
:105B8000120208351C0B04D11B01160F33431201FE
:105B900004359C0B04D19B00960F334392000235D1
:105BA000DC0B02D192185B4101351C00971864414F
:105BB0000134464F7C66464C3C660E0CFFE7FFE71F
:105BC000FFE7C0463C6F6643360C7703BE4697B28C
:105BD0007743C01B00D20139C01B00D201399FB2EC
:105BE0007743C91BC91B170C77437E04FF0B801B2F
:105BF000B941CE086643360C0C2D33DBB644120B8C
:105C00001F053A431B0B97B27743C01B00D20139E3
:105C10009FB27743C91B170C77433E043F0C801B90
:105C2000B941860D8F023E43664329277F1BFE4004
:105C30000C3D7746AF40BF1930BCA2B2ABB2724345
:105C40007343801A9941220C7243130C1204801A78
:105C5000994102000B000137001BA941F9D2781EBF
:105C60000021F0BD0C277F1BFE4077467F0BAF4025
:105C7000FF19E0E700245D1C07D0144F7D663966EC
:105C8000FFE7FFE7FFE7FFE73C6F95B29EB2654392
:105C90006643401BB141150C1E0C65436643360438
:105CA0002F0C3E432D04401BB141994204D2020007
:105CB0000B0020000021F0BD01D19042F7D3801AE3
:105CC000994101349942F2D3F6E70000000000D078
:105CD000FFFFFFFF48404140484018B41B4B5B6842
:105CE000FC46019308BD04DF3F60001018B4174B59
:105CF0001B68FC46019308BD00DF49600010944614
:105D0000134A926F920809D2624618B40F4BDB68AF
:105D1000FC46019308BD0CDF016300100C4AF0B58E
:105D2000146E556E576F166F6246FFF7EEFF084A06
:105D30001466556657671667F0BD18B4034B9B6829
:105D4000FC46019308BD08DFA5610010500A002041
:105D5000000000D0FFB550404240504059404B40F9
:105D6000594000E0FFB5154F4C00640D03D0BC4214
:105D700004D10C0314D80020090D09055C00640D42
:105D800003D0BC4204D11C030AD800221B0D1B0502
:105D900001264B4009D44B4003D58B4200D18242AF
:105DA000FFBD9942FCD19042FFBD0B43DB1803437A
:105DB0001343F5D0C9434918FFBD0000FF07000099
:105DC00000B5FFF7CFFF01D0002000BD012000BDCE
:105DD00000B5FFF7C7FF804100BDC04600B5FFF723
:105DE000C1FF01D9002000BD012000BD00B5FFF7B3
:105DF000B1FF01D9002000BD012000BD00B5FFF7B3
:105E0000A9FF804100BD012040054A00121804D8B6
:105E10005A00121801D80020704701207047002056
:105E2000704700000021002805D17047C117484085
:105E3000401AFAD0C90713B5064B1B6898470CBC2B
:105E4000441CA2401005120B0349091B0905194304
:105E5000114310BDA01000201F04000010B54C001D
:105E6000620D8023D218DB00D21A5B057E2A10DD7A
:105E70009E3A13DACC170903490819435242D1401C
:105E8000640001341532202A05DAD040084360430B
:105E900010BD002010BD0846604310BDC80FC018DB
:105EA000013810BD18B4044B5B6AFC46019308BD71
:105EB00024DFB16400100000500A002018B4044B25
:105EC000DB6DFC46019308BD5CDFBD650010000082
:105ED000500A0020C94211D300B5490049080022E8
:105EE00000F018F8002904D4002240428A411146EB
:105EF00000BD80210906002000BD000018B4044B3D
:105F0000DB6EFC46019308BD6CDFBF64001000002F
:105F1000500A002018B4044B9B6FFC46019308BD47
:105F200078DFDB6400100000500A002018B4044B36
:105F3000DB6FFC46019308BD7CDF49650010000063
:105F4000500A002018B4044BDB6CFC46019308BDDA
:105F50004CDFF56600100000500A002018B4044B16
:105F60001B6DFC46019308BD50DF916700100000D7
:105F7000500A0020132370B51D78012D15D010DDB7
:105F80001D48FFF71DFC1D4C01008022200001F080
:105F90007FF8022D2DD01A48FFF70AFC194B186024
:105FA00070BD194B154CA364F5E7174B134C2360D8
:105FB0006360A360E36023616361A361E3612362C3
:105FC0006362A362E36223636363A363E3632364A3
:105FD0006364A364E36423656365A365E365236683
:105FE0006366A366E36623676367A367E367A364E7
:105FF000D1E7054BA364CEE753440000500A0020CC
:106000004C330000A01000200D60001007B5604662
:1060100001880A0A0230DF2AFAD1C9B2820804D301
:10602000028840880004104300E00068014A505094
:10603000039007BD500A00200FB403BC0CBCF0B5A0
:106040000124E407634000E0F0B50C0DCF0F661E9D
:106050003605891B640503D3C943404200D301318F
:10606000640D03D0661CF60A07D0E41B00207F00F5
:10607000791C89078912803C24031D0DDF0F6E1ED9
:1060800036059B1B6D0503D3DB43524200D301331E
:106090006D0D03D06E1CF60A07D0ED1B00227F00A9
:1060A0007B1C9B079B12803D2D032F1B661B58D426
:1060B000A446202E46DA20371400BC401D00BD4007
:1060C000F24033412A4380185941CB0F05D0C943D0
:1060D000C043002264425041514162464D0D28D1D7
:1060E0000D0D07D100281FD0241940414941013A24
:1060F0000D0DF9D0640006D3013000D30131002C1E
:1061000001D140084000013A0BD4941CE40A04D1A8
:1061100012051144DB071944F0BDD907204B194380
:1061200000E0D9070020F0BD0029DDD1002CDBD133
:10613000F0BD0132C6074008CD0728434908002EAC
:10614000E1D0D9E73C2E29DA203E40371400BC408C
:1061500000D00124F24014431A00BB401C43D31763
:10616000ACE7AC46202F08DA20360400B4400D001E
:10617000B540F84039412843A5E73C2F0CDA203FD1
:1061800040360400B44000D00124F8400443080025
:10619000B1400C43C117EAE710001900002494E74E
:1061A0000000F07FF0B50C0D661E3605891BE60A6F
:1061B0006405640D02D0651CED0A04D000200121A5
:1061C0000905803C2403A4461C0D671E3F05DB1B0C
:1061D000E70A6405640D02D0651CED0A04D00022B4
:1061E00001231B05803C24037740644497B484B2A8
:1061F00096B27443070C7E43150C6F4380B268431C
:10620000361802D3012000043F183004350C001961
:106210007D41844688B29AB250430C0C62431F0CF5
:106220007C438EB27E43921902D301263604A41910
:106230001604170C3618674101BC81B29AB251435B
:10624000040C62431B0C5C4380B25843121802D307
:106250000120000424181004130C401863412D1869
:106260005E410020474106BC88B293B258430C0CF3
:106270006343120C544389B251435B1802D301218A
:106280000904641819041A0C091862416D18564162
:106290000020474118BCF902720D1143F0026A0D4B
:1062A0001043ED020A0D03D16D1940414941013BF4
:1062B000124E9B1B7600B3420ED26D0007D3013005
:1062C000002671416646354301D1400840001B0558
:1062D000C918E4072144F0BD0BDA013306D10130BF
:1062E00004D101314F0D01D04908F2E7E107002048
:1062F000F0BD013631050020EBE70000FF03000090
:10630000F0B51C0D671E3F05DB1BE70A6405640D35
:1063100002D0661CF60A04D0002201231B05803C33
:106320002403D0252D060026F6432E661E096E6630
:10633000CE0FF619B44649004F0D02D07E1CF60A66
:1063400003D000200021403F3F033E1BB600B44471
:10635000013F7F05C91B49082E6F013676089C0254
:10636000950D25437543ED137543AD1301356D1040
:10637000F603761B0CB4CC02450D2C43A2B2B3B28B
:106380005A43270C7B43350C6F43A4B26C431B1953
:1063900002D3012424043F191C041D0CA4187D41C0
:1063A00024196D41009A91B2ACB26143170C7C4341
:1063B0002B0C5F4392B25A43A41802D30122120459
:1063C000BF182204230C52187B41019C6C431B19FB
:1063D000520ED9010A434401A01A81B2B2B251430C
:1063E00003145A43360C734387B27743D617D21936
:1063F00000277E4136049B191704160C7F185E4156
:106400007316ED18F301002680337541A90F06D1EC
:106410006400690AE8055B0A184309D22FE00422E8
:10642000944480337541A90AA8059B0A184326D3D2
:10643000404149412404009A019B0D005543641BCF
:106440004343E41A95B286B27543170C7E43030C9E
:106450005F4392B25A43B61802D301221204BF1806
:106460003204330C52197B4152429C41002C02D41D
:106470000022013051414008CA071043490802B0C8
:106480006246D7079210084BD218084B9A4203D2A3
:1064900012058918C919F0BD0020002A01DC390055
:1064A000F0BD01331905F5E7FD030000FE0700000C
:1064B000002200B5203200F010F8080000BD0022D4
:1064C00000B500F00CF8CA179A4200D100BDD843BD
:1064D0000121C907414000BD00220B150AD410B5A7
:1064E000944600F0A7F81414013400DA0021CB1709
:1064F000144C20470020002170476244343A0CD4E9
:106500000C2A07DA04009140904052422032D440D5
:10651000214310BDD843D94310BD203207D40C46C7
:106520009440524220321141D040204310BD080017
:10653000C917203203D452422032104110BD180036
:10654000190010BDFB6400104A00520D144BD21A02
:1065500013DDFF2A1EDAD205CB0FDB071A43C30077
:10656000400F0903490A084310435B0001D301D0DF
:10657000013070474308FBD2704702D0C80FC007F4
:1065800070470A0312130132F8D1420F072AF5D1DE
:10659000012200E0FF22C80F00028018C0057047EA
:1065A0008003000000210A00002104E000210A000D
:1065B000C11704E00022002306E0C0460022CB17EA
:1065C00058405940C01A994130B5184CA21A0029B8
:1065D00003D1010010D00020203A4C1512D104D272
:1065E000013A001849414C0DFAD3114CA24204D291
:1065F00012058918DB07C91830BDD243520D00209F
:106600000021F5E703D4013A00184941FBD50B32CC
:106610004405C00A4D052843C90A640003D000247C
:1066200060416141E1E7E0D34408F8E7320400004B
:10663000FE0700000A0DCC0F531E1B05C91A520598
:1066400003D3C943404200D30131520D03D0531C40
:10665000DB0A07D0121B00206400611C8907891225
:10666000803A1203014BD21A70470000FF0300006A
:10667000023225D40C2A1CDA1125AD1A0B002B414D
:10668000083207350600EE40904091403143F0CC8F
:1066900063431A1500235A41554356435743BF02DB
:1066A000F412760576196741ED177F19801BB94101
:1066B00070470C220020C917490001310905DBE7AA
:1066C0000902030E194300025342203208D40C0081
:1066D00019419440D8402043002250415141704715
:1066E0000800C917203B2032F1D5002000210022EC
:1066F00070470000F0B5FFF79DFF54A4FFF7B8FF07
:10670000002904DA204C214D00196941013A04B4F2
:10671000012752A6002201239B0730CEB446001B5E
:10672000A9410BD47E4220361D003D411C00B440DF
:106730001600FE40344362416B4101E0001969419B
:1067400066460137212FE8D185B29EB27543071402
:106750007E43190C4F4384B24C43F1173619002481
:10676000614109047F183404310C64197941A40F84
:106770008800204389178018594104BC52423E3298
:10678000FFF71DFFF0BD00006BDE73F4FD855C2C90
:10679000F0B54F0050D27F154ED001374FD0FFF7E4
:1067A00049FF04B44902C20D1143400201272BA640
:1067B000B446002200237E4220360D003D410C00ED
:1067C000B4400600FE40344344414D41AE0F05D174
:1067D00020002900664630CE121BAB410824A44499
:1067E0000137212FE7D18900891012184B4180BC55
:1067F00017A413CC0137784379437C434F05C91262
:10680000CD17C0196941A702A415CD17C9196C414C
:10681000DD17801859416C413E22CD17AC4208D09B
:1068200000090E0730430909260731432411043AB1
:10683000F3E7FFF7C4FEF0BD02490020F0BD0249B6
:106840000020F0BD0000F0FF0000F07FAAB80000BB
:106850006BDE1300A3EF0F0021170B00F34B98BF63
:10686000EC23F319D6104DCDE3FB470E7AB9BC8A61
:10687000DBC18907CC542C021846E103053083E7BD
:10688000B029F8011E1FE0874505FE00249E41AC9B
:10689000A9807F008117624515E03F00E610ABA993
:1068A00002F81F008858455500FE0F00C4AAA90A27
:1068B00080FF070056455501E0FF0300ABA92A0001
:1068C000F8FF010045550500FEFF0000AAAA008060
:1068D000FF7F0000551500E0FF3F0000AB0200F80D
:1068E000FF1F0000550000FEFF0F00000B0080FF9F
:1068F000FF0700000100E0FFFF0300000000F8FFB9
:10690000FF0100000000FEFFFF0000000080FFFF0D
:106910007F00000000E0FFFF3F00000000F8FFFFE5
:106920001F00000000FEFFFF0F00000080FFFFFFC0
:1069300007000000E0FFFFFF03000000F8FFFFFF7B
:1069400001000000FEFFFFFF0000000000000080CB
:1069500000000000000000400000000051434343DD
:10696000C9188C46110C83B24B4310B4040C61431C
:1069700092B280B2504362431C041B0C001910BC3D
:1069800059411304120CC018514161447047000072
:106990004840414048400E4B5B6818470C4B1B6811
:1069A00018470C4A936F9B0802D2094BDB681847C3
:1069B000F0B5146E556E576F166FFFF7F6FF054A68
:1069C0001466556657671667F0BD014B9B681847FC
:1069D000500B0020000000D007B54840414048401F
:1069E00001E0C04607B54200120E03D0FF2A03D1D2
:1069F000420218D8C00DC0054A00120E03D0FF2A6B
:106A000003D14A020FD8C90DC9050122414005D45E
:106A1000414001D5814207BD884207BD0143491865
:106A200001D0C043001807BD00B5FFF7DBFF01D060
:106A3000002000BD012000BD00B5FFF7D3FF80415D
:106A400000BDC04600B5FFF7CDFF01D9002000BD55
:106A5000012000BD00B5FFF7BFFF804100BD491A0E
:106A6000002807D108467047C10FC90700D540422A
:106A7000002817D0F44603B40B4B1B68984706BC9C
:106A800081409E384042803107D20B0607D0490032
:106A9000490AC0051043084360470130F8E7490A36
:106AA0008902F5E770470000A010002041000A0E9F
:106AB00080231B067E2A0BDD9E3A0BDAC1174002AB
:106AC000400818435242D0404900013148437047C2
:106AD00000207047C00FC01801387047C0420DD366
:106AE00000B540004008002100F012F8002801D451
:106AF000404200BD8020000600BD0000034BDB6962
:106B0000FC4618471CDF2D7000100000500B0020C1
:106B1000014B5B6A18470000500B0020054A1047E4
:106B2000C2179142FAD0044BDB6DFC4618475CDF7C
:106B3000736F0010696A0010500B0020034BDB6F6D
:106B4000FC4618477CDF457000100000500B002009
:106B5000C11502D4054B9B691847C843FF2801D1D2
:106B6000C0077047C817C00570470000500B0020D1
:106B7000034B9B6DFC46184758DFA56F00100000C3
:106B8000500B0020132310B512481C78FEF718FE96
:106B90000100012C0AD003DD80220F4800F078FAB2
:106BA0000E48FEF705FE0E4B186010BD0A4C54222D
:106BB000200000F06DFA0B4B6365A365E365236667
:106BC0006366A366E36623676367A367E36723627D
:106BD000E361E5E753460000500B00204C33000012
:106BE000A0100020356F0010F8B5CE4647460C00C7
:106BF00080B5051C01294AD0CE0F76187610012EDB
:106C00003DD00327CA1717407F18BF10012F2ED081
:106C1000072313405B18DB109846012B22D00F236B
:106C200013405B181B119946012B12D00B00203B1F
:106C30001F2B05D90021FFF7D7FF011CFFF7C5FE69
:106C4000011CFFF7C2FE4B46DB0702D5291CFFF7EC
:106C5000BCFE011CFFF7B9FE4346DB0702D5291C29
:106C6000FFF7B3FE011CFFF7B0FEFF0713D4011CB2
:106C7000FFF7ABFEF60702D5291CFFF7A6FE011CA5
:106C8000FFF7A3FEE40702D5291CFFF79EFEC0BC58
:106C9000B946B046F8BD291CFFF797FEE7E7C046A6
:106CA000F8B50400061C0D1C002817DA4B001B0E5B
:106CB0007F3B0ED41722D31A0BD401210A009A402D
:106CC000013A2A4205D1172B2BD02A00DA40114273
:106CD00027D180231B069C466444261C281CFFF7F2
:106CE000E5FEFF232200DB05070001001A401C42DD
:106CF00022D09A4220D063021ED1274B984246DB15
:106D0000FF2842DCE40D7F3C67433B007F330020DB
:106D1000002B10DDFE2B3CDCFE23FF059B05F81845
:106D200009E080231B06E018291CFFF7B9FF802328
:106D30001B069C466044F8BD002F10D03B0020335A
:106D4000402B0FD8002F06DAFE20311C8005FFF7FC
:106D500028FE7942061C301CFFF746FFEBE7FE20B9
:106D60008005E8E7301CFFF7E9FEFFF7F7F80600BB
:106D70000F00281CFFF7E2FE32003B00FEF7DDFFAC
:106D8000FFF7E0F8FFF7D2F8D5E7FF27BAE71F00D3
:106D9000B8E7FF20C005CEE700FFFFFFF0B5C6460D
:106DA0000C1CFE2100B58905071CFFF73DFE3D1CAC
:106DB00000282DD1FF26F6053300234098462642B1
:106DC0002AD05949381CFFF72FFE002827D0B0459C
:106DD00022D08025544AE30DFF35FF2B5CD0534968
:106DE0008B4254D0FF200100194018420BD07F394C
:106DF00057D417235B1A002B05DD012199400B00A6
:106E0000013B23424DD1211C381CFFF749FF051CD3
:106E1000281C80BCB846F0BDFE25AD05F8E73A0059
:106E20003E4214D1E30D002C19DB7F3B0DD4172219
:106E3000D31A0AD401210A009A40013A224204D10D
:106E4000172BE5D0DC402142E2D10025E0E7FD0D23
:106E5000FF2D3CD1002CF8DBFF25ED05D8E7FF2204
:106E600013407F3BF8D4E83AD31AF5D401210A0045
:106E70009A40013A2242EFD1172B02D0DC40214246
:106E8000EAD0FF25FF0FFF07ED053D43C0E7FF23D5
:106E90002B407E2BE0D9D8E72B407E2BDCD8002579
:106EA000B6E7002AD8DB381CFFF748FEFFF756F894
:106EB00006000F00201CFFF741FE32003B00FEF7EA
:106EC0003CFFFFF73FF8FFF731F8051CA0E7174933
:106ED000E30D8D4200D080E7002C10DB7F3BBBD45C
:106EE0001722D31AB8D4163A9A40013A2242B3D1A3
:106EF000172B02D0DC40E407AED50D4D88E7FF220A
:106F000013407F3BA1D4E83AD31A9ED4163A9A4054
:106F1000013A224299D1172B02D0DC40E40794D5E4
:106F200080252D0674E7C046000080BFFF010000E9
:106F3000000080FF07B5604601880A0A0230DF2A98
:106F4000FAD1C9B2820804D30288408800041043F1
:106F500000E00068014A5050039007BD500B00202C
:106F6000002230B5002906D5CD0705434808013A6F
:106F700010E0002230B505000D430FD0CD170C16E0
:106F8000AC4205D1C901440E2143C0010732F6E7E6
:106F90000500080052423D320149884730BD0000DB
:106FA000EF29000030B51D4CA446E04704460846D2
:106FB000214614461A462346E04740014901D418A9
:106FC000641201340AD4D41A05DA644220411C2C1C
:106FD0000DD3C0170BE021411C2C08D3002804DA84
:106FE0000F4B1868C917484014E0C81712E0002278
:106FF0000B4B002802DA404249421A680124094D2D
:10700000A8471046064B1A68841802D2841A00D486
:10701000A01A01380022044B18470000C1290000C3
:10702000FC2C0000972B0000192B00000021C2153A
:107030008032803201D0024A1047002070470000A1
:10704000CD2A0000C30FDB0741000A0E07D0FF2A3C
:1070500008D00909054A89181943400770471900E3
:10706000002070470249C918FAE700000000003804
:107070000000F07F01480421014B18472002002046
:10708000D1570010014B1B68184700002002002058
:10709000014B5B681847000020020020F0B5C6468F
:1070A00000B5437D07000C001600002B46D0002AD7
:1070B00017DD0B780A2B24D000239846012E13D01D
:1070C00001252900635C01350A2B26D0B542F8D191
:1070D000464509DCA419013C23780D3B5A42534133
:1070E0003B7580BCB846F0BD4346E018A419F11AC0
:1070F000013C3B68984723780D3B5A4253413B750E
:10710000EFE7037D002BD7D102210F483B6898475A
:10711000012EDFD001239846D2E7631E5B5C0D2B66
:10712000D4D0884504DA4346C91AE0183B6898472A
:10713000022105483B68A8469847C7E70368110045
:1071400020009847CDE7C046A4B20010F0B5C6466F
:107150000B6806000C0000B5802B06D05A1C22607C
:10716000E418267180BCB846F0BD0F4B1D68002D99
:1071700016D00B1D98460D4F02E02D69002D0FD043
:107180002B68002BF9D03B68002B01D0AB42F4D127
:10719000280041462268FFF781FF2D69002DEFD1BD
:1071A00001220023DBE7C046600E0020780E00209D
:1071B000F0B5CE46474680B583B06B460600DD1D70
:1071C0002870FBF76DFF0023194A12184B41002B62
:1071D00002DA0122174B524217490800884603F091
:1071E000AFFB164B81461C68002C14D0144F02E0F4
:1071F0002469002C0FD02368002BF9D03B68002BAA
:1072000001D09C42F4D1200001222900FFF746FF63
:107210002469002CEFD14B46002B05D1300003B080
:10722000C0BCB946B046F0BD404603F071FBF5E77F
:1072300040420F00FFFFFF7FF8080020600E002093
:10724000780E0020F0B5DE464E4645465746E0B57E
:1072500083B0060001F0B4FF0500FBF721FF002317
:10726000284A12184B41002B02DA0122264B5242C7
:10727000264908008B4603F063FB254B81461C68BA
:107280009A46002C38D00A23224F984602E02469FF
:10729000002C17D02368002BF9D03B68002B01D0BD
:1072A0009C42F4D120002A003100FFF7F7FE6B4624
:1072B00042462000DA71D91D0122FFF7EFFE246952
:1072C000002CE7D14B46002B18D153461C68002CEC
:1072D00006D06368002B0BD098472469002CF8D1A6
:1072E000280003B0F0BCBB46B246A946A046F0BD9C
:1072F0002469002CEDD1F3E70028F1D0584603F0C3
:1073000007FBE2E740420F00FFFFFF7FF808002085
:10731000600E0020780E0020F0B5CE46474680B5BE
:10732000A3B004000D00FBF7BBFE0023274A121890
:107330004B41002B02DA0122254B5242254E3000F0
:1073400003F0FEFA00232200019307002B002248DD
:1073500001A9FEF7DBF9214B804699461C68019B89
:10736000002B1AD0002C2FD01D4D02E02469002CD8
:107370000FD02368002BF9D02B68002B01D0A3423B
:10738000F4D12000019A02A9FFF788FE2469002C9D
:10739000EFD14B461C6800230193002C06D0636894
:1073A000002B0BD098472469002CF8D1002F07D16F
:1073B000404623B0C0BCB946B046F0BD2469ECE7F6
:1073C000300003F0A5FAF3E70194EFE740420F0025
:1073D000FFFFFF7FF80800204D710010600E0020B5
:1073E000780E00200FB400B583B004A901C9019143
:1073F000FFF792FF03B008BC04B0184700207047A5
:10740000F0B5CE464746040080B583B0FBF748FE92
:107410002600002736184F41002F02DA01261A4FA6
:1074200076421A4B1A4D994601AB98464B461C685A
:10743000002C03D116E02469002C13D02B68002BFC
:1074400001D09C42F7D1A368002BF4D00121404623
:1074500098470028EFDD4346187803B0C0BCB94612
:10746000B046F0BD0B4B5A6A974207D89B6AB342AD
:1074700002D301204042F0E79742FAD101200021D7
:10748000FBF718FED2E7C046FFFFFF7F600E00202B
:10749000780E002000400540F8B5DE4657464E46BF
:1074A00045468346E0B505200C00FCF799FB060035
:1074B000600821008019FEF7D5F943009846804402
:1074C000070005214046FEF7CDF93B1A9A46204BAE
:1074D0008146700080199C4234D81E49FEF7C2F9DB
:1074E000451C5B461C6800230422E36623680120D8
:1074F000534002321A4080235B0123431A605346F3
:10750000E3614B46236243464F2B03D9502140464B
:10751000FEF7A8F9A023E050E36F22005D4080232E
:107520007C322D045B0113432D0C1D6001233900B7
:107530003000E366FEF796F9F0BCBB46B246A946BA
:10754000A046F8BD0449FEF78DF9451CC9E7C046C1
:107550003F420F008096980040787D010F4A70B539
:10756000821A531E9A410E4BD20008321A600D4BFC
:107570000D4C1A601500A3689D432B1EFAD166249A
:107580000268FF340571D5661460633C8833FF3CA4
:10759000D5639563D450FFF77FFF70BD30020020A4
:1075A00000E0004000F0004000C00040F0B5DE46C2
:1075B00057464E46454690460022E0B583B01E0031
:1075C0000CAB1B7807009B460368DA6601325960F2
:1075D000DA66002E5BDD027959469202924601225C
:1075E0004A4052029446019161468022BB46B4460D
:1075F000751E002047460E0091468132FF32411B26
:107600000C00614261413C5C4942A046314000911E
:10761000544641460C432100009C0C431C6110243D
:10762000596B0C42FBD0494659588A4600290AD169
:10763000A84227D0002101308A468445DFD1019B32
:107640005F469B4615E0596D01218846596B1142F2
:10765000FCD0196E41460029ECD0019B5F469B4649
:107660005346002B15D05346DB0712D453461B0755
:107670000FD55B463B7103B0F0BCBB46B246A94692
:10768000A046F0BD01990029D4D18846DEE700204C
:10769000EFE702204042ECE7F0B5DE464E464546B5
:1076A0005746E0B5060009A80078346880460020F7
:1076B000E066616001219346E166002B32DD8022A5
:1076C000591E52008C4692468025616F1029FCD0CD
:1076D0000021002801D13179890284451CD052460D
:1076E0001143216102E0A16F00290DD16159616D43
:1076F0000029F8D00220404243463371F0BCBB461B
:10770000B246A946A046F0BD5A462169115401303F
:107710008342F1D03468D8E74246012757407A02C5
:107720001143DCE70020E7E710B5002101F058FB2A
:1077300010BDC04610B50A22002101F00BFC10BD9F
:1077400070B50B0C0024150C002B28D1002D3CD15A
:107750008BB291B2594300F047F8051E33D00300B5
:10776000083B5A6803239A43043A242A12D8030098
:10777000132A0AD90460446008331B2A05D984609F
:10778000C460242A2AD00300103300221A605A60F1
:107790009A6002E00021FFF775FC280070BD002D03
:1077A00016D1151C89B292B24A43ADB29BB26B435B
:1077B000110C5B18190C0BD1190492B2114300F093
:1077C00013F8051ECBD10025E7E72B1C0D1CE9E7BC
:1077D00001F0DEFC0C2300250360DEE703000461FA
:1077E00018334461D1E7C046F0B54E464546DE4603
:1077F0005746E0B50D000B35060085B0162D21D893
:10780000102900D9D4E000F0D5FA10251823022160
:10781000CA4FFB181A005C68083A944200D186E10E
:1078200003226368A1689343E268CA609160012102
:10783000E3185A6830000A435A6000F0C3FA200087
:107840000830B8E007239D4300D5B1E0A94200D934
:10785000AEE000F0AFFAFC235B009D4200D2E0E115
:10786000690A00D1AEE0042900D9A1E13823984685
:10787000A90988443931CB00082252429446AF4FBF
:10788000FB189C446346DC68A44514D00323994646
:107890000B0061469C4607E0E068002A00DB40E1FF
:1078A000814200D141E104004A46636893435A1B78
:1078B0000F2AF1DD41463A003C690832944200D17A
:1078C0001EE1032063688343581B0F2800DDACE1F1
:1078D0003A617A610028AADA7A689046802292009A
:1078E000934200D336E1DA08580901238340404629
:1078F00018438046D300DB199A687860E360A26081
:107900009C60D46001208B109840404562D843466B
:1079100003420AD103239943434640000431034202
:1079200003D1400004310342FBD00323B3469C46FD
:107930000E00B8460190F00040440100B246CB680A
:107940000BE064465A681F00A243DB68541B0F2CEF
:1079500000DD39E1002C00DB53E19942F1D1012334
:107960009946CA44534608319B07E8D1032205E0F3
:1079700003680838013E834200D013E23242F7D157
:107980004346019A5B68934342465360019A520012
:1079900001929A421CD8002A06D119E0042291468D
:1079A000019ACA44520001921342F7D05646C2E7E8
:1079B0000C233360002005B0F0BCBB46B246A9469C
:1079C000A046F0BD80233F22402190469B0053E714
:1079D0005E4647460322BC68636893439846AB42C1
:1079E00003D35B1B0F2B00DD8DE023004344029388
:1079F000534B08201B6810335B19019301F0D2FB35
:107A0000504903900B688A46013306D08446019B97
:107A10004242013B6344134001933000019901F05D
:107A2000A5FB03008146013300D11CE1029B834288
:107A300000D916E1444B02989B461A68019B5946AF
:107A40009C4662440A6003990139484500D157E1D8
:107A500053461B68013300D15EE14B4602981B1A66
:107A60009B185A46136007234A4648461A4002921A
:107A7000184200D115E10398013384469B1A019AFC
:107A800099444A44019263440A409B1A19403000C9
:107A90008A4601F06BFB431C00D158E14B46C01AEB
:107AA0000300534401935B461A68012052441A6054
:107AB0004B464946BB60019B03434B60BC4213D01D
:107AC00043460F2B00D82BE107210C3B8B43616809
:107AD0000140052019436160E118486088600F2B60
:107AE00000D93FE14B465B6818490868904200D2D4
:107AF0000A6017490868904200D20A604C46B4E018
:107B00007B689846FEE6012229001343114365195C
:107B100061603000BD606B6000F054F920000830F7
:107B200049E7A268D060826081E66146C3E6DC680E
:107B30000231A34200D1BEE672E6C04640020020F8
:107B4000840C002038020020540C00207C0C002003
:107B5000800C00205A0A042A7CD9142A00D9B0E0EB
:107B600010005B3082465C32D200082040428446DE
:107B7000BA189444624692680B308146944500D10D
:107B800086E00800A2466146844602E0926891427F
:107B900004D04C465068A0439842F7D8D368614659
:107BA00054469C466346A260E3609C60D460A9E6AC
:107BB000142967D9542900D98CE06E239846290BE3
:107BC00088446F31CB0057E6BA46012051468446BF
:107BD0004919054350464560856847466046EB6055
:107BE0005E469D605346396179612043083748609D
:107BF000CF6030008F609C5000F0E4F850460830B1
:107C0000D9E6BA4601205E465244516801435160AC
:107C1000BA683000D3609A6000F0D4F838000830B9
:107C2000C9E62B00E9080833F2E56119884601210D
:107C30008C460D434146656039617961CA608A604E
:107C4000624602434A60E050300000F0BBF820007A
:107C50000830B0E69A091000393238308246D20036
:107C600083E7BC4241D0BC686368032293431A0097
:107C70005B1BAA4202D30F2B00DD44E7300000F06B
:107C8000A1F897E65B23984688445C31CB00F3E586
:107C9000534698100123834040461843804678603D
:107CA00080E7019B039A4B440B40D31A19403000E4
:107CB0008A4601F05BFA431C00D0EFE600239A46A7
:107CC000F1E6542A2ED81A0B10006F326E3082461D
:107CD000D2004AE7AA235B0099422ED8DD3B9846A2
:107CE000E90B88447831CB00C6E5304B9B461A68D7
:107CF000019B9C465B4662441A60039B591EA7E6A3
:107D00004846084200D0A3E6B968434489460121A9
:107D10000B4349464B60E7E653464A461A60A2E6E3
:107D20004860ABE7AA204000824226D8DA0B100058
:107D3000783277308246D20017E71D4B994226D819
:107D40007C239846A90C88447D31CB0094E5019AA8
:107D5000029B94464A46083B63449B1A01930023C6
:107D60009A46A0E621003000083101F0B7FA5B46E0
:107D70001A68BB6899465B68B6E60D4882420CD823
:107D80009A0C10007D327C308246D200EDE6FE2354
:107D90007E227F2190469B006EE5FE227E2092008F
:107DA0008246E2E643465B68F0E5C046540C00209C
:107DB0005405000010B5024801F0F0F910BDC046AE
:107DC000500C002010B5024801F0EAF910BDC04681
:107DD000500C002070B516000D0002F031FC002E92
:107DE0000DD06B236A00520D9B1A002B07DD002477
:107DF000034A1B059D182B002200FDF79EFF70BD56
:107E00000000F03FF0B54546DE4657464E46E0B529
:107E10009FB0069200220C001A9200210022804698
:107E200004910592210019910A780F002D2A03D898
:107E3000AA4D9000285887460021079100210891FB
:107E4000302A00D1C4E02F2A00D889E200239A46C4
:107E5000190038000026130055460BE08B005B1814
:107E600001305B00199099180278303913000136FF
:107E70002F2A0FDD392A6FDC082EEFDDAB005B19EE
:107E800001305B0019909D180278303D13000136D7
:107E90002F2AEFDC894601229149AA4601F0C8F851
:107EA000002800D14AE20023089612930A930B930C
:107EB000089B1C00102B00DD10244846FDF7B2FF84
:107EC000089B04900591092B19DD2200854B093A86
:107ED000D2009B181A685B68FDF72FFF049005918C
:107EE0005046FDF79FFF0B00020004980599FDF72F
:107EF000FDFE089B049005910F2B00DDAFE00A9B6F
:107F0000002B01D100F066FC0A9B002B00DC46E34D
:107F1000162B01DC00F05FFD2523089A9B1A0A9AB4
:107F2000934200DA9BE00F24089B6E4DE41AE100B7
:107F30006918049A059B08684968FDF7FEFE0A9BCC
:107F40001C1BE4002D192A686B68FDF7F6FE06007D
:107F50000F0013E2013166E7894601226049AA4613
:107F60001D0001F065F8002846D1199D2B00691C01
:107F700019915B780D001A00002E00D0E2E12B0071
:107F80000020302A07D11800013319931A78302ABB
:107F9000F9D0401B01301300313B082B00D867E2B9
:107FA00020239A43452A00D118E3089B034300D0BD
:107FB000E2E1069B00260027002B00D01C60300069
:107FC00039001FB0F0BCBB46B246A946A046F0BD82
:107FD0007A7820318A437D1C582A01D100F0FDFBBC
:107FE0002F0019953A780135302AF9D0002A00D1AE
:107FF000C2E10123089326E700230020002209960E
:108000001293652D00D1D2E100230B93452D00D1B1
:10801000CDE1002E00D0BFE1089B034300D0ABE1CF
:10802000002AC6D1692D00D1E6E201DD00F0C2FCD4
:10803000492D00D1E0E24E2DBBD12B4919A801F00A
:1080400097FD0028B5D0199B1B78282B01D100F093
:1080500079FD264801F0E2F806000F008EE10A9A49
:10806000089B94461B1B6344002B00DC70E20F222C
:108070001C001100944319401A4201D100F02CFC5D
:10808000184BC900591808684968049A059BFDF700
:1080900054FE04900591002C01D000F01DFC00233B
:1080A00009934B463200009339004046089B01F08B
:1080B00013FF1390002801D100F09AFC0A9B12993B
:1080C000DA430B98D217081AD917134014930023D8
:1080D000084099469B461290F0E0C046A8B20010B6
:1080E00038AE001000B6001048AE0010A0A9001075
:1080F000C91A521A1F2900DD26E301238B40109371
:1081000000231593AB189A46099BA4189C462B0094
:108110006444554500DD5346A34200DD2300002B97
:1081200004DD5246D21A9246E41AED1A129B002B35
:1081300000DDB0E25346002B00DDC8E20A9B002BB5
:1081400000DDF3E2002C00DDE4E2002D08DD49460D
:108150002A00404602F004F98146002800D1E2E2FC
:1081600040461A99089A02F097F98346002800D1F0
:10817000D9E2C36849460E930023C36002F06EF94A
:10818000002801DA00F009FD059B0B9301D100F0F6
:10819000A2FC4946584602F031FB80230022DB0551
:1081A00004000D00FDF71AFE002800D165E20E9BC9
:1081B000002B00D0D5E2049B002B00D05AE30B9B90
:1081C0001B0300D0FDE2002220002900D74BFDF761
:1081D000FFFD002801D000F074FC0022D44B2000E9
:1081E0002900FDF7AAFD0A00010013001091119269
:1081F0000C9080221206944663440D930B9BCD4A4B
:108200000C9C0D9D13409A46CB4B9A4500D1AFE292
:10821000099B002B29D0D423DB049A4525D810983C
:108220001199C64AC64BFDF7D9FD002818D0109801
:108230001199FDF737FE002800D10130FDF7F2FD5E
:108240000E9B10901191002B01D000F024FC802295
:1082500012060B009446634416901793169C179DC4
:10826000D6235246DB04EB189D1A3000390002F089
:10827000E7F902000B0020002900FDF75EFD320047
:108280003B00FDF733FD0E0004900591099B002B88
:1082900004D1A84B33409A4500D1B9E240461A991F
:1082A00001F0BEFD4046089901F0BAFD494640463E
:1082B00001F0B6FD5946404601F0B2FD139C404620
:1082C000616801F085FD031E089000D12BE2226950
:1082D0000C3302320C34210018009200FEF7D8FE55
:1082E000049E059F1CAB01931BAB009332003B0027
:1082F000404602F021FA011E1A9000D1F0E101215E
:10830000404601F0B9FE8146002800D10BE21B9BDC
:10831000002B00DAD7E1129A149C9D1809991C9A37
:108320005B1A36219B188A1A8649013B8B4200DA78
:10833000DEE60023159301331093E3E6199B591CE5
:1083400019915B781A00303A092A00D9D4E0151E39
:1083500001D100F037FD012330000996129315E397
:1083600001223800784900F063FE002800D188E33C
:10837000089B002B00D11CE600260027069A002A45
:1083800001D0199B1360079B002B00D117E68021B9
:1083900009067B181F0012E60B9B129A08969B1A7F
:1083A0000A93099B002B00D182E51E0080E5330073
:1083B000034308990B4300D1FBE5199C631C1993F7
:1083C00065782B2D00D1F9E12D2D00D0AAE00123F5
:1083D0000A93A31C1993A5782B00303B092B00D9D5
:1083E000AEE11999302D0ED14B1C19931D7819004F
:1083F0000133302DF9D000230B932B00313B082B98
:1084000000D906E601334D1C1995AC464D780B9307
:108410002F2D00DCD4E20E9101000B9B0B928B46BA
:108420000B99624660468C460BE09900C9180132F0
:10843000490019924B194578303B2F2D00DCC5E2DD
:108440001000392DF1DD0B9363460E9994461A0006
:1084500063465846591A082900DCB1E23B4B0B939E
:108460000A9B002B00D1D4E50B9B5B420B93D0E51C
:10847000431C199F303A129300231500390001263E
:1084800009934B469B004B44A94600205B0099444E
:108490004B1C19931D7819002B00303B092B00D978
:1084A000F5E11D00421C4B1C002D01D100F087FCA2
:1084B000129B9C46944463461293012A01D100F01A
:1084C0007CFC52468A462100731C4C469C468946D9
:1084D000110008E0A2001419640001339A1B013A4C
:1084E000904200DC4AE25A1E082AF3DD102BF4DC2D
:1084F0008A0051184900F0E720229343452B74D09D
:108500004846FDF78FFC04900591092E00DC61E1DF
:108510003400102E00DD10240023089612930B93D4
:108520000A93D2E400230A9356E7C0460000F03FC6
:108530000000E03F0000F07F0000E07F0000C0FF8F
:10854000FFFFDF4102FCFFFF38AE00101F4E0000AE
:10855000002B00D1A3E50F2211005B4219401D1131
:108560001A4200D09DE21F2D00DD80E010231A008A
:108570002A4009922B4201D05A33099301230498CF
:1085800005999A46C34C53462B4200D134E22268E7
:108590006368FDF7D2FB6D1044D00834F3E70A9B03
:1085A000163300DA5BE50B99129ABB4B521AD200D4
:1085B0009B181A685B6804980599FDF7A0FB0600F4
:1085C0000F00DBE6002207924F1C19974A78002A19
:1085D00000D033E4EDE401220792F5E70022030026
:1085E0000992129200260132E3E600230C000020DB
:1085F000012209961293E1E6A84919A801F0B8FAF8
:10860000002800D1D5E4199BA549013B19A819936D
:1086100001F0AEFA002802D1199B0133199300260C
:10862000A04FABE6099A0E900F910E9B0F9C0493FE
:108630000594002A12D00F9B20005A006B23520D84
:108640009B1A002B0ADD1F2B00DC33E30021049171
:10865000342B00DC59E3DC239B04059300220498AF
:1086600005990023FDF7ACFB002800D119E5222372
:10867000424600260027136080E68B4B0022200034
:108680002900FDF75AFB0E9B10901191002B63D12E
:108690000B000C90ADE549461A00404601F0F4FD90
:1086A0001A99814600281BD00A000100404601F0BB
:1086B00013FD1A990B90002812D0404601F0B0FB30
:1086C0000B9B1A9336E5149A129DD41A26E61A9932
:1086D0005246404601F044FE011E1A9000D02DE59E
:1086E000DA462223424600266E4F1360404601F0D0
:1086F00097FB4046089901F093FB4946404601F03C
:108700008FFB4046139901F08BFB5146404601F028
:1087100087FB33E622004046089901F021FE0890CD
:10872000002800D011E5DA461A99DAE74046149A93
:10873000089901F0A9FD0890002800D002E5F2E7B1
:10874000002319940B9364E45849CB1A01219940F2
:10875000012315911093D5E4109B119C0C930D945B
:108760004CE50023524C0C930D941093119445E565
:10877000504A0B9B944663440593049C059D20003E
:10878000290001F05DFF0C9A0D9BFDF7D6FA22003F
:108790002B00FDF7ABFA434B474A049005910B4081
:1087A000934200D801E1454A974201D10136BAD03F
:1087B0000123424C5B42049305946FE500230A9326
:1087C00007E600233E4C0C930D940023384C109385
:1087D000119413E5049E059FD0E50293079B404644
:1087E00001931AAB0093374A1BAB19A900F0C6FEE0
:1087F0000F231E0004000640034200D1BCE5062EF4
:1088000000D0FCE000230026002719950793B5E56A
:10881000109C119D20002900FDF75CFBFDF74EFB2D
:1088200002000B0020002900FDF757FA049A0E9B66
:1088300036031343360B04000D00234A33430AD199
:10884000224BFDF7C5FA002800D127E5DA46049E41
:10885000059F1A994AE71E4BFDF7BAFA0028F5D191
:10886000200029001B4A104BFDF7C8FA002800D150
:1088700014E5EBE7012BA4D10B9B002BA1D1DA4629
:1088800022234246002600271A9913602EE7012270
:10889000FFF7B7FBA0B3001000B600103CAE00100D
:1088A00040AE00100000F07F0000E03FE2FBFFFF61
:1088B0000000F03F0000B0FCFFFF9F7CFFFFEF7F58
:1088C0000000F0BF8CB300109535A094FFFFCF3FA0
:1088D000FFFFDF3F35E5AF359A235B009C4200DDAB
:1088E00086E02411012C00D188E10498059900222A
:1088F0009246013293465246D14BB2461D0009932F
:10890000160000235A46224204D02A686B68FDF7FD
:1089100014FA0123013664100835012CF2D132001B
:1089200056469246002B01D004900591C54A059BFE
:108930009446634405935346D900099B9C46049A88
:10894000059B614408684968FDF7F7F9BE4BBF4ACB
:10895000049005910B4093424AD8D4208004844669
:10896000BB4A61440591934201D8FFF798FB01236C
:10897000B84C5B4204930594FFF791FB0A004B4609
:108980005146A14692461C0001386044461C082806
:1089900000DC76E50020102E00DD79E553469B00D3
:1089A0005344AA465B009A4472E5D4239B04CE1834
:1089B00005966BE46E2D01D1FFF73FFBFFF7F9FA47
:1089C0000B99A54B994200DC4AE548E560460B93BC
:1089D0000E9903003AE50A9AA04BD100591808688D
:1089E0004968049A059BFDF7A8F906000F00C5E445
:1089F00022234246136012E66D100834C3E51A9A2A
:108A0000002A07D035211CA801F02CFF40461A99F6
:108A100001F006FA052E00D9BEE1914BB6009B5934
:108A20009F461C9B8F4904931D9B1B9A0B408E49AC
:108A30008C466244120513430593E40503D5802256
:108A4000120613430593804A049E059F134200D0EB
:108A500094E400F09DFB222303608FE40122834B0A
:108A6000524204920593E40500D4B3E6059BE6E781
:108A7000754B0593F7E71C991D9A1D9B0491059270
:108A8000DBE7199D2B00013519955A78002399468B
:108A90009A46FFF774FA109B119C16931794FFF7F0
:108AA000DDFB6E4BC9005B181A685B68049805997A
:108AB000FDF725F904900591002D01D1FFF7EFFA9C
:108AC00051E500236A4C0C930D940023694C1093DC
:108AD0001194FFF793FB159B0E9A9C46059BDA4673
:108AE0001B031B0B002A41D0634A934200D1D1E003
:108AF0006346002B00D1C7E062460B9B13420CD0AB
:108B000004980599099AFFF765F902000B003000F7
:108B10003900FDF7EBF806000F00099B002B00D190
:108B200097E630003900554B0022FDF706F9464B19
:108B300006000F000B4200D08BE6222342461A9912
:108B40001360D3E51CAC22004D4919A801F026F8AA
:108B5000052801D0FFF77DFA1D9B3B4A1A431C9B59
:108B600005920493049E059FFFF708FC002B4AD151
:108B7000049B002B00D0B5E0099B002B00D1A0E0A6
:108B8000314C0B9B23401C00D623DB049C4229D88C
:108B9000DC239B049C42C4D872E60E9B0499059A80
:108BA000DA460B43B9D10B921303B6D1D623264C28
:108BB000DB0414409C42B0D95B465B69002B03D1B7
:108BC0005B461B69012BA8DD51460122404601F09E
:108BD000C7FB4946824601F041FC00289DDD099B08
:108BE000002B6ED0274B244A9C4601236444224329
:108BF0005B4205920493049E059F92E700239A46E8
:108C00000F4B099392E66346002B73D062460B9B91
:108C1000134200D181E704980599099AFFF7DAF821
:108C200002000B0030003900FDF757F80022002346
:108C300006000F00FDF7C4F8002800D16DE71FE61D
:108C4000D8B500100000B0FC0000F07F0000A07C50
:108C50000000907CFFFFEF7F1F4E000000B6001069
:108C600060B30010FFFFEFFF33040000FFFFFF7F42
:108C70000000E0BF0000E03FFFFF0F0000005039A0
:108C800078B300100000F0FF109B049A134200D14B
:108C900043E735E7099A049B002A4FD15A1C3BD081
:108CA0006246002A00D17FE00B9B134200D027E7E9
:108CB0001A991BE5012252429A40049B13400493E7
:108CC000CCE4434B0B9A1A991A401300414A94463C
:108CD000414A63441A4301235B4205920493049E74
:108CE000059F03E56246002A0AD00B9B134200D180
:108CF00013E790E7109B049A134200D10DE78AE72F
:108D0000109A1A4200D108E785E74B239A1A4C3B88
:108D1000934018400590A1E4304A0B9991421DD030
:108D20002B4B0B9A1A401300802252039446634443
:108D3000059300230493049E059FEEE6D421244A64
:108D40000B98C90402408A4216D95A1CE4D06246E4
:108D5000002A0CD0104200D1E3E6D1E60133DFD186
:108D60002223424600261A99194F1360BEE4109A36
:108D70001A4200D1D5E6C3E66B21120D891A0122F1
:108D800052428A409342C7D06246002AEFD00B9BE2
:108D9000134200D1C5E6B3E6E4050BD580231B06DC
:108DA0000593049E059F54E6109A1A4200D0A7E648
:108DB0001A999BE4002600274BE63000E6E51000F8
:108DC000FFF767FB012009961292FFF761FBC0468F
:108DD0000000F07F0000F0FFFFFF0F00FFFFEF7FBC
:108DE00010B504000A000349034B08682100FFF78F
:108DF00009F810BDB407002048060020F0B557461A
:108E00004E464546DE46E0B582460F0090461E00BF
:108E1000994683B0242B43D8012B41D00B00082066
:108E20004A4D1A0014780133295D0842F9D11D001A
:108E30002D2C00D176E02B2C3ED0454B9B460023B9
:108E40000193002E53D1302C00D173E00A230A265F
:108E5000994649465846FCF705FD2B008C463D00D7
:108E60000200270000214C460020E146AC463D00B0
:108E7000303D092D07D9113D192D03D93D00613D24
:108E8000192D20D80A35AE421DDD4F1C05D0824277
:108E90002AD327D00121604328181F780133E6E741
:108EA00000F076F916230360002003B0F0BCBB4647
:108EB000B246A946A046F0BD1C78254B951C9B46A2
:108EC00000230193BDE767464A1C21D0019A002A7E
:108ED00000D040424246002AE7D0002933D1434621
:108EE0001F60E2E7A945D5DA01214942D5E7102EF6
:108EF000AFD110239946302CABD120222B7893434D
:108F0000582BA6D110236C78994610260235A0E77D
:108F1000222251460A6042465846002AC5D0584689
:108F20005F1EDCE71C7880231B069B460123951CF3
:108F3000019386E720222B789343582BE2D0082315
:108F40000836994685E78346E9E7C046C9B300106D
:108F5000FFFFFF7F10B504001300034A10680A00EA
:108F60002100FFF74BFF10BDB40700200323CAB256
:108F7000F0B50340002A35D00324002B2DD1FF2368
:108F80000B401D02ED182B04ED182C000168264E35
:108F90004C408B198B43A119A143244E0B43334200
:108FA00011D14168204F0C00CB196C408B43E11963
:108FB000A1430B4304303342F3D00378002B05D098
:108FC0009A4204D001300378002BF9D10020F0BD83
:108FD0009342FCD001302042D1D00378002BF7D14E
:108FE0000020F4E7002B08D0032202E001301042F9
:108FF00003D00378002BF9D1E9E702680A4B0B494B
:10900000D31893430B4206D14268074B0430D31860
:1090100093430B42F8D00378002BD8D0437801302B
:10902000002BFBD1D3E7C046FFFEFEFE8080808090
:1090300030B5002A27D003000B439B0713D1032A26
:1090400011D9134D0BE0043A002A1CD0114C1C1905
:109050009C432C4217D104300431032A03D90368FE
:109060000C68A342EFD00D78047801230139AC429B
:1090700007D00AE0002C06D0C45C0133CD5CAC42C2
:1090800003D19A42F6D1002030BD601BFCE7C046F8
:1090900080808080FFFEFEFE0B00034370B506005B
:1090A0009B070DD1032A0BD9104D0C68104BE31808
:1090B000A3432B4204D1043A043110C6032AF4D846
:1090C0003300002406E00D5D013A355501330134CB
:1090D000002D02D0002AF6D170BD00219C18002A74
:1090E000FAD0197001339C42FBD1F5E78080808073
:1090F000FFFEFEFE034B10B51A680123503200F04C
:1091000003F810BDB4070020F0B5002826D00700F2
:1091100038000C000678013702E00134AE4214D06A
:109120002578002DF9D1002E1DD03E000B0035789A
:10913000013702E00133002CF7D01C78A542F9D1A9
:109140000023002D06D11360F0BD002BE0D1176085
:109150000370F9E700213B003170F4E71068002844
:10916000D5D10020F0E700201660EDE7002370B5B0
:10917000064C050008002360FAF720FE431C00D0CF
:1091800070BD2368002BFBD02B60F9E7740E002024
:10919000014B18687047C046B40700207047C046AE
:1091A0007047C046802310B55B01082801D1180024
:1091B00010BDFFF7EDFF16230360173BF7E7C0462E
:1091C00010B583070AD00300032102E001330B42EC
:1091D00005D01A78002AF9D1181A10BD03001968B1
:1091E0000C4A0D4C8A188A4322420FD15968094A09
:1091F00004338A188A43224208D15968054A043345
:109200008A188A432242F1D000E001331A78002AFA
:10921000FBD1E1E7FFFEFEFE808080800020014957
:109220007047C0460000F87FF0B5C646060000B59E
:1092300008200D00FFF7B6FF04003000FEF7BAFD6E
:10924000234B210098469B685F6803239F433800A7
:109250001138401B0019FCF705FB451E6543AC4265
:1092600008DC00213000FFF781FF43469B68DB19D3
:10927000984206D03000FEF7A5FD002080BCB8461D
:10928000F0BD30006942FFF771FF01300ED00122BE
:1092900043467F1B9B6817430E4A5F60136830008C
:1092A0005B1B1360FEF78EFD0120E7E70021300015
:1092B000FFF75CFF43469A68831A0F2BDADD064CF2
:1092C00004492468001B086001210B435360D1E767
:1092D00040020020540C002038020020F0B5D64691
:1092E0004F46464605000C00C0B5002948D0FEF7A1
:1092F00061FD2100012708394B6803209C46BB43D0
:10930000CE18726882436046384080466A4891466B
:109310008468B44200D17CE07260B41864683C4058
:10932000A2464446002C30D10C68A446091B8C6828
:109330006344A4460824A0468044C4455CD0CC685D
:10934000A04664464246E26094605246002A1FD01E
:109350001F434F60336080229200934230D2DA087C
:109360005C090123A340446823434360D3001B18D6
:109370009A68CB608A609960D1602800FEF722FD70
:10938000E0BCBA46B146A846F0BD5246002A0FD10D
:1093900001224B44CF18BC46B468484F1A43BC4224
:1093A0005BD0F668E660B4604A6062461360D2E75C
:1093B00062463A434A608022336092009342CED3A1
:1093C0005C0A042C3FD89C09260039343836E40066
:1093D00004192268083C0327944203D14EE09268A6
:1093E000944203D05068B8439842F8D8D468CC600F
:1093F0008A60A160D160C0E75246002A35D14B4453
:109400001A00B068F3681743C36098604F608A50D1
:10941000B3E74B441A004346002B06D10B68C91A28
:109420008C68D218CB68E3609C60012313434B60C7
:10943000234B81601B6893429FD8224B28001968F8
:10944000FFF7F2FE99E7142C13D9542C1DD81C0BEE
:1094500026006F346E36E400BAE7E160A1604A602E
:109460006246CC608C60136087E71F434F603360B7
:1094700083E726005C345B36E400A9E70123B610DD
:10948000B340466833434360B1E7AA225200944296
:1094900005D8DC0B260078347736E40098E70A4AD2
:1094A000944205D89C0C26007D347C36E4008FE77E
:1094B000FE247E26A4008BE7400200204802002004
:1094C0003C020020840C002054050000F0B5D64674
:1094D0004F4646460369C0B50A009A464F11BB4243
:1094E00008DC0023036100234361E0BCBA46B146B7
:1094F000A846F0BD1F218C460600644614369D0028
:10950000BB007519F318114014421FD02022521AC3
:10951000944604CBCA4090469D4228D9B146644641
:109520001A68A240444622434C4604C404CBA146D8
:10953000CA4090469D42F2D85346DC1BA400341921
:10954000043C2260002A0CD004340AE032009D4220
:10955000C7D902CB02C29D42FBD85346DC1BA400F4
:109560003419A31B9B100361B442BED1BBE7426117
:10957000002AB6D034000434F3E7C046F0B5DE4626
:10958000454657464E46E0B58846096893468A7870
:1095900087B003900593302A00D0CDE1CB1C1D008D
:1095A00001335A1E1278302AF9D0691A8B1E9A4656
:1095B000C24FBB5C002B00D1FCE0002200242B78C2
:1095C0009146BF4AFB5C0292002B00D16AE12E005B
:1095D00073780136FB5C002BFAD10122300002992E
:1095E000FFF726FD0190002852D000223378019227
:1095F000002C02D0A41BA20001922022340093432D
:10960000502B51D043461E604B46002B7DD1631B2F
:10961000013B0021072B03DD01315B10072BFBDC35
:10962000039800F0D5FB8246002800D18FE2142376
:1096300053440493A54200D3D1E1984600239946B0
:109640003B0000264746A8464D4699460CE0202E92
:1096500019D03200043649462378CB5C0F210B40E9
:1096600093401D4344455ED0013C23782E2BEED120
:109670004445ECD3012220000299FFF7D9FC0028D1
:10968000F0D0202EE5D120C7002204260025E2E7F5
:10969000002C00D143E12022A41BA30001933378C6
:1096A00034009343502BADD163782B2B00D11EE1B6
:1096B0002D2B00D0EBE00122A378A11CFB5C26003F
:1096C000581E18289ED84E1C4978103B795C18000B
:1096D00000290AD10CE083001B185B0001365818E2
:1096E00033781038F95C002901D01929F3DD030023
:1096F000002A00D05B42019A94469C446346019341
:1097000043461E604B46002B81D053465A4253417C
:1097100006245B421C40200007B0F0BCBB46B246AA
:10972000A946A046F0BDB846A94646464B4608C6DF
:10973000049B4846F61A5346B6101E6100F024FCFE
:109740005B461D687601361AAE4251DC00DAD0E085
:109750009B68019A934200DAC0E05B465B689A42DC
:1097600000DB97E09C1A671EAC426FDA0026002FE0
:1097700000D04EE11F21012339408B407A1104991A
:1097800092008A58504621002D1B1A4200D12BE12D
:10979000FFF79CFE5B465B6801935B46DC68022C2E
:1097A00000D1DBE0032C00D142E1012C00D16EE1BD
:1097B000122470E0424B0122190028000293FFF7A7
:1097C00037FC814600286FD16B786C1CFA5C002A4C
:1097D0006CD02500302B00D05DE16B780135302B4B
:1097E000FBD0FB5C5A425A41914601229246EBE67D
:1097F000741B2100504601F055F8061E0FD01F21A2
:109800000123601E01408B404211049992008A5846
:1098100001261A4203D0012800DD00E102262100C2
:109820005046FFF753FE019B9C465B46A4446246AC
:109830009B680192634551DB5B46019A5B689342EA
:1098400000DC7DE09C1AA54200DDD4E05A46D268D7
:10985000022A37D0032A00D1F1E0012A35D1AC42E7
:1098600033D1012C07D05046611E01F01BF80028AF
:109870002BD05B465B68059A622413600123524635
:109880001361049A13605246109B1A6043E700224A
:10989000611C13E701245246109B1A60059B019A34
:1098A0001A6038E72E0098E62C002B78202293438C
:1098B000502B00D1BEE043461C6026E7CCB400101C
:1098C00038AE0010119A002AD5D05146039800F006
:1098D000A7FA0023109A502413601CE751460398FE
:1098E00000F09EFA0023109AA324136013E70022CD
:1098F000E2E6AE1B32005146039800F031FD019BB9
:1099000082469A1B5B469B6801929A42E6DC5B4664
:109910005B689A42BEDA14215144049122E77378BD
:10992000741CFA5C2600002A00D166E673780136C2
:10993000FA5C002AFAD15DE600238D1C9A4637E6D0
:109940000124002EA7D05B46DB68022B06D0032B38
:1099500008D0012B55D010231C439CE70123119AFA
:109960009B1A1193119B002BF5D053461F69049B42
:10997000BA009146180098460021484402E002C30C
:10998000984261D91A68561CF9D001321A60022C2B
:1099900069D01F231E0021242E402B4200D17AE7DC
:1099A0004B464344043B186800F0EEFA20239B1B0F
:1099B000984200DB6FE753461969002900DD93E008
:1099C0000023524613610023524653615B46019ABD
:1099D0009B6801320192934280DB21245BE7049B68
:1099E000984600239946A0E6FFF770FD5B465B684A
:1099F00002240193A5E7671E002E00D1B6E60126DA
:109A0000B8E6B307A7D5049B1B681E43F607ACD482
:109A1000A1E73900504600F045FF0600AAE650468F
:109A2000A11E00F03FFF002800D1F7E60326F6E66E
:109A3000022497E7002301930133994634E6119AF3
:109A4000002A00D017E740E753469B689F4225DA7B
:109A500053460122791C1961BB0053445A61049B8F
:109A60009846022CA9D15B461B682224013BAB42DD
:109A700000D010E71F21012329408B4041466A1185
:109A8000920054581C4063425C41213403E7022396
:109A900002241E43B7E701239A4698E553465968C6
:109AA0000398013100F094F9061E56D053465146F2
:109AB0001A690C31023292000C30FDF7E9FA514676
:109AC000039800F0ADF901223369B246591C9B009E
:109AD000F31831615A6114239846B044022CC2D065
:109AE0008F4200DB55E768E7534650465B698900C3
:109AF000414418305B0881421FD944461A0003686C
:109B0000DB07134308C404C852088142F7D8130086
:109B100052468A1A4146193A920892000431521864
:109B20001360002B00D0043243465146D31A9B10D9
:109B30000B61424500D049E745E742461360002BE0
:109B400002D042460432EFE7524613613BE700225F
:109B5000E421054B0548FAF74FF900228421024B16
:109B60000248FAF749F9C04690AE0010A4AE0010C2
:109B700030B5026808E013781D00413D192D00D86A
:109B800020330131A34206D10C780132002CF2D1EE
:109B90000260012030BD0020FCE7C046F0B545461C
:109BA000DE4657464E461F2403000800E0B5250058
:109BB0001100006887B04211920005408A18039591
:109BC000044200D09EE01000171F021F91460022A1
:109BD0004846026018684678002E00D1AFE0019038
:109BE0006F48049380464B460F2000240022834692
:109BF00001980193434602963D0026008946B846E7
:109C0000390092461F00029C15E0202C00D98AE002
:109C100052450CDD8D4201D2072E55DD0826A9459F
:109C200005D2291F002392460D0000260B60847880
:109C30000130002C12D03B5D002BE6D00136013202
:109C4000082E39DC2C682401A4465C462340644677
:109C500023432B6084780130002CECD1019B8C468F
:109C60003400494647469946002A68D0654502D2E5
:109C7000072C00DC77E0A94247D20A002B0001CB79
:109C800001C29F42FBD26A1C781C0023904266D21C
:109C900000200A1D9B181A0004331060BB42FAD939
:109CA0004B461B68002B05D1B94250D0043F3B689E
:109CB000002BF9D0052043E0A945B8D20024043D8B
:109CC000A44601262C60C0E708239B1B9B009C46F2
:109CD000202364462E001C1B02952B6865460590C8
:109CE000944620002A0075682C0084401C432B00F9
:109CF000D3403460736004368E42F4D36246029DD2
:109D000005988BE71700101D5FE74B46039A1B6809
:109D1000002ACDD02020801A01225242C240134096
:109D20004A461360C4E7A24634005646474680467A
:109D300001988C46049B49468146292E0BD004206D
:109D400007B0F0BCBB46B246A946A046F0BD012311
:109D500005200B60F4E740460230186084E77D1B65
:109D6000AD08AB0094E708262023361BB6009B1BEA
:109D700098462B6828001A000B0031006646AC4656
:109D80004546984644682300AB4013432200CA402E
:109D9000036042600430B042F4D3654641466AE74E
:109DA000CCB4001082B000290AD0002A0BD0002BBE
:109DB0000BD013780B601078431E984102B07047A7
:109DC00001A9002AF3D10020F8E702204042F5E77C
:109DD000436C70B504000D00002B0AD0AA009B183C
:109DE000186800280ED002681A6000230361C3605F
:109DF00070BD21220421FDF7A3FC031E6064EDD198
:109E00000020F5E70126AE40721D012120009200DE
:109E1000FDF796FC0028F3D045608660E5E7C04674
:109E2000002906D04A68436C92009B181A680A60A1
:109E300019607047F0B5C6461F008046002300B584
:109E40000E000D6914310C6801332004000C5043DE
:109E5000240C5443C019070CE4190004270C000C0F
:109E60002404241810C19D42EDDC002F07D0B368F4
:109E7000AB4208DDAB00F31801355F61356130009E
:109E800080BCB846F0BD716840460131FFF7A0FFC5
:109E9000041E16D0310032690C31023292000C30AF
:109EA000FDF7F6F8434672685B6C92009B181A68DF
:109EB00032601E602600AB00F31801355F6135612A
:109EC000DDE70022BA21024B0248F9F795FFC046B0
:109ED00090AE001008AF0010F8B54746CE46060019
:109EE000180080B50C00083009211F009046FBF7D0
:109EF00091FC092F3BDD012500216D000131A842B5
:109F0000FBDC3000FFF764FF011E32D0089B436189
:109F1000012303614346092B16DC092398460A34C2
:109F200047450CDD4346E719FF1A23780A22300023
:109F3000303BFFF77FFF01340100BC42F5D1080040
:109F4000C0BCB946B046F8BD09239946A1444D4668
:109F500044442B780A223000303BFFF76BFF013579
:109F60000100A542F5D14C464444083CD8E7002105
:109F7000C7E70022024B0348D331F9F73DFFC04643
:109F800090AE001008AF00108022030052020020A3
:109F9000934201D21B04103080225204934201D21A
:109FA00008301B0280225205934207D38022D2053B
:109FB000934214D29B0014D4033008E08021043073
:109FC0001A01C9058A4203D3D243D20F80187047C1
:109FD0009A019B0105D40A42EED12020F7E71A002E
:109FE000F2E70230F3E7C0460368010010B55A07F4
:109FF00007D0DA072BD49A072ED55B08036001201F
:10A0000010BD1A0410D1FF221B0C10201A4201D1DE
:10A0100008301B0A1A0717D09A070ED0DA0701D4A6
:10A0200001305B080B60EBE7FF221A4211D01A07E0
:10A030001AD104201B099A07F0D19A085C070FD5A2
:10A04000130002300B60DBE704301B09F3E700204C
:10A05000D6E708201B0ADDE79B0803600220CFE754
:10A06000DB0805D12020CBE7DB0803200B60C7E726
:10A0700003300B60C4E7C046436C70B504000D00AC
:10A08000002B0AD05868002815D002685A600023B7
:10A09000C36001334561036170BD21220421FDF7D6
:10A0A0004FFB031E6064EDD146210022084B094896
:10A0B000FF31F9F7A1FE1C2201212000FDF740FB32
:10A0C0000028F1D00123436001338360DFE7C046FD
:10A0D00090AE001008AF0010F0B54E46574645460A
:10A0E000DE46E0B50B6916698A469146984685B00A
:10A0F000B34204DB330089464646924698464B46B7
:10A1000059684346F5184B469B68AB4200DA01316B
:10A11000FFF75EFE071E00D1AAE014239C4684448C
:10A120006346AC00644418000022A34202D204C378
:10A130009C42FCD814234B449B46434651469B000B
:10A1400098461431B60088445E44414576D20023D7
:10A150009A464B4615339E4200D382E05B460193FC
:10A16000434600935346B446A246AB46B9460C005C
:10A17000029306E02D0C32D1009B04340430A3423C
:10A1800059D925682B04190C002BF3D0019D534697
:10A19000A04600260C0082462F00039308CF0168DA
:10A1A0001A04120C62431B0C0D0463432D0C52194C
:10A1B0009219090C5B18110C5B1812041E0C120C7E
:10A1C0001B04134308C0BC45E8D850464446039BD3
:10A1D0009A46029BC3185E6025682D0CCCD0060001
:10A1E00000220368A046604619001400B446019F8F
:10A1F0003A88090C6A43121952181B0411041B0CEB
:10A200000B43336010CF7168240C6C430B041B0CA0
:10A21000E318120C9B181C0C0436B842E8D86246AE
:10A22000844610004446029A043482185360009B0E
:10A230000430A342A5D854465D464F46002D03DCAA
:10A2400006E0013D002D03D0043C2368002BF8D02C
:10A2500038003D6105B0F0BCBB46B246A946A046F9
:10A26000F0BD4B46F31A153B9B089B009A4675E7D9
:10A27000B1210022024B03484900F9F7BDFDC04659
:10A2800090AE001008AF0010F8B503234746140045
:10A29000CE461A0080B50E0007002240234239D175
:10A2A000A41032D03D6C002D3DD0012398460023F0
:10A2B0009946434623406410002B08D128680028A3
:10A2C00019D00500434623406410002BF6D02A0025
:10A2D00031003800FFF700FF002E06D072687B6C5B
:10A2E00092009B181A6832601E60002C0ED0060087
:10A2F00028680028E5D12A0029003800FFF7ECFE85
:10A300004B46286005000360DCE73000C0BCB9465E
:10A31000B046F8BD0E4B013A9200D2580023FFF729
:10A3200089FD0600BCE701213800FFF751FD051E3D
:10A3300007D0084B436101230361002338640360A5
:10A34000B3E746210022044B0448FF31F9F754FDDE
:10A35000CCB500107102000090AE001008AF0010E4
:10A36000F0B54546DE4657464E46E0B50D002B6932
:10A3700054119846A04443465E1CAB6883461700C0
:10A38000496883B09E4203DD01315B009E42FBDCE5
:10A390005846FFF71DFD8446002854D001001431B3
:10A3A0000B000191002C0CDDA400220000201432CF
:10A3B000624401C39342FCD1019B9946A1444B46A0
:10A3C00001931F222B0011002C691433A400394083
:10A3D0008A461C193A4230D00132521A914600275F
:10A3E000019851461A688A403A4304C04A4680CBD5
:10A3F000D7409C42F5D82A0015320023944203D35B
:10A40000631B153B9B089B00019A91464B445F6080
:10A41000002F00D1464663461E615B4660466A686F
:10A420005B6C92009B181A682A601D6003B0F0BC38
:10A43000BB46B246A946A046F0BD019904CB04C173
:10A440009C42FBD8E6E7EF210022024B024849007C
:10A45000F9F7D2FC90AE001008AF001002690B694A
:10A4600030B50500D01A9A4214D19B00143514312E
:10A47000EA18CB1801E095420CD2043A043B146868
:10A4800019688C42F7D000238C425B4102205B426A
:10A490001840013830BDC046F0B545469046DE460E
:10A4A00057464E464346E0B50A690C00196983B029
:10A4B000551A8A4214D127004246890014371432B3
:10A4C0007B18521802E09F4200D396E0043B043A06
:10A4D0001E6811688E42F6D000D399E0012504E091
:10A4E000002DFBDBA04600251C0043465968FFF702
:10A4F0006FFC8446002800D194E043461A69143367
:10A500009600B246C5609A44654600935346216959
:10A510002000890089461435002101932B00143056
:10A5200081444D46A34614270C00924601009946EB
:10A53000434601C9DE5902043304120C1B0C9B1A5A
:10A5400062461B19000C360C361A181430181B04FE
:10A5500004141B0C00040343D35104378D42E7D885
:10A560002100019C48465246A2465C46A946050089
:10A57000200015301E000027009B814504D348466B
:10A58000001B1538800887007819041DDF19A046C4
:10A590003C1DA146EF1A0300A2451DD93B005746BA
:10A5A00092461A000E00A51801CC03041B0C5B1880
:10A5B0001B14010C86195B1836041914360C1B0485
:10A5C0001E432E60A742EDD83B0049465246013B50
:10A5D0005B1A9B089B004344002E04D1043B19687E
:10A5E000013A0029FAD063461A61604603B0F0BC14
:10A5F000BB46B246A946A046F0BD0021FFF7E8FBE6
:10A600008446002808D00123036100234361ECE75E
:10A610004346A0461C0068E70022054B0548064952
:10A62000F9F7EAFB0022024B02480449F9F7E4FB80
:10A6300090AE001008AF0010370200004502000085
:10A640000D4A0E4B94460B4063440022002B02DD62
:10A650001900100070475B421915132903DC802391
:10A660001B030B41F4E7143901221E2902DC80226E
:10A670001206CA400023EBE70000C0FC0000F07F98
:10A68000F8B506004746CE4604691436A4003419CE
:10A69000231F1D6880B528000F009846FFF774FC43
:10A6A0002022111A030039600A282EDD07000B3F13
:10A6B000464519D208235B429C46A44463461B6866
:10A6C000002F1AD01900D21BD140BD409146194A23
:10A6D0000D432A431100BB40664511D24A460C3C4B
:10A6E0002468D44023430BE00B2805D0BD40114B18
:10A6F0002B431900002303E000230E4A2A431100D4
:10A700001800C0BCB946B046F8BD2F00153A121A61
:10A71000D7409146074A3A4311000027464503D2E5
:10A720004A46083C2768D74015339D402B003B43E1
:10A73000E6E7C0460000F03FF0B5012183B0140009
:10A740001D00FFF745FB061E47D02B036F001B0BB8
:10A750007F0D02D08022520313430193002C16D1A7
:10A7600001A8FFF741FC0124019B20307361346193
:10A77000002F23D01C4B35249C46089B67443F1870
:10A780001F60241A3000099B1C6003B0F0BD6846AE
:10A790000094FFF729FC019C009B002806D0202292
:10A7A0002100121A9140C4400B4301947361B461BB
:10A7B000631E9C4101343461002FDBD10B4B9C465E
:10A7C000089B604418600023E3189B00F318186985
:10A7D000FFF7DAFB6401241AD4E70022044B054892
:10A7E0000549F9F709FBC046CDFBFFFFCEFBFFFF94
:10A7F00090AE001008AF00100F030000F0B5CE4679
:10A80000474680B585B0884602A98146FFF738FFE4
:10A8100004000D00404603A9FFF732FF02000B00C1
:10A82000404649460069096900920193091A4901A5
:10A83000884602980399401A0100414400290BDD23
:10A8400009054F193D0020002900FBF758FA05B013
:10A85000C0BCB946B046F0BD09055B1A0193009A29
:10A86000019BF0E71300013970B54C1111690134F7
:10A8700014338900A400591804198B420AD2050028
:10A8800040CB40C59942FBD88B1A153B9B089B00D7
:10A8900004301818844203D9002308C08442FCD82D
:10A8A00070BDC04610B504000269143448118242DC
:10A8B0000ADA9200A31803E0043B1A68002A14D1B4
:10A8C000A342F9D8002010BD8300E3188242F7DDCF
:10A8D0001F22100008400A42F2D019680A00C24044
:10A8E000824001209142EED1EAE70120EBE7C04629
:10A8F000002909D0FF2A02D801200A7070478A2354
:10A90000036001204042F9E70020F7E7F8B5C046B0
:10A9100001B40248844601BC604700BF59010020D1
:10A9200001B40248844601BC604700BF8101002099
:10A9300001B40248844601BC604700BF8101002089
:10A9400001B40248844601BC604700BFC10000203A
:10A950003D3D3D3D3D3D3D3D3D3D3D3D3D3D3D3D27
:10A960003D3D3D3D3D3D3D3D3D3D3D3D3D3D3D3D17
:10A970003D3D3D3D3D3D3D3D0D00000049676E695B
:10A98000746961204176696F6E696373000000002D
:10A9900020202573207625642E25642E25640D0A3B
:10A9A00000000000496E697469616C697A696E67BC
:10A9B000204D5055363035302E2E2E200000000010
:10A9C0004641494C45440D004861726477617265A7
:10A9D00020696E6974206661696C65642120456E2A
:10A9E000746572696E67206572726F72207374612C
:10A9F00074652E0D000000004F4B0D00496E697408
:10AA000069616C697A696E6720424D453238302E33
:10AA10002E2E2000496E697469616C697A696E67CF
:10AA2000204750532E2E2E2000000000496E6974DE
:10AA300069616C697A696E6720536572766F2E2E34
:10AA40002E20000043616C6962726174696E672038
:10AA500073656E736F72732E2E2E0D0020204D5075
:10AA600055363035303A20002020424D45323830BE
:10AA70002067726F756E64206C6576656C3A200095
:10AA8000252E30662050610D0A0000004861726476
:10AA90007761726520696E697469616C697A617445
:10AAA000696F6E20636F6D706C6574650D0A0D00C3
:10AAB00053595354454D205245414459000000001C
:10AAC000547970652027682720666F722068656C4E
:10AAD000700D0A0D000000004445504C4F59494E7E
:10AAE0004720504152414348555445004445504C3D
:10AAF0004F594D454E542053554343455353000041
:10AB00004445504C4F594D454E54204641494C45C3
:10AB10004400000041524D45440000004449534167
:10AB2000524D454400000000534552564F205445B5
:10AB300053540000524553455454494E47000000B9
:10AB4000245354532C53746174653D25732C416C0C
:10AB5000743D252E31662C56656C3D252E31662CB4
:10AB6000416363656C3D252E32662C4465706C6FC5
:10AB70007965643D25642C44726F70416C743D2589
:10AB80002E31660D0A00000043414C4942524154A7
:10AB9000494E470043414C4942524154494F4E208F
:10ABA000444F4E45000000000D0A3D3D3D204967E1
:10ABB0006E697469612043616E5361742028447228
:10ABC0006F6E652044726F70204D6F646529203D63
:10ABD0003D3D0D00436F6D6D616E64733A0D000075
:10ABE000202061202D2041726D20286174746163E2
:10ABF0006820746F2064726F6E652066697273746A
:10AC000021290D00202064202D2044697361726D7C
:10AC10000D000000202074202D20546573742073D3
:10AC20006572766F0D000000202072202D20526585
:10AC30007365740D00000000202073202D205374D4
:10AC4000617475730D000000202063202D20436186
:10AC50006C6962726174652073656E736F72730DD7
:10AC600000000000202068202D2048656C700D0039
:10AC70000D0A466C696768742073657175656E634B
:10AC8000653A0D00202049444C45202D3E2041527C
:10AC90004D202D3E202864726F6E652064726F70A7
:10ACA00029202D3E204652454546414C4C202D3E04
:10ACB000204445504C4F594544202D3E204C414E98
:10ACC0004445440D0A0D0000474741002C00000098
:10ACD000524D4300554E4B4E4F574E00494E49542E
:10ACE0000000000049444C45000000004652454524
:10ACF00046414C4C000000004445504C4F594544DF
:10AD0000000000004C414E44454400004552524F63
:10AD10005200000024542C256C752C25732C252EF4
:10AD200031662C252E31662C252E32662C25640D9D
:10AD30000A00000024472C252E36662C252E366668
:10AD40002C252E30662C25640D0A000024532C255A
:10AD50006C752C25730D0A00486172647761726509
:10AD600020616C61726D20256420616C7265616484
:10AD70007920636C61696D65640000002C20667544
:10AD80006E6374696F6E3A20000000006173736532
:10AD90007274696F6E2022257322206661696C656A
:10ADA000643A2066696C6520222573222C206C6928
:10ADB0006E65202564257325730A00000A2A2A2A55
:10ADC0002050414E4943202A2A2A0A0048617264D1
:10ADD0002061737365727400666E692B0000000059
:10ADE000666E69006E616E00666E692D000000007F
:10ADF00052656C6561736500626F6F74325F7732A4
:10AE00003571303830000000312E352E3100000011
:10AE10007069636F0000000069676E697469615F43
:10AE20006176696F6E696373000000004170722083
:10AE300020332032303236002E0000006E660000D3
:10AE4000696E697479000000616E00004C435F43D5
:10AE50004F4C4C41544500004C435F4354595045BE
:10AE6000000000004C435F4D4F4E45544152590085
:10AE70004C435F4E554D4552494300004C435F548F
:10AE8000494D45004C435F4D4553534147455300A1
:10AE900042616C6C6F6320737563636565646564A0
:10AEA000000000002F646174612F6A656E6B696E2B
:10AEB000732F776F726B73706163652F474E552DDB
:10AEC000746F6F6C636861696E2F61726D2D3134C0
:10AED0002F7372632F6E65776C69622D6379677764
:10AEE000696E2F6E65776C69622F6C6962632F7370
:10AEF00074646C69622F6764746F612D6765746830
:10AF000065782E63000000002F646174612F6A650C
:10AF10006E6B696E732F776F726B73706163652FE1
:10AF2000474E552D746F6F6C636861696E2F617247
:10AF30006D2D31342F7372632F6E65776C69622DBE
:10AF400063796777696E2F6E65776C69622F6C69BC
:10AF500062632F7374646C69622F6D707265632E07
:10AF600063000000E0070010920600109206001037
:10AF70009206001092060010920600109206001031
:10AF80009206001092060010920600109206001021
:10AF90009206001092060010920600109206001011
:10AFA0009206001092060010920600109206001001
:10AFB00092060010920600109206001092060010F1
:10AFC00092060010920600109206001092060010E1
:10AFD00092060010920600109206001092060010D1
:10AFE00092060010920600109206001060060010F3
:10AFF000920600104A08001038080010920600104F
:10B000009206001092060010E00700109206001051
:10B010009206001092060010920600109206001090
:10B020009206001092060010920600109206001080
:10B03000B80800107008001064080010E803000051
:10B04000C800000032000000F4010000D00700003A
:10B050009C150010F6160010A8160010901600108F
:10B0600014160010FE150010E8150010DC15001075
:10B07000CC150010BC150010DCAC0010E4AC0010C6
:10B0800014AB0010ECAC0010F8AC001004AD0010D4
:10B090000CAD0010044C0010B44B0010B44B001069
:10B0A000FC4B0010B44B0010B44B0010B44B00101C
:10B0B000B44B0010B44B0010B44B0010B44B001054
:10B0C000F44B0010B44B0010EC4B0010B44B0010CC
:10B0D000B44B0010E44B0010244E00101A4C00102A
:10B0E000144E00101A4C0010FE4D00101A4C0010A7
:10B0F0001A4C00101A4C00101A4C00101A4C001078
:10B100001A4C00101A4C00100C4C00101A4C001075
:10B110001A4C00101A4C00101A4C00101A4C001057
:10B120000C4C0010C24E00106E4B00106E4B001005
:10B130006E4B00106E4B00106E4B00106E4B0010EB
:10B140006E4B00106E4B00106E4B00106E4B0010DB
:10B150006E4B00106E4B00106E4B00106E4B0010CB
:10B160006E4B00106E4B00106E4B00106E4B0010BB
:10B170006E4B00106E4B00106E4B00106E4B0010AB
:10B180006E4B00106E4B00106E4B00106E4B00109B
:10B190006E4B00106E4B00106E4B00106E4B00108B
:10B1A0006E4B0010384E0010904E0010384E0010BC
:10B1B0006E4B00106E4B00106E4B00106E4B00106B
:10B1C0006E4B00106E4B00106E4B00106E4B00105B
:10B1D0006E4B00106E4B00106E4B00106E4B00104B
:10B1E0006E4B00106E4B00106E4B00106E4B00103B
:10B1F000D25000106E4B00106E4B00106E4B0010C2
:10B200006E4B00106E4B00106E4B00106E4B00101A
:10B210006E4B00106E4B0010D2500010D44E001038
:10B22000D2500010384E0010904E0010384E0010D2
:10B23000000000000000F03F00000000000024407B
:10B2400000000000000059400000000000408F4056
:10B25000000000000088C34000000000006AF840C1
:10B260000000000080842E4100000000D0126341E5
:10B270000000000084D797410000000065CDCD415B
:10B2800006005250D3F07542F0AD00100600525047
:10B29000E182887FF8AD001006005250BBFF3CB63B
:10B2A00010AE00100D0A0000B27F0010387E0010B2
:10B2B000387E0010387E0010387E0010387E001076
:10B2C000387E0010387E0010387E0010547F001049
:10B2D000547F0010547F0010547F0010547F0010E2
:10B2E000387E0010387E0010387E0010387E001046
:10B2F000387E0010387E0010387E0010387E001036
:10B30000387E0010387E0010387E0010387E001025
:10B31000387E0010387E0010387E0010387E001015
:10B32000387E0010387E0010547F0010387E0010E8
:10B33000387E0010387E0010387E0010387E0010F5
:10B34000387E0010387E0010387E0010387E0010E5
:10B35000387E0010C4850010387E0010D68500109D
:10B36000988D0010228A0010768A0010708A0010D2
:10B370005C8A0010228A001034000000CEFBFFFF20
:10B38000CB030000010000000000000035000000B9
:10B39000CEFBFFFFCB030000010000000000000017
:10B3A000BC89D897B2D29C3C33A7A8D523F649399B
:10B3B0003DA7F444FD0FA5329D978CCF08BA5B25BD
:10B3C000436FAC6428066811002020202020202034
:10B3D0002020282828282820202020202020202045
:10B3E0002020202020202020208810101010101055
:10B3F00010101010101010101004040404040404A1
:10B40000040404101010101010104141414141413A
:10B41000010101010101010101010101010101011C
:10B42000010101011010101010104242424242422C
:10B4300002020202020202020202020202020202EC
:10B440000202020210101010200000000000000094
:10B4500000000000000000000000000000000000EC
:10B4600000000000000000000000000000000000DC
:10B4700000000000000000000000000000000000CC
:10B4800000000000000000000000000000000000BC
:10B4900000000000000000000000000000000000AC
:10B4A000000000000000000000000000000000009C
:10B4B000000000000000000000000000000000008C
:10B4C000000000000000000000000000000000007C
:10B4D000000000000000000000000000000000006C
:10B4E000000000000000000000000000000000005C
:10B4F0000000000000000000000000001011121306
:10B50000141516171819000000000000001A1B1C63
:10B510001D1E1F00000000000000000000000000D1
:10B52000000000000000000000000000001A1B1CCA
:10B530001D1E1F00000000000000000000000000B1
:10B5400000000000000000000000000000000000FB
:10B5500000000000000000000000000000000000EB
:10B5600000000000000000000000000000000000DB
:10B5700000000000000000000000000000000000CB
:10B5800000000000000000000000000000000000BB
:10B5900000000000000000000000000000000000AB
:10B5A000000000000000000000000000000000009B
:10B5B000000000000000000000000000000000008B
:10B5C0000000000000000000000000000500000076
:10B5D000190000007D0000000080E03779C341437E
:10B5E000176E05B5B5B89346F5F93FE9034F384DE9
:10B5F000321D30F94877825A3CBF737FDD4F157595
:10B60000000000000000F03F0000000000002440A7
:10B6100000000000000059400000000000408F4082
:10B62000000000000088C34000000000006AF840ED
:10B630000000000080842E4100000000D012634111
:10B640000000000084D797410000000065CDCD4187
:10B65000000000205FA00242000000E87648374268
:10B66000000000A2941A6D42000040E59C30A24206
:10B670000000901EC4BCD64200003426F56B0C437B
:10B680000080E03779C3414300A0D8855734764322
:10B6900000C84E676DC1AB43003D9160E458E14383
:10B6A000408CB5781DAF154450EFE2D6E41A4B44F8
:10B6B00092D54D06CFF08044F64AE1C7022DB5443D
:08B6C000B49DD9794378EA44F6
:10B6C80080B200108CB200108802001098B20010EE
:0CB6D80094020010A0020010AC02001050
:10B6E400F0B5C646150000B504001E000268EFF36D
:10B6F400108172B61368002BFCD0BFF35F8F042354
:10B70400E3562268002B2BDBBFF35F8F0020106011
:10B7140081F31088D02212061278002752B2904684
:10B724009A420ED1002080BCB846F0BDBFF35F8FB3
:10B73400176081F310882800310000F035F80028E4
:10B74400F0D12268EFF3108172B61368002BFCD09D
:10B75400BFF35F8F237922687F2BE7D9434602E04A
:10B76400D0231B061B682371BFF35F8F0023136074
:10B7740081F310880120D6E70268EFF3108172B6D6
:10B784001368002BFCD0BFF35F8FFF2303710368A2
:10B79400BFF35F8F00221A6081F3108840BF7047A7
:10B7A4007047C0460000000001B40248844601BC52
:10B7B400604700BFED2E001080E6C5471000000072
:10B7C4000000000000000100000000000000000074
:10B7D4000000020000000000000000000000030060
:10B7E40000000000000000000000FF000000000056
:10B7F40001B5486801318E46004770460938014951
:10B80400884701BD19270010000200200000000035
:10B8140050090020200E002000000000000000005D
:10B82400300E0020000000000000000010000000A6
:10B83400503300004C3300005433000052330000F6
:10B844004D5300004D4300005334000043340000C6
:10B854000040044000000000FFFFFFFF0000020062
:10B864000000000000000000400200204002002010
:10B87400480200204802002050020020500200200C
:10B8840058020020580200206002002060020020BC
:10B89400680200206802002070020020700200206C
:10B8A400780200207802002080020020800200201C
:10B8B40088020020880200209002002090020020CC
:10B8C4009802002098020020A0020020A00200207C
:10B8D400A8020020A8020020B0020020B00200202C
:10B8E400B8020020B8020020C0020020C0020020DC
:10B8F400C8020020C8020020D0020020D00200208C
:10B90400D8020020D8020020E0020020E00200203B
:10B91400E8020020E8020020F0020020F0020020EB
:10B92400F8020020F8020020000300200003002099
:10B934000803002008030020100300201003002047
:10B9440018030020180300202003002020030020F7
:10B9540028030020280300203003002030030020A7
:10B964003803002038030020400300204003002057
:10B974004803002048030020500300205003002007
:10B9840058030020580300206003002060030020B7
:10B994006803002068030020700300207003002067
:10B9A4007803002078030020800300208003002017
:10B9B40088030020880300209003002090030020C7
:10B9C4009803002098030020A0030020A003002077
:10B9D400A8030020A8030020B0030020B003002027
:10B9E400B8030020B8030020C0030020C0030020D7
:10B9F400C8030020C8030020D0030020D003002087
:10BA0400D8030020D8030020E0030020E003002036
:10BA1400E8030020E8030020F0030020F0030020E6
:10BA2400F8030020F8030020000400200004002094
:10BA34000804002008040020100400201004002042
:10BA440018040020180400202004002020040020F2
:10BA540028040020280400203004002030040020A2
:10BA64003804002038040020400400204004002052
:10BA74004804002048040020500400205004002002
:10BA840058040020580400206004002060040020B2
:10BA94006804002068040020700400207004002062
:10BAA4007804002078040020800400208004002012
:10BAB40088040020880400209004002090040020C2
:10BAC4009804002098040020A0040020A004002072
:10BAD400A8040020A8040020B0040020B004002022
:10BAE400B8040020B8040020C0040020C0040020D2
:10BAF400C8040020C8040020D0040020D004002082
:10BB0400D8040020D8040020E0040020E004002031
:10BB1400E8040020E8040020F0040020F0040020E1
:10BB2400F8040020F804002000050020000500208F
:10BB3400080500200805002010050020100500203D
:10BB440018050020180500202005002020050020ED
:10BB5400280500202805002030050020300500209D
:10BB6400380500203805002040050020400500204D
:10BB740048050020480500205005002050050020FD
:10BB840058050020580500206005002060050020AD
:10BB9400680500206805002070050020700500205D
:10BBA400780500207805002080050020800500200D
:10BBB40088050020880500209005002090050020BD
:10BBC4009805002098050020A0050020A00500206D
:10BBD400A8050020A8050020B0050020B00500201D
:10BBE400B8050020B8050020C0050020C0050020CD
:10BBF400C8050020C8050020D0050020D00500207D
:10BC0400D8050020D8050020E0050020E00500202C
:10BC1400E8050020E8050020F0050020F0050020DC
:10BC2400F8050020F805002000060020000600208A
:10BC34000806002008060020100600201006002038
:10BC440018060020180600202006002020060020E8
:10BC54002806002028060020300600203006002098
:10BC640038060020380600204300000000000000D1
:10BC740000000000000000000000000000000000C0
:10BC8400000000000000000043000000000000006D
:10BC940000000000000000000000000000000000A0
:10BCA400000000000000000043000000000000004D
:10BCB4000000000000000000000000000000000080
:10BCC400000000000000000043000000000000002D
:10BCD4000000000000000000000000000000000060
:10BCE400000000000000000043000000000000000D
:10BCF4000000000000000000000000000000000040
:10BD040000000000000000004300000000000000EC
:10BD1400000000000000000000000000000000001F
:10BD240000000000000000004300000000000000CC
:10BD340000000000000000000000000000000000FF
:10BD44000000000000000000F1A80010A59D0010F4
:10BD540000000000C8B3001038AE0010A0A9001005
:10BD6400A0A90010A0A90010A0A90010A0A900106B
:10BD7400A0A90010A0A90010A0A90010A0A900105B
:10BD8400FFFFFFFFFFFFFFFFFFFFFFFFFFFF0000BD
:10BD94000100415343494900000000000000000035
:10BDA400000000000000000000000000000000008F
:10BDB4000000415343494900000000000000000016
:10BDC400000000000000000000000000000000006F
:10BDD40000000000B807002000000000880C0020CC
:10BDE400F00C0020580D00200000000000000000AE
:10BDF400000000000000000000000000000000003F
:10BE0400000000000000000000000000000000002E
:10BE1400000000000000000000000000000000001E
:10BE2400000000000000000000000000000000000E
:10BE340000000000000000000000000000000000FE
:10BE440000000000000000000000000000000000EE
:10BE540000000000000000000000000000000000DE
:10BE640000000000000000000000000000000000CE
:10BE740001000000000000000E33CDAB34126DE66B
:10BE8400ECDE05000B0000000000000000000000D4
:10BE9400000000000000000000000000000000009E
:10BEA400000000000000000000000000000000008E
:10BEB400000000000000000000000000000000007E
:10BEC400000000000000000000000000000000006E
:10BED400000000000000000000000000000000005E
:10BEE400000000000000000000000000000000004E
:10BEF400000000000000000000000000000000003E
:10BF0400000000000000000000000000000000002D
:10BF1400000000000000000000000000000000001D
:10BF240075700010A1570010755F0010856B00102C
:04BF3400E502001012
:04000005100001E9FD
:00000001FF
